Year,Economy,Economy Label,Category,Category Label,Index,Index Footnote,Index Missing value
2010,004,"Afghanistan",FTRI00,"Overall index",0.2563,,
2010,004,"Afghanistan",FTRI01,"ICT",0.2414,,
2010,004,"Afghanistan",FTRI02,"Skills",0.147,,
2010,004,"Afghanistan",FTRI03,"Research and Development",0,,
2010,004,"Afghanistan",FTRI04,"Industry activity",0.507,,
2010,004,"Afghanistan",FTRI05,"Access to finance",0.7082,,
2010,008,"Albania",FTRI00,"Overall index",0.4579,,
2010,008,"Albania",FTRI01,"ICT",0.4494,,
2010,008,"Albania",FTRI02,"Skills",0.4116,,
2010,008,"Albania",FTRI03,"Research and Development",0.1074,,
2010,008,"Albania",FTRI04,"Industry activity",0.5744,,
2010,008,"Albania",FTRI05,"Access to finance",0.8223,,
2010,012,"Algeria",FTRI00,"Overall index",0.3869,,
2010,012,"Algeria",FTRI01,"ICT",0.3385,,
2010,012,"Algeria",FTRI02,"Skills",0.4685,,
2010,012,"Algeria",FTRI03,"Research and Development",0.245,,
2010,012,"Algeria",FTRI04,"Industry activity",0.2894,,
2010,012,"Algeria",FTRI05,"Access to finance",0.7252,,
2010,024,"Angola",FTRI00,"Overall index",0.2385,,
2010,024,"Angola",FTRI01,"ICT",0.2744,,
2010,024,"Angola",FTRI02,"Skills",0.1611,,
2010,024,"Angola",FTRI03,"Research and Development",0,,
2010,024,"Angola",FTRI04,"Industry activity",0.3551,,
2010,024,"Angola",FTRI05,"Access to finance",0.7791,,
2010,032,"Argentina",FTRI00,"Overall index",0.6426,,
2010,032,"Argentina",FTRI01,"ICT",0.5777,,
2010,032,"Argentina",FTRI02,"Skills",0.6332,,
2010,032,"Argentina",FTRI03,"Research and Development",0.4433,,
2010,032,"Argentina",FTRI04,"Industry activity",0.6817,,
2010,032,"Argentina",FTRI05,"Access to finance",0.7141,,
2010,051,"Armenia",FTRI00,"Overall index",0.4316,,
2010,051,"Armenia",FTRI01,"ICT",0.3985,,
2010,051,"Armenia",FTRI02,"Skills",0.3684,,
2010,051,"Armenia",FTRI03,"Research and Development",0.1565,,
2010,051,"Armenia",FTRI04,"Industry activity",0.5486,,
2010,051,"Armenia",FTRI05,"Access to finance",0.7954,,
2010,036,"Australia",FTRI00,"Overall index",0.8835,,
2010,036,"Australia",FTRI01,"ICT",0.6613,,
2010,036,"Australia",FTRI02,"Skills",1,,
2010,036,"Australia",FTRI03,"Research and Development",0.6945,,
2010,036,"Australia",FTRI04,"Industry activity",0.6472,,
2010,036,"Australia",FTRI05,"Access to finance",0.9392,,
2010,040,"Austria",FTRI00,"Overall index",0.8487,,
2010,040,"Austria",FTRI01,"ICT",0.818,,
2010,040,"Austria",FTRI02,"Skills",0.7009,,
2010,040,"Austria",FTRI03,"Research and Development",0.6322,,
2010,040,"Austria",FTRI04,"Industry activity",0.7805,,
2010,040,"Austria",FTRI05,"Access to finance",0.916,,
2010,031,"Azerbaijan",FTRI00,"Overall index",0.4342,,
2010,031,"Azerbaijan",FTRI01,"ICT",0.4513,,
2010,031,"Azerbaijan",FTRI02,"Skills",0.4466,,
2010,031,"Azerbaijan",FTRI03,"Research and Development",0.1409,,
2010,031,"Azerbaijan",FTRI04,"Industry activity",0.3873,,
2010,031,"Azerbaijan",FTRI05,"Access to finance",0.8095,,
2010,044,"Bahamas",FTRI00,"Overall index",0.4434,,
2010,044,"Bahamas",FTRI01,"ICT",0.4836,,
2010,044,"Bahamas",FTRI02,"Skills",0.5275,,
2010,044,"Bahamas",FTRI03,"Research and Development",0.0404,,
2010,044,"Bahamas",FTRI04,"Industry activity",0.3484,,
2010,044,"Bahamas",FTRI05,"Access to finance",0.8767,,
2010,048,"Bahrain",FTRI00,"Overall index",0.5218,,
2010,048,"Bahrain",FTRI01,"ICT",0.4667,,
2010,048,"Bahrain",FTRI02,"Skills",0.4597,,
2010,048,"Bahrain",FTRI03,"Research and Development",0.1238,,
2010,048,"Bahrain",FTRI04,"Industry activity",0.6268,,
2010,048,"Bahrain",FTRI05,"Access to finance",0.8796,,
2010,050,"Bangladesh",FTRI00,"Overall index",0.3423,,
2010,050,"Bangladesh",FTRI01,"ICT",0.2332,,
2010,050,"Bangladesh",FTRI02,"Skills",0.1438,,
2010,050,"Bangladesh",FTRI03,"Research and Development",0.2123,,
2010,050,"Bangladesh",FTRI04,"Industry activity",0.5322,,
2010,050,"Bangladesh",FTRI05,"Access to finance",0.8308,,
2010,052,"Barbados",FTRI00,"Overall index",0.6265,,
2010,052,"Barbados",FTRI01,"ICT",0.6119,,
2010,052,"Barbados",FTRI02,"Skills",0.6591,,
2010,052,"Barbados",FTRI03,"Research and Development",0.185,,
2010,052,"Barbados",FTRI04,"Industry activity",0.6385,,
2010,052,"Barbados",FTRI05,"Access to finance",0.8991,,
2010,112,"Belarus",FTRI00,"Overall index",0.62,,
2010,112,"Belarus",FTRI01,"ICT",0.5477,,
2010,112,"Belarus",FTRI02,"Skills",0.6984,,
2010,112,"Belarus",FTRI03,"Research and Development",0.289,,
2010,112,"Belarus",FTRI04,"Industry activity",0.5961,,
2010,112,"Belarus",FTRI05,"Access to finance",0.8351,,
2010,056,"Belgium",FTRI00,"Overall index",0.8723,,
2010,056,"Belgium",FTRI01,"ICT",0.7284,,
2010,056,"Belgium",FTRI02,"Skills",0.876,,
2010,056,"Belgium",FTRI03,"Research and Development",0.6488,,
2010,056,"Belgium",FTRI04,"Industry activity",0.776,,
2010,056,"Belgium",FTRI05,"Access to finance",0.8625,,
2010,084,"Belize",FTRI00,"Overall index",0.4148,,
2010,084,"Belize",FTRI01,"ICT",0.4089,,
2010,084,"Belize",FTRI02,"Skills",0.3976,,
2010,084,"Belize",FTRI03,"Research and Development",0.0567,,
2010,084,"Belize",FTRI04,"Industry activity",0.4788,,
2010,084,"Belize",FTRI05,"Access to finance",0.8504,,
2010,204,"Benin",FTRI00,"Overall index",0.3018,,
2010,204,"Benin",FTRI01,"ICT",0.2202,,
2010,204,"Benin",FTRI02,"Skills",0.1984,,
2010,204,"Benin",FTRI03,"Research and Development",0.1463,,
2010,204,"Benin",FTRI04,"Industry activity",0.5229,,
2010,204,"Benin",FTRI05,"Access to finance",0.7386,,
2010,060,"Bermuda",FTRI00,"Overall index",0.4361,,
2010,060,"Bermuda",FTRI01,"ICT",0.389,,
2010,060,"Bermuda",FTRI02,"Skills",0.451,,
2010,060,"Bermuda",FTRI03,"Research and Development",0.0925,,
2010,060,"Bermuda",FTRI04,"Industry activity",0.5135,,
2010,060,"Bermuda",FTRI05,"Access to finance",0.8184,,
2010,064,"Bhutan",FTRI00,"Overall index",0.3321,,
2010,064,"Bhutan",FTRI01,"ICT",0.3458,,
2010,064,"Bhutan",FTRI02,"Skills",0.3176,,
2010,064,"Bhutan",FTRI03,"Research and Development",0.0567,,
2010,064,"Bhutan",FTRI04,"Industry activity",0.3416,,
2010,064,"Bhutan",FTRI05,"Access to finance",0.8267,,
2010,068,"Bolivia (Plurinational State of)",FTRI00,"Overall index",0.4361,,
2010,068,"Bolivia (Plurinational State of)",FTRI01,"ICT",0.389,,
2010,068,"Bolivia (Plurinational State of)",FTRI02,"Skills",0.451,,
2010,068,"Bolivia (Plurinational State of)",FTRI03,"Research and Development",0.0925,,
2010,068,"Bolivia (Plurinational State of)",FTRI04,"Industry activity",0.5135,,
2010,068,"Bolivia (Plurinational State of)",FTRI05,"Access to finance",0.8184,,
2010,070,"Bosnia and Herzegovina",FTRI00,"Overall index",0.5114,,
2010,070,"Bosnia and Herzegovina",FTRI01,"ICT",0.5755,,
2010,070,"Bosnia and Herzegovina",FTRI02,"Skills",0.4501,,
2010,070,"Bosnia and Herzegovina",FTRI03,"Research and Development",0.1135,,
2010,070,"Bosnia and Herzegovina",FTRI04,"Industry activity",0.5647,,
2010,070,"Bosnia and Herzegovina",FTRI05,"Access to finance",0.8708,,
2010,072,"Botswana",FTRI00,"Overall index",0.376,,
2010,072,"Botswana",FTRI01,"ICT",0.275,,
2010,072,"Botswana",FTRI02,"Skills",0.3604,,
2010,072,"Botswana",FTRI03,"Research and Development",0.1074,,
2010,072,"Botswana",FTRI04,"Industry activity",0.5372,,
2010,072,"Botswana",FTRI05,"Access to finance",0.7922,,
2010,074,"Bouvet Island",FTRI00,"Overall index",0.792,,
2010,074,"Bouvet Island",FTRI01,"ICT",0.4908,,
2010,074,"Bouvet Island",FTRI02,"Skills",0.4251,,
2010,074,"Bouvet Island",FTRI03,"Research and Development",0.985,,
2010,074,"Bouvet Island",FTRI04,"Industry activity",0.8392,,
2010,074,"Bouvet Island",FTRI05,"Access to finance",0.9403,,
2010,076,"Brazil",FTRI00,"Overall index",0.6985,,
2010,076,"Brazil",FTRI01,"ICT",0.5059,,
2010,076,"Brazil",FTRI02,"Skills",0.4927,,
2010,076,"Brazil",FTRI03,"Research and Development",0.6794,,
2010,076,"Brazil",FTRI04,"Industry activity",0.7424,,
2010,076,"Brazil",FTRI05,"Access to finance",0.8554,,
2010,080,"British Antarctic Territory",FTRI00,"Overall index",0.2779,,
2010,080,"British Antarctic Territory",FTRI01,"ICT",0.2059,,
2010,080,"British Antarctic Territory",FTRI02,"Skills",0.1279,,
2010,080,"British Antarctic Territory",FTRI03,"Research and Development",0.1074,,
2010,080,"British Antarctic Territory",FTRI04,"Industry activity",0.548,,
2010,080,"British Antarctic Territory",FTRI05,"Access to finance",0.7201,,
2010,086,"British Indian Ocean Territory",FTRI00,"Overall index",0.3166,,
2010,086,"British Indian Ocean Territory",FTRI01,"ICT",0.2819,,
2010,086,"British Indian Ocean Territory",FTRI02,"Skills",0.2522,,
2010,086,"British Indian Ocean Territory",FTRI03,"Research and Development",0,,
2010,086,"British Indian Ocean Territory",FTRI04,"Industry activity",0.5241,,
2010,086,"British Indian Ocean Territory",FTRI05,"Access to finance",0.8102,,
2010,092,"British Virgin Islands",FTRI00,"Overall index",0.7165,,
2010,092,"British Virgin Islands",FTRI01,"ICT",0.6209,,
2010,092,"British Virgin Islands",FTRI02,"Skills",0.7461,,
2010,092,"British Virgin Islands",FTRI03,"Research and Development",0.2934,,
2010,092,"British Virgin Islands",FTRI04,"Industry activity",0.7519,,
2010,092,"British Virgin Islands",FTRI05,"Access to finance",0.9102,,
2010,096,"Brunei Darussalam",FTRI00,"Overall index",0.5367,,
2010,096,"Brunei Darussalam",FTRI01,"ICT",0.5919,,
2010,096,"Brunei Darussalam",FTRI02,"Skills",0.5918,,
2010,096,"Brunei Darussalam",FTRI03,"Research and Development",0.0831,,
2010,096,"Brunei Darussalam",FTRI04,"Industry activity",0.5779,,
2010,096,"Brunei Darussalam",FTRI05,"Access to finance",0.8207,,
2010,100,"Bulgaria",FTRI00,"Overall index",0.6924,,
2010,100,"Bulgaria",FTRI01,"ICT",0.7489,,
2010,100,"Bulgaria",FTRI02,"Skills",0.5635,,
2010,100,"Bulgaria",FTRI03,"Research and Development",0.3867,,
2010,100,"Bulgaria",FTRI04,"Industry activity",0.6963,,
2010,100,"Bulgaria",FTRI05,"Access to finance",0.8803,,
2010,854,"Burkina Faso",FTRI00,"Overall index",0.2308,,
2010,854,"Burkina Faso",FTRI01,"ICT",0.1957,,
2010,854,"Burkina Faso",FTRI02,"Skills",0.0003,,
2010,854,"Burkina Faso",FTRI03,"Research and Development",0.1283,,
2010,854,"Burkina Faso",FTRI04,"Industry activity",0.494,,
2010,854,"Burkina Faso",FTRI05,"Access to finance",0.7374,,
2010,108,"Burundi",FTRI00,"Overall index",0.221,,
2010,108,"Burundi",FTRI01,"ICT",0.1214,,
2010,108,"Burundi",FTRI02,"Skills",0.1643,,
2010,108,"Burundi",FTRI03,"Research and Development",0.0358,,
2010,108,"Burundi",FTRI04,"Industry activity",0.4614,,
2010,108,"Burundi",FTRI05,"Access to finance",0.753,,
2010,132,"Cabo Verde",FTRI00,"Overall index",0.3753,,
2010,132,"Cabo Verde",FTRI01,"ICT",0.4143,,
2010,132,"Cabo Verde",FTRI02,"Skills",0.3273,,
2010,132,"Cabo Verde",FTRI03,"Research and Development",0,,
2010,132,"Cabo Verde",FTRI04,"Industry activity",0.4438,,
2010,132,"Cabo Verde",FTRI05,"Access to finance",0.862,,
2010,116,"Cambodia",FTRI00,"Overall index",0.2481,,
2010,116,"Cambodia",FTRI01,"ICT",0.14,,
2010,116,"Cambodia",FTRI02,"Skills",0.2147,,
2010,116,"Cambodia",FTRI03,"Research and Development",0.0831,,
2010,116,"Cambodia",FTRI04,"Industry activity",0.3918,,
2010,116,"Cambodia",FTRI05,"Access to finance",0.7924,,
2010,120,"Cameroon",FTRI00,"Overall index",0.3222,,
2010,120,"Cameroon",FTRI01,"ICT",0.2462,,
2010,120,"Cameroon",FTRI02,"Skills",0.2327,,
2010,120,"Cameroon",FTRI03,"Research and Development",0.1325,,
2010,120,"Cameroon",FTRI04,"Industry activity",0.5579,,
2010,120,"Cameroon",FTRI05,"Access to finance",0.7013,,
2010,124,"Canada",FTRI00,"Overall index",0.8816,,
2010,124,"Canada",FTRI01,"ICT",0.6931,,
2010,124,"Canada",FTRI02,"Skills",0.7323,,
2010,124,"Canada",FTRI03,"Research and Development",0.746,,
2010,124,"Canada",FTRI04,"Industry activity",0.8217,,
2010,124,"Canada",FTRI05,"Access to finance",0.9384,,
2010,136,"Cayman Islands",FTRI00,"Overall index",0.682,,
2010,136,"Cayman Islands",FTRI01,"ICT",0.5341,,
2010,136,"Cayman Islands",FTRI02,"Skills",0.4722,,
2010,136,"Cayman Islands",FTRI03,"Research and Development",0.504,,
2010,136,"Cayman Islands",FTRI04,"Industry activity",0.8111,,
2010,136,"Cayman Islands",FTRI05,"Access to finance",0.9241,,
2010,140,"Central African Republic",FTRI00,"Overall index",0.2473,,
2010,140,"Central African Republic",FTRI01,"ICT",0.2399,,
2010,140,"Central African Republic",FTRI02,"Skills",0.1434,,
2010,140,"Central African Republic",FTRI03,"Research and Development",0.0358,,
2010,140,"Central African Republic",FTRI04,"Industry activity",0.4037,,
2010,140,"Central African Republic",FTRI05,"Access to finance",0.7525,,
2010,148,"Chad",FTRI00,"Overall index",0.1731,,
2010,148,"Chad",FTRI01,"ICT",0.1659,,
2010,148,"Chad",FTRI02,"Skills",0.0322,,
2010,148,"Chad",FTRI03,"Research and Development",0,,
2010,148,"Chad",FTRI04,"Industry activity",0.5157,,
2010,148,"Chad",FTRI05,"Access to finance",0.6107,,
2010,152,"Chile",FTRI00,"Overall index",0.6633,,
2010,152,"Chile",FTRI01,"ICT",0.7465,,
2010,152,"Chile",FTRI02,"Skills",0.5378,,
2010,152,"Chile",FTRI03,"Research and Development",0.4282,,
2010,152,"Chile",FTRI04,"Industry activity",0.521,,
2010,152,"Chile",FTRI05,"Access to finance",0.9169,,
2010,156,"China",FTRI00,"Overall index",0.792,,
2010,156,"China",FTRI01,"ICT",0.4908,,
2010,156,"China",FTRI02,"Skills",0.4251,,
2010,156,"China",FTRI03,"Research and Development",0.985,,
2010,156,"China",FTRI04,"Industry activity",0.8392,,
2010,156,"China",FTRI05,"Access to finance",0.9403,,
2010,344,"China, Hong Kong SAR",FTRI00,"Overall index",0.8474,,
2010,344,"China, Hong Kong SAR",FTRI01,"ICT",0.8143,,
2010,344,"China, Hong Kong SAR",FTRI02,"Skills",0.7161,,
2010,344,"China, Hong Kong SAR",FTRI03,"Research and Development",0.469,,
2010,344,"China, Hong Kong SAR",FTRI04,"Industry activity",0.8657,,
2010,344,"China, Hong Kong SAR",FTRI05,"Access to finance",0.9774,,
2010,158,"China, Taiwan Province of",FTRI00,"Overall index",0.3696,,
2010,158,"China, Taiwan Province of",FTRI01,"ICT",0.4283,,
2010,158,"China, Taiwan Province of",FTRI02,"Skills",0.0754,,
2010,158,"China, Taiwan Province of",FTRI03,"Research and Development",0.2845,,
2010,158,"China, Taiwan Province of",FTRI04,"Industry activity",0.5527,,
2010,158,"China, Taiwan Province of",FTRI05,"Access to finance",0.7577,,
2010,162,"Christmas Island",FTRI00,"Overall index",0.4466,,
2010,162,"Christmas Island",FTRI01,"ICT",0.4691,,
2010,162,"Christmas Island",FTRI02,"Skills",0.3924,,
2010,162,"Christmas Island",FTRI03,"Research and Development",0.1493,,
2010,162,"Christmas Island",FTRI04,"Industry activity",0.5031,,
2010,162,"Christmas Island",FTRI05,"Access to finance",0.8014,,
2010,166,"Cocos (Keeling) Islands",FTRI00,"Overall index",0.4673,,
2010,166,"Cocos (Keeling) Islands",FTRI01,"ICT",0.6147,,
2010,166,"Cocos (Keeling) Islands",FTRI02,"Skills",0.3978,,
2010,166,"Cocos (Keeling) Islands",FTRI03,"Research and Development",0.1521,,
2010,166,"Cocos (Keeling) Islands",FTRI04,"Industry activity",0.363,,
2010,166,"Cocos (Keeling) Islands",FTRI05,"Access to finance",0.8393,,
2010,170,"Colombia",FTRI00,"Overall index",0.6229,,
2010,170,"Colombia",FTRI01,"ICT",0.5615,,
2010,170,"Colombia",FTRI02,"Skills",0.6426,,
2010,170,"Colombia",FTRI03,"Research and Development",0.3701,,
2010,170,"Colombia",FTRI04,"Industry activity",0.6037,,
2010,170,"Colombia",FTRI05,"Access to finance",0.8079,,
2010,174,"Comoros",FTRI00,"Overall index",0.2957,,
2010,174,"Comoros",FTRI01,"ICT",0.2609,,
2010,174,"Comoros",FTRI02,"Skills",0.2779,,
2010,174,"Comoros",FTRI03,"Research and Development",0,,
2010,174,"Comoros",FTRI04,"Industry activity",0.5247,,
2010,174,"Comoros",FTRI05,"Access to finance",0.6985,,
2010,178,"Congo",FTRI00,"Overall index",0.2804,,
2010,178,"Congo",FTRI01,"ICT",0.2592,,
2010,178,"Congo",FTRI02,"Skills",0.2328,,
2010,178,"Congo",FTRI03,"Research and Development",0.1005,,
2010,178,"Congo",FTRI04,"Industry activity",0.5022,,
2010,178,"Congo",FTRI05,"Access to finance",0.6441,,
2010,184,"Cook Islands",FTRI00,"Overall index",0,,
2010,184,"Cook Islands",FTRI01,"ICT",0.2531,,
2010,184,"Cook Islands",FTRI02,"Skills",0,,
2010,184,"Cook Islands",FTRI03,"Research and Development",0,,
2010,184,"Cook Islands",FTRI04,"Industry activity",0,,
2010,184,"Cook Islands",FTRI05,"Access to finance",0.4029,,
2010,188,"Costa Rica",FTRI00,"Overall index",0.5756,,
2010,188,"Costa Rica",FTRI01,"ICT",0.4312,,
2010,188,"Costa Rica",FTRI02,"Skills",0.5173,,
2010,188,"Costa Rica",FTRI03,"Research and Development",0.1572,,
2010,188,"Costa Rica",FTRI04,"Industry activity",0.8621,,
2010,188,"Costa Rica",FTRI05,"Access to finance",0.8385,,
2010,384,"Cote d'Ivoire",FTRI00,"Overall index",0.2779,,
2010,384,"Cote d'Ivoire",FTRI01,"ICT",0.2059,,
2010,384,"Cote d'Ivoire",FTRI02,"Skills",0.1279,,
2010,384,"Cote d'Ivoire",FTRI03,"Research and Development",0.1074,,
2010,384,"Cote d'Ivoire",FTRI04,"Industry activity",0.548,,
2010,384,"Cote d'Ivoire",FTRI05,"Access to finance",0.7201,,
2010,191,"Croatia",FTRI00,"Overall index",0.669,,
2010,191,"Croatia",FTRI01,"ICT",0.7281,,
2010,191,"Croatia",FTRI02,"Skills",0.5639,,
2010,191,"Croatia",FTRI03,"Research and Development",0.3256,,
2010,191,"Croatia",FTRI04,"Industry activity",0.6864,,
2010,191,"Croatia",FTRI05,"Access to finance",0.882,,
2010,192,"Cuba",FTRI00,"Overall index",0.6568,,
2010,192,"Cuba",FTRI01,"ICT",0.6862,,
2010,192,"Cuba",FTRI02,"Skills",0.3907,,
2010,192,"Cuba",FTRI03,"Research and Development",0.3633,,
2010,192,"Cuba",FTRI04,"Industry activity",0.7938,,
2010,192,"Cuba",FTRI05,"Access to finance",0.9316,,
2010,196,"Cyprus",FTRI00,"Overall index",0.6856,,
2010,196,"Cyprus",FTRI01,"ICT",0.5288,,
2010,196,"Cyprus",FTRI02,"Skills",0.5771,,
2010,196,"Cyprus",FTRI03,"Research and Development",0.3289,,
2010,196,"Cyprus",FTRI04,"Industry activity",0.7606,,
2010,196,"Cyprus",FTRI05,"Access to finance",1,,
2010,203,"Czechia",FTRI00,"Overall index",0.7811,,
2010,203,"Czechia",FTRI01,"ICT",0.6798,,
2010,203,"Czechia",FTRI02,"Skills",0.7067,,
2010,203,"Czechia",FTRI03,"Research and Development",0.558,,
2010,203,"Czechia",FTRI04,"Industry activity",0.8033,,
2010,203,"Czechia",FTRI05,"Access to finance",0.8428,,
2010,180,"Dem. Rep. of the Congo",FTRI00,"Overall index",0.2301,,
2010,180,"Dem. Rep. of the Congo",FTRI01,"ICT",0.1568,,
2010,180,"Dem. Rep. of the Congo",FTRI02,"Skills",0.1421,,
2010,180,"Dem. Rep. of the Congo",FTRI03,"Research and Development",0.0358,,
2010,180,"Dem. Rep. of the Congo",FTRI04,"Industry activity",0.6348,,
2010,180,"Dem. Rep. of the Congo",FTRI05,"Access to finance",0.5982,,
2010,208,"Denmark",FTRI00,"Overall index",0.8829,,
2010,208,"Denmark",FTRI01,"ICT",0.7881,,
2010,208,"Denmark",FTRI02,"Skills",0.7938,,
2010,208,"Denmark",FTRI03,"Research and Development",0.6446,,
2010,208,"Denmark",FTRI04,"Industry activity",0.7708,,
2010,208,"Denmark",FTRI05,"Access to finance",0.9812,,
2010,262,"Djibouti",FTRI00,"Overall index",0.3166,,
2010,262,"Djibouti",FTRI01,"ICT",0.2819,,
2010,262,"Djibouti",FTRI02,"Skills",0.2522,,
2010,262,"Djibouti",FTRI03,"Research and Development",0,,
2010,262,"Djibouti",FTRI04,"Industry activity",0.5241,,
2010,262,"Djibouti",FTRI05,"Access to finance",0.8102,,
2010,214,"Dominican Republic",FTRI00,"Overall index",0.4378,,
2010,214,"Dominican Republic",FTRI01,"ICT",0.4985,,
2010,214,"Dominican Republic",FTRI02,"Skills",0.4072,,
2010,214,"Dominican Republic",FTRI03,"Research and Development",0.0358,,
2010,214,"Dominican Republic",FTRI04,"Industry activity",0.5945,,
2010,214,"Dominican Republic",FTRI05,"Access to finance",0.7736,,
2010,218,"Ecuador",FTRI00,"Overall index",0.4467,,
2010,218,"Ecuador",FTRI01,"ICT",0.4917,,
2010,218,"Ecuador",FTRI02,"Skills",0.4301,,
2010,218,"Ecuador",FTRI03,"Research and Development",0.1189,,
2010,218,"Ecuador",FTRI04,"Industry activity",0.4959,,
2010,218,"Ecuador",FTRI05,"Access to finance",0.7907,,
2010,818,"Egypt",FTRI00,"Overall index",0.4876,,
2010,818,"Egypt",FTRI01,"ICT",0.3858,,
2010,818,"Egypt",FTRI02,"Skills",0.4199,,
2010,818,"Egypt",FTRI03,"Research and Development",0.3634,,
2010,818,"Egypt",FTRI04,"Industry activity",0.5198,,
2010,818,"Egypt",FTRI05,"Access to finance",0.8101,,
2010,222,"El Salvador",FTRI00,"Overall index",0.429,,
2010,222,"El Salvador",FTRI01,"ICT",0.3593,,
2010,222,"El Salvador",FTRI02,"Skills",0.3412,,
2010,222,"El Salvador",FTRI03,"Research and Development",0.0716,,
2010,222,"El Salvador",FTRI04,"Industry activity",0.6506,,
2010,222,"El Salvador",FTRI05,"Access to finance",0.8545,,
2010,226,"Equatorial Guinea",FTRI00,"Overall index",0.2055,,
2010,226,"Equatorial Guinea",FTRI01,"ICT",0.275,,
2010,226,"Equatorial Guinea",FTRI02,"Skills",0.1723,,
2010,226,"Equatorial Guinea",FTRI03,"Research and Development",0,,
2010,226,"Equatorial Guinea",FTRI04,"Industry activity",0.323,,
2010,226,"Equatorial Guinea",FTRI05,"Access to finance",0.6457,,
2010,233,"Estonia",FTRI00,"Overall index",0.7165,,
2010,233,"Estonia",FTRI01,"ICT",0.6209,,
2010,233,"Estonia",FTRI02,"Skills",0.7461,,
2010,233,"Estonia",FTRI03,"Research and Development",0.2934,,
2010,233,"Estonia",FTRI04,"Industry activity",0.7519,,
2010,233,"Estonia",FTRI05,"Access to finance",0.9102,,
2010,748,"Eswatini",FTRI00,"Overall index",0.409,,
2010,748,"Eswatini",FTRI01,"ICT",0.3292,,
2010,748,"Eswatini",FTRI02,"Skills",0.3644,,
2010,748,"Eswatini",FTRI03,"Research and Development",0.0716,,
2010,748,"Eswatini",FTRI04,"Industry activity",0.6591,,
2010,748,"Eswatini",FTRI05,"Access to finance",0.7569,,
2010,231,"Ethiopia",FTRI00,"Overall index",0.2141,,
2010,231,"Ethiopia",FTRI01,"ICT",0.0951,,
2010,231,"Ethiopia",FTRI02,"Skills",0.0825,,
2010,231,"Ethiopia",FTRI03,"Research and Development",0.1596,,
2010,231,"Ethiopia",FTRI04,"Industry activity",0.434,,
2010,231,"Ethiopia",FTRI05,"Access to finance",0.7495,,
2010,242,"Fiji",FTRI00,"Overall index",0.4347,,
2010,242,"Fiji",FTRI01,"ICT",0.3792,,
2010,242,"Fiji",FTRI02,"Skills",0.3963,,
2010,242,"Fiji",FTRI03,"Research and Development",0.1005,,
2010,242,"Fiji",FTRI04,"Industry activity",0.5161,,
2010,242,"Fiji",FTRI05,"Access to finance",0.8999,,
2010,246,"Finland",FTRI00,"Overall index",0.856,,
2010,246,"Finland",FTRI01,"ICT",0.6347,,
2010,246,"Finland",FTRI02,"Skills",0.7866,,
2010,246,"Finland",FTRI03,"Research and Development",0.6111,,
2010,246,"Finland",FTRI04,"Industry activity",0.8787,,
2010,246,"Finland",FTRI05,"Access to finance",0.9052,,
2010,250,"France",FTRI00,"Overall index",0.9267,,
2010,250,"France",FTRI01,"ICT",0.8204,,
2010,250,"France",FTRI02,"Skills",0.7342,,
2010,250,"France",FTRI03,"Research and Development",0.8137,,
2010,250,"France",FTRI04,"Industry activity",0.854,,
2010,250,"France",FTRI05,"Access to finance",0.9133,,
2010,266,"Gabon",FTRI00,"Overall index",0.3886,,
2010,266,"Gabon",FTRI01,"ICT",0.3419,,
2010,266,"Gabon",FTRI02,"Skills",0.3322,,
2010,266,"Gabon",FTRI03,"Research and Development",0.0567,,
2010,266,"Gabon",FTRI04,"Industry activity",0.6566,,
2010,266,"Gabon",FTRI05,"Access to finance",0.6749,,
2010,270,"Gambia",FTRI00,"Overall index",0.2394,,
2010,270,"Gambia",FTRI01,"ICT",0.312,,
2010,270,"Gambia",FTRI02,"Skills",0.1245,,
2010,270,"Gambia",FTRI03,"Research and Development",0,,
2010,270,"Gambia",FTRI04,"Industry activity",0.4438,,
2010,270,"Gambia",FTRI05,"Access to finance",0.6889,,
2010,268,"Georgia",FTRI00,"Overall index",0.5016,,
2010,268,"Georgia",FTRI01,"ICT",0.5332,,
2010,268,"Georgia",FTRI02,"Skills",0.5141,,
2010,268,"Georgia",FTRI03,"Research and Development",0.1135,,
2010,268,"Georgia",FTRI04,"Industry activity",0.5757,,
2010,268,"Georgia",FTRI05,"Access to finance",0.8064,,
2010,276,"Germany",FTRI00,"Overall index",0.9311,,
2010,276,"Germany",FTRI01,"ICT",0.6972,,
2010,276,"Germany",FTRI02,"Skills",0.7824,,
2010,276,"Germany",FTRI03,"Research and Development",0.8819,,
2010,276,"Germany",FTRI04,"Industry activity",0.8676,,
2010,276,"Germany",FTRI05,"Access to finance",0.9056,,
2010,288,"Ghana",FTRI00,"Overall index",0.3321,,
2010,288,"Ghana",FTRI01,"ICT",0.2977,,
2010,288,"Ghana",FTRI02,"Skills",0.2103,,
2010,288,"Ghana",FTRI03,"Research and Development",0.1572,,
2010,288,"Ghana",FTRI04,"Industry activity",0.4998,,
2010,288,"Ghana",FTRI05,"Access to finance",0.7435,,
2010,300,"Greece",FTRI00,"Overall index",0.7207,,
2010,300,"Greece",FTRI01,"ICT",0.6419,,
2010,300,"Greece",FTRI02,"Skills",0.6683,,
2010,300,"Greece",FTRI03,"Research and Development",0.5103,,
2010,300,"Greece",FTRI04,"Industry activity",0.6312,,
2010,300,"Greece",FTRI05,"Access to finance",0.9289,,
2010,320,"Guatemala",FTRI00,"Overall index",0.3775,,
2010,320,"Guatemala",FTRI01,"ICT",0.3234,,
2010,320,"Guatemala",FTRI02,"Skills",0.2887,,
2010,320,"Guatemala",FTRI03,"Research and Development",0.0567,,
2010,320,"Guatemala",FTRI04,"Industry activity",0.6269,,
2010,320,"Guatemala",FTRI05,"Access to finance",0.7798,,
2010,324,"Guinea",FTRI00,"Overall index",0.2597,,
2010,324,"Guinea",FTRI01,"ICT",0.12,,
2010,324,"Guinea",FTRI02,"Skills",0.1217,,
2010,324,"Guinea",FTRI03,"Research and Development",0.0358,,
2010,324,"Guinea",FTRI04,"Industry activity",0.7203,,
2010,324,"Guinea",FTRI05,"Access to finance",0.6037,,
2010,624,"Guinea-Bissau",FTRI00,"Overall index",0.216,,
2010,624,"Guinea-Bissau",FTRI01,"ICT",0.199,,
2010,624,"Guinea-Bissau",FTRI02,"Skills",0.1625,,
2010,624,"Guinea-Bissau",FTRI03,"Research and Development",0,,
2010,624,"Guinea-Bissau",FTRI04,"Industry activity",0.3821,,
2010,624,"Guinea-Bissau",FTRI05,"Access to finance",0.6501,,
2010,328,"Guyana",FTRI00,"Overall index",0.4035,,
2010,328,"Guyana",FTRI01,"ICT",0.414,,
2010,328,"Guyana",FTRI02,"Skills",0.3083,,
2010,328,"Guyana",FTRI03,"Research and Development",0,,
2010,328,"Guyana",FTRI04,"Industry activity",0.5922,,
2010,328,"Guyana",FTRI05,"Access to finance",0.781,,
2010,332,"Haiti",FTRI00,"Overall index",0.2733,,
2010,332,"Haiti",FTRI01,"ICT",0.3016,,
2010,332,"Haiti",FTRI02,"Skills",0.2055,,
2010,332,"Haiti",FTRI03,"Research and Development",0.0831,,
2010,332,"Haiti",FTRI04,"Industry activity",0.4482,,
2010,332,"Haiti",FTRI05,"Access to finance",0.6699,,
2010,340,"Honduras",FTRI00,"Overall index",0.346,,
2010,340,"Honduras",FTRI01,"ICT",0.3282,,
2010,340,"Honduras",FTRI02,"Skills",0.2617,,
2010,340,"Honduras",FTRI03,"Research and Development",0.0358,,
2010,340,"Honduras",FTRI04,"Industry activity",0.4837,,
2010,340,"Honduras",FTRI05,"Access to finance",0.8451,,
2010,348,"Hungary",FTRI00,"Overall index",0.8013,,
2010,348,"Hungary",FTRI01,"ICT",0.7612,,
2010,348,"Hungary",FTRI02,"Skills",0.6716,,
2010,348,"Hungary",FTRI03,"Research and Development",0.4966,,
2010,348,"Hungary",FTRI04,"Industry activity",0.8683,,
2010,348,"Hungary",FTRI05,"Access to finance",0.8682,,
2010,352,"Iceland",FTRI00,"Overall index",0.7633,,
2010,352,"Iceland",FTRI01,"ICT",0.7062,,
2010,352,"Iceland",FTRI02,"Skills",0.8838,,
2010,352,"Iceland",FTRI03,"Research and Development",0.2236,,
2010,352,"Iceland",FTRI04,"Industry activity",0.6938,,
2010,352,"Iceland",FTRI05,"Access to finance",0.9628,,
2010,356,"India",FTRI00,"Overall index",0.6126,,
2010,356,"India",FTRI01,"ICT",0.2943,,
2010,356,"India",FTRI02,"Skills",0.2494,,
2010,356,"India",FTRI03,"Research and Development",0.7311,,
2010,356,"India",FTRI04,"Industry activity",0.834,,
2010,356,"India",FTRI05,"Access to finance",0.8512,,
2010,360,"Indonesia",FTRI00,"Overall index",0.4954,,
2010,360,"Indonesia",FTRI01,"ICT",0.365,,
2010,360,"Indonesia",FTRI02,"Skills",0.3038,,
2010,360,"Indonesia",FTRI03,"Research and Development",0.3365,,
2010,360,"Indonesia",FTRI04,"Industry activity",0.7377,,
2010,360,"Indonesia",FTRI05,"Access to finance",0.7913,,
2010,364,"Iran (Islamic Republic of)",FTRI00,"Overall index",0.4898,,
2010,364,"Iran (Islamic Republic of)",FTRI01,"ICT",0.3593,,
2010,364,"Iran (Islamic Republic of)",FTRI02,"Skills",0.4076,,
2010,364,"Iran (Islamic Republic of)",FTRI03,"Research and Development",0.4394,,
2010,364,"Iran (Islamic Republic of)",FTRI04,"Industry activity",0.4479,,
2010,364,"Iran (Islamic Republic of)",FTRI05,"Access to finance",0.854,,
2010,368,"Iraq",FTRI00,"Overall index",0.2699,,
2010,368,"Iraq",FTRI01,"ICT",0.3276,,
2010,368,"Iraq",FTRI02,"Skills",0.3585,,
2010,368,"Iraq",FTRI03,"Research and Development",0.1398,,
2010,368,"Iraq",FTRI04,"Industry activity",0.2192,,
2010,368,"Iraq",FTRI05,"Access to finance",0.6341,,
2010,372,"Ireland",FTRI00,"Overall index",0.8641,,
2010,372,"Ireland",FTRI01,"ICT",0.6158,,
2010,372,"Ireland",FTRI02,"Skills",0.7616,,
2010,372,"Ireland",FTRI03,"Research and Development",0.5173,,
2010,372,"Ireland",FTRI04,"Industry activity",1,,
2010,372,"Ireland",FTRI05,"Access to finance",0.9453,,
2010,376,"Israel",FTRI00,"Overall index",0.8499,,
2010,376,"Israel",FTRI01,"ICT",0.651,,
2010,376,"Israel",FTRI02,"Skills",0.759,,
2010,376,"Israel",FTRI03,"Research and Development",0.6139,,
2010,376,"Israel",FTRI04,"Industry activity",0.9108,,
2010,376,"Israel",FTRI05,"Access to finance",0.879,,
2010,380,"Italy",FTRI00,"Overall index",0.8608,,
2010,380,"Italy",FTRI01,"ICT",0.7763,,
2010,380,"Italy",FTRI02,"Skills",0.7006,,
2010,380,"Italy",FTRI03,"Research and Development",0.7256,,
2010,380,"Italy",FTRI04,"Industry activity",0.7779,,
2010,380,"Italy",FTRI05,"Access to finance",0.9104,,
2010,388,"Jamaica",FTRI00,"Overall index",0.434,,
2010,388,"Jamaica",FTRI01,"ICT",0.5357,,
2010,388,"Jamaica",FTRI02,"Skills",0.4549,,
2010,388,"Jamaica",FTRI03,"Research and Development",0,,
2010,388,"Jamaica",FTRI04,"Industry activity",0.4937,,
2010,388,"Jamaica",FTRI05,"Access to finance",0.7882,,
2010,392,"Japan",FTRI00,"Overall index",0.8901,,
2010,392,"Japan",FTRI01,"ICT",0.8597,,
2010,392,"Japan",FTRI02,"Skills",0.5189,,
2010,392,"Japan",FTRI03,"Research and Development",0.8339,,
2010,392,"Japan",FTRI04,"Industry activity",0.846,,
2010,392,"Japan",FTRI05,"Access to finance",0.9622,,
2010,400,"Jordan",FTRI00,"Overall index",0.5185,,
2010,400,"Jordan",FTRI01,"ICT",0.4707,,
2010,400,"Jordan",FTRI02,"Skills",0.4134,,
2010,400,"Jordan",FTRI03,"Research and Development",0.2114,,
2010,400,"Jordan",FTRI04,"Industry activity",0.6515,,
2010,400,"Jordan",FTRI05,"Access to finance",0.8845,,
2010,398,"Kazakhstan",FTRI00,"Overall index",0.5327,,
2010,398,"Kazakhstan",FTRI01,"ICT",0.4188,,
2010,398,"Kazakhstan",FTRI02,"Skills",0.5744,,
2010,398,"Kazakhstan",FTRI03,"Research and Development",0.1847,,
2010,398,"Kazakhstan",FTRI04,"Industry activity",0.6451,,
2010,398,"Kazakhstan",FTRI05,"Access to finance",0.8228,,
2010,404,"Kenya",FTRI00,"Overall index",0.3754,,
2010,404,"Kenya",FTRI01,"ICT",0.2908,,
2010,404,"Kenya",FTRI02,"Skills",0.2359,,
2010,404,"Kenya",FTRI03,"Research and Development",0.206,,
2010,404,"Kenya",FTRI04,"Industry activity",0.5897,,
2010,404,"Kenya",FTRI05,"Access to finance",0.7789,,
2010,414,"Kuwait",FTRI00,"Overall index",0.5359,,
2010,414,"Kuwait",FTRI01,"ICT",0.5416,,
2010,414,"Kuwait",FTRI02,"Skills",0.4837,,
2010,414,"Kuwait",FTRI03,"Research and Development",0.1074,,
2010,414,"Kuwait",FTRI04,"Industry activity",0.5767,,
2010,414,"Kuwait",FTRI05,"Access to finance",0.889,,
2010,417,"Kyrgyzstan",FTRI00,"Overall index",0.4214,,
2010,417,"Kyrgyzstan",FTRI01,"ICT",0.3615,,
2010,417,"Kyrgyzstan",FTRI02,"Skills",0.3791,,
2010,417,"Kyrgyzstan",FTRI03,"Research and Development",0,,
2010,417,"Kyrgyzstan",FTRI04,"Industry activity",0.7621,,
2010,417,"Kyrgyzstan",FTRI05,"Access to finance",0.7242,,
2010,418,"Lao People's Dem. Rep.",FTRI00,"Overall index",0.3033,,
2010,418,"Lao People's Dem. Rep.",FTRI01,"ICT",0.2898,,
2010,418,"Lao People's Dem. Rep.",FTRI02,"Skills",0.1943,,
2010,418,"Lao People's Dem. Rep.",FTRI03,"Research and Development",0.0925,,
2010,418,"Lao People's Dem. Rep.",FTRI04,"Industry activity",0.4783,,
2010,418,"Lao People's Dem. Rep.",FTRI05,"Access to finance",0.7656,,
2010,428,"Latvia",FTRI00,"Overall index",0.7526,,
2010,428,"Latvia",FTRI01,"ICT",0.6793,,
2010,428,"Latvia",FTRI02,"Skills",0.7221,,
2010,428,"Latvia",FTRI03,"Research and Development",0.4087,,
2010,428,"Latvia",FTRI04,"Industry activity",0.737,,
2010,428,"Latvia",FTRI05,"Access to finance",0.9121,,
2010,422,"Lebanon",FTRI00,"Overall index",0.5869,,
2010,422,"Lebanon",FTRI01,"ICT",0.4468,,
2010,422,"Lebanon",FTRI02,"Skills",0.4834,,
2010,422,"Lebanon",FTRI03,"Research and Development",0.288,,
2010,422,"Lebanon",FTRI04,"Industry activity",0.7153,,
2010,422,"Lebanon",FTRI05,"Access to finance",0.8988,,
2010,426,"Lesotho",FTRI00,"Overall index",0.3378,,
2010,426,"Lesotho",FTRI01,"ICT",0.275,,
2010,426,"Lesotho",FTRI02,"Skills",0.2678,,
2010,426,"Lesotho",FTRI03,"Research and Development",0,,
2010,426,"Lesotho",FTRI04,"Industry activity",0.693,,
2010,426,"Lesotho",FTRI05,"Access to finance",0.7225,,
2010,430,"Liberia",FTRI00,"Overall index",0.2562,,
2010,430,"Liberia",FTRI01,"ICT",0.3857,,
2010,430,"Liberia",FTRI02,"Skills",0.215,,
2010,430,"Liberia",FTRI03,"Research and Development",0,,
2010,430,"Liberia",FTRI04,"Industry activity",0.3682,,
2010,430,"Liberia",FTRI05,"Access to finance",0.6877,,
2010,434,"Libya",FTRI00,"Overall index",0.3621,,
2010,434,"Libya",FTRI01,"ICT",0.3483,,
2010,434,"Libya",FTRI02,"Skills",0.5464,,
2010,434,"Libya",FTRI03,"Research and Development",0.0358,,
2010,434,"Libya",FTRI04,"Industry activity",0.3403,,
2010,434,"Libya",FTRI05,"Access to finance",0.6866,,
2010,440,"Lithuania",FTRI00,"Overall index",0.7053,,
2010,440,"Lithuania",FTRI01,"ICT",0.6056,,
2010,440,"Lithuania",FTRI02,"Skills",0.7786,,
2010,440,"Lithuania",FTRI03,"Research and Development",0.3972,,
2010,440,"Lithuania",FTRI04,"Industry activity",0.6478,,
2010,440,"Lithuania",FTRI05,"Access to finance",0.8656,,
2010,442,"Luxembourg",FTRI00,"Overall index",0.8421,,
2010,442,"Luxembourg",FTRI01,"ICT",0.7899,,
2010,442,"Luxembourg",FTRI02,"Skills",0.7775,,
2010,442,"Luxembourg",FTRI03,"Research and Development",0.3526,,
2010,442,"Luxembourg",FTRI04,"Industry activity",0.9044,,
2010,442,"Luxembourg",FTRI05,"Access to finance",0.9029,,
2010,450,"Madagascar",FTRI00,"Overall index",0.2714,,
2010,450,"Madagascar",FTRI01,"ICT",0.2308,,
2010,450,"Madagascar",FTRI02,"Skills",0.1689,,
2010,450,"Madagascar",FTRI03,"Research and Development",0.0716,,
2010,450,"Madagascar",FTRI04,"Industry activity",0.5356,,
2010,450,"Madagascar",FTRI05,"Access to finance",0.7021,,
2010,454,"Malawi",FTRI00,"Overall index",0.2335,,
2010,454,"Malawi",FTRI01,"ICT",0.1252,,
2010,454,"Malawi",FTRI02,"Skills",0.1892,,
2010,454,"Malawi",FTRI03,"Research and Development",0.1074,,
2010,454,"Malawi",FTRI04,"Industry activity",0.4494,,
2010,454,"Malawi",FTRI05,"Access to finance",0.6891,,
2010,458,"Malaysia",FTRI00,"Overall index",0.682,,
2010,458,"Malaysia",FTRI01,"ICT",0.5341,,
2010,458,"Malaysia",FTRI02,"Skills",0.4722,,
2010,458,"Malaysia",FTRI03,"Research and Development",0.504,,
2010,458,"Malaysia",FTRI04,"Industry activity",0.8111,,
2010,458,"Malaysia",FTRI05,"Access to finance",0.9241,,
2010,462,"Maldives",FTRI00,"Overall index",0.4652,,
2010,462,"Maldives",FTRI01,"ICT",0.532,,
2010,462,"Maldives",FTRI02,"Skills",0.5301,,
2010,462,"Maldives",FTRI03,"Research and Development",0,,
2010,462,"Maldives",FTRI04,"Industry activity",0.4806,,
2010,462,"Maldives",FTRI05,"Access to finance",0.8456,,
2010,466,"Mali",FTRI00,"Overall index",0.2557,,
2010,466,"Mali",FTRI01,"ICT",0.1799,,
2010,466,"Mali",FTRI02,"Skills",0.0527,,
2010,466,"Mali",FTRI03,"Research and Development",0.0567,,
2010,466,"Mali",FTRI04,"Industry activity",0.6017,,
2010,466,"Mali",FTRI05,"Access to finance",0.7511,,
2010,470,"Malta",FTRI00,"Overall index",0.7852,,
2010,470,"Malta",FTRI01,"ICT",0.7375,,
2010,470,"Malta",FTRI02,"Skills",0.6796,,
2010,470,"Malta",FTRI03,"Research and Development",0.2336,,
2010,470,"Malta",FTRI04,"Industry activity",0.9599,,
2010,470,"Malta",FTRI05,"Access to finance",0.9316,,
2010,478,"Mauritania",FTRI00,"Overall index",0.2473,,
2010,478,"Mauritania",FTRI01,"ICT",0.2399,,
2010,478,"Mauritania",FTRI02,"Skills",0.1434,,
2010,478,"Mauritania",FTRI03,"Research and Development",0.0358,,
2010,478,"Mauritania",FTRI04,"Industry activity",0.4037,,
2010,478,"Mauritania",FTRI05,"Access to finance",0.7525,,
2010,480,"Mauritius",FTRI00,"Overall index",0.5178,,
2010,480,"Mauritius",FTRI01,"ICT",0.4108,,
2010,480,"Mauritius",FTRI02,"Skills",0.4494,,
2010,480,"Mauritius",FTRI03,"Research and Development",0.1478,,
2010,480,"Mauritius",FTRI04,"Industry activity",0.6549,,
2010,480,"Mauritius",FTRI05,"Access to finance",0.902,,
2010,175,"Mayotte",FTRI00,"Overall index",0.556,,
2010,175,"Mayotte",FTRI01,"ICT",0.4413,,
2010,175,"Mayotte",FTRI02,"Skills",0.5659,,
2010,175,"Mayotte",FTRI03,"Research and Development",0.3745,,
2010,175,"Mayotte",FTRI04,"Industry activity",0.5148,,
2010,175,"Mayotte",FTRI05,"Access to finance",0.8265,,
2010,484,"Mexico",FTRI00,"Overall index",0.642,,
2010,484,"Mexico",FTRI01,"ICT",0.5456,,
2010,484,"Mexico",FTRI02,"Skills",0.4377,,
2010,484,"Mexico",FTRI03,"Research and Development",0.562,,
2010,484,"Mexico",FTRI04,"Industry activity",0.7933,,
2010,484,"Mexico",FTRI05,"Access to finance",0.7719,,
2010,496,"Mongolia",FTRI00,"Overall index",0.3981,,
2010,496,"Mongolia",FTRI01,"ICT",0.3209,,
2010,496,"Mongolia",FTRI02,"Skills",0.4923,,
2010,496,"Mongolia",FTRI03,"Research and Development",0.0716,,
2010,496,"Mongolia",FTRI04,"Industry activity",0.4371,,
2010,496,"Mongolia",FTRI05,"Access to finance",0.8133,,
2010,499,"Montenegro",FTRI00,"Overall index",0.5559,,
2010,499,"Montenegro",FTRI01,"ICT",0.562,,
2010,499,"Montenegro",FTRI02,"Skills",0.628,,
2010,499,"Montenegro",FTRI03,"Research and Development",0.0925,,
2010,499,"Montenegro",FTRI04,"Industry activity",0.5638,,
2010,499,"Montenegro",FTRI05,"Access to finance",0.8778,,
2010,504,"Morocco",FTRI00,"Overall index",0.5194,,
2010,504,"Morocco",FTRI01,"ICT",0.5902,,
2010,504,"Morocco",FTRI02,"Skills",0.2231,,
2010,504,"Morocco",FTRI03,"Research and Development",0.2725,,
2010,504,"Morocco",FTRI04,"Industry activity",0.6436,,
2010,504,"Morocco",FTRI05,"Access to finance",0.8997,,
2010,508,"Mozambique",FTRI00,"Overall index",0.285,,
2010,508,"Mozambique",FTRI01,"ICT",0.2435,,
2010,508,"Mozambique",FTRI02,"Skills",0.1659,,
2010,508,"Mozambique",FTRI03,"Research and Development",0.1135,,
2010,508,"Mozambique",FTRI04,"Industry activity",0.4424,,
2010,508,"Mozambique",FTRI05,"Access to finance",0.769,,
2010,104,"Myanmar",FTRI00,"Overall index",0.1314,,
2010,104,"Myanmar",FTRI01,"ICT",0,,
2010,104,"Myanmar",FTRI02,"Skills",0.1497,,
2010,104,"Myanmar",FTRI03,"Research and Development",0.0567,,
2010,104,"Myanmar",FTRI04,"Industry activity",0.3741,,
2010,104,"Myanmar",FTRI05,"Access to finance",0.6221,,
2010,516,"Namibia",FTRI00,"Overall index",0.4314,,
2010,516,"Namibia",FTRI01,"ICT",0.3321,,
2010,516,"Namibia",FTRI02,"Skills",0.3435,,
2010,516,"Namibia",FTRI03,"Research and Development",0.0831,,
2010,516,"Namibia",FTRI04,"Industry activity",0.6649,,
2010,516,"Namibia",FTRI05,"Access to finance",0.8765,,
2010,524,"Nepal",FTRI00,"Overall index",0.3659,,
2010,524,"Nepal",FTRI01,"ICT",0.2991,,
2010,524,"Nepal",FTRI02,"Skills",0.2223,,
2010,524,"Nepal",FTRI03,"Research and Development",0.1463,,
2010,524,"Nepal",FTRI04,"Industry activity",0.5131,,
2010,524,"Nepal",FTRI05,"Access to finance",0.8587,,
2010,528,"Netherlands (Kingdom of the)",FTRI00,"Overall index",0.9408,,
2010,528,"Netherlands (Kingdom of the)",FTRI01,"ICT",0.8343,,
2010,528,"Netherlands (Kingdom of the)",FTRI02,"Skills",0.809,,
2010,528,"Netherlands (Kingdom of the)",FTRI03,"Research and Development",0.7141,,
2010,528,"Netherlands (Kingdom of the)",FTRI04,"Industry activity",0.8735,,
2010,528,"Netherlands (Kingdom of the)",FTRI05,"Access to finance",0.9298,,
2010,554,"New Zealand",FTRI00,"Overall index",0.8354,,
2010,554,"New Zealand",FTRI01,"ICT",0.7586,,
2010,554,"New Zealand",FTRI02,"Skills",0.8692,,
2010,554,"New Zealand",FTRI03,"Research and Development",0.5258,,
2010,554,"New Zealand",FTRI04,"Industry activity",0.6571,,
2010,554,"New Zealand",FTRI05,"Access to finance",0.9561,,
2010,558,"Nicaragua",FTRI00,"Overall index",0.3362,,
2010,558,"Nicaragua",FTRI01,"ICT",0.3207,,
2010,558,"Nicaragua",FTRI02,"Skills",0.2765,,
2010,558,"Nicaragua",FTRI03,"Research and Development",0.0716,,
2010,558,"Nicaragua",FTRI04,"Industry activity",0.4547,,
2010,558,"Nicaragua",FTRI05,"Access to finance",0.7896,,
2010,562,"Niger",FTRI00,"Overall index",0.2355,,
2010,562,"Niger",FTRI01,"ICT",0.1038,,
2010,562,"Niger",FTRI02,"Skills",0.0371,,
2010,562,"Niger",FTRI03,"Research and Development",0.0716,,
2010,562,"Niger",FTRI04,"Industry activity",0.7394,,
2010,562,"Niger",FTRI05,"Access to finance",0.6842,,
2010,566,"Nigeria",FTRI00,"Overall index",0.3876,,
2010,566,"Nigeria",FTRI01,"ICT",0.4387,,
2010,566,"Nigeria",FTRI02,"Skills",0.3553,,
2010,566,"Nigeria",FTRI03,"Research and Development",0.2362,,
2010,566,"Nigeria",FTRI04,"Industry activity",0.3771,,
2010,566,"Nigeria",FTRI05,"Access to finance",0.7231,,
2010,807,"North Macedonia",FTRI00,"Overall index",0.5865,,
2010,807,"North Macedonia",FTRI01,"ICT",0.7589,,
2010,807,"North Macedonia",FTRI02,"Skills",0.4834,,
2010,807,"North Macedonia",FTRI03,"Research and Development",0.1074,,
2010,807,"North Macedonia",FTRI04,"Industry activity",0.6436,,
2010,807,"North Macedonia",FTRI05,"Access to finance",0.8464,,
2010,578,"Norway",FTRI00,"Overall index",0.8255,,
2010,578,"Norway",FTRI01,"ICT",0.6791,,
2010,578,"Norway",FTRI02,"Skills",0.8355,,
2010,578,"Norway",FTRI03,"Research and Development",0.556,,
2010,578,"Norway",FTRI04,"Industry activity",0.7062,,
2010,578,"Norway",FTRI05,"Access to finance",0.9411,,
2010,512,"Oman",FTRI00,"Overall index",0.489,,
2010,512,"Oman",FTRI01,"ICT",0.4946,,
2010,512,"Oman",FTRI02,"Skills",0.4835,,
2010,512,"Oman",FTRI03,"Research and Development",0.1892,,
2010,512,"Oman",FTRI04,"Industry activity",0.4894,,
2010,512,"Oman",FTRI05,"Access to finance",0.8241,,
2010,586,"Pakistan",FTRI00,"Overall index",0.3696,,
2010,586,"Pakistan",FTRI01,"ICT",0.4283,,
2010,586,"Pakistan",FTRI02,"Skills",0.0754,,
2010,586,"Pakistan",FTRI03,"Research and Development",0.2845,,
2010,586,"Pakistan",FTRI04,"Industry activity",0.5527,,
2010,586,"Pakistan",FTRI05,"Access to finance",0.7577,,
2010,591,"Panama",FTRI00,"Overall index",0.6075,,
2010,591,"Panama",FTRI01,"ICT",0.5678,,
2010,591,"Panama",FTRI02,"Skills",0.4499,,
2010,591,"Panama",FTRI03,"Research and Development",0.2685,,
2010,591,"Panama",FTRI04,"Industry activity",0.763,,
2010,591,"Panama",FTRI05,"Access to finance",0.9008,,
2010,598,"Papua New Guinea",FTRI00,"Overall index",0.2519,,
2010,598,"Papua New Guinea",FTRI01,"ICT",0.1413,,
2010,598,"Papua New Guinea",FTRI02,"Skills",0.1381,,
2010,598,"Papua New Guinea",FTRI03,"Research and Development",0.0831,,
2010,598,"Papua New Guinea",FTRI04,"Industry activity",0.523,,
2010,598,"Papua New Guinea",FTRI05,"Access to finance",0.7664,,
2010,600,"Paraguay",FTRI00,"Overall index",0.3644,,
2010,600,"Paraguay",FTRI01,"ICT",0.3783,,
2010,600,"Paraguay",FTRI02,"Skills",0.3839,,
2010,600,"Paraguay",FTRI03,"Research and Development",0,,
2010,600,"Paraguay",FTRI04,"Industry activity",0.471,,
2010,600,"Paraguay",FTRI05,"Access to finance",0.7845,,
2010,604,"Peru",FTRI00,"Overall index",0.4466,,
2010,604,"Peru",FTRI01,"ICT",0.4691,,
2010,604,"Peru",FTRI02,"Skills",0.3924,,
2010,604,"Peru",FTRI03,"Research and Development",0.1493,,
2010,604,"Peru",FTRI04,"Industry activity",0.5031,,
2010,604,"Peru",FTRI05,"Access to finance",0.8014,,
2010,608,"Philippines",FTRI00,"Overall index",0.5879,,
2010,608,"Philippines",FTRI01,"ICT",0.5269,,
2010,608,"Philippines",FTRI02,"Skills",0.3889,,
2010,608,"Philippines",FTRI03,"Research and Development",0.268,,
2010,608,"Philippines",FTRI04,"Industry activity",0.8892,,
2010,608,"Philippines",FTRI05,"Access to finance",0.7951,,
2010,616,"Poland",FTRI00,"Overall index",0.7525,,
2010,616,"Poland",FTRI01,"ICT",0.6059,,
2010,616,"Poland",FTRI02,"Skills",0.6484,,
2010,616,"Poland",FTRI03,"Research and Development",0.5942,,
2010,616,"Poland",FTRI04,"Industry activity",0.7812,,
2010,616,"Poland",FTRI05,"Access to finance",0.8484,,
2010,620,"Portugal",FTRI00,"Overall index",0.7964,,
2010,620,"Portugal",FTRI01,"ICT",0.8265,,
2010,620,"Portugal",FTRI02,"Skills",0.6349,,
2010,620,"Portugal",FTRI03,"Research and Development",0.5735,,
2010,620,"Portugal",FTRI04,"Industry activity",0.6661,,
2010,620,"Portugal",FTRI05,"Access to finance",0.9603,,
2010,634,"Qatar",FTRI00,"Overall index",0.4673,,
2010,634,"Qatar",FTRI01,"ICT",0.6147,,
2010,634,"Qatar",FTRI02,"Skills",0.3978,,
2010,634,"Qatar",FTRI03,"Research and Development",0.1521,,
2010,634,"Qatar",FTRI04,"Industry activity",0.363,,
2010,634,"Qatar",FTRI05,"Access to finance",0.8393,,
2010,410,"Republic of Korea",FTRI00,"Overall index",0.9497,,
2010,410,"Republic of Korea",FTRI01,"ICT",1,,
2010,410,"Republic of Korea",FTRI02,"Skills",0.7253,,
2010,410,"Republic of Korea",FTRI03,"Research and Development",0.8012,,
2010,410,"Republic of Korea",FTRI04,"Industry activity",0.7983,,
2010,410,"Republic of Korea",FTRI05,"Access to finance",0.9429,,
2010,498,"Republic of Moldova",FTRI00,"Overall index",0.5864,,
2010,498,"Republic of Moldova",FTRI01,"ICT",0.6723,,
2010,498,"Republic of Moldova",FTRI02,"Skills",0.3904,,
2010,498,"Republic of Moldova",FTRI03,"Research and Development",0.3497,,
2010,498,"Republic of Moldova",FTRI04,"Industry activity",0.6636,,
2010,498,"Republic of Moldova",FTRI05,"Access to finance",0.799,,
2010,642,"Romania",FTRI00,"Overall index",0.8031,,
2010,642,"Romania",FTRI01,"ICT",0.936,,
2010,642,"Romania",FTRI02,"Skills",0.599,,
2010,642,"Romania",FTRI03,"Research and Development",0.5521,,
2010,642,"Romania",FTRI04,"Industry activity",0.7865,,
2010,642,"Romania",FTRI05,"Access to finance",0.8243,,
2010,643,"Russian Federation",FTRI00,"Overall index",0.7436,,
2010,643,"Russian Federation",FTRI01,"ICT",0.6405,,
2010,643,"Russian Federation",FTRI02,"Skills",0.6547,,
2010,643,"Russian Federation",FTRI03,"Research and Development",0.664,,
2010,643,"Russian Federation",FTRI04,"Industry activity",0.6347,,
2010,643,"Russian Federation",FTRI05,"Access to finance",0.8352,,
2010,646,"Rwanda",FTRI00,"Overall index",0.2939,,
2010,646,"Rwanda",FTRI01,"ICT",0.2999,,
2010,646,"Rwanda",FTRI02,"Skills",0.2002,,
2010,646,"Rwanda",FTRI03,"Research and Development",0.0925,,
2010,646,"Rwanda",FTRI04,"Industry activity",0.4871,,
2010,646,"Rwanda",FTRI05,"Access to finance",0.7075,,
2010,662,"Saint Lucia",FTRI00,"Overall index",0.4993,,
2010,662,"Saint Lucia",FTRI01,"ICT",0.5496,,
2010,662,"Saint Lucia",FTRI02,"Skills",0.4658,,
2010,662,"Saint Lucia",FTRI03,"Research and Development",0,,
2010,662,"Saint Lucia",FTRI04,"Industry activity",0.6129,,
2010,662,"Saint Lucia",FTRI05,"Access to finance",0.9081,,
2010,670,"Saint Vincent and the Grenadines",FTRI00,"Overall index",0.4461,,
2010,670,"Saint Vincent and the Grenadines",FTRI01,"ICT",0.5527,,
2010,670,"Saint Vincent and the Grenadines",FTRI02,"Skills",0.5128,,
2010,670,"Saint Vincent and the Grenadines",FTRI03,"Research and Development",0,,
2010,670,"Saint Vincent and the Grenadines",FTRI04,"Industry activity",0.373,,
2010,670,"Saint Vincent and the Grenadines",FTRI05,"Access to finance",0.8482,,
2010,882,"Samoa",FTRI00,"Overall index",0.2933,,
2010,882,"Samoa",FTRI01,"ICT",0.1661,,
2010,882,"Samoa",FTRI02,"Skills",0.4466,,
2010,882,"Samoa",FTRI03,"Research and Development",0.0472,,
2010,882,"Samoa",FTRI04,"Industry activity",0.4266,,
2010,882,"Samoa",FTRI05,"Access to finance",0.7748,,
2010,678,"Sao Tome and Principe",FTRI00,"Overall index",0.3753,,
2010,678,"Sao Tome and Principe",FTRI01,"ICT",0.3736,,
2010,678,"Sao Tome and Principe",FTRI02,"Skills",0.2728,,
2010,678,"Sao Tome and Principe",FTRI03,"Research and Development",0,,
2010,678,"Sao Tome and Principe",FTRI04,"Industry activity",0.5983,,
2010,678,"Sao Tome and Principe",FTRI05,"Access to finance",0.8265,,
2010,682,"Saudi Arabia",FTRI00,"Overall index",0.556,,
2010,682,"Saudi Arabia",FTRI01,"ICT",0.4413,,
2010,682,"Saudi Arabia",FTRI02,"Skills",0.5659,,
2010,682,"Saudi Arabia",FTRI03,"Research and Development",0.3745,,
2010,682,"Saudi Arabia",FTRI04,"Industry activity",0.5148,,
2010,682,"Saudi Arabia",FTRI05,"Access to finance",0.8265,,
2010,686,"Senegal",FTRI00,"Overall index",0.3569,,
2010,686,"Senegal",FTRI01,"ICT",0.4305,,
2010,686,"Senegal",FTRI02,"Skills",0.1008,,
2010,686,"Senegal",FTRI03,"Research and Development",0.1074,,
2010,686,"Senegal",FTRI04,"Industry activity",0.6075,,
2010,686,"Senegal",FTRI05,"Access to finance",0.7674,,
2010,688,"Serbia",FTRI00,"Overall index",0.6104,,
2010,688,"Serbia",FTRI01,"ICT",0.4411,,
2010,688,"Serbia",FTRI02,"Skills",0.5532,,
2010,688,"Serbia",FTRI03,"Research and Development",0.3573,,
2010,688,"Serbia",FTRI04,"Industry activity",0.7243,,
2010,688,"Serbia",FTRI05,"Access to finance",0.8445,,
2010,694,"Sierra Leone",FTRI00,"Overall index",0.007,,
2010,694,"Sierra Leone",FTRI01,"ICT",0.111,,
2010,694,"Sierra Leone",FTRI02,"Skills",0.1059,,
2010,694,"Sierra Leone",FTRI03,"Research and Development",0.0358,,
2010,694,"Sierra Leone",FTRI04,"Industry activity",0.5387,,
2010,694,"Sierra Leone",FTRI05,"Access to finance",0,,
2010,702,"Singapore",FTRI00,"Overall index",0.8846,,
2010,702,"Singapore",FTRI01,"ICT",0.786,,
2010,702,"Singapore",FTRI02,"Skills",0.8534,,
2010,702,"Singapore",FTRI03,"Research and Development",0.5478,,
2010,702,"Singapore",FTRI04,"Industry activity",0.8704,,
2010,702,"Singapore",FTRI05,"Access to finance",0.9123,,
2010,703,"Slovakia",FTRI00,"Overall index",0.7121,,
2010,703,"Slovakia",FTRI01,"ICT",0.6904,,
2010,703,"Slovakia",FTRI02,"Skills",0.6313,,
2010,703,"Slovakia",FTRI03,"Research and Development",0.4011,,
2010,703,"Slovakia",FTRI04,"Industry activity",0.7765,,
2010,703,"Slovakia",FTRI05,"Access to finance",0.8385,,
2010,705,"Slovenia",FTRI00,"Overall index",0.7441,,
2010,705,"Slovenia",FTRI01,"ICT",0.616,,
2010,705,"Slovenia",FTRI02,"Skills",0.778,,
2010,705,"Slovenia",FTRI03,"Research and Development",0.3661,,
2010,705,"Slovenia",FTRI04,"Industry activity",0.7703,,
2010,705,"Slovenia",FTRI05,"Access to finance",0.9017,,
2010,090,"Solomon Islands",FTRI00,"Overall index",0.2843,,
2010,090,"Solomon Islands",FTRI01,"ICT",0.2607,,
2010,090,"Solomon Islands",FTRI02,"Skills",0.275,,
2010,090,"Solomon Islands",FTRI03,"Research and Development",0,,
2010,090,"Solomon Islands",FTRI04,"Industry activity",0.4221,,
2010,090,"Solomon Islands",FTRI05,"Access to finance",0.7638,,
2010,710,"South Africa",FTRI00,"Overall index",0.6293,,
2010,710,"South Africa",FTRI01,"ICT",0.4332,,
2010,710,"South Africa",FTRI02,"Skills",0.497,,
2010,710,"South Africa",FTRI03,"Research and Development",0.5088,,
2010,710,"South Africa",FTRI04,"Industry activity",0.6439,,
2010,710,"South Africa",FTRI05,"Access to finance",0.9384,,
2010,728,"South Sudan",FTRI00,"Overall index",,,"Not applicable"
2010,728,"South Sudan",FTRI01,"ICT",,,"Not applicable"
2010,728,"South Sudan",FTRI02,"Skills",,,"Not applicable"
2010,728,"South Sudan",FTRI03,"Research and Development",,,"Not applicable"
2010,728,"South Sudan",FTRI04,"Industry activity",,,"Not applicable"
2010,728,"South Sudan",FTRI05,"Access to finance",,,"Not applicable"
2010,724,"Spain",FTRI00,"Overall index",0.8099,,
2010,724,"Spain",FTRI01,"ICT",0.6106,,
2010,724,"Spain",FTRI02,"Skills",0.6443,,
2010,724,"Spain",FTRI03,"Research and Development",0.7316,,
2010,724,"Spain",FTRI04,"Industry activity",0.7429,,
2010,724,"Spain",FTRI05,"Access to finance",0.97,,
2010,144,"Sri Lanka",FTRI00,"Overall index",0.4293,,
2010,144,"Sri Lanka",FTRI01,"ICT",0.3022,,
2010,144,"Sri Lanka",FTRI02,"Skills",0.4082,,
2010,144,"Sri Lanka",FTRI03,"Research and Development",0.1619,,
2010,144,"Sri Lanka",FTRI04,"Industry activity",0.613,,
2010,144,"Sri Lanka",FTRI05,"Access to finance",0.7817,,
2010,729,"Sudan",FTRI00,"Overall index",,,"Not applicable"
2010,729,"Sudan",FTRI01,"ICT",,,"Not applicable"
2010,729,"Sudan",FTRI02,"Skills",,,"Not applicable"
2010,729,"Sudan",FTRI03,"Research and Development",,,"Not applicable"
2010,729,"Sudan",FTRI04,"Industry activity",,,"Not applicable"
2010,729,"Sudan",FTRI05,"Access to finance",,,"Not applicable"
2010,736,"Sudan (...2011)",FTRI00,"Overall index",0.2553,,
2010,736,"Sudan (...2011)",FTRI01,"ICT",0.3068,,
2010,736,"Sudan (...2011)",FTRI02,"Skills",0.1506,,
2010,736,"Sudan (...2011)",FTRI03,"Research and Development",0.0925,,
2010,736,"Sudan (...2011)",FTRI04,"Industry activity",0.3869,,
2010,736,"Sudan (...2011)",FTRI05,"Access to finance",0.6988,,
2010,740,"Suriname",FTRI00,"Overall index",0.3996,,
2010,740,"Suriname",FTRI01,"ICT",0.4202,,
2010,740,"Suriname",FTRI02,"Skills",0.4052,,
2010,740,"Suriname",FTRI03,"Research and Development",0,,
2010,740,"Suriname",FTRI04,"Industry activity",0.509,,
2010,740,"Suriname",FTRI05,"Access to finance",0.779,,
2010,752,"Sweden",FTRI00,"Overall index",0.9163,,
2010,752,"Sweden",FTRI01,"ICT",0.8065,,
2010,752,"Sweden",FTRI02,"Skills",0.7755,,
2010,752,"Sweden",FTRI03,"Research and Development",0.6633,,
2010,752,"Sweden",FTRI04,"Industry activity",0.8826,,
2010,752,"Sweden",FTRI05,"Access to finance",0.9371,,
2010,756,"Switzerland",FTRI00,"Overall index",0.8986,,
2010,756,"Switzerland",FTRI01,"ICT",0.6316,,
2010,756,"Switzerland",FTRI02,"Skills",0.753,,
2010,756,"Switzerland",FTRI03,"Research and Development",0.7,,
2010,756,"Switzerland",FTRI04,"Industry activity",0.9415,,
2010,756,"Switzerland",FTRI05,"Access to finance",0.9593,,
2010,762,"Tajikistan",FTRI00,"Overall index",0.3406,,
2010,762,"Tajikistan",FTRI01,"ICT",0.3317,,
2010,762,"Tajikistan",FTRI02,"Skills",0.3349,,
2010,762,"Tajikistan",FTRI03,"Research and Development",0,,
2010,762,"Tajikistan",FTRI04,"Industry activity",0.5535,,
2010,762,"Tajikistan",FTRI05,"Access to finance",0.7278,,
2010,764,"Thailand",FTRI00,"Overall index",0.6568,,
2010,764,"Thailand",FTRI01,"ICT",0.6862,,
2010,764,"Thailand",FTRI02,"Skills",0.3907,,
2010,764,"Thailand",FTRI03,"Research and Development",0.3633,,
2010,764,"Thailand",FTRI04,"Industry activity",0.7938,,
2010,764,"Thailand",FTRI05,"Access to finance",0.9316,,
2010,626,"Timor-Leste",FTRI00,"Overall index",0.3222,,
2010,626,"Timor-Leste",FTRI01,"ICT",0.215,,
2010,626,"Timor-Leste",FTRI02,"Skills",0.4326,,
2010,626,"Timor-Leste",FTRI03,"Research and Development",0,,
2010,626,"Timor-Leste",FTRI04,"Industry activity",0.5166,,
2010,626,"Timor-Leste",FTRI05,"Access to finance",0.7152,,
2010,768,"Togo",FTRI00,"Overall index",0.2955,,
2010,768,"Togo",FTRI01,"ICT",0.215,,
2010,768,"Togo",FTRI02,"Skills",0.2356,,
2010,768,"Togo",FTRI03,"Research and Development",0.0716,,
2010,768,"Togo",FTRI04,"Industry activity",0.522,,
2010,768,"Togo",FTRI05,"Access to finance",0.7379,,
2010,780,"Trinidad and Tobago",FTRI00,"Overall index",0.452,,
2010,780,"Trinidad and Tobago",FTRI01,"ICT",0.4558,,
2010,780,"Trinidad and Tobago",FTRI02,"Skills",0.4561,,
2010,780,"Trinidad and Tobago",FTRI03,"Research and Development",0.1325,,
2010,780,"Trinidad and Tobago",FTRI04,"Industry activity",0.4633,,
2010,780,"Trinidad and Tobago",FTRI05,"Access to finance",0.8033,,
2010,788,"Tunisia",FTRI00,"Overall index",0.6048,,
2010,788,"Tunisia",FTRI01,"ICT",0.5603,,
2010,788,"Tunisia",FTRI02,"Skills",0.4976,,
2010,788,"Tunisia",FTRI03,"Research and Development",0.3455,,
2010,788,"Tunisia",FTRI04,"Industry activity",0.692,,
2010,788,"Tunisia",FTRI05,"Access to finance",0.8544,,
2010,792,"Turkiye",FTRI00,"Overall index",0.662,,
2010,792,"Turkiye",FTRI01,"ICT",0.7631,,
2010,792,"Turkiye",FTRI02,"Skills",0.4356,,
2010,792,"Turkiye",FTRI03,"Research and Development",0.5374,,
2010,792,"Turkiye",FTRI04,"Industry activity",0.6143,,
2010,792,"Turkiye",FTRI05,"Access to finance",0.8386,,
2010,800,"Uganda",FTRI00,"Overall index",0.3224,,
2010,800,"Uganda",FTRI01,"ICT",0.2462,,
2010,800,"Uganda",FTRI02,"Skills",0.2083,,
2010,800,"Uganda",FTRI03,"Research and Development",0.1463,,
2010,800,"Uganda",FTRI04,"Industry activity",0.6003,,
2010,800,"Uganda",FTRI05,"Access to finance",0.7089,,
2010,804,"Ukraine",FTRI00,"Overall index",0.7,,
2010,804,"Ukraine",FTRI01,"ICT",0.6243,,
2010,804,"Ukraine",FTRI02,"Skills",0.6478,,
2010,804,"Ukraine",FTRI03,"Research and Development",0.4843,,
2010,804,"Ukraine",FTRI04,"Industry activity",0.6476,,
2010,804,"Ukraine",FTRI05,"Access to finance",0.8905,,
2010,784,"United Arab Emirates",FTRI00,"Overall index",0.6123,,
2010,784,"United Arab Emirates",FTRI01,"ICT",0.4865,,
2010,784,"United Arab Emirates",FTRI02,"Skills",0.4937,,
2010,784,"United Arab Emirates",FTRI03,"Research and Development",0.2883,,
2010,784,"United Arab Emirates",FTRI04,"Industry activity",0.747,,
2010,784,"United Arab Emirates",FTRI05,"Access to finance",0.8971,,
2010,826,"United Kingdom",FTRI00,"Overall index",1,,
2010,826,"United Kingdom",FTRI01,"ICT",0.915,,
2010,826,"United Kingdom",FTRI02,"Skills",0.7918,,
2010,826,"United Kingdom",FTRI03,"Research and Development",0.7806,,
2010,826,"United Kingdom",FTRI04,"Industry activity",0.9085,,
2010,826,"United Kingdom",FTRI05,"Access to finance",0.9769,,
2010,834,"United Republic of Tanzania",FTRI00,"Overall index",0.2753,,
2010,834,"United Republic of Tanzania",FTRI01,"ICT",0.2121,,
2010,834,"United Republic of Tanzania",FTRI02,"Skills",0.1243,,
2010,834,"United Republic of Tanzania",FTRI03,"Research and Development",0.1756,,
2010,834,"United Republic of Tanzania",FTRI04,"Industry activity",0.5162,,
2010,834,"United Republic of Tanzania",FTRI05,"Access to finance",0.7094,,
2010,840,"United States",FTRI00,"Overall index",0.9587,,
2010,840,"United States",FTRI01,"ICT",0.5934,,
2010,840,"United States",FTRI02,"Skills",0.7992,,
2010,840,"United States",FTRI03,"Research and Development",1,,
2010,840,"United States",FTRI04,"Industry activity",0.8599,,
2010,840,"United States",FTRI05,"Access to finance",0.9755,,
2010,858,"Uruguay",FTRI00,"Overall index",0.5184,,
2010,858,"Uruguay",FTRI01,"ICT",0.4535,,
2010,858,"Uruguay",FTRI02,"Skills",0.5075,,
2010,858,"Uruguay",FTRI03,"Research and Development",0.2597,,
2010,858,"Uruguay",FTRI04,"Industry activity",0.5922,,
2010,858,"Uruguay",FTRI05,"Access to finance",0.7678,,
2010,860,"Uzbekistan",FTRI00,"Overall index",0.4096,,
2010,860,"Uzbekistan",FTRI01,"ICT",0.3593,,
2010,860,"Uzbekistan",FTRI02,"Skills",0.3891,,
2010,860,"Uzbekistan",FTRI03,"Research and Development",0.1238,,
2010,860,"Uzbekistan",FTRI04,"Industry activity",0.6606,,
2010,860,"Uzbekistan",FTRI05,"Access to finance",0.6873,,
2010,548,"Vanuatu",FTRI00,"Overall index",0.3108,,
2010,548,"Vanuatu",FTRI01,"ICT",0.3014,,
2010,548,"Vanuatu",FTRI02,"Skills",0.2499,,
2010,548,"Vanuatu",FTRI03,"Research and Development",0.0358,,
2010,548,"Vanuatu",FTRI04,"Industry activity",0.3485,,
2010,548,"Vanuatu",FTRI05,"Access to finance",0.8794,,
2010,862,"Venezuela (Bolivarian Rep. of)",FTRI00,"Overall index",0.4666,,
2010,862,"Venezuela (Bolivarian Rep. of)",FTRI01,"ICT",0.4986,,
2010,862,"Venezuela (Bolivarian Rep. of)",FTRI02,"Skills",0.4873,,
2010,862,"Venezuela (Bolivarian Rep. of)",FTRI03,"Research and Development",0.2346,,
2010,862,"Venezuela (Bolivarian Rep. of)",FTRI04,"Industry activity",0.423,,
2010,862,"Venezuela (Bolivarian Rep. of)",FTRI05,"Access to finance",0.7555,,
2010,704,"Viet Nam",FTRI00,"Overall index",0.5492,,
2010,704,"Viet Nam",FTRI01,"ICT",0.648,,
2010,704,"Viet Nam",FTRI02,"Skills",0.3164,,
2010,704,"Viet Nam",FTRI03,"Research and Development",0.2216,,
2010,704,"Viet Nam",FTRI04,"Industry activity",0.6736,,
2010,704,"Viet Nam",FTRI05,"Access to finance",0.9076,,
2010,887,"Yemen",FTRI00,"Overall index",0.2539,,
2010,887,"Yemen",FTRI01,"ICT",0.3375,,
2010,887,"Yemen",FTRI02,"Skills",0.1984,,
2010,887,"Yemen",FTRI03,"Research and Development",0.0567,,
2010,887,"Yemen",FTRI04,"Industry activity",0.3724,,
2010,887,"Yemen",FTRI05,"Access to finance",0.649,,
2010,894,"Zambia",FTRI00,"Overall index",0.2824,,
2010,894,"Zambia",FTRI01,"ICT",0.28,,
2010,894,"Zambia",FTRI02,"Skills",0.2408,,
2010,894,"Zambia",FTRI03,"Research and Development",0.0925,,
2010,894,"Zambia",FTRI04,"Industry activity",0.4094,,
2010,894,"Zambia",FTRI05,"Access to finance",0.7245,,
2010,716,"Zimbabwe",FTRI00,"Overall index",0.3124,,
2010,716,"Zimbabwe",FTRI01,"ICT",0.2806,,
2010,716,"Zimbabwe",FTRI02,"Skills",0.2203,,
2010,716,"Zimbabwe",FTRI03,"Research and Development",0.1135,,
2010,716,"Zimbabwe",FTRI04,"Industry activity",0.5026,,
2010,716,"Zimbabwe",FTRI05,"Access to finance",0.7234,,
2011,004,"Afghanistan",FTRI00,"Overall index",0.2626,,
2011,004,"Afghanistan",FTRI01,"ICT",0.2288,,
2011,004,"Afghanistan",FTRI02,"Skills",0.1585,,
2011,004,"Afghanistan",FTRI03,"Research and Development",0,,
2011,004,"Afghanistan",FTRI04,"Industry activity",0.5581,,
2011,004,"Afghanistan",FTRI05,"Access to finance",0.6245,,
2011,008,"Albania",FTRI00,"Overall index",0.5212,,
2011,008,"Albania",FTRI01,"ICT",0.6427,,
2011,008,"Albania",FTRI02,"Skills",0.4321,,
2011,008,"Albania",FTRI03,"Research and Development",0.1067,,
2011,008,"Albania",FTRI04,"Industry activity",0.5599,,
2011,008,"Albania",FTRI05,"Access to finance",0.8247,,
2011,012,"Algeria",FTRI00,"Overall index",0.391,,
2011,012,"Algeria",FTRI01,"ICT",0.338,,
2011,012,"Algeria",FTRI02,"Skills",0.4732,,
2011,012,"Algeria",FTRI03,"Research and Development",0.2558,,
2011,012,"Algeria",FTRI04,"Industry activity",0.2455,,
2011,012,"Algeria",FTRI05,"Access to finance",0.7142,,
2011,024,"Angola",FTRI00,"Overall index",0.2499,,
2011,024,"Angola",FTRI01,"ICT",0.2226,,
2011,024,"Angola",FTRI02,"Skills",0.1762,,
2011,024,"Angola",FTRI03,"Research and Development",0.0356,,
2011,024,"Angola",FTRI04,"Industry activity",0.3248,,
2011,024,"Angola",FTRI05,"Access to finance",0.7769,,
2011,032,"Argentina",FTRI00,"Overall index",0.6548,,
2011,032,"Argentina",FTRI01,"ICT",0.5863,,
2011,032,"Argentina",FTRI02,"Skills",0.6353,,
2011,032,"Argentina",FTRI03,"Research and Development",0.4221,,
2011,032,"Argentina",FTRI04,"Industry activity",0.68,,
2011,032,"Argentina",FTRI05,"Access to finance",0.7214,,
2011,051,"Armenia",FTRI00,"Overall index",0.4817,,
2011,051,"Armenia",FTRI01,"ICT",0.4144,,
2011,051,"Armenia",FTRI02,"Skills",0.3721,,
2011,051,"Armenia",FTRI03,"Research and Development",0.2059,,
2011,051,"Armenia",FTRI04,"Industry activity",0.6058,,
2011,051,"Armenia",FTRI05,"Access to finance",0.8141,,
2011,036,"Australia",FTRI00,"Overall index",0.922,,
2011,036,"Australia",FTRI01,"ICT",0.7805,,
2011,036,"Australia",FTRI02,"Skills",1,,
2011,036,"Australia",FTRI03,"Research and Development",0.6959,,
2011,036,"Australia",FTRI04,"Industry activity",0.6444,,
2011,036,"Australia",FTRI05,"Access to finance",0.9338,,
2011,040,"Austria",FTRI00,"Overall index",0.8624,,
2011,040,"Austria",FTRI01,"ICT",0.8233,,
2011,040,"Austria",FTRI02,"Skills",0.7006,,
2011,040,"Austria",FTRI03,"Research and Development",0.6471,,
2011,040,"Austria",FTRI04,"Industry activity",0.7838,,
2011,040,"Austria",FTRI05,"Access to finance",0.9106,,
2011,031,"Azerbaijan",FTRI00,"Overall index",0.4992,,
2011,031,"Azerbaijan",FTRI01,"ICT",0.522,,
2011,031,"Azerbaijan",FTRI02,"Skills",0.4508,,
2011,031,"Azerbaijan",FTRI03,"Research and Development",0.2244,,
2011,031,"Azerbaijan",FTRI04,"Industry activity",0.4535,,
2011,031,"Azerbaijan",FTRI05,"Access to finance",0.8071,,
2011,044,"Bahamas",FTRI00,"Overall index",0.5056,,
2011,044,"Bahamas",FTRI01,"ICT",0.6106,,
2011,044,"Bahamas",FTRI02,"Skills",0.5207,,
2011,044,"Bahamas",FTRI03,"Research and Development",0.0712,,
2011,044,"Bahamas",FTRI04,"Industry activity",0.3935,,
2011,044,"Bahamas",FTRI05,"Access to finance",0.8757,,
2011,048,"Bahrain",FTRI00,"Overall index",0.5615,,
2011,048,"Bahrain",FTRI01,"ICT",0.586,,
2011,048,"Bahrain",FTRI02,"Skills",0.4609,,
2011,048,"Bahrain",FTRI03,"Research and Development",0.1355,,
2011,048,"Bahrain",FTRI04,"Industry activity",0.6103,,
2011,048,"Bahrain",FTRI05,"Access to finance",0.8794,,
2011,050,"Bangladesh",FTRI00,"Overall index",0.3655,,
2011,050,"Bangladesh",FTRI01,"ICT",0.2183,,
2011,050,"Bangladesh",FTRI02,"Skills",0.1535,,
2011,050,"Bangladesh",FTRI03,"Research and Development",0.2223,,
2011,050,"Bangladesh",FTRI04,"Industry activity",0.5501,,
2011,050,"Bangladesh",FTRI05,"Access to finance",0.8318,,
2011,052,"Barbados",FTRI00,"Overall index",0.596,,
2011,052,"Barbados",FTRI01,"ICT",0.6128,,
2011,052,"Barbados",FTRI02,"Skills",0.6399,,
2011,052,"Barbados",FTRI03,"Research and Development",0.0356,,
2011,052,"Barbados",FTRI04,"Industry activity",0.6206,,
2011,052,"Barbados",FTRI05,"Access to finance",0.8962,,
2011,112,"Belarus",FTRI00,"Overall index",0.6109,,
2011,112,"Belarus",FTRI01,"ICT",0.5612,,
2011,112,"Belarus",FTRI02,"Skills",0.6888,,
2011,112,"Belarus",FTRI03,"Research and Development",0.2159,,
2011,112,"Belarus",FTRI04,"Industry activity",0.5826,,
2011,112,"Belarus",FTRI05,"Access to finance",0.821,,
2011,056,"Belgium",FTRI00,"Overall index",0.8795,,
2011,056,"Belgium",FTRI01,"ICT",0.7355,,
2011,056,"Belgium",FTRI02,"Skills",0.8696,,
2011,056,"Belgium",FTRI03,"Research and Development",0.6467,,
2011,056,"Belgium",FTRI04,"Industry activity",0.7698,,
2011,056,"Belgium",FTRI05,"Access to finance",0.8575,,
2011,084,"Belize",FTRI00,"Overall index",0.4146,,
2011,084,"Belize",FTRI01,"ICT",0.4102,,
2011,084,"Belize",FTRI02,"Skills",0.3845,,
2011,084,"Belize",FTRI03,"Research and Development",0,,
2011,084,"Belize",FTRI04,"Industry activity",0.486,,
2011,084,"Belize",FTRI05,"Access to finance",0.8435,,
2011,204,"Benin",FTRI00,"Overall index",0.326,,
2011,204,"Benin",FTRI01,"ICT",0.2729,,
2011,204,"Benin",FTRI02,"Skills",0.2117,,
2011,204,"Benin",FTRI03,"Research and Development",0.139,,
2011,204,"Benin",FTRI04,"Industry activity",0.4852,,
2011,204,"Benin",FTRI05,"Access to finance",0.741,,
2011,060,"Bermuda",FTRI00,"Overall index",0.4411,,
2011,060,"Bermuda",FTRI01,"ICT",0.4079,,
2011,060,"Bermuda",FTRI02,"Skills",0.4389,,
2011,060,"Bermuda",FTRI03,"Research and Development",0.0999,,
2011,060,"Bermuda",FTRI04,"Industry activity",0.4532,,
2011,060,"Bermuda",FTRI05,"Access to finance",0.8178,,
2011,064,"Bhutan",FTRI00,"Overall index",0.3725,,
2011,064,"Bhutan",FTRI01,"ICT",0.3973,,
2011,064,"Bhutan",FTRI02,"Skills",0.3519,,
2011,064,"Bhutan",FTRI03,"Research and Development",0.0564,,
2011,064,"Bhutan",FTRI04,"Industry activity",0.3449,,
2011,064,"Bhutan",FTRI05,"Access to finance",0.8351,,
2011,068,"Bolivia (Plurinational State of)",FTRI00,"Overall index",0.4411,,
2011,068,"Bolivia (Plurinational State of)",FTRI01,"ICT",0.4079,,
2011,068,"Bolivia (Plurinational State of)",FTRI02,"Skills",0.4389,,
2011,068,"Bolivia (Plurinational State of)",FTRI03,"Research and Development",0.0999,,
2011,068,"Bolivia (Plurinational State of)",FTRI04,"Industry activity",0.4532,,
2011,068,"Bolivia (Plurinational State of)",FTRI05,"Access to finance",0.8178,,
2011,070,"Bosnia and Herzegovina",FTRI00,"Overall index",0.5384,,
2011,070,"Bosnia and Herzegovina",FTRI01,"ICT",0.5731,,
2011,070,"Bosnia and Herzegovina",FTRI02,"Skills",0.4674,,
2011,070,"Bosnia and Herzegovina",FTRI03,"Research and Development",0.1511,,
2011,070,"Bosnia and Herzegovina",FTRI04,"Industry activity",0.5655,,
2011,070,"Bosnia and Herzegovina",FTRI05,"Access to finance",0.866,,
2011,072,"Botswana",FTRI00,"Overall index",0.3973,,
2011,072,"Botswana",FTRI01,"ICT",0.2861,,
2011,072,"Botswana",FTRI02,"Skills",0.3577,,
2011,072,"Botswana",FTRI03,"Research and Development",0.092,,
2011,072,"Botswana",FTRI04,"Industry activity",0.5466,,
2011,072,"Botswana",FTRI05,"Access to finance",0.7911,,
2011,074,"Bouvet Island",FTRI00,"Overall index",0.8095,,
2011,074,"Bouvet Island",FTRI01,"ICT",0.495,,
2011,074,"Bouvet Island",FTRI02,"Skills",0.4285,,
2011,074,"Bouvet Island",FTRI03,"Research and Development",0.9997,,
2011,074,"Bouvet Island",FTRI04,"Industry activity",0.8467,,
2011,074,"Bouvet Island",FTRI05,"Access to finance",0.9345,,
2011,076,"Brazil",FTRI00,"Overall index",0.7218,,
2011,076,"Brazil",FTRI01,"ICT",0.5753,,
2011,076,"Brazil",FTRI02,"Skills",0.4867,,
2011,076,"Brazil",FTRI03,"Research and Development",0.6854,,
2011,076,"Brazil",FTRI04,"Industry activity",0.722,,
2011,076,"Brazil",FTRI05,"Access to finance",0.862,,
2011,080,"British Antarctic Territory",FTRI00,"Overall index",0.3085,,
2011,080,"British Antarctic Territory",FTRI01,"ICT",0.1744,,
2011,080,"British Antarctic Territory",FTRI02,"Skills",0.1317,,
2011,080,"British Antarctic Territory",FTRI03,"Research and Development",0.1067,,
2011,080,"British Antarctic Territory",FTRI04,"Industry activity",0.6398,,
2011,080,"British Antarctic Territory",FTRI05,"Access to finance",0.7187,,
2011,086,"British Indian Ocean Territory",FTRI00,"Overall index",0.319,,
2011,086,"British Indian Ocean Territory",FTRI01,"ICT",0.2625,,
2011,086,"British Indian Ocean Territory",FTRI02,"Skills",0.252,,
2011,086,"British Indian Ocean Territory",FTRI03,"Research and Development",0,,
2011,086,"British Indian Ocean Territory",FTRI04,"Industry activity",0.4862,,
2011,086,"British Indian Ocean Territory",FTRI05,"Access to finance",0.8011,,
2011,092,"British Virgin Islands",FTRI00,"Overall index",0.7642,,
2011,092,"British Virgin Islands",FTRI01,"ICT",0.7766,,
2011,092,"British Virgin Islands",FTRI02,"Skills",0.7483,,
2011,092,"British Virgin Islands",FTRI03,"Research and Development",0.2889,,
2011,092,"British Virgin Islands",FTRI04,"Industry activity",0.7643,,
2011,092,"British Virgin Islands",FTRI05,"Access to finance",0.8905,,
2011,096,"Brunei Darussalam",FTRI00,"Overall index",0.5469,,
2011,096,"Brunei Darussalam",FTRI01,"ICT",0.5957,,
2011,096,"Brunei Darussalam",FTRI02,"Skills",0.5973,,
2011,096,"Brunei Darussalam",FTRI03,"Research and Development",0.1128,,
2011,096,"Brunei Darussalam",FTRI04,"Industry activity",0.546,,
2011,096,"Brunei Darussalam",FTRI05,"Access to finance",0.792,,
2011,100,"Bulgaria",FTRI00,"Overall index",0.7297,,
2011,100,"Bulgaria",FTRI01,"ICT",0.8323,,
2011,100,"Bulgaria",FTRI02,"Skills",0.571,,
2011,100,"Bulgaria",FTRI03,"Research and Development",0.4005,,
2011,100,"Bulgaria",FTRI04,"Industry activity",0.7072,,
2011,100,"Bulgaria",FTRI05,"Access to finance",0.8733,,
2011,854,"Burkina Faso",FTRI00,"Overall index",0.273,,
2011,854,"Burkina Faso",FTRI01,"ICT",0.1778,,
2011,854,"Burkina Faso",FTRI02,"Skills",0.0179,,
2011,854,"Burkina Faso",FTRI03,"Research and Development",0.1182,,
2011,854,"Burkina Faso",FTRI04,"Industry activity",0.582,,
2011,854,"Burkina Faso",FTRI05,"Access to finance",0.7337,,
2011,108,"Burundi",FTRI00,"Overall index",0.2277,,
2011,108,"Burundi",FTRI01,"ICT",0.0784,,
2011,108,"Burundi",FTRI02,"Skills",0.1811,,
2011,108,"Burundi",FTRI03,"Research and Development",0,,
2011,108,"Burundi",FTRI04,"Industry activity",0.4508,,
2011,108,"Burundi",FTRI05,"Access to finance",0.7663,,
2011,132,"Cabo Verde",FTRI00,"Overall index",0.4138,,
2011,132,"Cabo Verde",FTRI01,"ICT",0.4771,,
2011,132,"Cabo Verde",FTRI02,"Skills",0.3407,,
2011,132,"Cabo Verde",FTRI03,"Research and Development",0,,
2011,132,"Cabo Verde",FTRI04,"Industry activity",0.4534,,
2011,132,"Cabo Verde",FTRI05,"Access to finance",0.865,,
2011,116,"Cambodia",FTRI00,"Overall index",0.277,,
2011,116,"Cambodia",FTRI01,"ICT",0.1811,,
2011,116,"Cambodia",FTRI02,"Skills",0.2158,,
2011,116,"Cambodia",FTRI03,"Research and Development",0.0826,,
2011,116,"Cambodia",FTRI04,"Industry activity",0.3819,,
2011,116,"Cambodia",FTRI05,"Access to finance",0.7924,,
2011,120,"Cameroon",FTRI00,"Overall index",0.3561,,
2011,120,"Cameroon",FTRI01,"ICT",0.2288,,
2011,120,"Cameroon",FTRI02,"Skills",0.244,,
2011,120,"Cameroon",FTRI03,"Research and Development",0.1423,,
2011,120,"Cameroon",FTRI04,"Industry activity",0.6005,,
2011,120,"Cameroon",FTRI05,"Access to finance",0.7124,,
2011,124,"Canada",FTRI00,"Overall index",0.8874,,
2011,124,"Canada",FTRI01,"ICT",0.6995,,
2011,124,"Canada",FTRI02,"Skills",0.7189,,
2011,124,"Canada",FTRI03,"Research and Development",0.7492,,
2011,124,"Canada",FTRI04,"Industry activity",0.8166,,
2011,124,"Canada",FTRI05,"Access to finance",0.9353,,
2011,136,"Cayman Islands",FTRI00,"Overall index",0.7012,,
2011,136,"Cayman Islands",FTRI01,"ICT",0.5415,,
2011,136,"Cayman Islands",FTRI02,"Skills",0.4682,,
2011,136,"Cayman Islands",FTRI03,"Research and Development",0.5205,,
2011,136,"Cayman Islands",FTRI04,"Industry activity",0.8105,,
2011,136,"Cayman Islands",FTRI05,"Access to finance",0.9223,,
2011,140,"Central African Republic",FTRI00,"Overall index",0.2525,,
2011,140,"Central African Republic",FTRI01,"ICT",0.2183,,
2011,140,"Central African Republic",FTRI02,"Skills",0.1472,,
2011,140,"Central African Republic",FTRI03,"Research and Development",0,,
2011,140,"Central African Republic",FTRI04,"Industry activity",0.4282,,
2011,140,"Central African Republic",FTRI05,"Access to finance",0.7411,,
2011,148,"Chad",FTRI00,"Overall index",0.2047,,
2011,148,"Chad",FTRI01,"ICT",0.1307,,
2011,148,"Chad",FTRI02,"Skills",0.0339,,
2011,148,"Chad",FTRI03,"Research and Development",0,,
2011,148,"Chad",FTRI04,"Industry activity",0.6019,,
2011,148,"Chad",FTRI05,"Access to finance",0.6223,,
2011,152,"Chile",FTRI00,"Overall index",0.6853,,
2011,152,"Chile",FTRI01,"ICT",0.7555,,
2011,152,"Chile",FTRI02,"Skills",0.5408,,
2011,152,"Chile",FTRI03,"Research and Development",0.4701,,
2011,152,"Chile",FTRI04,"Industry activity",0.5162,,
2011,152,"Chile",FTRI05,"Access to finance",0.9162,,
2011,156,"China",FTRI00,"Overall index",0.8095,,
2011,156,"China",FTRI01,"ICT",0.495,,
2011,156,"China",FTRI02,"Skills",0.4285,,
2011,156,"China",FTRI03,"Research and Development",0.9997,,
2011,156,"China",FTRI04,"Industry activity",0.8467,,
2011,156,"China",FTRI05,"Access to finance",0.9345,,
2011,344,"China, Hong Kong SAR",FTRI00,"Overall index",0.8538,,
2011,344,"China, Hong Kong SAR",FTRI01,"ICT",0.8146,,
2011,344,"China, Hong Kong SAR",FTRI02,"Skills",0.7,,
2011,344,"China, Hong Kong SAR",FTRI03,"Research and Development",0.4769,,
2011,344,"China, Hong Kong SAR",FTRI04,"Industry activity",0.8553,,
2011,344,"China, Hong Kong SAR",FTRI05,"Access to finance",0.9825,,
2011,158,"China, Taiwan Province of",FTRI00,"Overall index",0.3811,,
2011,158,"China, Taiwan Province of",FTRI01,"ICT",0.4012,,
2011,158,"China, Taiwan Province of",FTRI02,"Skills",0.0702,,
2011,158,"China, Taiwan Province of",FTRI03,"Research and Development",0.3309,,
2011,158,"China, Taiwan Province of",FTRI04,"Industry activity",0.5486,,
2011,158,"China, Taiwan Province of",FTRI05,"Access to finance",0.7422,,
2011,162,"Christmas Island",FTRI00,"Overall index",0.4812,,
2011,162,"Christmas Island",FTRI01,"ICT",0.4889,,
2011,162,"Christmas Island",FTRI02,"Skills",0.3968,,
2011,162,"Christmas Island",FTRI03,"Research and Development",0.2187,,
2011,162,"Christmas Island",FTRI04,"Industry activity",0.4856,,
2011,162,"Christmas Island",FTRI05,"Access to finance",0.8054,,
2011,166,"Cocos (Keeling) Islands",FTRI00,"Overall index",0.4599,,
2011,166,"Cocos (Keeling) Islands",FTRI01,"ICT",0.6165,,
2011,166,"Cocos (Keeling) Islands",FTRI02,"Skills",0.3958,,
2011,166,"Cocos (Keeling) Islands",FTRI03,"Research and Development",0.1672,,
2011,166,"Cocos (Keeling) Islands",FTRI04,"Industry activity",0.306,,
2011,166,"Cocos (Keeling) Islands",FTRI05,"Access to finance",0.8254,,
2011,170,"Colombia",FTRI00,"Overall index",0.6314,,
2011,170,"Colombia",FTRI01,"ICT",0.4984,,
2011,170,"Colombia",FTRI02,"Skills",0.641,,
2011,170,"Colombia",FTRI03,"Research and Development",0.3987,,
2011,170,"Colombia",FTRI04,"Industry activity",0.6074,,
2011,170,"Colombia",FTRI05,"Access to finance",0.813,,
2011,174,"Comoros",FTRI00,"Overall index",0.2849,,
2011,174,"Comoros",FTRI01,"ICT",0.2384,,
2011,174,"Comoros",FTRI02,"Skills",0.2884,,
2011,174,"Comoros",FTRI03,"Research and Development",0,,
2011,174,"Comoros",FTRI04,"Industry activity",0.4156,,
2011,174,"Comoros",FTRI05,"Access to finance",0.6981,,
2011,178,"Congo",FTRI00,"Overall index",0.3089,,
2011,178,"Congo",FTRI01,"ICT",0.2402,,
2011,178,"Congo",FTRI02,"Skills",0.238,,
2011,178,"Congo",FTRI03,"Research and Development",0.1128,,
2011,178,"Congo",FTRI04,"Industry activity",0.5182,,
2011,178,"Congo",FTRI05,"Access to finance",0.6601,,
2011,184,"Cook Islands",FTRI00,"Overall index",0,,
2011,184,"Cook Islands",FTRI01,"ICT",0.2095,,
2011,184,"Cook Islands",FTRI02,"Skills",0,,
2011,184,"Cook Islands",FTRI03,"Research and Development",0,,
2011,184,"Cook Islands",FTRI04,"Industry activity",0,,
2011,184,"Cook Islands",FTRI05,"Access to finance",0.4025,,
2011,188,"Costa Rica",FTRI00,"Overall index",0.5936,,
2011,188,"Costa Rica",FTRI01,"ICT",0.4332,,
2011,188,"Costa Rica",FTRI02,"Skills",0.5196,,
2011,188,"Costa Rica",FTRI03,"Research and Development",0.1423,,
2011,188,"Costa Rica",FTRI04,"Industry activity",0.8661,,
2011,188,"Costa Rica",FTRI05,"Access to finance",0.8395,,
2011,384,"Cote d'Ivoire",FTRI00,"Overall index",0.3085,,
2011,384,"Cote d'Ivoire",FTRI01,"ICT",0.1744,,
2011,384,"Cote d'Ivoire",FTRI02,"Skills",0.1317,,
2011,384,"Cote d'Ivoire",FTRI03,"Research and Development",0.1067,,
2011,384,"Cote d'Ivoire",FTRI04,"Industry activity",0.6398,,
2011,384,"Cote d'Ivoire",FTRI05,"Access to finance",0.7187,,
2011,191,"Croatia",FTRI00,"Overall index",0.6856,,
2011,191,"Croatia",FTRI01,"ICT",0.7278,,
2011,191,"Croatia",FTRI02,"Skills",0.5713,,
2011,191,"Croatia",FTRI03,"Research and Development",0.3421,,
2011,191,"Croatia",FTRI04,"Industry activity",0.6825,,
2011,191,"Croatia",FTRI05,"Access to finance",0.8792,,
2011,192,"Cuba",FTRI00,"Overall index",0.67,,
2011,192,"Cuba",FTRI01,"ICT",0.6907,,
2011,192,"Cuba",FTRI02,"Skills",0.3862,,
2011,192,"Cuba",FTRI03,"Research and Development",0.4003,,
2011,192,"Cuba",FTRI04,"Industry activity",0.7644,,
2011,192,"Cuba",FTRI05,"Access to finance",0.9403,,
2011,196,"Cyprus",FTRI00,"Overall index",0.6882,,
2011,196,"Cyprus",FTRI01,"ICT",0.5345,,
2011,196,"Cyprus",FTRI02,"Skills",0.5722,,
2011,196,"Cyprus",FTRI03,"Research and Development",0.2749,,
2011,196,"Cyprus",FTRI04,"Industry activity",0.7652,,
2011,196,"Cyprus",FTRI05,"Access to finance",1,,
2011,203,"Czechia",FTRI00,"Overall index",0.7956,,
2011,203,"Czechia",FTRI01,"ICT",0.6832,,
2011,203,"Czechia",FTRI02,"Skills",0.6958,,
2011,203,"Czechia",FTRI03,"Research and Development",0.5621,,
2011,203,"Czechia",FTRI04,"Industry activity",0.814,,
2011,203,"Czechia",FTRI05,"Access to finance",0.8443,,
2011,180,"Dem. Rep. of the Congo",FTRI00,"Overall index",0.223,,
2011,180,"Dem. Rep. of the Congo",FTRI01,"ICT",0.1493,,
2011,180,"Dem. Rep. of the Congo",FTRI02,"Skills",0.158,,
2011,180,"Dem. Rep. of the Congo",FTRI03,"Research and Development",0.0712,,
2011,180,"Dem. Rep. of the Congo",FTRI04,"Industry activity",0.4899,,
2011,180,"Dem. Rep. of the Congo",FTRI05,"Access to finance",0.6043,,
2011,208,"Denmark",FTRI00,"Overall index",0.9241,,
2011,208,"Denmark",FTRI01,"ICT",0.9217,,
2011,208,"Denmark",FTRI02,"Skills",0.7943,,
2011,208,"Denmark",FTRI03,"Research and Development",0.6497,,
2011,208,"Denmark",FTRI04,"Industry activity",0.771,,
2011,208,"Denmark",FTRI05,"Access to finance",0.975,,
2011,262,"Djibouti",FTRI00,"Overall index",0.319,,
2011,262,"Djibouti",FTRI01,"ICT",0.2625,,
2011,262,"Djibouti",FTRI02,"Skills",0.252,,
2011,262,"Djibouti",FTRI03,"Research and Development",0,,
2011,262,"Djibouti",FTRI04,"Industry activity",0.4862,,
2011,262,"Djibouti",FTRI05,"Access to finance",0.8011,,
2011,214,"Dominican Republic",FTRI00,"Overall index",0.4682,,
2011,214,"Dominican Republic",FTRI01,"ICT",0.5569,,
2011,214,"Dominican Republic",FTRI02,"Skills",0.4032,,
2011,214,"Dominican Republic",FTRI03,"Research and Development",0.0564,,
2011,214,"Dominican Republic",FTRI04,"Industry activity",0.5805,,
2011,214,"Dominican Republic",FTRI05,"Access to finance",0.7722,,
2011,218,"Ecuador",FTRI00,"Overall index",0.4604,,
2011,218,"Ecuador",FTRI01,"ICT",0.4902,,
2011,218,"Ecuador",FTRI02,"Skills",0.4413,,
2011,218,"Ecuador",FTRI03,"Research and Development",0.139,,
2011,218,"Ecuador",FTRI04,"Industry activity",0.4582,,
2011,218,"Ecuador",FTRI05,"Access to finance",0.7902,,
2011,818,"Egypt",FTRI00,"Overall index",0.5127,,
2011,818,"Egypt",FTRI01,"ICT",0.3921,,
2011,818,"Egypt",FTRI02,"Skills",0.4162,,
2011,818,"Egypt",FTRI03,"Research and Development",0.411,,
2011,818,"Egypt",FTRI04,"Industry activity",0.5178,,
2011,818,"Egypt",FTRI05,"Access to finance",0.8019,,
2011,222,"El Salvador",FTRI00,"Overall index",0.4288,,
2011,222,"El Salvador",FTRI01,"ICT",0.3617,,
2011,222,"El Salvador",FTRI02,"Skills",0.3312,,
2011,222,"El Salvador",FTRI03,"Research and Development",0.0356,,
2011,222,"El Salvador",FTRI04,"Industry activity",0.6311,,
2011,222,"El Salvador",FTRI05,"Access to finance",0.8475,,
2011,226,"Equatorial Guinea",FTRI00,"Overall index",0.2283,,
2011,226,"Equatorial Guinea",FTRI01,"ICT",0.3121,,
2011,226,"Equatorial Guinea",FTRI02,"Skills",0.1834,,
2011,226,"Equatorial Guinea",FTRI03,"Research and Development",0.0356,,
2011,226,"Equatorial Guinea",FTRI04,"Industry activity",0.2698,,
2011,226,"Equatorial Guinea",FTRI05,"Access to finance",0.6492,,
2011,233,"Estonia",FTRI00,"Overall index",0.7642,,
2011,233,"Estonia",FTRI01,"ICT",0.7766,,
2011,233,"Estonia",FTRI02,"Skills",0.7483,,
2011,233,"Estonia",FTRI03,"Research and Development",0.2889,,
2011,233,"Estonia",FTRI04,"Industry activity",0.7643,,
2011,233,"Estonia",FTRI05,"Access to finance",0.8905,,
2011,748,"Eswatini",FTRI00,"Overall index",0.4207,,
2011,748,"Eswatini",FTRI01,"ICT",0.3576,,
2011,748,"Eswatini",FTRI02,"Skills",0.3727,,
2011,748,"Eswatini",FTRI03,"Research and Development",0,,
2011,748,"Eswatini",FTRI04,"Industry activity",0.6435,,
2011,748,"Eswatini",FTRI05,"Access to finance",0.7699,,
2011,231,"Ethiopia",FTRI00,"Overall index",0.2454,,
2011,231,"Ethiopia",FTRI01,"ICT",0.1406,,
2011,231,"Ethiopia",FTRI02,"Skills",0.088,,
2011,231,"Ethiopia",FTRI03,"Research and Development",0.1728,,
2011,231,"Ethiopia",FTRI04,"Industry activity",0.4338,,
2011,231,"Ethiopia",FTRI05,"Access to finance",0.7474,,
2011,242,"Fiji",FTRI00,"Overall index",0.4515,,
2011,242,"Fiji",FTRI01,"ICT",0.401,,
2011,242,"Fiji",FTRI02,"Skills",0.3931,,
2011,242,"Fiji",FTRI03,"Research and Development",0.092,,
2011,242,"Fiji",FTRI04,"Industry activity",0.5139,,
2011,242,"Fiji",FTRI05,"Access to finance",0.8872,,
2011,246,"Finland",FTRI00,"Overall index",0.9158,,
2011,246,"Finland",FTRI01,"ICT",0.8559,,
2011,246,"Finland",FTRI02,"Skills",0.7852,,
2011,246,"Finland",FTRI03,"Research and Development",0.6141,,
2011,246,"Finland",FTRI04,"Industry activity",0.8664,,
2011,246,"Finland",FTRI05,"Access to finance",0.9036,,
2011,250,"France",FTRI00,"Overall index",0.9296,,
2011,250,"France",FTRI01,"ICT",0.8221,,
2011,250,"France",FTRI02,"Skills",0.7314,,
2011,250,"France",FTRI03,"Research and Development",0.8134,,
2011,250,"France",FTRI04,"Industry activity",0.8424,,
2011,250,"France",FTRI05,"Access to finance",0.9114,,
2011,266,"Gabon",FTRI00,"Overall index",0.4179,,
2011,266,"Gabon",FTRI01,"ICT",0.3554,,
2011,266,"Gabon",FTRI02,"Skills",0.3305,,
2011,266,"Gabon",FTRI03,"Research and Development",0.0999,,
2011,266,"Gabon",FTRI04,"Industry activity",0.6328,,
2011,266,"Gabon",FTRI05,"Access to finance",0.6875,,
2011,270,"Gambia",FTRI00,"Overall index",0.2764,,
2011,270,"Gambia",FTRI01,"ICT",0.3064,,
2011,270,"Gambia",FTRI02,"Skills",0.1231,,
2011,270,"Gambia",FTRI03,"Research and Development",0.0356,,
2011,270,"Gambia",FTRI04,"Industry activity",0.5011,,
2011,270,"Gambia",FTRI05,"Access to finance",0.696,,
2011,268,"Georgia",FTRI00,"Overall index",0.5095,,
2011,268,"Georgia",FTRI01,"ICT",0.5382,,
2011,268,"Georgia",FTRI02,"Skills",0.514,,
2011,268,"Georgia",FTRI03,"Research and Development",0.092,,
2011,268,"Georgia",FTRI04,"Industry activity",0.5602,,
2011,268,"Georgia",FTRI05,"Access to finance",0.8071,,
2011,276,"Germany",FTRI00,"Overall index",0.9808,,
2011,276,"Germany",FTRI01,"ICT",0.8909,,
2011,276,"Germany",FTRI02,"Skills",0.7777,,
2011,276,"Germany",FTRI03,"Research and Development",0.881,,
2011,276,"Germany",FTRI04,"Industry activity",0.8661,,
2011,276,"Germany",FTRI05,"Access to finance",0.8987,,
2011,288,"Ghana",FTRI00,"Overall index",0.3765,,
2011,288,"Ghana",FTRI01,"ICT",0.413,,
2011,288,"Ghana",FTRI02,"Skills",0.2331,,
2011,288,"Ghana",FTRI03,"Research and Development",0.1609,,
2011,288,"Ghana",FTRI04,"Industry activity",0.4755,,
2011,288,"Ghana",FTRI05,"Access to finance",0.7445,,
2011,300,"Greece",FTRI00,"Overall index",0.7312,,
2011,300,"Greece",FTRI01,"ICT",0.6521,,
2011,300,"Greece",FTRI02,"Skills",0.6707,,
2011,300,"Greece",FTRI03,"Research and Development",0.4863,,
2011,300,"Greece",FTRI04,"Industry activity",0.6283,,
2011,300,"Greece",FTRI05,"Access to finance",0.9315,,
2011,320,"Guatemala",FTRI00,"Overall index",0.3949,,
2011,320,"Guatemala",FTRI01,"ICT",0.3188,,
2011,320,"Guatemala",FTRI02,"Skills",0.2888,,
2011,320,"Guatemala",FTRI03,"Research and Development",0.0826,,
2011,320,"Guatemala",FTRI04,"Industry activity",0.609,,
2011,320,"Guatemala",FTRI05,"Access to finance",0.7765,,
2011,324,"Guinea",FTRI00,"Overall index",0.2642,,
2011,324,"Guinea",FTRI01,"ICT",0.1358,,
2011,324,"Guinea",FTRI02,"Skills",0.1287,,
2011,324,"Guinea",FTRI03,"Research and Development",0,,
2011,324,"Guinea",FTRI04,"Industry activity",0.6331,,
2011,324,"Guinea",FTRI05,"Access to finance",0.6552,,
2011,624,"Guinea-Bissau",FTRI00,"Overall index",0.2338,,
2011,624,"Guinea-Bissau",FTRI01,"ICT",0.1662,,
2011,624,"Guinea-Bissau",FTRI02,"Skills",0.1659,,
2011,624,"Guinea-Bissau",FTRI03,"Research and Development",0.0356,,
2011,624,"Guinea-Bissau",FTRI04,"Industry activity",0.38,,
2011,624,"Guinea-Bissau",FTRI05,"Access to finance",0.6786,,
2011,328,"Guyana",FTRI00,"Overall index",0.4188,,
2011,328,"Guyana",FTRI01,"ICT",0.4065,,
2011,328,"Guyana",FTRI02,"Skills",0.3221,,
2011,328,"Guyana",FTRI03,"Research and Development",0,,
2011,328,"Guyana",FTRI04,"Industry activity",0.5836,,
2011,328,"Guyana",FTRI05,"Access to finance",0.786,,
2011,332,"Haiti",FTRI00,"Overall index",0.2652,,
2011,332,"Haiti",FTRI01,"ICT",0.2839,,
2011,332,"Haiti",FTRI02,"Skills",0.209,,
2011,332,"Haiti",FTRI03,"Research and Development",0,,
2011,332,"Haiti",FTRI04,"Industry activity",0.4316,,
2011,332,"Haiti",FTRI05,"Access to finance",0.6767,,
2011,340,"Honduras",FTRI00,"Overall index",0.3575,,
2011,340,"Honduras",FTRI01,"ICT",0.3445,,
2011,340,"Honduras",FTRI02,"Skills",0.2382,,
2011,340,"Honduras",FTRI03,"Research and Development",0.0564,,
2011,340,"Honduras",FTRI04,"Industry activity",0.4517,,
2011,340,"Honduras",FTRI05,"Access to finance",0.8422,,
2011,348,"Hungary",FTRI00,"Overall index",0.7754,,
2011,348,"Hungary",FTRI01,"ICT",0.6151,,
2011,348,"Hungary",FTRI02,"Skills",0.6574,,
2011,348,"Hungary",FTRI03,"Research and Development",0.5173,,
2011,348,"Hungary",FTRI04,"Industry activity",0.8577,,
2011,348,"Hungary",FTRI05,"Access to finance",0.8625,,
2011,352,"Iceland",FTRI00,"Overall index",0.8229,,
2011,352,"Iceland",FTRI01,"ICT",0.8796,,
2011,352,"Iceland",FTRI02,"Skills",0.8799,,
2011,352,"Iceland",FTRI03,"Research and Development",0.2904,,
2011,352,"Iceland",FTRI04,"Industry activity",0.6756,,
2011,352,"Iceland",FTRI05,"Access to finance",0.9444,,
2011,356,"India",FTRI00,"Overall index",0.6699,,
2011,356,"India",FTRI01,"ICT",0.4887,,
2011,356,"India",FTRI02,"Skills",0.2665,,
2011,356,"India",FTRI03,"Research and Development",0.7285,,
2011,356,"India",FTRI04,"Industry activity",0.8262,,
2011,356,"India",FTRI05,"Access to finance",0.85,,
2011,360,"Indonesia",FTRI00,"Overall index",0.504,,
2011,360,"Indonesia",FTRI01,"ICT",0.354,,
2011,360,"Indonesia",FTRI02,"Skills",0.3179,,
2011,360,"Indonesia",FTRI03,"Research and Development",0.307,,
2011,360,"Indonesia",FTRI04,"Industry activity",0.7266,,
2011,360,"Indonesia",FTRI05,"Access to finance",0.7985,,
2011,364,"Iran (Islamic Republic of)",FTRI00,"Overall index",0.496,,
2011,364,"Iran (Islamic Republic of)",FTRI01,"ICT",0.3623,,
2011,364,"Iran (Islamic Republic of)",FTRI02,"Skills",0.415,,
2011,364,"Iran (Islamic Republic of)",FTRI03,"Research and Development",0.3994,,
2011,364,"Iran (Islamic Republic of)",FTRI04,"Industry activity",0.4486,,
2011,364,"Iran (Islamic Republic of)",FTRI05,"Access to finance",0.8461,,
2011,368,"Iraq",FTRI00,"Overall index",0.3125,,
2011,368,"Iraq",FTRI01,"ICT",0.3542,,
2011,368,"Iraq",FTRI02,"Skills",0.3666,,
2011,368,"Iraq",FTRI03,"Research and Development",0.1423,,
2011,368,"Iraq",FTRI04,"Industry activity",0.2923,,
2011,368,"Iraq",FTRI05,"Access to finance",0.633,,
2011,372,"Ireland",FTRI00,"Overall index",0.9222,,
2011,372,"Ireland",FTRI01,"ICT",0.8183,,
2011,372,"Ireland",FTRI02,"Skills",0.7795,,
2011,372,"Ireland",FTRI03,"Research and Development",0.5086,,
2011,372,"Ireland",FTRI04,"Industry activity",1,,
2011,372,"Ireland",FTRI05,"Access to finance",0.9285,,
2011,376,"Israel",FTRI00,"Overall index",0.8609,,
2011,376,"Israel",FTRI01,"ICT",0.6541,,
2011,376,"Israel",FTRI02,"Skills",0.7556,,
2011,376,"Israel",FTRI03,"Research and Development",0.6126,,
2011,376,"Israel",FTRI04,"Industry activity",0.9076,,
2011,376,"Israel",FTRI05,"Access to finance",0.8768,,
2011,380,"Italy",FTRI00,"Overall index",0.8623,,
2011,380,"Italy",FTRI01,"ICT",0.7739,,
2011,380,"Italy",FTRI02,"Skills",0.6815,,
2011,380,"Italy",FTRI03,"Research and Development",0.7266,,
2011,380,"Italy",FTRI04,"Industry activity",0.7774,,
2011,380,"Italy",FTRI05,"Access to finance",0.9086,,
2011,388,"Jamaica",FTRI00,"Overall index",0.4681,,
2011,388,"Jamaica",FTRI01,"ICT",0.5554,,
2011,388,"Jamaica",FTRI02,"Skills",0.4296,,
2011,388,"Jamaica",FTRI03,"Research and Development",0.0712,,
2011,388,"Jamaica",FTRI04,"Industry activity",0.5107,,
2011,388,"Jamaica",FTRI05,"Access to finance",0.7873,,
2011,392,"Japan",FTRI00,"Overall index",0.8934,,
2011,392,"Japan",FTRI01,"ICT",0.8614,,
2011,392,"Japan",FTRI02,"Skills",0.5113,,
2011,392,"Japan",FTRI03,"Research and Development",0.8338,,
2011,392,"Japan",FTRI04,"Industry activity",0.8468,,
2011,392,"Japan",FTRI05,"Access to finance",0.9585,,
2011,400,"Jordan",FTRI00,"Overall index",0.5571,,
2011,400,"Jordan",FTRI01,"ICT",0.5484,,
2011,400,"Jordan",FTRI02,"Skills",0.4054,,
2011,400,"Jordan",FTRI03,"Research and Development",0.2586,,
2011,400,"Jordan",FTRI04,"Industry activity",0.6289,,
2011,400,"Jordan",FTRI05,"Access to finance",0.8825,,
2011,398,"Kazakhstan",FTRI00,"Overall index",0.5782,,
2011,398,"Kazakhstan",FTRI01,"ICT",0.5855,,
2011,398,"Kazakhstan",FTRI02,"Skills",0.5665,,
2011,398,"Kazakhstan",FTRI03,"Research and Development",0.1623,,
2011,398,"Kazakhstan",FTRI04,"Industry activity",0.63,,
2011,398,"Kazakhstan",FTRI05,"Access to finance",0.8204,,
2011,404,"Kenya",FTRI00,"Overall index",0.3863,,
2011,404,"Kenya",FTRI01,"ICT",0.2853,,
2011,404,"Kenya",FTRI02,"Skills",0.2376,,
2011,404,"Kenya",FTRI03,"Research and Development",0.181,,
2011,404,"Kenya",FTRI04,"Industry activity",0.5792,,
2011,404,"Kenya",FTRI05,"Access to finance",0.7894,,
2011,414,"Kuwait",FTRI00,"Overall index",0.5663,,
2011,414,"Kuwait",FTRI01,"ICT",0.6117,,
2011,414,"Kuwait",FTRI02,"Skills",0.4805,,
2011,414,"Kuwait",FTRI03,"Research and Development",0.1538,,
2011,414,"Kuwait",FTRI04,"Industry activity",0.5667,,
2011,414,"Kuwait",FTRI05,"Access to finance",0.8664,,
2011,417,"Kyrgyzstan",FTRI00,"Overall index",0.4099,,
2011,417,"Kyrgyzstan",FTRI01,"ICT",0.3526,,
2011,417,"Kyrgyzstan",FTRI02,"Skills",0.3548,,
2011,417,"Kyrgyzstan",FTRI03,"Research and Development",0.0712,,
2011,417,"Kyrgyzstan",FTRI04,"Industry activity",0.6432,,
2011,417,"Kyrgyzstan",FTRI05,"Access to finance",0.7056,,
2011,418,"Lao People's Dem. Rep.",FTRI00,"Overall index",0.3117,,
2011,418,"Lao People's Dem. Rep.",FTRI01,"ICT",0.2876,,
2011,418,"Lao People's Dem. Rep.",FTRI02,"Skills",0.2045,,
2011,418,"Lao People's Dem. Rep.",FTRI03,"Research and Development",0.0712,,
2011,418,"Lao People's Dem. Rep.",FTRI04,"Industry activity",0.4508,,
2011,418,"Lao People's Dem. Rep.",FTRI05,"Access to finance",0.7634,,
2011,428,"Latvia",FTRI00,"Overall index",0.7531,,
2011,428,"Latvia",FTRI01,"ICT",0.6821,,
2011,428,"Latvia",FTRI02,"Skills",0.6962,,
2011,428,"Latvia",FTRI03,"Research and Development",0.4238,,
2011,428,"Latvia",FTRI04,"Industry activity",0.7251,,
2011,428,"Latvia",FTRI05,"Access to finance",0.8931,,
2011,422,"Lebanon",FTRI00,"Overall index",0.6254,,
2011,422,"Lebanon",FTRI01,"ICT",0.5883,,
2011,422,"Lebanon",FTRI02,"Skills",0.4816,,
2011,422,"Lebanon",FTRI03,"Research and Development",0.2155,,
2011,422,"Lebanon",FTRI04,"Industry activity",0.7257,,
2011,422,"Lebanon",FTRI05,"Access to finance",0.9043,,
2011,426,"Lesotho",FTRI00,"Overall index",0.3317,,
2011,426,"Lesotho",FTRI01,"ICT",0.238,,
2011,426,"Lesotho",FTRI02,"Skills",0.2722,,
2011,426,"Lesotho",FTRI03,"Research and Development",0,,
2011,426,"Lesotho",FTRI04,"Industry activity",0.6185,,
2011,426,"Lesotho",FTRI05,"Access to finance",0.727,,
2011,430,"Liberia",FTRI00,"Overall index",0.3053,,
2011,430,"Liberia",FTRI01,"ICT",0.3494,,
2011,430,"Liberia",FTRI02,"Skills",0.2146,,
2011,430,"Liberia",FTRI03,"Research and Development",0.0356,,
2011,430,"Liberia",FTRI04,"Industry activity",0.512,,
2011,430,"Liberia",FTRI05,"Access to finance",0.6957,,
2011,434,"Libya",FTRI00,"Overall index",0.3814,,
2011,434,"Libya",FTRI01,"ICT",0.3317,,
2011,434,"Libya",FTRI02,"Skills",0.5369,,
2011,434,"Libya",FTRI03,"Research and Development",0,,
2011,434,"Libya",FTRI04,"Industry activity",0.3652,,
2011,434,"Libya",FTRI05,"Access to finance",0.7259,,
2011,440,"Lithuania",FTRI00,"Overall index",0.7171,,
2011,440,"Lithuania",FTRI01,"ICT",0.6084,,
2011,440,"Lithuania",FTRI02,"Skills",0.7814,,
2011,440,"Lithuania",FTRI03,"Research and Development",0.4096,,
2011,440,"Lithuania",FTRI04,"Industry activity",0.6388,,
2011,440,"Lithuania",FTRI05,"Access to finance",0.8466,,
2011,442,"Luxembourg",FTRI00,"Overall index",0.8556,,
2011,442,"Luxembourg",FTRI01,"ICT",0.7929,,
2011,442,"Luxembourg",FTRI02,"Skills",0.7714,,
2011,442,"Luxembourg",FTRI03,"Research and Development",0.3703,,
2011,442,"Luxembourg",FTRI04,"Industry activity",0.9102,,
2011,442,"Luxembourg",FTRI05,"Access to finance",0.8978,,
2011,450,"Madagascar",FTRI00,"Overall index",0.3033,,
2011,450,"Madagascar",FTRI01,"ICT",0.2575,,
2011,450,"Madagascar",FTRI02,"Skills",0.167,,
2011,450,"Madagascar",FTRI03,"Research and Development",0.1128,,
2011,450,"Madagascar",FTRI04,"Industry activity",0.5639,,
2011,450,"Madagascar",FTRI05,"Access to finance",0.6939,,
2011,454,"Malawi",FTRI00,"Overall index",0.291,,
2011,454,"Malawi",FTRI01,"ICT",0.1222,,
2011,454,"Malawi",FTRI02,"Skills",0.1951,,
2011,454,"Malawi",FTRI03,"Research and Development",0.1231,,
2011,454,"Malawi",FTRI04,"Industry activity",0.5537,,
2011,454,"Malawi",FTRI05,"Access to finance",0.688,,
2011,458,"Malaysia",FTRI00,"Overall index",0.7012,,
2011,458,"Malaysia",FTRI01,"ICT",0.5415,,
2011,458,"Malaysia",FTRI02,"Skills",0.4682,,
2011,458,"Malaysia",FTRI03,"Research and Development",0.5205,,
2011,458,"Malaysia",FTRI04,"Industry activity",0.8105,,
2011,458,"Malaysia",FTRI05,"Access to finance",0.9223,,
2011,462,"Maldives",FTRI00,"Overall index",0.481,,
2011,462,"Maldives",FTRI01,"ICT",0.5458,,
2011,462,"Maldives",FTRI02,"Skills",0.5245,,
2011,462,"Maldives",FTRI03,"Research and Development",0,,
2011,462,"Maldives",FTRI04,"Industry activity",0.4838,,
2011,462,"Maldives",FTRI05,"Access to finance",0.8317,,
2011,466,"Mali",FTRI00,"Overall index",0.3167,,
2011,466,"Mali",FTRI01,"ICT",0.3367,,
2011,466,"Mali",FTRI02,"Skills",0.06,,
2011,466,"Mali",FTRI03,"Research and Development",0.0826,,
2011,466,"Mali",FTRI04,"Industry activity",0.599,,
2011,466,"Mali",FTRI05,"Access to finance",0.7511,,
2011,470,"Malta",FTRI00,"Overall index",0.7864,,
2011,470,"Malta",FTRI01,"ICT",0.7441,,
2011,470,"Malta",FTRI02,"Skills",0.6774,,
2011,470,"Malta",FTRI03,"Research and Development",0.1933,,
2011,470,"Malta",FTRI04,"Industry activity",0.95,,
2011,470,"Malta",FTRI05,"Access to finance",0.9311,,
2011,478,"Mauritania",FTRI00,"Overall index",0.2525,,
2011,478,"Mauritania",FTRI01,"ICT",0.2183,,
2011,478,"Mauritania",FTRI02,"Skills",0.1472,,
2011,478,"Mauritania",FTRI03,"Research and Development",0,,
2011,478,"Mauritania",FTRI04,"Industry activity",0.4282,,
2011,478,"Mauritania",FTRI05,"Access to finance",0.7411,,
2011,480,"Mauritius",FTRI00,"Overall index",0.5414,,
2011,480,"Mauritius",FTRI01,"ICT",0.4232,,
2011,480,"Mauritius",FTRI02,"Skills",0.4578,,
2011,480,"Mauritius",FTRI03,"Research and Development",0.1541,,
2011,480,"Mauritius",FTRI04,"Industry activity",0.6439,,
2011,480,"Mauritius",FTRI05,"Access to finance",0.9035,,
2011,175,"Mayotte",FTRI00,"Overall index",0.5731,,
2011,175,"Mayotte",FTRI01,"ICT",0.4538,,
2011,175,"Mayotte",FTRI02,"Skills",0.5675,,
2011,175,"Mayotte",FTRI03,"Research and Development",0.4403,,
2011,175,"Mayotte",FTRI04,"Industry activity",0.4746,,
2011,175,"Mayotte",FTRI05,"Access to finance",0.8098,,
2011,484,"Mexico",FTRI00,"Overall index",0.7062,,
2011,484,"Mexico",FTRI01,"ICT",0.7215,,
2011,484,"Mexico",FTRI02,"Skills",0.4386,,
2011,484,"Mexico",FTRI03,"Research and Development",0.6022,,
2011,484,"Mexico",FTRI04,"Industry activity",0.7902,,
2011,484,"Mexico",FTRI05,"Access to finance",0.775,,
2011,496,"Mongolia",FTRI00,"Overall index",0.4276,,
2011,496,"Mongolia",FTRI01,"ICT",0.3204,,
2011,496,"Mongolia",FTRI02,"Skills",0.5181,,
2011,496,"Mongolia",FTRI03,"Research and Development",0.1067,,
2011,496,"Mongolia",FTRI04,"Industry activity",0.3843,,
2011,496,"Mongolia",FTRI05,"Access to finance",0.8341,,
2011,499,"Montenegro",FTRI00,"Overall index",0.5541,,
2011,499,"Montenegro",FTRI01,"ICT",0.5504,,
2011,499,"Montenegro",FTRI02,"Skills",0.6386,,
2011,499,"Montenegro",FTRI03,"Research and Development",0.0826,,
2011,499,"Montenegro",FTRI04,"Industry activity",0.523,,
2011,499,"Montenegro",FTRI05,"Access to finance",0.8573,,
2011,504,"Morocco",FTRI00,"Overall index",0.5482,,
2011,504,"Morocco",FTRI01,"ICT",0.6407,,
2011,504,"Morocco",FTRI02,"Skills",0.231,,
2011,504,"Morocco",FTRI03,"Research and Development",0.2978,,
2011,504,"Morocco",FTRI04,"Industry activity",0.6317,,
2011,504,"Morocco",FTRI05,"Access to finance",0.9008,,
2011,508,"Mozambique",FTRI00,"Overall index",0.2938,,
2011,508,"Mozambique",FTRI01,"ICT",0.2205,,
2011,508,"Mozambique",FTRI02,"Skills",0.1732,,
2011,508,"Mozambique",FTRI03,"Research and Development",0.0356,,
2011,508,"Mozambique",FTRI04,"Industry activity",0.5247,,
2011,508,"Mozambique",FTRI05,"Access to finance",0.7634,,
2011,104,"Myanmar",FTRI00,"Overall index",0.1579,,
2011,104,"Myanmar",FTRI01,"ICT",0,,
2011,104,"Myanmar",FTRI02,"Skills",0.1592,,
2011,104,"Myanmar",FTRI03,"Research and Development",0.0564,,
2011,104,"Myanmar",FTRI04,"Industry activity",0.3429,,
2011,104,"Myanmar",FTRI05,"Access to finance",0.6542,,
2011,516,"Namibia",FTRI00,"Overall index",0.4379,,
2011,516,"Namibia",FTRI01,"ICT",0.3163,,
2011,516,"Namibia",FTRI02,"Skills",0.3389,,
2011,516,"Namibia",FTRI03,"Research and Development",0.0999,,
2011,516,"Namibia",FTRI04,"Industry activity",0.6287,,
2011,516,"Namibia",FTRI05,"Access to finance",0.8738,,
2011,524,"Nepal",FTRI00,"Overall index",0.405,,
2011,524,"Nepal",FTRI01,"ICT",0.3484,,
2011,524,"Nepal",FTRI02,"Skills",0.2567,,
2011,524,"Nepal",FTRI03,"Research and Development",0.1423,,
2011,524,"Nepal",FTRI04,"Industry activity",0.5317,,
2011,524,"Nepal",FTRI05,"Access to finance",0.8404,,
2011,528,"Netherlands (Kingdom of the)",FTRI00,"Overall index",0.9495,,
2011,528,"Netherlands (Kingdom of the)",FTRI01,"ICT",0.8382,,
2011,528,"Netherlands (Kingdom of the)",FTRI02,"Skills",0.8138,,
2011,528,"Netherlands (Kingdom of the)",FTRI03,"Research and Development",0.7137,,
2011,528,"Netherlands (Kingdom of the)",FTRI04,"Industry activity",0.8691,,
2011,528,"Netherlands (Kingdom of the)",FTRI05,"Access to finance",0.9275,,
2011,554,"New Zealand",FTRI00,"Overall index",0.8893,,
2011,554,"New Zealand",FTRI01,"ICT",0.9286,,
2011,554,"New Zealand",FTRI02,"Skills",0.8657,,
2011,554,"New Zealand",FTRI03,"Research and Development",0.5471,,
2011,554,"New Zealand",FTRI04,"Industry activity",0.6577,,
2011,554,"New Zealand",FTRI05,"Access to finance",0.9529,,
2011,558,"Nicaragua",FTRI00,"Overall index",0.3434,,
2011,558,"Nicaragua",FTRI01,"ICT",0.3039,,
2011,558,"Nicaragua",FTRI02,"Skills",0.2762,,
2011,558,"Nicaragua",FTRI03,"Research and Development",0.0712,,
2011,558,"Nicaragua",FTRI04,"Industry activity",0.4425,,
2011,558,"Nicaragua",FTRI05,"Access to finance",0.7852,,
2011,562,"Niger",FTRI00,"Overall index",0.2523,,
2011,562,"Niger",FTRI01,"ICT",0.0574,,
2011,562,"Niger",FTRI02,"Skills",0.051,,
2011,562,"Niger",FTRI03,"Research and Development",0.1067,,
2011,562,"Niger",FTRI04,"Industry activity",0.7165,,
2011,562,"Niger",FTRI05,"Access to finance",0.6914,,
2011,566,"Nigeria",FTRI00,"Overall index",0.4398,,
2011,566,"Nigeria",FTRI01,"ICT",0.6492,,
2011,566,"Nigeria",FTRI02,"Skills",0.3438,,
2011,566,"Nigeria",FTRI03,"Research and Development",0.2431,,
2011,566,"Nigeria",FTRI04,"Industry activity",0.3687,,
2011,566,"Nigeria",FTRI05,"Access to finance",0.7018,,
2011,807,"North Macedonia",FTRI00,"Overall index",0.5929,,
2011,807,"North Macedonia",FTRI01,"ICT",0.7637,,
2011,807,"North Macedonia",FTRI02,"Skills",0.4708,,
2011,807,"North Macedonia",FTRI03,"Research and Development",0.1423,,
2011,807,"North Macedonia",FTRI04,"Industry activity",0.6119,,
2011,807,"North Macedonia",FTRI05,"Access to finance",0.8438,,
2011,578,"Norway",FTRI00,"Overall index",0.837,,
2011,578,"Norway",FTRI01,"ICT",0.6846,,
2011,578,"Norway",FTRI02,"Skills",0.8291,,
2011,578,"Norway",FTRI03,"Research and Development",0.5695,,
2011,578,"Norway",FTRI04,"Industry activity",0.696,,
2011,578,"Norway",FTRI05,"Access to finance",0.936,,
2011,512,"Oman",FTRI00,"Overall index",0.5368,,
2011,512,"Oman",FTRI01,"ICT",0.6448,,
2011,512,"Oman",FTRI02,"Skills",0.5033,,
2011,512,"Oman",FTRI03,"Research and Development",0.181,,
2011,512,"Oman",FTRI04,"Industry activity",0.4746,,
2011,512,"Oman",FTRI05,"Access to finance",0.8161,,
2011,586,"Pakistan",FTRI00,"Overall index",0.3811,,
2011,586,"Pakistan",FTRI01,"ICT",0.4012,,
2011,586,"Pakistan",FTRI02,"Skills",0.0702,,
2011,586,"Pakistan",FTRI03,"Research and Development",0.3309,,
2011,586,"Pakistan",FTRI04,"Industry activity",0.5486,,
2011,586,"Pakistan",FTRI05,"Access to finance",0.7422,,
2011,591,"Panama",FTRI00,"Overall index",0.6011,,
2011,591,"Panama",FTRI01,"ICT",0.5686,,
2011,591,"Panama",FTRI02,"Skills",0.4514,,
2011,591,"Panama",FTRI03,"Research and Development",0.1795,,
2011,591,"Panama",FTRI04,"Industry activity",0.7725,,
2011,591,"Panama",FTRI05,"Access to finance",0.8961,,
2011,598,"Papua New Guinea",FTRI00,"Overall index",0.2914,,
2011,598,"Papua New Guinea",FTRI01,"ICT",0.1358,,
2011,598,"Papua New Guinea",FTRI02,"Skills",0.1544,,
2011,598,"Papua New Guinea",FTRI03,"Research and Development",0.0712,,
2011,598,"Papua New Guinea",FTRI04,"Industry activity",0.5851,,
2011,598,"Papua New Guinea",FTRI05,"Access to finance",0.7635,,
2011,600,"Paraguay",FTRI00,"Overall index",0.423,,
2011,600,"Paraguay",FTRI01,"ICT",0.4726,,
2011,600,"Paraguay",FTRI02,"Skills",0.3832,,
2011,600,"Paraguay",FTRI03,"Research and Development",0.0712,,
2011,600,"Paraguay",FTRI04,"Industry activity",0.4701,,
2011,600,"Paraguay",FTRI05,"Access to finance",0.7948,,
2011,604,"Peru",FTRI00,"Overall index",0.4812,,
2011,604,"Peru",FTRI01,"ICT",0.4889,,
2011,604,"Peru",FTRI02,"Skills",0.3968,,
2011,604,"Peru",FTRI03,"Research and Development",0.2187,,
2011,604,"Peru",FTRI04,"Industry activity",0.4856,,
2011,604,"Peru",FTRI05,"Access to finance",0.8054,,
2011,608,"Philippines",FTRI00,"Overall index",0.6147,,
2011,608,"Philippines",FTRI01,"ICT",0.5299,,
2011,608,"Philippines",FTRI02,"Skills",0.3957,,
2011,608,"Philippines",FTRI03,"Research and Development",0.3179,,
2011,608,"Philippines",FTRI04,"Industry activity",0.8728,,
2011,608,"Philippines",FTRI05,"Access to finance",0.7998,,
2011,616,"Poland",FTRI00,"Overall index",0.7313,,
2011,616,"Poland",FTRI01,"ICT",0.4789,,
2011,616,"Poland",FTRI02,"Skills",0.6582,,
2011,616,"Poland",FTRI03,"Research and Development",0.5916,,
2011,616,"Poland",FTRI04,"Industry activity",0.7559,,
2011,616,"Poland",FTRI05,"Access to finance",0.851,,
2011,620,"Portugal",FTRI00,"Overall index",0.802,,
2011,620,"Portugal",FTRI01,"ICT",0.8256,,
2011,620,"Portugal",FTRI02,"Skills",0.6272,,
2011,620,"Portugal",FTRI03,"Research and Development",0.5699,,
2011,620,"Portugal",FTRI04,"Industry activity",0.672,,
2011,620,"Portugal",FTRI05,"Access to finance",0.9576,,
2011,634,"Qatar",FTRI00,"Overall index",0.4599,,
2011,634,"Qatar",FTRI01,"ICT",0.6165,,
2011,634,"Qatar",FTRI02,"Skills",0.3958,,
2011,634,"Qatar",FTRI03,"Research and Development",0.1672,,
2011,634,"Qatar",FTRI04,"Industry activity",0.306,,
2011,634,"Qatar",FTRI05,"Access to finance",0.8254,,
2011,410,"Republic of Korea",FTRI00,"Overall index",0.9592,,
2011,410,"Republic of Korea",FTRI01,"ICT",1,,
2011,410,"Republic of Korea",FTRI02,"Skills",0.7229,,
2011,410,"Republic of Korea",FTRI03,"Research and Development",0.8267,,
2011,410,"Republic of Korea",FTRI04,"Industry activity",0.7912,,
2011,410,"Republic of Korea",FTRI05,"Access to finance",0.9417,,
2011,498,"Republic of Moldova",FTRI00,"Overall index",0.5877,,
2011,498,"Republic of Moldova",FTRI01,"ICT",0.7067,,
2011,498,"Republic of Moldova",FTRI02,"Skills",0.3691,,
2011,498,"Republic of Moldova",FTRI03,"Research and Development",0.321,,
2011,498,"Republic of Moldova",FTRI04,"Industry activity",0.6532,,
2011,498,"Republic of Moldova",FTRI05,"Access to finance",0.798,,
2011,642,"Romania",FTRI00,"Overall index",0.7957,,
2011,642,"Romania",FTRI01,"ICT",0.9262,,
2011,642,"Romania",FTRI02,"Skills",0.5706,,
2011,642,"Romania",FTRI03,"Research and Development",0.5592,,
2011,642,"Romania",FTRI04,"Industry activity",0.7772,,
2011,642,"Romania",FTRI05,"Access to finance",0.8196,,
2011,643,"Russian Federation",FTRI00,"Overall index",0.7593,,
2011,643,"Russian Federation",FTRI01,"ICT",0.6637,,
2011,643,"Russian Federation",FTRI02,"Skills",0.6646,,
2011,643,"Russian Federation",FTRI03,"Research and Development",0.6715,,
2011,643,"Russian Federation",FTRI04,"Industry activity",0.6224,,
2011,643,"Russian Federation",FTRI05,"Access to finance",0.83,,
2011,646,"Rwanda",FTRI00,"Overall index",0.2989,,
2011,646,"Rwanda",FTRI01,"ICT",0.261,,
2011,646,"Rwanda",FTRI02,"Skills",0.2066,,
2011,646,"Rwanda",FTRI03,"Research and Development",0.092,,
2011,646,"Rwanda",FTRI04,"Industry activity",0.4653,,
2011,646,"Rwanda",FTRI05,"Access to finance",0.7195,,
2011,662,"Saint Lucia",FTRI00,"Overall index",0.5078,,
2011,662,"Saint Lucia",FTRI01,"ICT",0.5458,,
2011,662,"Saint Lucia",FTRI02,"Skills",0.4488,,
2011,662,"Saint Lucia",FTRI03,"Research and Development",0,,
2011,662,"Saint Lucia",FTRI04,"Industry activity",0.6087,,
2011,662,"Saint Lucia",FTRI05,"Access to finance",0.9023,,
2011,670,"Saint Vincent and the Grenadines",FTRI00,"Overall index",0.5115,,
2011,670,"Saint Vincent and the Grenadines",FTRI01,"ICT",0.5534,,
2011,670,"Saint Vincent and the Grenadines",FTRI02,"Skills",0.5156,,
2011,670,"Saint Vincent and the Grenadines",FTRI03,"Research and Development",0,,
2011,670,"Saint Vincent and the Grenadines",FTRI04,"Industry activity",0.5872,,
2011,670,"Saint Vincent and the Grenadines",FTRI05,"Access to finance",0.8479,,
2011,882,"Samoa",FTRI00,"Overall index",0.3302,,
2011,882,"Samoa",FTRI01,"ICT",0.1877,,
2011,882,"Samoa",FTRI02,"Skills",0.4836,,
2011,882,"Samoa",FTRI03,"Research and Development",0.0734,,
2011,882,"Samoa",FTRI04,"Industry activity",0.4262,,
2011,882,"Samoa",FTRI05,"Access to finance",0.7878,,
2011,678,"Sao Tome and Principe",FTRI00,"Overall index",0.3545,,
2011,678,"Sao Tome and Principe",FTRI01,"ICT",0.3682,,
2011,678,"Sao Tome and Principe",FTRI02,"Skills",0.2646,,
2011,678,"Sao Tome and Principe",FTRI03,"Research and Development",0,,
2011,678,"Sao Tome and Principe",FTRI04,"Industry activity",0.4562,,
2011,678,"Sao Tome and Principe",FTRI05,"Access to finance",0.8254,,
2011,682,"Saudi Arabia",FTRI00,"Overall index",0.5731,,
2011,682,"Saudi Arabia",FTRI01,"ICT",0.4538,,
2011,682,"Saudi Arabia",FTRI02,"Skills",0.5675,,
2011,682,"Saudi Arabia",FTRI03,"Research and Development",0.4403,,
2011,682,"Saudi Arabia",FTRI04,"Industry activity",0.4746,,
2011,682,"Saudi Arabia",FTRI05,"Access to finance",0.8098,,
2011,686,"Senegal",FTRI00,"Overall index",0.3695,,
2011,686,"Senegal",FTRI01,"ICT",0.4215,,
2011,686,"Senegal",FTRI02,"Skills",0.1077,,
2011,686,"Senegal",FTRI03,"Research and Development",0.1231,,
2011,686,"Senegal",FTRI04,"Industry activity",0.5811,,
2011,686,"Senegal",FTRI05,"Access to finance",0.7762,,
2011,688,"Serbia",FTRI00,"Overall index",0.6612,,
2011,688,"Serbia",FTRI01,"ICT",0.6076,,
2011,688,"Serbia",FTRI02,"Skills",0.543,,
2011,688,"Serbia",FTRI03,"Research and Development",0.3768,,
2011,688,"Serbia",FTRI04,"Industry activity",0.7158,,
2011,688,"Serbia",FTRI05,"Access to finance",0.8371,,
2011,694,"Sierra Leone",FTRI00,"Overall index",0.0513,,
2011,694,"Sierra Leone",FTRI01,"ICT",0.0937,,
2011,694,"Sierra Leone",FTRI02,"Skills",0.116,,
2011,694,"Sierra Leone",FTRI03,"Research and Development",0,,
2011,694,"Sierra Leone",FTRI04,"Industry activity",0.618,,
2011,694,"Sierra Leone",FTRI05,"Access to finance",0,,
2011,702,"Singapore",FTRI00,"Overall index",0.8885,,
2011,702,"Singapore",FTRI01,"ICT",0.7216,,
2011,702,"Singapore",FTRI02,"Skills",0.8509,,
2011,702,"Singapore",FTRI03,"Research and Development",0.5736,,
2011,702,"Singapore",FTRI04,"Industry activity",0.8658,,
2011,702,"Singapore",FTRI05,"Access to finance",0.9189,,
2011,703,"Slovakia",FTRI00,"Overall index",0.7301,,
2011,703,"Slovakia",FTRI01,"ICT",0.6909,,
2011,703,"Slovakia",FTRI02,"Skills",0.6364,,
2011,703,"Slovakia",FTRI03,"Research and Development",0.4227,,
2011,703,"Slovakia",FTRI04,"Industry activity",0.7679,,
2011,703,"Slovakia",FTRI05,"Access to finance",0.8393,,
2011,705,"Slovenia",FTRI00,"Overall index",0.7635,,
2011,705,"Slovenia",FTRI01,"ICT",0.6141,,
2011,705,"Slovenia",FTRI02,"Skills",0.7752,,
2011,705,"Slovenia",FTRI03,"Research and Development",0.3974,,
2011,705,"Slovenia",FTRI04,"Industry activity",0.7685,,
2011,705,"Slovenia",FTRI05,"Access to finance",0.8951,,
2011,090,"Solomon Islands",FTRI00,"Overall index",0.3031,,
2011,090,"Solomon Islands",FTRI01,"ICT",0.2471,,
2011,090,"Solomon Islands",FTRI02,"Skills",0.2921,,
2011,090,"Solomon Islands",FTRI03,"Research and Development",0,,
2011,090,"Solomon Islands",FTRI04,"Industry activity",0.4236,,
2011,090,"Solomon Islands",FTRI05,"Access to finance",0.7533,,
2011,710,"South Africa",FTRI00,"Overall index",0.6469,,
2011,710,"South Africa",FTRI01,"ICT",0.4556,,
2011,710,"South Africa",FTRI02,"Skills",0.4916,,
2011,710,"South Africa",FTRI03,"Research and Development",0.5057,,
2011,710,"South Africa",FTRI04,"Industry activity",0.6458,,
2011,710,"South Africa",FTRI05,"Access to finance",0.9312,,
2011,728,"South Sudan",FTRI00,"Overall index",,,"Not applicable"
2011,728,"South Sudan",FTRI01,"ICT",,,"Not applicable"
2011,728,"South Sudan",FTRI02,"Skills",,,"Not applicable"
2011,728,"South Sudan",FTRI03,"Research and Development",,,"Not applicable"
2011,728,"South Sudan",FTRI04,"Industry activity",,,"Not applicable"
2011,728,"South Sudan",FTRI05,"Access to finance",,,"Not applicable"
2011,724,"Spain",FTRI00,"Overall index",0.8253,,
2011,724,"Spain",FTRI01,"ICT",0.6137,,
2011,724,"Spain",FTRI02,"Skills",0.6616,,
2011,724,"Spain",FTRI03,"Research and Development",0.735,,
2011,724,"Spain",FTRI04,"Industry activity",0.7404,,
2011,724,"Spain",FTRI05,"Access to finance",0.9644,,
2011,144,"Sri Lanka",FTRI00,"Overall index",0.4568,,
2011,144,"Sri Lanka",FTRI01,"ICT",0.3289,,
2011,144,"Sri Lanka",FTRI02,"Skills",0.4024,,
2011,144,"Sri Lanka",FTRI03,"Research and Development",0.1893,,
2011,144,"Sri Lanka",FTRI04,"Industry activity",0.588,,
2011,144,"Sri Lanka",FTRI05,"Access to finance",0.8096,,
2011,729,"Sudan",FTRI00,"Overall index",,,"Not applicable"
2011,729,"Sudan",FTRI01,"ICT",,,"Not applicable"
2011,729,"Sudan",FTRI02,"Skills",,,"Not applicable"
2011,729,"Sudan",FTRI03,"Research and Development",,,"Not applicable"
2011,729,"Sudan",FTRI04,"Industry activity",,,"Not applicable"
2011,729,"Sudan",FTRI05,"Access to finance",,,"Not applicable"
2011,736,"Sudan (...2011)",FTRI00,"Overall index",0.2717,,
2011,736,"Sudan (...2011)",FTRI01,"ICT",0.2837,,
2011,736,"Sudan (...2011)",FTRI02,"Skills",0.1496,,
2011,736,"Sudan (...2011)",FTRI03,"Research and Development",0.1355,,
2011,736,"Sudan (...2011)",FTRI04,"Industry activity",0.3922,,
2011,736,"Sudan (...2011)",FTRI05,"Access to finance",0.6851,,
2011,740,"Suriname",FTRI00,"Overall index",0.4308,,
2011,740,"Suriname",FTRI01,"ICT",0.4771,,
2011,740,"Suriname",FTRI02,"Skills",0.4032,,
2011,740,"Suriname",FTRI03,"Research and Development",0,,
2011,740,"Suriname",FTRI04,"Industry activity",0.5218,,
2011,740,"Suriname",FTRI05,"Access to finance",0.7753,,
2011,752,"Sweden",FTRI00,"Overall index",0.9356,,
2011,752,"Sweden",FTRI01,"ICT",0.8604,,
2011,752,"Sweden",FTRI02,"Skills",0.774,,
2011,752,"Sweden",FTRI03,"Research and Development",0.655,,
2011,752,"Sweden",FTRI04,"Industry activity",0.8834,,
2011,752,"Sweden",FTRI05,"Access to finance",0.9352,,
2011,756,"Switzerland",FTRI00,"Overall index",0.9185,,
2011,756,"Switzerland",FTRI01,"ICT",0.7021,,
2011,756,"Switzerland",FTRI02,"Skills",0.7287,,
2011,756,"Switzerland",FTRI03,"Research and Development",0.7014,,
2011,756,"Switzerland",FTRI04,"Industry activity",0.9396,,
2011,756,"Switzerland",FTRI05,"Access to finance",0.9576,,
2011,762,"Tajikistan",FTRI00,"Overall index",0.3567,,
2011,762,"Tajikistan",FTRI01,"ICT",0.3231,,
2011,762,"Tajikistan",FTRI02,"Skills",0.329,,
2011,762,"Tajikistan",FTRI03,"Research and Development",0,,
2011,762,"Tajikistan",FTRI04,"Industry activity",0.5529,,
2011,762,"Tajikistan",FTRI05,"Access to finance",0.7378,,
2011,764,"Thailand",FTRI00,"Overall index",0.67,,
2011,764,"Thailand",FTRI01,"ICT",0.6907,,
2011,764,"Thailand",FTRI02,"Skills",0.3862,,
2011,764,"Thailand",FTRI03,"Research and Development",0.4003,,
2011,764,"Thailand",FTRI04,"Industry activity",0.7644,,
2011,764,"Thailand",FTRI05,"Access to finance",0.9403,,
2011,626,"Timor-Leste",FTRI00,"Overall index",0.3124,,
2011,626,"Timor-Leste",FTRI01,"ICT",0.2065,,
2011,626,"Timor-Leste",FTRI02,"Skills",0.4273,,
2011,626,"Timor-Leste",FTRI03,"Research and Development",0,,
2011,626,"Timor-Leste",FTRI04,"Industry activity",0.4008,,
2011,626,"Timor-Leste",FTRI05,"Access to finance",0.7155,,
2011,768,"Togo",FTRI00,"Overall index",0.3047,,
2011,768,"Togo",FTRI01,"ICT",0.1932,,
2011,768,"Togo",FTRI02,"Skills",0.2528,,
2011,768,"Togo",FTRI03,"Research and Development",0.0356,,
2011,768,"Togo",FTRI04,"Industry activity",0.5005,,
2011,768,"Togo",FTRI05,"Access to finance",0.7595,,
2011,780,"Trinidad and Tobago",FTRI00,"Overall index",0.4605,,
2011,780,"Trinidad and Tobago",FTRI01,"ICT",0.4688,,
2011,780,"Trinidad and Tobago",FTRI02,"Skills",0.4613,,
2011,780,"Trinidad and Tobago",FTRI03,"Research and Development",0.1317,,
2011,780,"Trinidad and Tobago",FTRI04,"Industry activity",0.4406,,
2011,780,"Trinidad and Tobago",FTRI05,"Access to finance",0.792,,
2011,788,"Tunisia",FTRI00,"Overall index",0.6304,,
2011,788,"Tunisia",FTRI01,"ICT",0.5598,,
2011,788,"Tunisia",FTRI02,"Skills",0.4832,,
2011,788,"Tunisia",FTRI03,"Research and Development",0.3812,,
2011,788,"Tunisia",FTRI04,"Industry activity",0.7088,,
2011,788,"Tunisia",FTRI05,"Access to finance",0.8618,,
2011,792,"Turkiye",FTRI00,"Overall index",0.6326,,
2011,792,"Turkiye",FTRI01,"ICT",0.5694,,
2011,792,"Turkiye",FTRI02,"Skills",0.4582,,
2011,792,"Turkiye",FTRI03,"Research and Development",0.5405,,
2011,792,"Turkiye",FTRI04,"Industry activity",0.6035,,
2011,792,"Turkiye",FTRI05,"Access to finance",0.8457,,
2011,800,"Uganda",FTRI00,"Overall index",0.3363,,
2011,800,"Uganda",FTRI01,"ICT",0.2205,,
2011,800,"Uganda",FTRI02,"Skills",0.2096,,
2011,800,"Uganda",FTRI03,"Research and Development",0.1423,,
2011,800,"Uganda",FTRI04,"Industry activity",0.6212,,
2011,800,"Uganda",FTRI05,"Access to finance",0.707,,
2011,804,"Ukraine",FTRI00,"Overall index",0.6975,,
2011,804,"Ukraine",FTRI01,"ICT",0.5934,,
2011,804,"Ukraine",FTRI02,"Skills",0.6404,,
2011,804,"Ukraine",FTRI03,"Research and Development",0.4803,,
2011,804,"Ukraine",FTRI04,"Industry activity",0.6426,,
2011,804,"Ukraine",FTRI05,"Access to finance",0.8779,,
2011,784,"United Arab Emirates",FTRI00,"Overall index",0.6316,,
2011,784,"United Arab Emirates",FTRI01,"ICT",0.5034,,
2011,784,"United Arab Emirates",FTRI02,"Skills",0.4901,,
2011,784,"United Arab Emirates",FTRI03,"Research and Development",0.3143,,
2011,784,"United Arab Emirates",FTRI04,"Industry activity",0.7276,,
2011,784,"United Arab Emirates",FTRI05,"Access to finance",0.8943,,
2011,826,"United Kingdom",FTRI00,"Overall index",1,,
2011,826,"United Kingdom",FTRI01,"ICT",0.9166,,
2011,826,"United Kingdom",FTRI02,"Skills",0.7903,,
2011,826,"United Kingdom",FTRI03,"Research and Development",0.7795,,
2011,826,"United Kingdom",FTRI04,"Industry activity",0.9001,,
2011,826,"United Kingdom",FTRI05,"Access to finance",0.9659,,
2011,834,"United Republic of Tanzania",FTRI00,"Overall index",0.2843,,
2011,834,"United Republic of Tanzania",FTRI01,"ICT",0.1842,,
2011,834,"United Republic of Tanzania",FTRI02,"Skills",0.1362,,
2011,834,"United Republic of Tanzania",FTRI03,"Research and Development",0.1538,,
2011,834,"United Republic of Tanzania",FTRI04,"Industry activity",0.5179,,
2011,834,"United Republic of Tanzania",FTRI05,"Access to finance",0.7126,,
2011,840,"United States",FTRI00,"Overall index",0.9609,,
2011,840,"United States",FTRI01,"ICT",0.5932,,
2011,840,"United States",FTRI02,"Skills",0.7861,,
2011,840,"United States",FTRI03,"Research and Development",1,,
2011,840,"United States",FTRI04,"Industry activity",0.8536,,
2011,840,"United States",FTRI05,"Access to finance",0.9682,,
2011,858,"Uruguay",FTRI00,"Overall index",0.5484,,
2011,858,"Uruguay",FTRI01,"ICT",0.497,,
2011,858,"Uruguay",FTRI02,"Skills",0.5183,,
2011,858,"Uruguay",FTRI03,"Research and Development",0.2764,,
2011,858,"Uruguay",FTRI04,"Industry activity",0.5858,,
2011,858,"Uruguay",FTRI05,"Access to finance",0.7682,,
2011,860,"Uzbekistan",FTRI00,"Overall index",0.4118,,
2011,860,"Uzbekistan",FTRI01,"ICT",0.3587,,
2011,860,"Uzbekistan",FTRI02,"Skills",0.386,,
2011,860,"Uzbekistan",FTRI03,"Research and Development",0.0826,,
2011,860,"Uzbekistan",FTRI04,"Industry activity",0.6388,,
2011,860,"Uzbekistan",FTRI05,"Access to finance",0.6855,,
2011,548,"Vanuatu",FTRI00,"Overall index",0.2978,,
2011,548,"Vanuatu",FTRI01,"ICT",0.2898,,
2011,548,"Vanuatu",FTRI02,"Skills",0.2198,,
2011,548,"Vanuatu",FTRI03,"Research and Development",0.0356,,
2011,548,"Vanuatu",FTRI04,"Industry activity",0.2745,,
2011,548,"Vanuatu",FTRI05,"Access to finance",0.8791,,
2011,862,"Venezuela (Bolivarian Rep. of)",FTRI00,"Overall index",0.4707,,
2011,862,"Venezuela (Bolivarian Rep. of)",FTRI01,"ICT",0.5003,,
2011,862,"Venezuela (Bolivarian Rep. of)",FTRI02,"Skills",0.4826,,
2011,862,"Venezuela (Bolivarian Rep. of)",FTRI03,"Research and Development",0.2008,,
2011,862,"Venezuela (Bolivarian Rep. of)",FTRI04,"Industry activity",0.4136,,
2011,862,"Venezuela (Bolivarian Rep. of)",FTRI05,"Access to finance",0.7614,,
2011,704,"Viet Nam",FTRI00,"Overall index",0.5738,,
2011,704,"Viet Nam",FTRI01,"ICT",0.6511,,
2011,704,"Viet Nam",FTRI02,"Skills",0.3173,,
2011,704,"Viet Nam",FTRI03,"Research and Development",0.2641,,
2011,704,"Viet Nam",FTRI04,"Industry activity",0.6936,,
2011,704,"Viet Nam",FTRI05,"Access to finance",0.8929,,
2011,887,"Yemen",FTRI00,"Overall index",0.28,,
2011,887,"Yemen",FTRI01,"ICT",0.338,,
2011,887,"Yemen",FTRI02,"Skills",0.2035,,
2011,887,"Yemen",FTRI03,"Research and Development",0.0826,,
2011,887,"Yemen",FTRI04,"Industry activity",0.407,,
2011,887,"Yemen",FTRI05,"Access to finance",0.6266,,
2011,894,"Zambia",FTRI00,"Overall index",0.3109,,
2011,894,"Zambia",FTRI01,"ICT",0.2559,,
2011,894,"Zambia",FTRI02,"Skills",0.2394,,
2011,894,"Zambia",FTRI03,"Research and Development",0.0999,,
2011,894,"Zambia",FTRI04,"Industry activity",0.483,,
2011,894,"Zambia",FTRI05,"Access to finance",0.7225,,
2011,716,"Zimbabwe",FTRI00,"Overall index",0.334,,
2011,716,"Zimbabwe",FTRI01,"ICT",0.2807,,
2011,716,"Zimbabwe",FTRI02,"Skills",0.2226,,
2011,716,"Zimbabwe",FTRI03,"Research and Development",0.1275,,
2011,716,"Zimbabwe",FTRI04,"Industry activity",0.4741,,
2011,716,"Zimbabwe",FTRI05,"Access to finance",0.7541,,
2012,004,"Afghanistan",FTRI00,"Overall index",0.2546,,
2012,004,"Afghanistan",FTRI01,"ICT",0.1771,,
2012,004,"Afghanistan",FTRI02,"Skills",0.1665,,
2012,004,"Afghanistan",FTRI03,"Research and Development",0.0354,,
2012,004,"Afghanistan",FTRI04,"Industry activity",0.5734,,
2012,004,"Afghanistan",FTRI05,"Access to finance",0.6248,,
2012,008,"Albania",FTRI00,"Overall index",0.5136,,
2012,008,"Albania",FTRI01,"ICT",0.6045,,
2012,008,"Albania",FTRI02,"Skills",0.4516,,
2012,008,"Albania",FTRI03,"Research and Development",0.1062,,
2012,008,"Albania",FTRI04,"Industry activity",0.5739,,
2012,008,"Albania",FTRI05,"Access to finance",0.827,,
2012,012,"Algeria",FTRI00,"Overall index",0.3851,,
2012,012,"Algeria",FTRI01,"ICT",0.3102,,
2012,012,"Algeria",FTRI02,"Skills",0.4756,,
2012,012,"Algeria",FTRI03,"Research and Development",0.2621,,
2012,012,"Algeria",FTRI04,"Industry activity",0.2368,,
2012,012,"Algeria",FTRI05,"Access to finance",0.7237,,
2012,024,"Angola",FTRI00,"Overall index",0.2577,,
2012,024,"Angola",FTRI01,"ICT",0.2167,,
2012,024,"Angola",FTRI02,"Skills",0.2111,,
2012,024,"Angola",FTRI03,"Research and Development",0.0561,,
2012,024,"Angola",FTRI04,"Industry activity",0.3457,,
2012,024,"Angola",FTRI05,"Access to finance",0.7818,,
2012,032,"Argentina",FTRI00,"Overall index",0.6628,,
2012,032,"Argentina",FTRI01,"ICT",0.5551,,
2012,032,"Argentina",FTRI02,"Skills",0.643,,
2012,032,"Argentina",FTRI03,"Research and Development",0.4206,,
2012,032,"Argentina",FTRI04,"Industry activity",0.6946,,
2012,032,"Argentina",FTRI05,"Access to finance",0.7358,,
2012,051,"Armenia",FTRI00,"Overall index",0.4455,,
2012,051,"Armenia",FTRI01,"ICT",0.3867,,
2012,051,"Armenia",FTRI02,"Skills",0.3726,,
2012,051,"Armenia",FTRI03,"Research and Development",0.0994,,
2012,051,"Armenia",FTRI04,"Industry activity",0.6265,,
2012,051,"Armenia",FTRI05,"Access to finance",0.8294,,
2012,036,"Australia",FTRI00,"Overall index",0.941,,
2012,036,"Australia",FTRI01,"ICT",0.7807,,
2012,036,"Australia",FTRI02,"Skills",1,,
2012,036,"Australia",FTRI03,"Research and Development",0.6954,,
2012,036,"Australia",FTRI04,"Industry activity",0.6684,,
2012,036,"Australia",FTRI05,"Access to finance",0.9327,,
2012,040,"Austria",FTRI00,"Overall index",0.8773,,
2012,040,"Austria",FTRI01,"ICT",0.7821,,
2012,040,"Austria",FTRI02,"Skills",0.6994,,
2012,040,"Austria",FTRI03,"Research and Development",0.6614,,
2012,040,"Austria",FTRI04,"Industry activity",0.8139,,
2012,040,"Austria",FTRI05,"Access to finance",0.9092,,
2012,031,"Azerbaijan",FTRI00,"Overall index",0.4835,,
2012,031,"Azerbaijan",FTRI01,"ICT",0.552,,
2012,031,"Azerbaijan",FTRI02,"Skills",0.4448,,
2012,031,"Azerbaijan",FTRI03,"Research and Development",0.1062,,
2012,031,"Azerbaijan",FTRI04,"Industry activity",0.5216,,
2012,031,"Azerbaijan",FTRI05,"Access to finance",0.8109,,
2012,044,"Bahamas",FTRI00,"Overall index",0.4629,,
2012,044,"Bahamas",FTRI01,"ICT",0.5825,,
2012,044,"Bahamas",FTRI02,"Skills",0.5127,,
2012,044,"Bahamas",FTRI03,"Research and Development",0,,
2012,044,"Bahamas",FTRI04,"Industry activity",0.3788,,
2012,044,"Bahamas",FTRI05,"Access to finance",0.8737,,
2012,048,"Bahrain",FTRI00,"Overall index",0.6383,,
2012,048,"Bahrain",FTRI01,"ICT",0.6047,,
2012,048,"Bahrain",FTRI02,"Skills",0.4641,,
2012,048,"Bahrain",FTRI03,"Research and Development",0.131,,
2012,048,"Bahrain",FTRI04,"Industry activity",0.8346,,
2012,048,"Bahrain",FTRI05,"Access to finance",0.8803,,
2012,050,"Bangladesh",FTRI00,"Overall index",0.3571,,
2012,050,"Bangladesh",FTRI01,"ICT",0.1676,,
2012,050,"Bangladesh",FTRI02,"Skills",0.1634,,
2012,050,"Bangladesh",FTRI03,"Research and Development",0.2627,,
2012,050,"Bangladesh",FTRI04,"Industry activity",0.5465,,
2012,050,"Bangladesh",FTRI05,"Access to finance",0.836,,
2012,052,"Barbados",FTRI00,"Overall index",0.6574,,
2012,052,"Barbados",FTRI01,"ICT",0.6442,,
2012,052,"Barbados",FTRI02,"Skills",0.6323,,
2012,052,"Barbados",FTRI03,"Research and Development",0.2257,,
2012,052,"Barbados",FTRI04,"Industry activity",0.6794,,
2012,052,"Barbados",FTRI05,"Access to finance",0.9,,
2012,112,"Belarus",FTRI00,"Overall index",0.6244,,
2012,112,"Belarus",FTRI01,"ICT",0.5362,,
2012,112,"Belarus",FTRI02,"Skills",0.6878,,
2012,112,"Belarus",FTRI03,"Research and Development",0.2775,,
2012,112,"Belarus",FTRI04,"Industry activity",0.6626,,
2012,112,"Belarus",FTRI05,"Access to finance",0.7725,,
2012,056,"Belgium",FTRI00,"Overall index",0.9349,,
2012,056,"Belgium",FTRI01,"ICT",0.9024,,
2012,056,"Belgium",FTRI02,"Skills",0.8608,,
2012,056,"Belgium",FTRI03,"Research and Development",0.6368,,
2012,056,"Belgium",FTRI04,"Industry activity",0.7822,,
2012,056,"Belgium",FTRI05,"Access to finance",0.8585,,
2012,084,"Belize",FTRI00,"Overall index",0.4076,,
2012,084,"Belize",FTRI01,"ICT",0.3696,,
2012,084,"Belize",FTRI02,"Skills",0.3799,,
2012,084,"Belize",FTRI03,"Research and Development",0.0561,,
2012,084,"Belize",FTRI04,"Industry activity",0.5024,,
2012,084,"Belize",FTRI05,"Access to finance",0.8441,,
2012,204,"Benin",FTRI00,"Overall index",0.3073,,
2012,204,"Benin",FTRI01,"ICT",0.2209,,
2012,204,"Benin",FTRI02,"Skills",0.2236,,
2012,204,"Benin",FTRI03,"Research and Development",0.0994,,
2012,204,"Benin",FTRI04,"Industry activity",0.4997,,
2012,204,"Benin",FTRI05,"Access to finance",0.7417,,
2012,060,"Bermuda",FTRI00,"Overall index",0.4503,,
2012,060,"Bermuda",FTRI01,"ICT",0.4429,,
2012,060,"Bermuda",FTRI02,"Skills",0.4329,,
2012,060,"Bermuda",FTRI03,"Research and Development",0.0822,,
2012,060,"Bermuda",FTRI04,"Industry activity",0.5104,,
2012,060,"Bermuda",FTRI05,"Access to finance",0.8268,,
2012,064,"Bhutan",FTRI00,"Overall index",0.3333,,
2012,064,"Bhutan",FTRI01,"ICT",0.3557,,
2012,064,"Bhutan",FTRI02,"Skills",0.3366,,
2012,064,"Bhutan",FTRI03,"Research and Development",0.0354,,
2012,064,"Bhutan",FTRI04,"Industry activity",0.3174,,
2012,064,"Bhutan",FTRI05,"Access to finance",0.836,,
2012,068,"Bolivia (Plurinational State of)",FTRI00,"Overall index",0.4503,,
2012,068,"Bolivia (Plurinational State of)",FTRI01,"ICT",0.4429,,
2012,068,"Bolivia (Plurinational State of)",FTRI02,"Skills",0.4329,,
2012,068,"Bolivia (Plurinational State of)",FTRI03,"Research and Development",0.0822,,
2012,068,"Bolivia (Plurinational State of)",FTRI04,"Industry activity",0.5104,,
2012,068,"Bolivia (Plurinational State of)",FTRI05,"Access to finance",0.8268,,
2012,070,"Bosnia and Herzegovina",FTRI00,"Overall index",0.5326,,
2012,070,"Bosnia and Herzegovina",FTRI01,"ICT",0.5945,,
2012,070,"Bosnia and Herzegovina",FTRI02,"Skills",0.4585,,
2012,070,"Bosnia and Herzegovina",FTRI03,"Research and Development",0.1225,,
2012,070,"Bosnia and Herzegovina",FTRI04,"Industry activity",0.5944,,
2012,070,"Bosnia and Herzegovina",FTRI05,"Access to finance",0.8697,,
2012,072,"Botswana",FTRI00,"Overall index",0.4217,,
2012,072,"Botswana",FTRI01,"ICT",0.3588,,
2012,072,"Botswana",FTRI02,"Skills",0.3541,,
2012,072,"Botswana",FTRI03,"Research and Development",0.1477,,
2012,072,"Botswana",FTRI04,"Industry activity",0.549,,
2012,072,"Botswana",FTRI05,"Access to finance",0.8111,,
2012,074,"Bouvet Island",FTRI00,"Overall index",0.8706,,
2012,074,"Bouvet Island",FTRI01,"ICT",0.6502,,
2012,074,"Bouvet Island",FTRI02,"Skills",0.4303,,
2012,074,"Bouvet Island",FTRI03,"Research and Development",1,,
2012,074,"Bouvet Island",FTRI04,"Industry activity",0.8678,,
2012,074,"Bouvet Island",FTRI05,"Access to finance",0.9385,,
2012,076,"Brazil",FTRI00,"Overall index",0.7255,,
2012,076,"Brazil",FTRI01,"ICT",0.54,,
2012,076,"Brazil",FTRI02,"Skills",0.4826,,
2012,076,"Brazil",FTRI03,"Research and Development",0.6604,,
2012,076,"Brazil",FTRI04,"Industry activity",0.747,,
2012,076,"Brazil",FTRI05,"Access to finance",0.8709,,
2012,080,"British Antarctic Territory",FTRI00,"Overall index",0.2949,,
2012,080,"British Antarctic Territory",FTRI01,"ICT",0.1558,,
2012,080,"British Antarctic Territory",FTRI02,"Skills",0.131,,
2012,080,"British Antarctic Territory",FTRI03,"Research and Development",0.1416,,
2012,080,"British Antarctic Territory",FTRI04,"Industry activity",0.5764,,
2012,080,"British Antarctic Territory",FTRI05,"Access to finance",0.7292,,
2012,086,"British Indian Ocean Territory",FTRI00,"Overall index",0.3217,,
2012,086,"British Indian Ocean Territory",FTRI01,"ICT",0.2398,,
2012,086,"British Indian Ocean Territory",FTRI02,"Skills",0.2515,,
2012,086,"British Indian Ocean Territory",FTRI03,"Research and Development",0,,
2012,086,"British Indian Ocean Territory",FTRI04,"Industry activity",0.5819,,
2012,086,"British Indian Ocean Territory",FTRI05,"Access to finance",0.799,,
2012,092,"British Virgin Islands",FTRI00,"Overall index",0.7806,,
2012,092,"British Virgin Islands",FTRI01,"ICT",0.7374,,
2012,092,"British Virgin Islands",FTRI02,"Skills",0.752,,
2012,092,"British Virgin Islands",FTRI03,"Research and Development",0.3623,,
2012,092,"British Virgin Islands",FTRI04,"Industry activity",0.7858,,
2012,092,"British Virgin Islands",FTRI05,"Access to finance",0.8853,,
2012,096,"Brunei Darussalam",FTRI00,"Overall index",0.5398,,
2012,096,"Brunei Darussalam",FTRI01,"ICT",0.5635,,
2012,096,"Brunei Darussalam",FTRI02,"Skills",0.6139,,
2012,096,"Brunei Darussalam",FTRI03,"Research and Development",0.131,,
2012,096,"Brunei Darussalam",FTRI04,"Industry activity",0.5423,,
2012,096,"Brunei Darussalam",FTRI05,"Access to finance",0.796,,
2012,100,"Bulgaria",FTRI00,"Overall index",0.7297,,
2012,100,"Bulgaria",FTRI01,"ICT",0.7918,,
2012,100,"Bulgaria",FTRI02,"Skills",0.5704,,
2012,100,"Bulgaria",FTRI03,"Research and Development",0.394,,
2012,100,"Bulgaria",FTRI04,"Industry activity",0.7288,,
2012,100,"Bulgaria",FTRI05,"Access to finance",0.8757,,
2012,854,"Burkina Faso",FTRI00,"Overall index",0.2899,,
2012,854,"Burkina Faso",FTRI01,"ICT",0.1377,,
2012,854,"Burkina Faso",FTRI02,"Skills",0.0322,,
2012,854,"Burkina Faso",FTRI03,"Research and Development",0.1602,,
2012,854,"Burkina Faso",FTRI04,"Industry activity",0.6317,,
2012,854,"Burkina Faso",FTRI05,"Access to finance",0.7474,,
2012,108,"Burundi",FTRI00,"Overall index",0.2002,,
2012,108,"Burundi",FTRI01,"ICT",0.0177,,
2012,108,"Burundi",FTRI02,"Skills",0.1852,,
2012,108,"Burundi",FTRI03,"Research and Development",0,,
2012,108,"Burundi",FTRI04,"Industry activity",0.4457,,
2012,108,"Burundi",FTRI05,"Access to finance",0.7655,,
2012,132,"Cabo Verde",FTRI00,"Overall index",0.3961,,
2012,132,"Cabo Verde",FTRI01,"ICT",0.4431,,
2012,132,"Cabo Verde",FTRI02,"Skills",0.3515,,
2012,132,"Cabo Verde",FTRI03,"Research and Development",0,,
2012,132,"Cabo Verde",FTRI04,"Industry activity",0.4606,,
2012,132,"Cabo Verde",FTRI05,"Access to finance",0.8648,,
2012,116,"Cambodia",FTRI00,"Overall index",0.3107,,
2012,116,"Cambodia",FTRI01,"ICT",0.2289,,
2012,116,"Cambodia",FTRI02,"Skills",0.2096,,
2012,116,"Cambodia",FTRI03,"Research and Development",0.1176,,
2012,116,"Cambodia",FTRI04,"Industry activity",0.4579,,
2012,116,"Cambodia",FTRI05,"Access to finance",0.8263,,
2012,120,"Cameroon",FTRI00,"Overall index",0.3428,,
2012,120,"Cameroon",FTRI01,"ICT",0.2138,,
2012,120,"Cameroon",FTRI02,"Skills",0.2546,,
2012,120,"Cameroon",FTRI03,"Research and Development",0.1416,,
2012,120,"Cameroon",FTRI04,"Industry activity",0.5596,,
2012,120,"Cameroon",FTRI05,"Access to finance",0.7201,,
2012,124,"Canada",FTRI00,"Overall index",0.915,,
2012,124,"Canada",FTRI01,"ICT",0.7436,,
2012,124,"Canada",FTRI02,"Skills",0.7092,,
2012,124,"Canada",FTRI03,"Research and Development",0.7494,,
2012,124,"Canada",FTRI04,"Industry activity",0.8231,,
2012,124,"Canada",FTRI05,"Access to finance",0.9349,,
2012,136,"Cayman Islands",FTRI00,"Overall index",0.708,,
2012,136,"Cayman Islands",FTRI01,"ICT",0.5123,,
2012,136,"Cayman Islands",FTRI02,"Skills",0.4602,,
2012,136,"Cayman Islands",FTRI03,"Research and Development",0.5444,,
2012,136,"Cayman Islands",FTRI04,"Industry activity",0.8379,,
2012,136,"Cayman Islands",FTRI05,"Access to finance",0.9271,,
2012,140,"Central African Republic",FTRI00,"Overall index",0.228,,
2012,140,"Central African Republic",FTRI01,"ICT",0.1697,,
2012,140,"Central African Republic",FTRI02,"Skills",0.1489,,
2012,140,"Central African Republic",FTRI03,"Research and Development",0,,
2012,140,"Central African Republic",FTRI04,"Industry activity",0.4066,,
2012,140,"Central African Republic",FTRI05,"Access to finance",0.7481,,
2012,148,"Chad",FTRI00,"Overall index",0.1791,,
2012,148,"Chad",FTRI01,"ICT",0.0754,,
2012,148,"Chad",FTRI02,"Skills",0.0545,,
2012,148,"Chad",FTRI03,"Research and Development",0,,
2012,148,"Chad",FTRI04,"Industry activity",0.5271,,
2012,148,"Chad",FTRI05,"Access to finance",0.6493,,
2012,152,"Chile",FTRI00,"Overall index",0.656,,
2012,152,"Chile",FTRI01,"ICT",0.5536,,
2012,152,"Chile",FTRI02,"Skills",0.5465,,
2012,152,"Chile",FTRI03,"Research and Development",0.4895,,
2012,152,"Chile",FTRI04,"Industry activity",0.5459,,
2012,152,"Chile",FTRI05,"Access to finance",0.9187,,
2012,156,"China",FTRI00,"Overall index",0.8706,,
2012,156,"China",FTRI01,"ICT",0.6502,,
2012,156,"China",FTRI02,"Skills",0.4303,,
2012,156,"China",FTRI03,"Research and Development",1,,
2012,156,"China",FTRI04,"Industry activity",0.8678,,
2012,156,"China",FTRI05,"Access to finance",0.9385,,
2012,344,"China, Hong Kong SAR",FTRI00,"Overall index",0.9174,,
2012,344,"China, Hong Kong SAR",FTRI01,"ICT",1,,
2012,344,"China, Hong Kong SAR",FTRI02,"Skills",0.7067,,
2012,344,"China, Hong Kong SAR",FTRI03,"Research and Development",0.4924,,
2012,344,"China, Hong Kong SAR",FTRI04,"Industry activity",0.8789,,
2012,344,"China, Hong Kong SAR",FTRI05,"Access to finance",0.9788,,
2012,158,"China, Taiwan Province of",FTRI00,"Overall index",0.3521,,
2012,158,"China, Taiwan Province of",FTRI01,"ICT",0.3452,,
2012,158,"China, Taiwan Province of",FTRI02,"Skills",0.0632,,
2012,158,"China, Taiwan Province of",FTRI03,"Research and Development",0.3007,,
2012,158,"China, Taiwan Province of",FTRI04,"Industry activity",0.5534,,
2012,158,"China, Taiwan Province of",FTRI05,"Access to finance",0.739,,
2012,162,"Christmas Island",FTRI00,"Overall index",0.4634,,
2012,162,"Christmas Island",FTRI01,"ICT",0.4513,,
2012,162,"Christmas Island",FTRI02,"Skills",0.4012,,
2012,162,"Christmas Island",FTRI03,"Research and Development",0.1831,,
2012,162,"Christmas Island",FTRI04,"Industry activity",0.501,,
2012,162,"Christmas Island",FTRI05,"Access to finance",0.8142,,
2012,166,"Cocos (Keeling) Islands",FTRI00,"Overall index",0.4693,,
2012,166,"Cocos (Keeling) Islands",FTRI01,"ICT",0.5787,,
2012,166,"Cocos (Keeling) Islands",FTRI02,"Skills",0.3809,,
2012,166,"Cocos (Keeling) Islands",FTRI03,"Research and Development",0.1816,,
2012,166,"Cocos (Keeling) Islands",FTRI04,"Industry activity",0.4176,,
2012,166,"Cocos (Keeling) Islands",FTRI05,"Access to finance",0.8223,,
2012,170,"Colombia",FTRI00,"Overall index",0.635,,
2012,170,"Colombia",FTRI01,"ICT",0.4784,,
2012,170,"Colombia",FTRI02,"Skills",0.6337,,
2012,170,"Colombia",FTRI03,"Research and Development",0.4216,,
2012,170,"Colombia",FTRI04,"Industry activity",0.6014,,
2012,170,"Colombia",FTRI05,"Access to finance",0.8239,,
2012,174,"Comoros",FTRI00,"Overall index",0.2815,,
2012,174,"Comoros",FTRI01,"ICT",0.2517,,
2012,174,"Comoros",FTRI02,"Skills",0.2983,,
2012,174,"Comoros",FTRI03,"Research and Development",0,,
2012,174,"Comoros",FTRI04,"Industry activity",0.3957,,
2012,174,"Comoros",FTRI05,"Access to finance",0.7176,,
2012,178,"Congo",FTRI00,"Overall index",0.2759,,
2012,178,"Congo",FTRI01,"ICT",0.1929,,
2012,178,"Congo",FTRI02,"Skills",0.2423,,
2012,178,"Congo",FTRI03,"Research and Development",0.0822,,
2012,178,"Congo",FTRI04,"Industry activity",0.4919,,
2012,178,"Congo",FTRI05,"Access to finance",0.672,,
2012,184,"Cook Islands",FTRI00,"Overall index",0,,
2012,184,"Cook Islands",FTRI01,"ICT",0.1427,,
2012,184,"Cook Islands",FTRI02,"Skills",0,,
2012,184,"Cook Islands",FTRI03,"Research and Development",0,,
2012,184,"Cook Islands",FTRI04,"Industry activity",0,,
2012,184,"Cook Islands",FTRI05,"Access to finance",0.4959,,
2012,188,"Costa Rica",FTRI00,"Overall index",0.6085,,
2012,188,"Costa Rica",FTRI01,"ICT",0.4768,,
2012,188,"Costa Rica",FTRI02,"Skills",0.513,,
2012,188,"Costa Rica",FTRI03,"Research and Development",0.1579,,
2012,188,"Costa Rica",FTRI04,"Industry activity",0.8913,,
2012,188,"Costa Rica",FTRI05,"Access to finance",0.8452,,
2012,384,"Cote d'Ivoire",FTRI00,"Overall index",0.2949,,
2012,384,"Cote d'Ivoire",FTRI01,"ICT",0.1558,,
2012,384,"Cote d'Ivoire",FTRI02,"Skills",0.131,,
2012,384,"Cote d'Ivoire",FTRI03,"Research and Development",0.1416,,
2012,384,"Cote d'Ivoire",FTRI04,"Industry activity",0.5764,,
2012,384,"Cote d'Ivoire",FTRI05,"Access to finance",0.7292,,
2012,191,"Croatia",FTRI00,"Overall index",0.6805,,
2012,191,"Croatia",FTRI01,"ICT",0.6916,,
2012,191,"Croatia",FTRI02,"Skills",0.574,,
2012,191,"Croatia",FTRI03,"Research and Development",0.3347,,
2012,191,"Croatia",FTRI04,"Industry activity",0.7068,,
2012,191,"Croatia",FTRI05,"Access to finance",0.8807,,
2012,192,"Cuba",FTRI00,"Overall index",0.6863,,
2012,192,"Cuba",FTRI01,"ICT",0.6819,,
2012,192,"Cuba",FTRI02,"Skills",0.3842,,
2012,192,"Cuba",FTRI03,"Research and Development",0.4371,,
2012,192,"Cuba",FTRI04,"Industry activity",0.789,,
2012,192,"Cuba",FTRI05,"Access to finance",0.9436,,
2012,196,"Cyprus",FTRI00,"Overall index",0.6981,,
2012,196,"Cyprus",FTRI01,"ICT",0.5035,,
2012,196,"Cyprus",FTRI02,"Skills",0.5803,,
2012,196,"Cyprus",FTRI03,"Research and Development",0.3286,,
2012,196,"Cyprus",FTRI04,"Industry activity",0.7793,,
2012,196,"Cyprus",FTRI05,"Access to finance",1,,
2012,203,"Czechia",FTRI00,"Overall index",0.8072,,
2012,203,"Czechia",FTRI01,"ICT",0.6476,,
2012,203,"Czechia",FTRI02,"Skills",0.6988,,
2012,203,"Czechia",FTRI03,"Research and Development",0.5754,,
2012,203,"Czechia",FTRI04,"Industry activity",0.8352,,
2012,203,"Czechia",FTRI05,"Access to finance",0.849,,
2012,180,"Dem. Rep. of the Congo",FTRI00,"Overall index",0.2397,,
2012,180,"Dem. Rep. of the Congo",FTRI01,"ICT",0.1137,,
2012,180,"Dem. Rep. of the Congo",FTRI02,"Skills",0.1717,,
2012,180,"Dem. Rep. of the Congo",FTRI03,"Research and Development",0.0561,,
2012,180,"Dem. Rep. of the Congo",FTRI04,"Industry activity",0.5675,,
2012,180,"Dem. Rep. of the Congo",FTRI05,"Access to finance",0.6316,,
2012,208,"Denmark",FTRI00,"Overall index",0.9482,,
2012,208,"Denmark",FTRI01,"ICT",0.8803,,
2012,208,"Denmark",FTRI02,"Skills",0.8487,,
2012,208,"Denmark",FTRI03,"Research and Development",0.6475,,
2012,208,"Denmark",FTRI04,"Industry activity",0.7997,,
2012,208,"Denmark",FTRI05,"Access to finance",0.9707,,
2012,262,"Djibouti",FTRI00,"Overall index",0.3217,,
2012,262,"Djibouti",FTRI01,"ICT",0.2398,,
2012,262,"Djibouti",FTRI02,"Skills",0.2515,,
2012,262,"Djibouti",FTRI03,"Research and Development",0,,
2012,262,"Djibouti",FTRI04,"Industry activity",0.5819,,
2012,262,"Djibouti",FTRI05,"Access to finance",0.799,,
2012,214,"Dominican Republic",FTRI00,"Overall index",0.4522,,
2012,214,"Dominican Republic",FTRI01,"ICT",0.525,,
2012,214,"Dominican Republic",FTRI02,"Skills",0.405,,
2012,214,"Dominican Republic",FTRI03,"Research and Development",0.0354,,
2012,214,"Dominican Republic",FTRI04,"Industry activity",0.6114,,
2012,214,"Dominican Republic",FTRI05,"Access to finance",0.7755,,
2012,218,"Ecuador",FTRI00,"Overall index",0.4625,,
2012,218,"Ecuador",FTRI01,"ICT",0.5048,,
2012,218,"Ecuador",FTRI02,"Skills",0.4414,,
2012,218,"Ecuador",FTRI03,"Research and Development",0.1416,,
2012,218,"Ecuador",FTRI04,"Industry activity",0.4791,,
2012,218,"Ecuador",FTRI05,"Access to finance",0.7974,,
2012,818,"Egypt",FTRI00,"Overall index",0.495,,
2012,818,"Egypt",FTRI01,"ICT",0.3507,,
2012,818,"Egypt",FTRI02,"Skills",0.4205,,
2012,818,"Egypt",FTRI03,"Research and Development",0.3838,,
2012,818,"Egypt",FTRI04,"Industry activity",0.5368,,
2012,818,"Egypt",FTRI05,"Access to finance",0.7939,,
2012,222,"El Salvador",FTRI00,"Overall index",0.4276,,
2012,222,"El Salvador",FTRI01,"ICT",0.3827,,
2012,222,"El Salvador",FTRI02,"Skills",0.3257,,
2012,222,"El Salvador",FTRI03,"Research and Development",0.0354,,
2012,222,"El Salvador",FTRI04,"Industry activity",0.6621,,
2012,222,"El Salvador",FTRI05,"Access to finance",0.8488,,
2012,226,"Equatorial Guinea",FTRI00,"Overall index",0.273,,
2012,226,"Equatorial Guinea",FTRI01,"ICT",0.2827,,
2012,226,"Equatorial Guinea",FTRI02,"Skills",0.1921,,
2012,226,"Equatorial Guinea",FTRI03,"Research and Development",0,,
2012,226,"Equatorial Guinea",FTRI04,"Industry activity",0.584,,
2012,226,"Equatorial Guinea",FTRI05,"Access to finance",0.632,,
2012,233,"Estonia",FTRI00,"Overall index",0.7806,,
2012,233,"Estonia",FTRI01,"ICT",0.7374,,
2012,233,"Estonia",FTRI02,"Skills",0.752,,
2012,233,"Estonia",FTRI03,"Research and Development",0.3623,,
2012,233,"Estonia",FTRI04,"Industry activity",0.7858,,
2012,233,"Estonia",FTRI05,"Access to finance",0.8853,,
2012,748,"Eswatini",FTRI00,"Overall index",0.3989,,
2012,748,"Eswatini",FTRI01,"ICT",0.3247,,
2012,748,"Eswatini",FTRI02,"Skills",0.3817,,
2012,748,"Eswatini",FTRI03,"Research and Development",0.0354,,
2012,748,"Eswatini",FTRI04,"Industry activity",0.6078,,
2012,748,"Eswatini",FTRI05,"Access to finance",0.7607,,
2012,231,"Ethiopia",FTRI00,"Overall index",0.2656,,
2012,231,"Ethiopia",FTRI01,"ICT",0.1731,,
2012,231,"Ethiopia",FTRI02,"Skills",0.0946,,
2012,231,"Ethiopia",FTRI03,"Research and Development",0.1897,,
2012,231,"Ethiopia",FTRI04,"Industry activity",0.4765,,
2012,231,"Ethiopia",FTRI05,"Access to finance",0.7532,,
2012,242,"Fiji",FTRI00,"Overall index",0.4821,,
2012,242,"Fiji",FTRI01,"ICT",0.5004,,
2012,242,"Fiji",FTRI02,"Skills",0.3901,,
2012,242,"Fiji",FTRI03,"Research and Development",0.1348,,
2012,242,"Fiji",FTRI04,"Industry activity",0.5521,,
2012,242,"Fiji",FTRI05,"Access to finance",0.8901,,
2012,246,"Finland",FTRI00,"Overall index",0.9274,,
2012,246,"Finland",FTRI01,"ICT",0.7947,,
2012,246,"Finland",FTRI02,"Skills",0.7847,,
2012,246,"Finland",FTRI03,"Research and Development",0.6291,,
2012,246,"Finland",FTRI04,"Industry activity",0.8773,,
2012,246,"Finland",FTRI05,"Access to finance",0.9068,,
2012,250,"France",FTRI00,"Overall index",0.9448,,
2012,250,"France",FTRI01,"ICT",0.784,,
2012,250,"France",FTRI02,"Skills",0.7289,,
2012,250,"France",FTRI03,"Research and Development",0.81,,
2012,250,"France",FTRI04,"Industry activity",0.8659,,
2012,250,"France",FTRI05,"Access to finance",0.9115,,
2012,266,"Gabon",FTRI00,"Overall index",0.4388,,
2012,266,"Gabon",FTRI01,"ICT",0.3403,,
2012,266,"Gabon",FTRI02,"Skills",0.3293,,
2012,266,"Gabon",FTRI03,"Research and Development",0.0994,,
2012,266,"Gabon",FTRI04,"Industry activity",0.6729,,
2012,266,"Gabon",FTRI05,"Access to finance",0.7113,,
2012,270,"Gambia",FTRI00,"Overall index",0.2667,,
2012,270,"Gambia",FTRI01,"ICT",0.2703,,
2012,270,"Gambia",FTRI02,"Skills",0.1221,,
2012,270,"Gambia",FTRI03,"Research and Development",0.0822,,
2012,270,"Gambia",FTRI04,"Industry activity",0.5055,,
2012,270,"Gambia",FTRI05,"Access to finance",0.7006,,
2012,268,"Georgia",FTRI00,"Overall index",0.5483,,
2012,268,"Georgia",FTRI01,"ICT",0.6556,,
2012,268,"Georgia",FTRI02,"Skills",0.5158,,
2012,268,"Georgia",FTRI03,"Research and Development",0.1416,,
2012,268,"Georgia",FTRI04,"Industry activity",0.5746,,
2012,268,"Georgia",FTRI05,"Access to finance",0.8182,,
2012,276,"Germany",FTRI00,"Overall index",0.9996,,
2012,276,"Germany",FTRI01,"ICT",0.8478,,
2012,276,"Germany",FTRI02,"Skills",0.7729,,
2012,276,"Germany",FTRI03,"Research and Development",0.88,,
2012,276,"Germany",FTRI04,"Industry activity",0.8885,,
2012,276,"Germany",FTRI05,"Access to finance",0.8983,,
2012,288,"Ghana",FTRI00,"Overall index",0.4228,,
2012,288,"Ghana",FTRI01,"ICT",0.4997,,
2012,288,"Ghana",FTRI02,"Skills",0.2376,,
2012,288,"Ghana",FTRI03,"Research and Development",0.1702,,
2012,288,"Ghana",FTRI04,"Industry activity",0.5437,,
2012,288,"Ghana",FTRI05,"Access to finance",0.7551,,
2012,300,"Greece",FTRI00,"Overall index",0.7399,,
2012,300,"Greece",FTRI01,"ICT",0.6163,,
2012,300,"Greece",FTRI02,"Skills",0.6776,,
2012,300,"Greece",FTRI03,"Research and Development",0.5165,,
2012,300,"Greece",FTRI04,"Industry activity",0.6533,,
2012,300,"Greece",FTRI05,"Access to finance",0.9307,,
2012,320,"Guatemala",FTRI00,"Overall index",0.3917,,
2012,320,"Guatemala",FTRI01,"ICT",0.2941,,
2012,320,"Guatemala",FTRI02,"Skills",0.2677,,
2012,320,"Guatemala",FTRI03,"Research and Development",0.0822,,
2012,320,"Guatemala",FTRI04,"Industry activity",0.6429,,
2012,320,"Guatemala",FTRI05,"Access to finance",0.8089,,
2012,324,"Guinea",FTRI00,"Overall index",0.2671,,
2012,324,"Guinea",FTRI01,"ICT",0.1177,,
2012,324,"Guinea",FTRI02,"Skills",0.1332,,
2012,324,"Guinea",FTRI03,"Research and Development",0,,
2012,324,"Guinea",FTRI04,"Industry activity",0.6653,,
2012,324,"Guinea",FTRI05,"Access to finance",0.6509,,
2012,624,"Guinea-Bissau",FTRI00,"Overall index",0.2379,,
2012,624,"Guinea-Bissau",FTRI01,"ICT",0.1117,,
2012,624,"Guinea-Bissau",FTRI02,"Skills",0.1677,,
2012,624,"Guinea-Bissau",FTRI03,"Research and Development",0.0354,,
2012,624,"Guinea-Bissau",FTRI04,"Industry activity",0.3922,,
2012,624,"Guinea-Bissau",FTRI05,"Access to finance",0.7186,,
2012,328,"Guyana",FTRI00,"Overall index",0.4456,,
2012,328,"Guyana",FTRI01,"ICT",0.4268,,
2012,328,"Guyana",FTRI02,"Skills",0.3464,,
2012,328,"Guyana",FTRI03,"Research and Development",0,,
2012,328,"Guyana",FTRI04,"Industry activity",0.6334,,
2012,328,"Guyana",FTRI05,"Access to finance",0.7985,,
2012,332,"Haiti",FTRI00,"Overall index",0.2684,,
2012,332,"Haiti",FTRI01,"ICT",0.2408,,
2012,332,"Haiti",FTRI02,"Skills",0.2112,,
2012,332,"Haiti",FTRI03,"Research and Development",0.0354,,
2012,332,"Haiti",FTRI04,"Industry activity",0.4649,,
2012,332,"Haiti",FTRI05,"Access to finance",0.7072,,
2012,340,"Honduras",FTRI00,"Overall index",0.3377,,
2012,340,"Honduras",FTRI01,"ICT",0.3076,,
2012,340,"Honduras",FTRI02,"Skills",0.2418,,
2012,340,"Honduras",FTRI03,"Research and Development",0.0354,,
2012,340,"Honduras",FTRI04,"Industry activity",0.4691,,
2012,340,"Honduras",FTRI05,"Access to finance",0.8524,,
2012,348,"Hungary",FTRI00,"Overall index",0.8248,,
2012,348,"Hungary",FTRI01,"ICT",0.7886,,
2012,348,"Hungary",FTRI02,"Skills",0.6559,,
2012,348,"Hungary",FTRI03,"Research and Development",0.5173,,
2012,348,"Hungary",FTRI04,"Industry activity",0.8699,,
2012,348,"Hungary",FTRI05,"Access to finance",0.8506,,
2012,352,"Iceland",FTRI00,"Overall index",0.814,,
2012,352,"Iceland",FTRI01,"ICT",0.8387,,
2012,352,"Iceland",FTRI02,"Skills",0.8889,,
2012,352,"Iceland",FTRI03,"Research and Development",0.2967,,
2012,352,"Iceland",FTRI04,"Industry activity",0.6737,,
2012,352,"Iceland",FTRI05,"Access to finance",0.9301,,
2012,356,"India",FTRI00,"Overall index",0.6943,,
2012,356,"India",FTRI01,"ICT",0.4421,,
2012,356,"India",FTRI02,"Skills",0.2878,,
2012,356,"India",FTRI03,"Research and Development",0.7457,,
2012,356,"India",FTRI04,"Industry activity",0.8396,,
2012,356,"India",FTRI05,"Access to finance",0.8536,,
2012,360,"Indonesia",FTRI00,"Overall index",0.5191,,
2012,360,"Indonesia",FTRI01,"ICT",0.3201,,
2012,360,"Indonesia",FTRI02,"Skills",0.3298,,
2012,360,"Indonesia",FTRI03,"Research and Development",0.3386,,
2012,360,"Indonesia",FTRI04,"Industry activity",0.7537,,
2012,360,"Indonesia",FTRI05,"Access to finance",0.8125,,
2012,364,"Iran (Islamic Republic of)",FTRI00,"Overall index",0.5172,,
2012,364,"Iran (Islamic Republic of)",FTRI01,"ICT",0.3949,,
2012,364,"Iran (Islamic Republic of)",FTRI02,"Skills",0.4299,,
2012,364,"Iran (Islamic Republic of)",FTRI03,"Research and Development",0.4353,,
2012,364,"Iran (Islamic Republic of)",FTRI04,"Industry activity",0.4593,,
2012,364,"Iran (Islamic Republic of)",FTRI05,"Access to finance",0.8494,,
2012,368,"Iraq",FTRI00,"Overall index",0.301,,
2012,368,"Iraq",FTRI01,"ICT",0.3309,,
2012,368,"Iraq",FTRI02,"Skills",0.3737,,
2012,368,"Iraq",FTRI03,"Research and Development",0.1816,,
2012,368,"Iraq",FTRI04,"Industry activity",0.2075,,
2012,368,"Iraq",FTRI05,"Access to finance",0.6508,,
2012,372,"Ireland",FTRI00,"Overall index",0.9432,,
2012,372,"Ireland",FTRI01,"ICT",0.7778,,
2012,372,"Ireland",FTRI02,"Skills",0.8,,
2012,372,"Ireland",FTRI03,"Research and Development",0.541,,
2012,372,"Ireland",FTRI04,"Industry activity",1,,
2012,372,"Ireland",FTRI05,"Access to finance",0.925,,
2012,376,"Israel",FTRI00,"Overall index",0.8985,,
2012,376,"Israel",FTRI01,"ICT",0.7263,,
2012,376,"Israel",FTRI02,"Skills",0.7535,,
2012,376,"Israel",FTRI03,"Research and Development",0.614,,
2012,376,"Israel",FTRI04,"Industry activity",0.9242,,
2012,376,"Israel",FTRI05,"Access to finance",0.8768,,
2012,380,"Italy",FTRI00,"Overall index",0.8798,,
2012,380,"Italy",FTRI01,"ICT",0.7309,,
2012,380,"Italy",FTRI02,"Skills",0.6837,,
2012,380,"Italy",FTRI03,"Research and Development",0.7432,,
2012,380,"Italy",FTRI04,"Industry activity",0.8021,,
2012,380,"Italy",FTRI05,"Access to finance",0.9088,,
2012,388,"Jamaica",FTRI00,"Overall index",0.4481,,
2012,388,"Jamaica",FTRI01,"ICT",0.5006,,
2012,388,"Jamaica",FTRI02,"Skills",0.446,,
2012,388,"Jamaica",FTRI03,"Research and Development",0.0915,,
2012,388,"Jamaica",FTRI04,"Industry activity",0.4712,,
2012,388,"Jamaica",FTRI05,"Access to finance",0.7992,,
2012,392,"Japan",FTRI00,"Overall index",0.9013,,
2012,392,"Japan",FTRI01,"ICT",0.818,,
2012,392,"Japan",FTRI02,"Skills",0.5146,,
2012,392,"Japan",FTRI03,"Research and Development",0.8358,,
2012,392,"Japan",FTRI04,"Industry activity",0.8474,,
2012,392,"Japan",FTRI05,"Access to finance",0.9576,,
2012,400,"Jordan",FTRI00,"Overall index",0.5276,,
2012,400,"Jordan",FTRI01,"ICT",0.5104,,
2012,400,"Jordan",FTRI02,"Skills",0.4023,,
2012,400,"Jordan",FTRI03,"Research and Development",0.1897,,
2012,400,"Jordan",FTRI04,"Industry activity",0.6587,,
2012,400,"Jordan",FTRI05,"Access to finance",0.8832,,
2012,398,"Kazakhstan",FTRI00,"Overall index",0.5805,,
2012,398,"Kazakhstan",FTRI01,"ICT",0.4448,,
2012,398,"Kazakhstan",FTRI02,"Skills",0.5731,,
2012,398,"Kazakhstan",FTRI03,"Research and Development",0.2868,,
2012,398,"Kazakhstan",FTRI04,"Industry activity",0.6648,,
2012,398,"Kazakhstan",FTRI05,"Access to finance",0.8238,,
2012,404,"Kenya",FTRI00,"Overall index",0.3829,,
2012,404,"Kenya",FTRI01,"ICT",0.2504,,
2012,404,"Kenya",FTRI02,"Skills",0.2383,,
2012,404,"Kenya",FTRI03,"Research and Development",0.2028,,
2012,404,"Kenya",FTRI04,"Industry activity",0.6076,,
2012,404,"Kenya",FTRI05,"Access to finance",0.7905,,
2012,414,"Kuwait",FTRI00,"Overall index",0.5937,,
2012,414,"Kuwait",FTRI01,"ICT",0.5805,,
2012,414,"Kuwait",FTRI02,"Skills",0.4769,,
2012,414,"Kuwait",FTRI03,"Research and Development",0.1579,,
2012,414,"Kuwait",FTRI04,"Industry activity",0.7322,,
2012,414,"Kuwait",FTRI05,"Access to finance",0.8602,,
2012,417,"Kyrgyzstan",FTRI00,"Overall index",0.4085,,
2012,417,"Kyrgyzstan",FTRI01,"ICT",0.3799,,
2012,417,"Kyrgyzstan",FTRI02,"Skills",0.3548,,
2012,417,"Kyrgyzstan",FTRI03,"Research and Development",0.0561,,
2012,417,"Kyrgyzstan",FTRI04,"Industry activity",0.6385,,
2012,417,"Kyrgyzstan",FTRI05,"Access to finance",0.727,,
2012,418,"Lao People's Dem. Rep.",FTRI00,"Overall index",0.3172,,
2012,418,"Lao People's Dem. Rep.",FTRI01,"ICT",0.2544,,
2012,418,"Lao People's Dem. Rep.",FTRI02,"Skills",0.2209,,
2012,418,"Lao People's Dem. Rep.",FTRI03,"Research and Development",0.1384,,
2012,418,"Lao People's Dem. Rep.",FTRI04,"Industry activity",0.4698,,
2012,418,"Lao People's Dem. Rep.",FTRI05,"Access to finance",0.7688,,
2012,428,"Latvia",FTRI00,"Overall index",0.748,,
2012,428,"Latvia",FTRI01,"ICT",0.6471,,
2012,428,"Latvia",FTRI02,"Skills",0.6986,,
2012,428,"Latvia",FTRI03,"Research and Development",0.4228,,
2012,428,"Latvia",FTRI04,"Industry activity",0.7443,,
2012,428,"Latvia",FTRI05,"Access to finance",0.8741,,
2012,422,"Lebanon",FTRI00,"Overall index",0.6361,,
2012,422,"Lebanon",FTRI01,"ICT",0.5653,,
2012,422,"Lebanon",FTRI02,"Skills",0.482,,
2012,422,"Lebanon",FTRI03,"Research and Development",0.2854,,
2012,422,"Lebanon",FTRI04,"Industry activity",0.7202,,
2012,422,"Lebanon",FTRI05,"Access to finance",0.9049,,
2012,426,"Lesotho",FTRI00,"Overall index",0.3605,,
2012,426,"Lesotho",FTRI01,"ICT",0.2817,,
2012,426,"Lesotho",FTRI02,"Skills",0.2759,,
2012,426,"Lesotho",FTRI03,"Research and Development",0.0708,,
2012,426,"Lesotho",FTRI04,"Industry activity",0.6265,,
2012,426,"Lesotho",FTRI05,"Access to finance",0.7576,,
2012,430,"Liberia",FTRI00,"Overall index",0.2547,,
2012,430,"Liberia",FTRI01,"ICT",0.2842,,
2012,430,"Liberia",FTRI02,"Skills",0.2136,,
2012,430,"Liberia",FTRI03,"Research and Development",0,,
2012,430,"Liberia",FTRI04,"Industry activity",0.4378,,
2012,430,"Liberia",FTRI05,"Access to finance",0.7003,,
2012,434,"Libya",FTRI00,"Overall index",0.3812,,
2012,434,"Libya",FTRI01,"ICT",0.3532,,
2012,434,"Libya",FTRI02,"Skills",0.535,,
2012,434,"Libya",FTRI03,"Research and Development",0.0561,,
2012,434,"Libya",FTRI04,"Industry activity",0.3472,,
2012,434,"Libya",FTRI05,"Access to finance",0.6935,,
2012,440,"Lithuania",FTRI00,"Overall index",0.7163,,
2012,440,"Lithuania",FTRI01,"ICT",0.638,,
2012,440,"Lithuania",FTRI02,"Skills",0.7813,,
2012,440,"Lithuania",FTRI03,"Research and Development",0.3596,,
2012,440,"Lithuania",FTRI04,"Industry activity",0.6662,,
2012,440,"Lithuania",FTRI05,"Access to finance",0.8434,,
2012,442,"Luxembourg",FTRI00,"Overall index",0.8715,,
2012,442,"Luxembourg",FTRI01,"ICT",0.7548,,
2012,442,"Luxembourg",FTRI02,"Skills",0.7722,,
2012,442,"Luxembourg",FTRI03,"Research and Development",0.4116,,
2012,442,"Luxembourg",FTRI04,"Industry activity",0.9011,,
2012,442,"Luxembourg",FTRI05,"Access to finance",0.898,,
2012,450,"Madagascar",FTRI00,"Overall index",0.3202,,
2012,450,"Madagascar",FTRI01,"ICT",0.3961,,
2012,450,"Madagascar",FTRI02,"Skills",0.1636,,
2012,450,"Madagascar",FTRI03,"Research and Development",0.1348,,
2012,450,"Madagascar",FTRI04,"Industry activity",0.4823,,
2012,450,"Madagascar",FTRI05,"Access to finance",0.701,,
2012,454,"Malawi",FTRI00,"Overall index",0.2838,,
2012,454,"Malawi",FTRI01,"ICT",0.092,,
2012,454,"Malawi",FTRI02,"Skills",0.195,,
2012,454,"Malawi",FTRI03,"Research and Development",0.127,,
2012,454,"Malawi",FTRI04,"Industry activity",0.5356,,
2012,454,"Malawi",FTRI05,"Access to finance",0.7,,
2012,458,"Malaysia",FTRI00,"Overall index",0.708,,
2012,458,"Malaysia",FTRI01,"ICT",0.5123,,
2012,458,"Malaysia",FTRI02,"Skills",0.4602,,
2012,458,"Malaysia",FTRI03,"Research and Development",0.5444,,
2012,458,"Malaysia",FTRI04,"Industry activity",0.8379,,
2012,458,"Malaysia",FTRI05,"Access to finance",0.9271,,
2012,462,"Maldives",FTRI00,"Overall index",0.4622,,
2012,462,"Maldives",FTRI01,"ICT",0.516,,
2012,462,"Maldives",FTRI02,"Skills",0.521,,
2012,462,"Maldives",FTRI03,"Research and Development",0.0354,,
2012,462,"Maldives",FTRI04,"Industry activity",0.4681,,
2012,462,"Maldives",FTRI05,"Access to finance",0.8171,,
2012,466,"Mali",FTRI00,"Overall index",0.3156,,
2012,466,"Mali",FTRI01,"ICT",0.2923,,
2012,466,"Mali",FTRI02,"Skills",0.0623,,
2012,466,"Mali",FTRI03,"Research and Development",0.1225,,
2012,466,"Mali",FTRI04,"Industry activity",0.5666,,
2012,466,"Mali",FTRI05,"Access to finance",0.7625,,
2012,470,"Malta",FTRI00,"Overall index",0.7945,,
2012,470,"Malta",FTRI01,"ICT",0.7021,,
2012,470,"Malta",FTRI02,"Skills",0.6572,,
2012,470,"Malta",FTRI03,"Research and Development",0.2635,,
2012,470,"Malta",FTRI04,"Industry activity",0.9525,,
2012,470,"Malta",FTRI05,"Access to finance",0.9239,,
2012,478,"Mauritania",FTRI00,"Overall index",0.228,,
2012,478,"Mauritania",FTRI01,"ICT",0.1697,,
2012,478,"Mauritania",FTRI02,"Skills",0.1489,,
2012,478,"Mauritania",FTRI03,"Research and Development",0,,
2012,478,"Mauritania",FTRI04,"Industry activity",0.4066,,
2012,478,"Mauritania",FTRI05,"Access to finance",0.7481,,
2012,480,"Mauritius",FTRI00,"Overall index",0.5356,,
2012,480,"Mauritius",FTRI01,"ICT",0.3827,,
2012,480,"Mauritius",FTRI02,"Skills",0.4717,,
2012,480,"Mauritius",FTRI03,"Research and Development",0.127,,
2012,480,"Mauritius",FTRI04,"Industry activity",0.6802,,
2012,480,"Mauritius",FTRI05,"Access to finance",0.9137,,
2012,175,"Mayotte",FTRI00,"Overall index",0.6171,,
2012,175,"Mayotte",FTRI01,"ICT",0.5516,,
2012,175,"Mayotte",FTRI02,"Skills",0.5704,,
2012,175,"Mayotte",FTRI03,"Research and Development",0.4755,,
2012,175,"Mayotte",FTRI04,"Industry activity",0.5087,,
2012,175,"Mayotte",FTRI05,"Access to finance",0.8196,,
2012,484,"Mexico",FTRI00,"Overall index",0.6365,,
2012,484,"Mexico",FTRI01,"ICT",0.3931,,
2012,484,"Mexico",FTRI02,"Skills",0.4373,,
2012,484,"Mexico",FTRI03,"Research and Development",0.5874,,
2012,484,"Mexico",FTRI04,"Industry activity",0.8081,,
2012,484,"Mexico",FTRI05,"Access to finance",0.7851,,
2012,496,"Mongolia",FTRI00,"Overall index",0.4433,,
2012,496,"Mongolia",FTRI01,"ICT",0.3612,,
2012,496,"Mongolia",FTRI02,"Skills",0.5055,,
2012,496,"Mongolia",FTRI03,"Research and Development",0.1384,,
2012,496,"Mongolia",FTRI04,"Industry activity",0.4124,,
2012,496,"Mongolia",FTRI05,"Access to finance",0.8376,,
2012,499,"Montenegro",FTRI00,"Overall index",0.557,,
2012,499,"Montenegro",FTRI01,"ICT",0.5571,,
2012,499,"Montenegro",FTRI02,"Skills",0.6418,,
2012,499,"Montenegro",FTRI03,"Research and Development",0.0708,,
2012,499,"Montenegro",FTRI04,"Industry activity",0.5663,,
2012,499,"Montenegro",FTRI05,"Access to finance",0.8591,,
2012,504,"Morocco",FTRI00,"Overall index",0.5652,,
2012,504,"Morocco",FTRI01,"ICT",0.6795,,
2012,504,"Morocco",FTRI02,"Skills",0.2421,,
2012,504,"Morocco",FTRI03,"Research and Development",0.3017,,
2012,504,"Morocco",FTRI04,"Industry activity",0.6585,,
2012,504,"Morocco",FTRI05,"Access to finance",0.9026,,
2012,508,"Mozambique",FTRI00,"Overall index",0.2777,,
2012,508,"Mozambique",FTRI01,"ICT",0.1697,,
2012,508,"Mozambique",FTRI02,"Skills",0.1606,,
2012,508,"Mozambique",FTRI03,"Research and Development",0.0994,,
2012,508,"Mozambique",FTRI04,"Industry activity",0.4901,,
2012,508,"Mozambique",FTRI05,"Access to finance",0.7753,,
2012,104,"Myanmar",FTRI00,"Overall index",0.2222,,
2012,104,"Myanmar",FTRI01,"ICT",0.0917,,
2012,104,"Myanmar",FTRI02,"Skills",0.1666,,
2012,104,"Myanmar",FTRI03,"Research and Development",0.0708,,
2012,104,"Myanmar",FTRI04,"Industry activity",0.4723,,
2012,104,"Myanmar",FTRI05,"Access to finance",0.6932,,
2012,516,"Namibia",FTRI00,"Overall index",0.4331,,
2012,516,"Namibia",FTRI01,"ICT",0.3098,,
2012,516,"Namibia",FTRI02,"Skills",0.3323,,
2012,516,"Namibia",FTRI03,"Research and Development",0.1225,,
2012,516,"Namibia",FTRI04,"Industry activity",0.6487,,
2012,516,"Namibia",FTRI05,"Access to finance",0.8755,,
2012,524,"Nepal",FTRI00,"Overall index",0.4143,,
2012,524,"Nepal",FTRI01,"ICT",0.3174,,
2012,524,"Nepal",FTRI02,"Skills",0.2786,,
2012,524,"Nepal",FTRI03,"Research and Development",0.1624,,
2012,524,"Nepal",FTRI04,"Industry activity",0.5534,,
2012,524,"Nepal",FTRI05,"Access to finance",0.8477,,
2012,528,"Netherlands (Kingdom of the)",FTRI00,"Overall index",0.9751,,
2012,528,"Netherlands (Kingdom of the)",FTRI01,"ICT",0.7983,,
2012,528,"Netherlands (Kingdom of the)",FTRI02,"Skills",0.8437,,
2012,528,"Netherlands (Kingdom of the)",FTRI03,"Research and Development",0.7277,,
2012,528,"Netherlands (Kingdom of the)",FTRI04,"Industry activity",0.8798,,
2012,528,"Netherlands (Kingdom of the)",FTRI05,"Access to finance",0.9294,,
2012,554,"New Zealand",FTRI00,"Overall index",0.897,,
2012,554,"New Zealand",FTRI01,"ICT",0.8835,,
2012,554,"New Zealand",FTRI02,"Skills",0.8674,,
2012,554,"New Zealand",FTRI03,"Research and Development",0.5551,,
2012,554,"New Zealand",FTRI04,"Industry activity",0.6776,,
2012,554,"New Zealand",FTRI05,"Access to finance",0.952,,
2012,558,"Nicaragua",FTRI00,"Overall index",0.3477,,
2012,558,"Nicaragua",FTRI01,"ICT",0.3382,,
2012,558,"Nicaragua",FTRI02,"Skills",0.2759,,
2012,558,"Nicaragua",FTRI03,"Research and Development",0.0822,,
2012,558,"Nicaragua",FTRI04,"Industry activity",0.4419,,
2012,558,"Nicaragua",FTRI05,"Access to finance",0.7984,,
2012,562,"Niger",FTRI00,"Overall index",0.2452,,
2012,562,"Niger",FTRI01,"ICT",0,,
2012,562,"Niger",FTRI02,"Skills",0.0581,,
2012,562,"Niger",FTRI03,"Research and Development",0.0915,,
2012,562,"Niger",FTRI04,"Industry activity",0.7716,,
2012,562,"Niger",FTRI05,"Access to finance",0.6996,,
2012,566,"Nigeria",FTRI00,"Overall index",0.3687,,
2012,566,"Nigeria",FTRI01,"ICT",0.3595,,
2012,566,"Nigeria",FTRI02,"Skills",0.3481,,
2012,566,"Nigeria",FTRI03,"Research and Development",0.2467,,
2012,566,"Nigeria",FTRI04,"Industry activity",0.3584,,
2012,566,"Nigeria",FTRI05,"Access to finance",0.7054,,
2012,807,"North Macedonia",FTRI00,"Overall index",0.5743,,
2012,807,"North Macedonia",FTRI01,"ICT",0.6835,,
2012,807,"North Macedonia",FTRI02,"Skills",0.4883,,
2012,807,"North Macedonia",FTRI03,"Research and Development",0.1123,,
2012,807,"North Macedonia",FTRI04,"Industry activity",0.6348,,
2012,807,"North Macedonia",FTRI05,"Access to finance",0.8465,,
2012,578,"Norway",FTRI00,"Overall index",0.8516,,
2012,578,"Norway",FTRI01,"ICT",0.6752,,
2012,578,"Norway",FTRI02,"Skills",0.8282,,
2012,578,"Norway",FTRI03,"Research and Development",0.5719,,
2012,578,"Norway",FTRI04,"Industry activity",0.7226,,
2012,578,"Norway",FTRI05,"Access to finance",0.9339,,
2012,512,"Oman",FTRI00,"Overall index",0.5558,,
2012,512,"Oman",FTRI01,"ICT",0.6256,,
2012,512,"Oman",FTRI02,"Skills",0.5263,,
2012,512,"Oman",FTRI03,"Research and Development",0.2092,,
2012,512,"Oman",FTRI04,"Industry activity",0.5357,,
2012,512,"Oman",FTRI05,"Access to finance",0.8215,,
2012,586,"Pakistan",FTRI00,"Overall index",0.3521,,
2012,586,"Pakistan",FTRI01,"ICT",0.3452,,
2012,586,"Pakistan",FTRI02,"Skills",0.0632,,
2012,586,"Pakistan",FTRI03,"Research and Development",0.3007,,
2012,586,"Pakistan",FTRI04,"Industry activity",0.5534,,
2012,586,"Pakistan",FTRI05,"Access to finance",0.739,,
2012,591,"Panama",FTRI00,"Overall index",0.5891,,
2012,591,"Panama",FTRI01,"ICT",0.5197,,
2012,591,"Panama",FTRI02,"Skills",0.4424,,
2012,591,"Panama",FTRI03,"Research and Development",0.2317,,
2012,591,"Panama",FTRI04,"Industry activity",0.7592,,
2012,591,"Panama",FTRI05,"Access to finance",0.8961,,
2012,598,"Papua New Guinea",FTRI00,"Overall index",0.3026,,
2012,598,"Papua New Guinea",FTRI01,"ICT",0.3166,,
2012,598,"Papua New Guinea",FTRI02,"Skills",0.1615,,
2012,598,"Papua New Guinea",FTRI03,"Research and Development",0.0708,,
2012,598,"Papua New Guinea",FTRI04,"Industry activity",0.4684,,
2012,598,"Papua New Guinea",FTRI05,"Access to finance",0.777,,
2012,600,"Paraguay",FTRI00,"Overall index",0.4157,,
2012,600,"Paraguay",FTRI01,"ICT",0.4428,,
2012,600,"Paraguay",FTRI02,"Skills",0.4026,,
2012,600,"Paraguay",FTRI03,"Research and Development",0.0561,,
2012,600,"Paraguay",FTRI04,"Industry activity",0.5011,,
2012,600,"Paraguay",FTRI05,"Access to finance",0.8071,,
2012,604,"Peru",FTRI00,"Overall index",0.4634,,
2012,604,"Peru",FTRI01,"ICT",0.4513,,
2012,604,"Peru",FTRI02,"Skills",0.4012,,
2012,604,"Peru",FTRI03,"Research and Development",0.1831,,
2012,604,"Peru",FTRI04,"Industry activity",0.501,,
2012,604,"Peru",FTRI05,"Access to finance",0.8142,,
2012,608,"Philippines",FTRI00,"Overall index",0.5867,,
2012,608,"Philippines",FTRI01,"ICT",0.4019,,
2012,608,"Philippines",FTRI02,"Skills",0.4007,,
2012,608,"Philippines",FTRI03,"Research and Development",0.2722,,
2012,608,"Philippines",FTRI04,"Industry activity",0.9162,,
2012,608,"Philippines",FTRI05,"Access to finance",0.8082,,
2012,616,"Poland",FTRI00,"Overall index",0.8151,,
2012,616,"Poland",FTRI01,"ICT",0.775,,
2012,616,"Poland",FTRI02,"Skills",0.6486,,
2012,616,"Poland",FTRI03,"Research and Development",0.5993,,
2012,616,"Poland",FTRI04,"Industry activity",0.7793,,
2012,616,"Poland",FTRI05,"Access to finance",0.8512,,
2012,620,"Portugal",FTRI00,"Overall index",0.8041,,
2012,620,"Portugal",FTRI01,"ICT",0.788,,
2012,620,"Portugal",FTRI02,"Skills",0.6263,,
2012,620,"Portugal",FTRI03,"Research and Development",0.5622,,
2012,620,"Portugal",FTRI04,"Industry activity",0.6996,,
2012,620,"Portugal",FTRI05,"Access to finance",0.9544,,
2012,634,"Qatar",FTRI00,"Overall index",0.4693,,
2012,634,"Qatar",FTRI01,"ICT",0.5787,,
2012,634,"Qatar",FTRI02,"Skills",0.3809,,
2012,634,"Qatar",FTRI03,"Research and Development",0.1816,,
2012,634,"Qatar",FTRI04,"Industry activity",0.4176,,
2012,634,"Qatar",FTRI05,"Access to finance",0.8223,,
2012,410,"Republic of Korea",FTRI00,"Overall index",0.9706,,
2012,410,"Republic of Korea",FTRI01,"ICT",0.9529,,
2012,410,"Republic of Korea",FTRI02,"Skills",0.7233,,
2012,410,"Republic of Korea",FTRI03,"Research and Development",0.825,,
2012,410,"Republic of Korea",FTRI04,"Industry activity",0.8152,,
2012,410,"Republic of Korea",FTRI05,"Access to finance",0.9398,,
2012,498,"Republic of Moldova",FTRI00,"Overall index",0.6012,,
2012,498,"Republic of Moldova",FTRI01,"ICT",0.6651,,
2012,498,"Republic of Moldova",FTRI02,"Skills",0.3693,,
2012,498,"Republic of Moldova",FTRI03,"Research and Development",0.3565,,
2012,498,"Republic of Moldova",FTRI04,"Industry activity",0.6842,,
2012,498,"Republic of Moldova",FTRI05,"Access to finance",0.8133,,
2012,642,"Romania",FTRI00,"Overall index",0.805,,
2012,642,"Romania",FTRI01,"ICT",0.8871,,
2012,642,"Romania",FTRI02,"Skills",0.5451,,
2012,642,"Romania",FTRI03,"Research and Development",0.5825,,
2012,642,"Romania",FTRI04,"Industry activity",0.7913,,
2012,642,"Romania",FTRI05,"Access to finance",0.8193,,
2012,643,"Russian Federation",FTRI00,"Overall index",0.7969,,
2012,643,"Russian Federation",FTRI01,"ICT",0.7187,,
2012,643,"Russian Federation",FTRI02,"Skills",0.6713,,
2012,643,"Russian Federation",FTRI03,"Research and Development",0.6583,,
2012,643,"Russian Federation",FTRI04,"Industry activity",0.6608,,
2012,643,"Russian Federation",FTRI05,"Access to finance",0.838,,
2012,646,"Rwanda",FTRI00,"Overall index",0.2894,,
2012,646,"Rwanda",FTRI01,"ICT",0.2212,,
2012,646,"Rwanda",FTRI02,"Skills",0.2111,,
2012,646,"Rwanda",FTRI03,"Research and Development",0.0915,,
2012,646,"Rwanda",FTRI04,"Industry activity",0.4871,,
2012,646,"Rwanda",FTRI05,"Access to finance",0.7423,,
2012,662,"Saint Lucia",FTRI00,"Overall index",0.517,,
2012,662,"Saint Lucia",FTRI01,"ICT",0.5964,,
2012,662,"Saint Lucia",FTRI02,"Skills",0.4564,,
2012,662,"Saint Lucia",FTRI03,"Research and Development",0,,
2012,662,"Saint Lucia",FTRI04,"Industry activity",0.636,,
2012,662,"Saint Lucia",FTRI05,"Access to finance",0.9079,,
2012,670,"Saint Vincent and the Grenadines",FTRI00,"Overall index",0.4692,,
2012,670,"Saint Vincent and the Grenadines",FTRI01,"ICT",0.5189,,
2012,670,"Saint Vincent and the Grenadines",FTRI02,"Skills",0.5218,,
2012,670,"Saint Vincent and the Grenadines",FTRI03,"Research and Development",0,,
2012,670,"Saint Vincent and the Grenadines",FTRI04,"Industry activity",0.4744,,
2012,670,"Saint Vincent and the Grenadines",FTRI05,"Access to finance",0.8528,,
2012,882,"Samoa",FTRI00,"Overall index",0.3024,,
2012,882,"Samoa",FTRI01,"ICT",0.2473,,
2012,882,"Samoa",FTRI02,"Skills",0.4643,,
2012,882,"Samoa",FTRI03,"Research and Development",0.0451,,
2012,882,"Samoa",FTRI04,"Industry activity",0.4326,,
2012,882,"Samoa",FTRI05,"Access to finance",0.7847,,
2012,678,"Sao Tome and Principe",FTRI00,"Overall index",0.343,,
2012,678,"Sao Tome and Principe",FTRI01,"ICT",0.3287,,
2012,678,"Sao Tome and Principe",FTRI02,"Skills",0.2689,,
2012,678,"Sao Tome and Principe",FTRI03,"Research and Development",0,,
2012,678,"Sao Tome and Principe",FTRI04,"Industry activity",0.4929,,
2012,678,"Sao Tome and Principe",FTRI05,"Access to finance",0.8316,,
2012,682,"Saudi Arabia",FTRI00,"Overall index",0.6171,,
2012,682,"Saudi Arabia",FTRI01,"ICT",0.5516,,
2012,682,"Saudi Arabia",FTRI02,"Skills",0.5704,,
2012,682,"Saudi Arabia",FTRI03,"Research and Development",0.4755,,
2012,682,"Saudi Arabia",FTRI04,"Industry activity",0.5087,,
2012,682,"Saudi Arabia",FTRI05,"Access to finance",0.8196,,
2012,686,"Senegal",FTRI00,"Overall index",0.3778,,
2012,686,"Senegal",FTRI01,"ICT",0.3765,,
2012,686,"Senegal",FTRI02,"Skills",0.1298,,
2012,686,"Senegal",FTRI03,"Research and Development",0.1504,,
2012,686,"Senegal",FTRI04,"Industry activity",0.6111,,
2012,686,"Senegal",FTRI05,"Access to finance",0.7833,,
2012,688,"Serbia",FTRI00,"Overall index",0.6629,,
2012,688,"Serbia",FTRI01,"ICT",0.5756,,
2012,688,"Serbia",FTRI02,"Skills",0.5394,,
2012,688,"Serbia",FTRI03,"Research and Development",0.3594,,
2012,688,"Serbia",FTRI04,"Industry activity",0.7522,,
2012,688,"Serbia",FTRI05,"Access to finance",0.8435,,
2012,694,"Sierra Leone",FTRI00,"Overall index",0.0875,,
2012,694,"Sierra Leone",FTRI01,"ICT",0.131,,
2012,694,"Sierra Leone",FTRI02,"Skills",0.1158,,
2012,694,"Sierra Leone",FTRI03,"Research and Development",0,,
2012,694,"Sierra Leone",FTRI04,"Industry activity",0.6905,,
2012,694,"Sierra Leone",FTRI05,"Access to finance",0,,
2012,702,"Singapore",FTRI00,"Overall index",0.8999,,
2012,702,"Singapore",FTRI01,"ICT",0.682,,
2012,702,"Singapore",FTRI02,"Skills",0.8461,,
2012,702,"Singapore",FTRI03,"Research and Development",0.5806,,
2012,702,"Singapore",FTRI04,"Industry activity",0.8899,,
2012,702,"Singapore",FTRI05,"Access to finance",0.9262,,
2012,703,"Slovakia",FTRI00,"Overall index",0.7606,,
2012,703,"Slovakia",FTRI01,"ICT",0.7351,,
2012,703,"Slovakia",FTRI02,"Skills",0.6375,,
2012,703,"Slovakia",FTRI03,"Research and Development",0.4266,,
2012,703,"Slovakia",FTRI04,"Industry activity",0.8133,,
2012,703,"Slovakia",FTRI05,"Access to finance",0.8427,,
2012,705,"Slovenia",FTRI00,"Overall index",0.7646,,
2012,705,"Slovenia",FTRI01,"ICT",0.5772,,
2012,705,"Slovenia",FTRI02,"Skills",0.766,,
2012,705,"Slovenia",FTRI03,"Research and Development",0.4173,,
2012,705,"Slovenia",FTRI04,"Industry activity",0.7952,,
2012,705,"Slovenia",FTRI05,"Access to finance",0.8931,,
2012,090,"Solomon Islands",FTRI00,"Overall index",0.2927,,
2012,090,"Solomon Islands",FTRI01,"ICT",0.2041,,
2012,090,"Solomon Islands",FTRI02,"Skills",0.2923,,
2012,090,"Solomon Islands",FTRI03,"Research and Development",0,,
2012,090,"Solomon Islands",FTRI04,"Industry activity",0.4596,,
2012,090,"Solomon Islands",FTRI05,"Access to finance",0.7633,,
2012,710,"South Africa",FTRI00,"Overall index",0.6494,,
2012,710,"South Africa",FTRI01,"ICT",0.4342,,
2012,710,"South Africa",FTRI02,"Skills",0.4924,,
2012,710,"South Africa",FTRI03,"Research and Development",0.4983,,
2012,710,"South Africa",FTRI04,"Industry activity",0.6694,,
2012,710,"South Africa",FTRI05,"Access to finance",0.9357,,
2012,728,"South Sudan",FTRI00,"Overall index",0,,
2012,728,"South Sudan",FTRI01,"ICT",0.1427,,
2012,728,"South Sudan",FTRI02,"Skills",0,,
2012,728,"South Sudan",FTRI03,"Research and Development",0,,
2012,728,"South Sudan",FTRI04,"Industry activity",0,,
2012,728,"South Sudan",FTRI05,"Access to finance",0.4959,,
2012,724,"Spain",FTRI00,"Overall index",0.8335,,
2012,724,"Spain",FTRI01,"ICT",0.5795,,
2012,724,"Spain",FTRI02,"Skills",0.6739,,
2012,724,"Spain",FTRI03,"Research and Development",0.7349,,
2012,724,"Spain",FTRI04,"Industry activity",0.7608,,
2012,724,"Spain",FTRI05,"Access to finance",0.9576,,
2012,144,"Sri Lanka",FTRI00,"Overall index",0.4559,,
2012,144,"Sri Lanka",FTRI01,"ICT",0.3278,,
2012,144,"Sri Lanka",FTRI02,"Skills",0.4022,,
2012,144,"Sri Lanka",FTRI03,"Research and Development",0.1933,,
2012,144,"Sri Lanka",FTRI04,"Industry activity",0.5971,,
2012,144,"Sri Lanka",FTRI05,"Access to finance",0.8141,,
2012,729,"Sudan",FTRI00,"Overall index",0.2637,,
2012,729,"Sudan",FTRI01,"ICT",0.2921,,
2012,729,"Sudan",FTRI02,"Skills",0.1368,,
2012,729,"Sudan",FTRI03,"Research and Development",0.0822,,
2012,729,"Sudan",FTRI04,"Industry activity",0.4368,,
2012,729,"Sudan",FTRI05,"Access to finance",0.7165,,
2012,736,"Sudan (...2011)",FTRI00,"Overall index",,,"Not applicable"
2012,736,"Sudan (...2011)",FTRI01,"ICT",,,"Not applicable"
2012,736,"Sudan (...2011)",FTRI02,"Skills",,,"Not applicable"
2012,736,"Sudan (...2011)",FTRI03,"Research and Development",,,"Not applicable"
2012,736,"Sudan (...2011)",FTRI04,"Industry activity",,,"Not applicable"
2012,736,"Sudan (...2011)",FTRI05,"Access to finance",,,"Not applicable"
2012,740,"Suriname",FTRI00,"Overall index",0.4261,,
2012,740,"Suriname",FTRI01,"ICT",0.4408,,
2012,740,"Suriname",FTRI02,"Skills",0.4017,,
2012,740,"Suriname",FTRI03,"Research and Development",0,,
2012,740,"Suriname",FTRI04,"Industry activity",0.5433,,
2012,740,"Suriname",FTRI05,"Access to finance",0.7823,,
2012,752,"Sweden",FTRI00,"Overall index",0.9487,,
2012,752,"Sweden",FTRI01,"ICT",0.8188,,
2012,752,"Sweden",FTRI02,"Skills",0.7653,,
2012,752,"Sweden",FTRI03,"Research and Development",0.6724,,
2012,752,"Sweden",FTRI04,"Industry activity",0.8887,,
2012,752,"Sweden",FTRI05,"Access to finance",0.9379,,
2012,756,"Switzerland",FTRI00,"Overall index",0.9288,,
2012,756,"Switzerland",FTRI01,"ICT",0.6637,,
2012,756,"Switzerland",FTRI02,"Skills",0.7262,,
2012,756,"Switzerland",FTRI03,"Research and Development",0.7089,,
2012,756,"Switzerland",FTRI04,"Industry activity",0.9332,,
2012,756,"Switzerland",FTRI05,"Access to finance",0.9599,,
2012,762,"Tajikistan",FTRI00,"Overall index",0.3482,,
2012,762,"Tajikistan",FTRI01,"ICT",0.2856,,
2012,762,"Tajikistan",FTRI02,"Skills",0.3219,,
2012,762,"Tajikistan",FTRI03,"Research and Development",0.0561,,
2012,762,"Tajikistan",FTRI04,"Industry activity",0.5721,,
2012,762,"Tajikistan",FTRI05,"Access to finance",0.7355,,
2012,764,"Thailand",FTRI00,"Overall index",0.6863,,
2012,764,"Thailand",FTRI01,"ICT",0.6819,,
2012,764,"Thailand",FTRI02,"Skills",0.3842,,
2012,764,"Thailand",FTRI03,"Research and Development",0.4371,,
2012,764,"Thailand",FTRI04,"Industry activity",0.789,,
2012,764,"Thailand",FTRI05,"Access to finance",0.9436,,
2012,626,"Timor-Leste",FTRI00,"Overall index",0.2867,,
2012,626,"Timor-Leste",FTRI01,"ICT",0.2042,,
2012,626,"Timor-Leste",FTRI02,"Skills",0.3916,,
2012,626,"Timor-Leste",FTRI03,"Research and Development",0,,
2012,626,"Timor-Leste",FTRI04,"Industry activity",0.3585,,
2012,626,"Timor-Leste",FTRI05,"Access to finance",0.7299,,
2012,768,"Togo",FTRI00,"Overall index",0.3069,,
2012,768,"Togo",FTRI01,"ICT",0.1455,,
2012,768,"Togo",FTRI02,"Skills",0.2699,,
2012,768,"Togo",FTRI03,"Research and Development",0.0915,,
2012,768,"Togo",FTRI04,"Industry activity",0.5255,,
2012,768,"Togo",FTRI05,"Access to finance",0.7729,,
2012,780,"Trinidad and Tobago",FTRI00,"Overall index",0.4574,,
2012,780,"Trinidad and Tobago",FTRI01,"ICT",0.4332,,
2012,780,"Trinidad and Tobago",FTRI02,"Skills",0.4637,,
2012,780,"Trinidad and Tobago",FTRI03,"Research and Development",0.1225,,
2012,780,"Trinidad and Tobago",FTRI04,"Industry activity",0.5112,,
2012,780,"Trinidad and Tobago",FTRI05,"Access to finance",0.7919,,
2012,788,"Tunisia",FTRI00,"Overall index",0.6345,,
2012,788,"Tunisia",FTRI01,"ICT",0.5854,,
2012,788,"Tunisia",FTRI02,"Skills",0.4677,,
2012,788,"Tunisia",FTRI03,"Research and Development",0.384,,
2012,788,"Tunisia",FTRI04,"Industry activity",0.7251,,
2012,788,"Tunisia",FTRI05,"Access to finance",0.8637,,
2012,792,"Turkiye",FTRI00,"Overall index",0.6412,,
2012,792,"Turkiye",FTRI01,"ICT",0.532,,
2012,792,"Turkiye",FTRI02,"Skills",0.4767,,
2012,792,"Turkiye",FTRI03,"Research and Development",0.5489,,
2012,792,"Turkiye",FTRI04,"Industry activity",0.631,,
2012,792,"Turkiye",FTRI05,"Access to finance",0.8535,,
2012,800,"Uganda",FTRI00,"Overall index",0.3288,,
2012,800,"Uganda",FTRI01,"ICT",0.1667,,
2012,800,"Uganda",FTRI02,"Skills",0.2103,,
2012,800,"Uganda",FTRI03,"Research and Development",0.1602,,
2012,800,"Uganda",FTRI04,"Industry activity",0.6486,,
2012,800,"Uganda",FTRI05,"Access to finance",0.7182,,
2012,804,"Ukraine",FTRI00,"Overall index",0.7042,,
2012,804,"Ukraine",FTRI01,"ICT",0.5678,,
2012,804,"Ukraine",FTRI02,"Skills",0.633,,
2012,804,"Ukraine",FTRI03,"Research and Development",0.4808,,
2012,804,"Ukraine",FTRI04,"Industry activity",0.6827,,
2012,804,"Ukraine",FTRI05,"Access to finance",0.8774,,
2012,784,"United Arab Emirates",FTRI00,"Overall index",0.6495,,
2012,784,"United Arab Emirates",FTRI01,"ICT",0.4779,,
2012,784,"United Arab Emirates",FTRI02,"Skills",0.4864,,
2012,784,"United Arab Emirates",FTRI03,"Research and Development",0.3486,,
2012,784,"United Arab Emirates",FTRI04,"Industry activity",0.7965,,
2012,784,"United Arab Emirates",FTRI05,"Access to finance",0.8953,,
2012,826,"United Kingdom",FTRI00,"Overall index",1,,
2012,826,"United Kingdom",FTRI01,"ICT",0.8544,,
2012,826,"United Kingdom",FTRI02,"Skills",0.7623,,
2012,826,"United Kingdom",FTRI03,"Research and Development",0.7791,,
2012,826,"United Kingdom",FTRI04,"Industry activity",0.9015,,
2012,826,"United Kingdom",FTRI05,"Access to finance",0.9591,,
2012,834,"United Republic of Tanzania",FTRI00,"Overall index",0.2775,,
2012,834,"United Republic of Tanzania",FTRI01,"ICT",0.1441,,
2012,834,"United Republic of Tanzania",FTRI02,"Skills",0.1231,,
2012,834,"United Republic of Tanzania",FTRI03,"Research and Development",0.1702,,
2012,834,"United Republic of Tanzania",FTRI04,"Industry activity",0.557,,
2012,834,"United Republic of Tanzania",FTRI05,"Access to finance",0.7231,,
2012,840,"United States",FTRI00,"Overall index",0.9731,,
2012,840,"United States",FTRI01,"ICT",0.5609,,
2012,840,"United States",FTRI02,"Skills",0.774,,
2012,840,"United States",FTRI03,"Research and Development",0.9939,,
2012,840,"United States",FTRI04,"Industry activity",0.8639,,
2012,840,"United States",FTRI05,"Access to finance",0.9672,,
2012,858,"Uruguay",FTRI00,"Overall index",0.5512,,
2012,858,"Uruguay",FTRI01,"ICT",0.4651,,
2012,858,"Uruguay",FTRI02,"Skills",0.5217,,
2012,858,"Uruguay",FTRI03,"Research and Development",0.3053,,
2012,858,"Uruguay",FTRI04,"Industry activity",0.6037,,
2012,858,"Uruguay",FTRI05,"Access to finance",0.7742,,
2012,860,"Uzbekistan",FTRI00,"Overall index",0.4135,,
2012,860,"Uzbekistan",FTRI01,"ICT",0.3364,,
2012,860,"Uzbekistan",FTRI02,"Skills",0.382,,
2012,860,"Uzbekistan",FTRI03,"Research and Development",0.1123,,
2012,860,"Uzbekistan",FTRI04,"Industry activity",0.6658,,
2012,860,"Uzbekistan",FTRI05,"Access to finance",0.6934,,
2012,548,"Vanuatu",FTRI00,"Overall index",0.3171,,
2012,548,"Vanuatu",FTRI01,"ICT",0.2493,,
2012,548,"Vanuatu",FTRI02,"Skills",0.2274,,
2012,548,"Vanuatu",FTRI03,"Research and Development",0,,
2012,548,"Vanuatu",FTRI04,"Industry activity",0.485,,
2012,548,"Vanuatu",FTRI05,"Access to finance",0.8863,,
2012,862,"Venezuela (Bolivarian Rep. of)",FTRI00,"Overall index",0.4525,,
2012,862,"Venezuela (Bolivarian Rep. of)",FTRI01,"ICT",0.4785,,
2012,862,"Venezuela (Bolivarian Rep. of)",FTRI02,"Skills",0.4782,,
2012,862,"Venezuela (Bolivarian Rep. of)",FTRI03,"Research and Development",0.2213,,
2012,862,"Venezuela (Bolivarian Rep. of)",FTRI04,"Industry activity",0.3465,,
2012,862,"Venezuela (Bolivarian Rep. of)",FTRI05,"Access to finance",0.7865,,
2012,704,"Viet Nam",FTRI00,"Overall index",0.5839,,
2012,704,"Viet Nam",FTRI01,"ICT",0.5926,,
2012,704,"Viet Nam",FTRI02,"Skills",0.3181,,
2012,704,"Viet Nam",FTRI03,"Research and Development",0.3354,,
2012,704,"Viet Nam",FTRI04,"Industry activity",0.7523,,
2012,704,"Viet Nam",FTRI05,"Access to finance",0.8886,,
2012,887,"Yemen",FTRI00,"Overall index",0.2687,,
2012,887,"Yemen",FTRI01,"ICT",0.307,,
2012,887,"Yemen",FTRI02,"Skills",0.1996,,
2012,887,"Yemen",FTRI03,"Research and Development",0.0561,,
2012,887,"Yemen",FTRI04,"Industry activity",0.4411,,
2012,887,"Yemen",FTRI05,"Access to finance",0.6283,,
2012,894,"Zambia",FTRI00,"Overall index",0.3211,,
2012,894,"Zambia",FTRI01,"ICT",0.1481,,
2012,894,"Zambia",FTRI02,"Skills",0.238,,
2012,894,"Zambia",FTRI03,"Research and Development",0.1062,,
2012,894,"Zambia",FTRI04,"Industry activity",0.5733,,
2012,894,"Zambia",FTRI05,"Access to finance",0.7429,,
2012,716,"Zimbabwe",FTRI00,"Overall index",0.337,,
2012,716,"Zimbabwe",FTRI01,"ICT",0.2649,,
2012,716,"Zimbabwe",FTRI02,"Skills",0.2236,,
2012,716,"Zimbabwe",FTRI03,"Research and Development",0.1477,,
2012,716,"Zimbabwe",FTRI04,"Industry activity",0.5013,,
2012,716,"Zimbabwe",FTRI05,"Access to finance",0.7652,,
2013,004,"Afghanistan",FTRI00,"Overall index",0.1891,,
2013,004,"Afghanistan",FTRI01,"ICT",0.1923,,
2013,004,"Afghanistan",FTRI02,"Skills",0.1735,,
2013,004,"Afghanistan",FTRI03,"Research and Development",0.0551,,
2013,004,"Afghanistan",FTRI04,"Industry activity",0.3267,,
2013,004,"Afghanistan",FTRI05,"Access to finance",0.6255,,
2013,008,"Albania",FTRI00,"Overall index",0.4975,,
2013,008,"Albania",FTRI01,"ICT",0.6443,,
2013,008,"Albania",FTRI02,"Skills",0.466,,
2013,008,"Albania",FTRI03,"Research and Development",0.1449,,
2013,008,"Albania",FTRI04,"Industry activity",0.403,,
2013,008,"Albania",FTRI05,"Access to finance",0.8253,,
2013,012,"Algeria",FTRI00,"Overall index",0.3776,,
2013,012,"Algeria",FTRI01,"ICT",0.4184,,
2013,012,"Algeria",FTRI02,"Skills",0.4684,,
2013,012,"Algeria",FTRI03,"Research and Development",0.2673,,
2013,012,"Algeria",FTRI04,"Industry activity",0,,
2013,012,"Algeria",FTRI05,"Access to finance",0.7402,,
2013,024,"Angola",FTRI00,"Overall index",0.2026,,
2013,024,"Angola",FTRI01,"ICT",0.2906,,
2013,024,"Angola",FTRI02,"Skills",0.2209,,
2013,024,"Angola",FTRI03,"Research and Development",0.0347,,
2013,024,"Angola",FTRI04,"Industry activity",0.0336,,
2013,024,"Angola",FTRI05,"Access to finance",0.7832,,
2013,032,"Argentina",FTRI00,"Overall index",0.6736,,
2013,032,"Argentina",FTRI01,"ICT",0.6991,,
2013,032,"Argentina",FTRI02,"Skills",0.6289,,
2013,032,"Argentina",FTRI03,"Research and Development",0.4375,,
2013,032,"Argentina",FTRI04,"Industry activity",0.5736,,
2013,032,"Argentina",FTRI05,"Access to finance",0.741,,
2013,051,"Armenia",FTRI00,"Overall index",0.4348,,
2013,051,"Armenia",FTRI01,"ICT",0.4272,,
2013,051,"Armenia",FTRI02,"Skills",0.3701,,
2013,051,"Armenia",FTRI03,"Research and Development",0.2485,,
2013,051,"Armenia",FTRI04,"Industry activity",0.3758,,
2013,051,"Armenia",FTRI05,"Access to finance",0.8353,,
2013,036,"Australia",FTRI00,"Overall index",0.9503,,
2013,036,"Australia",FTRI01,"ICT",0.8292,,
2013,036,"Australia",FTRI02,"Skills",1,,
2013,036,"Australia",FTRI03,"Research and Development",0.6963,,
2013,036,"Australia",FTRI04,"Industry activity",0.5421,,
2013,036,"Australia",FTRI05,"Access to finance",0.9344,,
2013,040,"Austria",FTRI00,"Overall index",0.8703,,
2013,040,"Austria",FTRI01,"ICT",0.8251,,
2013,040,"Austria",FTRI02,"Skills",0.6984,,
2013,040,"Austria",FTRI03,"Research and Development",0.6405,,
2013,040,"Austria",FTRI04,"Industry activity",0.7518,,
2013,040,"Austria",FTRI05,"Access to finance",0.907,,
2013,031,"Azerbaijan",FTRI00,"Overall index",0.4907,,
2013,031,"Azerbaijan",FTRI01,"ICT",0.6215,,
2013,031,"Azerbaijan",FTRI02,"Skills",0.4317,,
2013,031,"Azerbaijan",FTRI03,"Research and Development",0.2448,,
2013,031,"Azerbaijan",FTRI04,"Industry activity",0.3026,,
2013,031,"Azerbaijan",FTRI05,"Access to finance",0.8119,,
2013,044,"Bahamas",FTRI00,"Overall index",0.4417,,
2013,044,"Bahamas",FTRI01,"ICT",0.6199,,
2013,044,"Bahamas",FTRI02,"Skills",0.5064,,
2013,044,"Bahamas",FTRI03,"Research and Development",0.0807,,
2013,044,"Bahamas",FTRI04,"Industry activity",0.0874,,
2013,044,"Bahamas",FTRI05,"Access to finance",0.8758,,
2013,048,"Bahrain",FTRI00,"Overall index",0.6191,,
2013,048,"Bahrain",FTRI01,"ICT",0.6466,,
2013,048,"Bahrain",FTRI02,"Skills",0.4707,,
2013,048,"Bahrain",FTRI03,"Research and Development",0.1476,,
2013,048,"Bahrain",FTRI04,"Industry activity",0.7458,,
2013,048,"Bahrain",FTRI05,"Access to finance",0.8809,,
2013,050,"Bangladesh",FTRI00,"Overall index",0.3069,,
2013,050,"Bangladesh",FTRI01,"ICT",0.2063,,
2013,050,"Bangladesh",FTRI02,"Skills",0.1702,,
2013,050,"Bangladesh",FTRI03,"Research and Development",0.2495,,
2013,050,"Bangladesh",FTRI04,"Industry activity",0.3517,,
2013,050,"Bangladesh",FTRI05,"Access to finance",0.834,,
2013,052,"Barbados",FTRI00,"Overall index",0.6211,,
2013,052,"Barbados",FTRI01,"ICT",0.7847,,
2013,052,"Barbados",FTRI02,"Skills",0.6252,,
2013,052,"Barbados",FTRI03,"Research and Development",0.0975,,
2013,052,"Barbados",FTRI04,"Industry activity",0.5248,,
2013,052,"Barbados",FTRI05,"Access to finance",0.8971,,
2013,112,"Belarus",FTRI00,"Overall index",0.5997,,
2013,112,"Belarus",FTRI01,"ICT",0.5858,,
2013,112,"Belarus",FTRI02,"Skills",0.6802,,
2013,112,"Belarus",FTRI03,"Research and Development",0.2526,,
2013,112,"Belarus",FTRI04,"Industry activity",0.5292,,
2013,112,"Belarus",FTRI05,"Access to finance",0.7788,,
2013,056,"Belgium",FTRI00,"Overall index",0.9484,,
2013,056,"Belgium",FTRI01,"ICT",0.9492,,
2013,056,"Belgium",FTRI02,"Skills",0.8619,,
2013,056,"Belgium",FTRI03,"Research and Development",0.6309,,
2013,056,"Belgium",FTRI04,"Industry activity",0.7312,,
2013,056,"Belgium",FTRI05,"Access to finance",0.8615,,
2013,084,"Belize",FTRI00,"Overall index",0.3688,,
2013,084,"Belize",FTRI01,"ICT",0.4044,,
2013,084,"Belize",FTRI02,"Skills",0.3859,,
2013,084,"Belize",FTRI03,"Research and Development",0.0551,,
2013,084,"Belize",FTRI04,"Industry activity",0.3201,,
2013,084,"Belize",FTRI05,"Access to finance",0.8411,,
2013,204,"Benin",FTRI00,"Overall index",0.2581,,
2013,204,"Benin",FTRI01,"ICT",0.2358,,
2013,204,"Benin",FTRI02,"Skills",0.2371,,
2013,204,"Benin",FTRI03,"Research and Development",0.1202,,
2013,204,"Benin",FTRI04,"Industry activity",0.2794,,
2013,204,"Benin",FTRI05,"Access to finance",0.7483,,
2013,060,"Bermuda",FTRI00,"Overall index",0.4099,,
2013,060,"Bermuda",FTRI01,"ICT",0.4601,,
2013,060,"Bermuda",FTRI02,"Skills",0.4386,,
2013,060,"Bermuda",FTRI03,"Research and Development",0.1042,,
2013,060,"Bermuda",FTRI04,"Industry activity",0.2682,,
2013,060,"Bermuda",FTRI05,"Access to finance",0.8321,,
2013,064,"Bhutan",FTRI00,"Overall index",0.3473,,
2013,064,"Bhutan",FTRI01,"ICT",0.5438,,
2013,064,"Bhutan",FTRI02,"Skills",0.3543,,
2013,064,"Bhutan",FTRI03,"Research and Development",0.0551,,
2013,064,"Bhutan",FTRI04,"Industry activity",0.0855,,
2013,064,"Bhutan",FTRI05,"Access to finance",0.8364,,
2013,068,"Bolivia (Plurinational State of)",FTRI00,"Overall index",0.4099,,
2013,068,"Bolivia (Plurinational State of)",FTRI01,"ICT",0.4601,,
2013,068,"Bolivia (Plurinational State of)",FTRI02,"Skills",0.4386,,
2013,068,"Bolivia (Plurinational State of)",FTRI03,"Research and Development",0.1042,,
2013,068,"Bolivia (Plurinational State of)",FTRI04,"Industry activity",0.2682,,
2013,068,"Bolivia (Plurinational State of)",FTRI05,"Access to finance",0.8321,,
2013,070,"Bosnia and Herzegovina",FTRI00,"Overall index",0.5162,,
2013,070,"Bosnia and Herzegovina",FTRI01,"ICT",0.6365,,
2013,070,"Bosnia and Herzegovina",FTRI02,"Skills",0.4546,,
2013,070,"Bosnia and Herzegovina",FTRI03,"Research and Development",0.167,,
2013,070,"Bosnia and Herzegovina",FTRI04,"Industry activity",0.4396,,
2013,070,"Bosnia and Herzegovina",FTRI05,"Access to finance",0.8685,,
2013,072,"Botswana",FTRI00,"Overall index",0.3821,,
2013,072,"Botswana",FTRI01,"ICT",0.4529,,
2013,072,"Botswana",FTRI02,"Skills",0.3473,,
2013,072,"Botswana",FTRI03,"Research and Development",0.0975,,
2013,072,"Botswana",FTRI04,"Industry activity",0.3362,,
2013,072,"Botswana",FTRI05,"Access to finance",0.8128,,
2013,074,"Bouvet Island",FTRI00,"Overall index",0.8354,,
2013,074,"Bouvet Island",FTRI01,"ICT",0.5657,,
2013,074,"Bouvet Island",FTRI02,"Skills",0.4283,,
2013,074,"Bouvet Island",FTRI03,"Research and Development",1,,
2013,074,"Bouvet Island",FTRI04,"Industry activity",0.8357,,
2013,074,"Bouvet Island",FTRI05,"Access to finance",0.9412,,
2013,076,"Brazil",FTRI00,"Overall index",0.7103,,
2013,076,"Brazil",FTRI01,"ICT",0.5786,,
2013,076,"Brazil",FTRI02,"Skills",0.4738,,
2013,076,"Brazil",FTRI03,"Research and Development",0.6794,,
2013,076,"Brazil",FTRI04,"Industry activity",0.6384,,
2013,076,"Brazil",FTRI05,"Access to finance",0.8735,,
2013,080,"British Antarctic Territory",FTRI00,"Overall index",0.2255,,
2013,080,"British Antarctic Territory",FTRI01,"ICT",0.2094,,
2013,080,"British Antarctic Territory",FTRI02,"Skills",0.1295,,
2013,080,"British Antarctic Territory",FTRI03,"Research and Development",0.0898,,
2013,080,"British Antarctic Territory",FTRI04,"Industry activity",0.3575,,
2013,080,"British Antarctic Territory",FTRI05,"Access to finance",0.7356,,
2013,086,"British Indian Ocean Territory",FTRI00,"Overall index",0.2631,,
2013,086,"British Indian Ocean Territory",FTRI01,"ICT",0.2878,,
2013,086,"British Indian Ocean Territory",FTRI02,"Skills",0.2483,,
2013,086,"British Indian Ocean Territory",FTRI03,"Research and Development",0,,
2013,086,"British Indian Ocean Territory",FTRI04,"Industry activity",0.3517,,
2013,086,"British Indian Ocean Territory",FTRI05,"Access to finance",0.7757,,
2013,092,"British Virgin Islands",FTRI00,"Overall index",0.7713,,
2013,092,"British Virgin Islands",FTRI01,"ICT",0.7808,,
2013,092,"British Virgin Islands",FTRI02,"Skills",0.743,,
2013,092,"British Virgin Islands",FTRI03,"Research and Development",0.3664,,
2013,092,"British Virgin Islands",FTRI04,"Industry activity",0.7058,,
2013,092,"British Virgin Islands",FTRI05,"Access to finance",0.8807,,
2013,096,"Brunei Darussalam",FTRI00,"Overall index",0.5193,,
2013,096,"Brunei Darussalam",FTRI01,"ICT",0.6067,,
2013,096,"Brunei Darussalam",FTRI02,"Skills",0.6368,,
2013,096,"Brunei Darussalam",FTRI03,"Research and Development",0.1246,,
2013,096,"Brunei Darussalam",FTRI04,"Industry activity",0.338,,
2013,096,"Brunei Darussalam",FTRI05,"Access to finance",0.8071,,
2013,100,"Bulgaria",FTRI00,"Overall index",0.7105,,
2013,100,"Bulgaria",FTRI01,"ICT",0.8329,,
2013,100,"Bulgaria",FTRI02,"Skills",0.5566,,
2013,100,"Bulgaria",FTRI03,"Research and Development",0.3886,,
2013,100,"Bulgaria",FTRI04,"Industry activity",0.6257,,
2013,100,"Bulgaria",FTRI05,"Access to finance",0.8762,,
2013,854,"Burkina Faso",FTRI00,"Overall index",0.2076,,
2013,854,"Burkina Faso",FTRI01,"ICT",0.1761,,
2013,854,"Burkina Faso",FTRI02,"Skills",0.0377,,
2013,854,"Burkina Faso",FTRI03,"Research and Development",0.139,,
2013,854,"Burkina Faso",FTRI04,"Industry activity",0.3393,,
2013,854,"Burkina Faso",FTRI05,"Access to finance",0.77,,
2013,108,"Burundi",FTRI00,"Overall index",0.1159,,
2013,108,"Burundi",FTRI01,"ICT",0.0113,,
2013,108,"Burundi",FTRI02,"Skills",0.1861,,
2013,108,"Burundi",FTRI03,"Research and Development",0,,
2013,108,"Burundi",FTRI04,"Industry activity",0.1091,,
2013,108,"Burundi",FTRI05,"Access to finance",0.7634,,
2013,132,"Cabo Verde",FTRI00,"Overall index",0.399,,
2013,132,"Cabo Verde",FTRI01,"ICT",0.6056,,
2013,132,"Cabo Verde",FTRI02,"Skills",0.3494,,
2013,132,"Cabo Verde",FTRI03,"Research and Development",0.0695,,
2013,132,"Cabo Verde",FTRI04,"Industry activity",0.1905,,
2013,132,"Cabo Verde",FTRI05,"Access to finance",0.8649,,
2013,116,"Cambodia",FTRI00,"Overall index",0.3222,,
2013,116,"Cambodia",FTRI01,"ICT",0.386,,
2013,116,"Cambodia",FTRI02,"Skills",0.2104,,
2013,116,"Cambodia",FTRI03,"Research and Development",0.0898,,
2013,116,"Cambodia",FTRI04,"Industry activity",0.3915,,
2013,116,"Cambodia",FTRI05,"Access to finance",0.8541,,
2013,120,"Cameroon",FTRI00,"Overall index",0.3087,,
2013,120,"Cameroon",FTRI01,"ICT",0.2592,,
2013,120,"Cameroon",FTRI02,"Skills",0.2701,,
2013,120,"Cameroon",FTRI03,"Research and Development",0.1549,,
2013,120,"Cameroon",FTRI04,"Industry activity",0.387,,
2013,120,"Cameroon",FTRI05,"Access to finance",0.7264,,
2013,124,"Canada",FTRI00,"Overall index",0.9192,,
2013,124,"Canada",FTRI01,"ICT",0.7892,,
2013,124,"Canada",FTRI02,"Skills",0.7162,,
2013,124,"Canada",FTRI03,"Research and Development",0.7484,,
2013,124,"Canada",FTRI04,"Industry activity",0.7585,,
2013,124,"Canada",FTRI05,"Access to finance",0.934,,
2013,136,"Cayman Islands",FTRI00,"Overall index",0.6869,,
2013,136,"Cayman Islands",FTRI01,"ICT",0.5299,,
2013,136,"Cayman Islands",FTRI02,"Skills",0.4503,,
2013,136,"Cayman Islands",FTRI03,"Research and Development",0.5589,,
2013,136,"Cayman Islands",FTRI04,"Industry activity",0.7762,,
2013,136,"Cayman Islands",FTRI05,"Access to finance",0.9308,,
2013,140,"Central African Republic",FTRI00,"Overall index",0.1887,,
2013,140,"Central African Republic",FTRI01,"ICT",0.2019,,
2013,140,"Central African Republic",FTRI02,"Skills",0.1567,,
2013,140,"Central African Republic",FTRI03,"Research and Development",0.0695,,
2013,140,"Central African Republic",FTRI04,"Industry activity",0.1515,,
2013,140,"Central African Republic",FTRI05,"Access to finance",0.7583,,
2013,148,"Chad",FTRI00,"Overall index",0.1104,,
2013,148,"Chad",FTRI01,"ICT",0.0916,,
2013,148,"Chad",FTRI02,"Skills",0.0566,,
2013,148,"Chad",FTRI03,"Research and Development",0,,
2013,148,"Chad",FTRI04,"Industry activity",0.3011,,
2013,148,"Chad",FTRI05,"Access to finance",0.657,,
2013,152,"Chile",FTRI00,"Overall index",0.6729,,
2013,152,"Chile",FTRI01,"ICT",0.7217,,
2013,152,"Chile",FTRI02,"Skills",0.5479,,
2013,152,"Chile",FTRI03,"Research and Development",0.4763,,
2013,152,"Chile",FTRI04,"Industry activity",0.3992,,
2013,152,"Chile",FTRI05,"Access to finance",0.9195,,
2013,156,"China",FTRI00,"Overall index",0.8354,,
2013,156,"China",FTRI01,"ICT",0.5657,,
2013,156,"China",FTRI02,"Skills",0.4283,,
2013,156,"China",FTRI03,"Research and Development",1,,
2013,156,"China",FTRI04,"Industry activity",0.8357,,
2013,156,"China",FTRI05,"Access to finance",0.9412,,
2013,344,"China, Hong Kong SAR",FTRI00,"Overall index",0.8541,,
2013,344,"China, Hong Kong SAR",FTRI01,"ICT",0.8151,,
2013,344,"China, Hong Kong SAR",FTRI02,"Skills",0.7043,,
2013,344,"China, Hong Kong SAR",FTRI03,"Research and Development",0.4707,,
2013,344,"China, Hong Kong SAR",FTRI04,"Industry activity",0.8305,,
2013,344,"China, Hong Kong SAR",FTRI05,"Access to finance",0.9858,,
2013,158,"China, Taiwan Province of",FTRI00,"Overall index",0.3368,,
2013,158,"China, Taiwan Province of",FTRI01,"ICT",0.3707,,
2013,158,"China, Taiwan Province of",FTRI02,"Skills",0.0626,,
2013,158,"China, Taiwan Province of",FTRI03,"Research and Development",0.359,,
2013,158,"China, Taiwan Province of",FTRI04,"Industry activity",0.4334,,
2013,158,"China, Taiwan Province of",FTRI05,"Access to finance",0.7361,,
2013,162,"Christmas Island",FTRI00,"Overall index",0.4627,,
2013,162,"Christmas Island",FTRI01,"ICT",0.547,,
2013,162,"Christmas Island",FTRI02,"Skills",0.4063,,
2013,162,"Christmas Island",FTRI03,"Research and Development",0.2277,,
2013,162,"Christmas Island",FTRI04,"Industry activity",0.3157,,
2013,162,"Christmas Island",FTRI05,"Access to finance",0.8246,,
2013,166,"Cocos (Keeling) Islands",FTRI00,"Overall index",0.4545,,
2013,166,"Cocos (Keeling) Islands",FTRI01,"ICT",0.6402,,
2013,166,"Cocos (Keeling) Islands",FTRI02,"Skills",0.3788,,
2013,166,"Cocos (Keeling) Islands",FTRI03,"Research and Development",0.2527,,
2013,166,"Cocos (Keeling) Islands",FTRI04,"Industry activity",0.1518,,
2013,166,"Cocos (Keeling) Islands",FTRI05,"Access to finance",0.83,,
2013,170,"Colombia",FTRI00,"Overall index",0.6327,,
2013,170,"Colombia",FTRI01,"ICT",0.5802,,
2013,170,"Colombia",FTRI02,"Skills",0.6123,,
2013,170,"Colombia",FTRI03,"Research and Development",0.4444,,
2013,170,"Colombia",FTRI04,"Industry activity",0.4502,,
2013,170,"Colombia",FTRI05,"Access to finance",0.8288,,
2013,174,"Comoros",FTRI00,"Overall index",0.2548,,
2013,174,"Comoros",FTRI01,"ICT",0.2696,,
2013,174,"Comoros",FTRI02,"Skills",0.304,,
2013,174,"Comoros",FTRI03,"Research and Development",0.0347,,
2013,174,"Comoros",FTRI04,"Industry activity",0.2306,,
2013,174,"Comoros",FTRI05,"Access to finance",0.7253,,
2013,178,"Congo",FTRI00,"Overall index",0.2237,,
2013,178,"Congo",FTRI01,"ICT",0.2094,,
2013,178,"Congo",FTRI02,"Skills",0.2442,,
2013,178,"Congo",FTRI03,"Research and Development",0.1101,,
2013,178,"Congo",FTRI04,"Industry activity",0.2388,,
2013,178,"Congo",FTRI05,"Access to finance",0.6917,,
2013,184,"Cook Islands",FTRI00,"Overall index",0,,
2013,184,"Cook Islands",FTRI01,"ICT",0.1398,,
2013,184,"Cook Islands",FTRI02,"Skills",0,,
2013,184,"Cook Islands",FTRI03,"Research and Development",0,,
2013,184,"Cook Islands",FTRI04,"Industry activity",0.0749,,
2013,184,"Cook Islands",FTRI05,"Access to finance",0.5026,,
2013,188,"Costa Rica",FTRI00,"Overall index",0.5884,,
2013,188,"Costa Rica",FTRI01,"ICT",0.5022,,
2013,188,"Costa Rica",FTRI02,"Skills",0.4985,,
2013,188,"Costa Rica",FTRI03,"Research and Development",0.181,,
2013,188,"Costa Rica",FTRI04,"Industry activity",0.8624,,
2013,188,"Costa Rica",FTRI05,"Access to finance",0.85,,
2013,384,"Cote d'Ivoire",FTRI00,"Overall index",0.2255,,
2013,384,"Cote d'Ivoire",FTRI01,"ICT",0.2094,,
2013,384,"Cote d'Ivoire",FTRI02,"Skills",0.1295,,
2013,384,"Cote d'Ivoire",FTRI03,"Research and Development",0.0898,,
2013,384,"Cote d'Ivoire",FTRI04,"Industry activity",0.3575,,
2013,384,"Cote d'Ivoire",FTRI05,"Access to finance",0.7356,,
2013,191,"Croatia",FTRI00,"Overall index",0.643,,
2013,191,"Croatia",FTRI01,"ICT",0.7386,,
2013,191,"Croatia",FTRI02,"Skills",0.5891,,
2013,191,"Croatia",FTRI03,"Research and Development",0.2361,,
2013,191,"Croatia",FTRI04,"Industry activity",0.5973,,
2013,191,"Croatia",FTRI05,"Access to finance",0.879,,
2013,192,"Cuba",FTRI00,"Overall index",0.666,,
2013,192,"Cuba",FTRI01,"ICT",0.7471,,
2013,192,"Cuba",FTRI02,"Skills",0.3739,,
2013,192,"Cuba",FTRI03,"Research and Development",0.4259,,
2013,192,"Cuba",FTRI04,"Industry activity",0.6983,,
2013,192,"Cuba",FTRI05,"Access to finance",0.9466,,
2013,196,"Cyprus",FTRI00,"Overall index",0.71,,
2013,196,"Cyprus",FTRI01,"ICT",0.6723,,
2013,196,"Cyprus",FTRI02,"Skills",0.5797,,
2013,196,"Cyprus",FTRI03,"Research and Development",0.2596,,
2013,196,"Cyprus",FTRI04,"Industry activity",0.7564,,
2013,196,"Cyprus",FTRI05,"Access to finance",1,,
2013,203,"Czechia",FTRI00,"Overall index",0.7991,,
2013,203,"Czechia",FTRI01,"ICT",0.6872,,
2013,203,"Czechia",FTRI02,"Skills",0.6922,,
2013,203,"Czechia",FTRI03,"Research and Development",0.5724,,
2013,203,"Czechia",FTRI04,"Industry activity",0.7764,,
2013,203,"Czechia",FTRI05,"Access to finance",0.8516,,
2013,180,"Dem. Rep. of the Congo",FTRI00,"Overall index",0.1829,,
2013,180,"Dem. Rep. of the Congo",FTRI01,"ICT",0.1398,,
2013,180,"Dem. Rep. of the Congo",FTRI02,"Skills",0.1636,,
2013,180,"Dem. Rep. of the Congo",FTRI03,"Research and Development",0.0347,,
2013,180,"Dem. Rep. of the Congo",FTRI04,"Industry activity",0.4773,,
2013,180,"Dem. Rep. of the Congo",FTRI05,"Access to finance",0.6433,,
2013,208,"Denmark",FTRI00,"Overall index",0.9541,,
2013,208,"Denmark",FTRI01,"ICT",0.9287,,
2013,208,"Denmark",FTRI02,"Skills",0.8555,,
2013,208,"Denmark",FTRI03,"Research and Development",0.6442,,
2013,208,"Denmark",FTRI04,"Industry activity",0.7192,,
2013,208,"Denmark",FTRI05,"Access to finance",0.9666,,
2013,262,"Djibouti",FTRI00,"Overall index",0.2631,,
2013,262,"Djibouti",FTRI01,"ICT",0.2878,,
2013,262,"Djibouti",FTRI02,"Skills",0.2483,,
2013,262,"Djibouti",FTRI03,"Research and Development",0,,
2013,262,"Djibouti",FTRI04,"Industry activity",0.3517,,
2013,262,"Djibouti",FTRI05,"Access to finance",0.7757,,
2013,214,"Dominican Republic",FTRI00,"Overall index",0.4196,,
2013,214,"Dominican Republic",FTRI01,"ICT",0.5659,,
2013,214,"Dominican Republic",FTRI02,"Skills",0.4119,,
2013,214,"Dominican Republic",FTRI03,"Research and Development",0.0347,,
2013,214,"Dominican Republic",FTRI04,"Industry activity",0.4549,,
2013,214,"Dominican Republic",FTRI05,"Access to finance",0.7807,,
2013,218,"Ecuador",FTRI00,"Overall index",0.4591,,
2013,218,"Ecuador",FTRI01,"ICT",0.6142,,
2013,218,"Ecuador",FTRI02,"Skills",0.4428,,
2013,218,"Ecuador",FTRI03,"Research and Development",0.1633,,
2013,218,"Ecuador",FTRI04,"Industry activity",0.3052,,
2013,218,"Ecuador",FTRI05,"Access to finance",0.799,,
2013,818,"Egypt",FTRI00,"Overall index",0.4882,,
2013,818,"Egypt",FTRI01,"ICT",0.3884,,
2013,818,"Egypt",FTRI02,"Skills",0.4767,,
2013,818,"Egypt",FTRI03,"Research and Development",0.396,,
2013,818,"Egypt",FTRI04,"Industry activity",0.3739,,
2013,818,"Egypt",FTRI05,"Access to finance",0.7912,,
2013,222,"El Salvador",FTRI00,"Overall index",0.3972,,
2013,222,"El Salvador",FTRI01,"ICT",0.4198,,
2013,222,"El Salvador",FTRI02,"Skills",0.324,,
2013,222,"El Salvador",FTRI03,"Research and Development",0.0695,,
2013,222,"El Salvador",FTRI04,"Industry activity",0.5186,,
2013,222,"El Salvador",FTRI05,"Access to finance",0.8532,,
2013,226,"Equatorial Guinea",FTRI00,"Overall index",0.1614,,
2013,226,"Equatorial Guinea",FTRI01,"ICT",0.3184,,
2013,226,"Equatorial Guinea",FTRI02,"Skills",0.1977,,
2013,226,"Equatorial Guinea",FTRI03,"Research and Development",0,,
2013,226,"Equatorial Guinea",FTRI04,"Industry activity",0.0202,,
2013,226,"Equatorial Guinea",FTRI05,"Access to finance",0.668,,
2013,233,"Estonia",FTRI00,"Overall index",0.7713,,
2013,233,"Estonia",FTRI01,"ICT",0.7808,,
2013,233,"Estonia",FTRI02,"Skills",0.743,,
2013,233,"Estonia",FTRI03,"Research and Development",0.3664,,
2013,233,"Estonia",FTRI04,"Industry activity",0.7058,,
2013,233,"Estonia",FTRI05,"Access to finance",0.8807,,
2013,748,"Eswatini",FTRI00,"Overall index",0.3979,,
2013,748,"Eswatini",FTRI01,"ICT",0.3675,,
2013,748,"Eswatini",FTRI02,"Skills",0.381,,
2013,748,"Eswatini",FTRI03,"Research and Development",0,,
2013,748,"Eswatini",FTRI04,"Industry activity",0.6032,,
2013,748,"Eswatini",FTRI05,"Access to finance",0.7701,,
2013,231,"Ethiopia",FTRI00,"Overall index",0.2251,,
2013,231,"Ethiopia",FTRI01,"ICT",0.2282,,
2013,231,"Ethiopia",FTRI02,"Skills",0.0943,,
2013,231,"Ethiopia",FTRI03,"Research and Development",0.2052,,
2013,231,"Ethiopia",FTRI04,"Industry activity",0.2784,,
2013,231,"Ethiopia",FTRI05,"Access to finance",0.7551,,
2013,242,"Fiji",FTRI00,"Overall index",0.5026,,
2013,242,"Fiji",FTRI01,"ICT",0.7463,,
2013,242,"Fiji",FTRI02,"Skills",0.3945,,
2013,242,"Fiji",FTRI03,"Research and Development",0.1323,,
2013,242,"Fiji",FTRI04,"Industry activity",0.369,,
2013,242,"Fiji",FTRI05,"Access to finance",0.8876,,
2013,246,"Finland",FTRI00,"Overall index",0.9288,,
2013,246,"Finland",FTRI01,"ICT",0.8608,,
2013,246,"Finland",FTRI02,"Skills",0.7768,,
2013,246,"Finland",FTRI03,"Research and Development",0.6257,,
2013,246,"Finland",FTRI04,"Industry activity",0.8143,,
2013,246,"Finland",FTRI05,"Access to finance",0.9074,,
2013,250,"France",FTRI00,"Overall index",0.9469,,
2013,250,"France",FTRI01,"ICT",0.827,,
2013,250,"France",FTRI02,"Skills",0.7229,,
2013,250,"France",FTRI03,"Research and Development",0.8017,,
2013,250,"France",FTRI04,"Industry activity",0.8284,,
2013,250,"France",FTRI05,"Access to finance",0.9104,,
2013,266,"Gabon",FTRI00,"Overall index",0.4075,,
2013,266,"Gabon",FTRI01,"ICT",0.455,,
2013,266,"Gabon",FTRI02,"Skills",0.3246,,
2013,266,"Gabon",FTRI03,"Research and Development",0.0695,,
2013,266,"Gabon",FTRI04,"Industry activity",0.4972,,
2013,266,"Gabon",FTRI05,"Access to finance",0.7399,,
2013,270,"Gambia",FTRI00,"Overall index",0.1973,,
2013,270,"Gambia",FTRI01,"ICT",0.2995,,
2013,270,"Gambia",FTRI02,"Skills",0.1214,,
2013,270,"Gambia",FTRI03,"Research and Development",0.0347,,
2013,270,"Gambia",FTRI04,"Industry activity",0.2932,,
2013,270,"Gambia",FTRI05,"Access to finance",0.7024,,
2013,268,"Georgia",FTRI00,"Overall index",0.5263,,
2013,268,"Georgia",FTRI01,"ICT",0.7073,,
2013,268,"Georgia",FTRI02,"Skills",0.5232,,
2013,268,"Georgia",FTRI03,"Research and Development",0.1323,,
2013,268,"Georgia",FTRI04,"Industry activity",0.3985,,
2013,268,"Georgia",FTRI05,"Access to finance",0.8297,,
2013,276,"Germany",FTRI00,"Overall index",1,,
2013,276,"Germany",FTRI01,"ICT",0.8941,,
2013,276,"Germany",FTRI02,"Skills",0.7638,,
2013,276,"Germany",FTRI03,"Research and Development",0.8644,,
2013,276,"Germany",FTRI04,"Industry activity",0.8505,,
2013,276,"Germany",FTRI05,"Access to finance",0.8962,,
2013,288,"Ghana",FTRI00,"Overall index",0.3749,,
2013,288,"Ghana",FTRI01,"ICT",0.5597,,
2013,288,"Ghana",FTRI02,"Skills",0.2362,,
2013,288,"Ghana",FTRI03,"Research and Development",0.1782,,
2013,288,"Ghana",FTRI04,"Industry activity",0.3179,,
2013,288,"Ghana",FTRI05,"Access to finance",0.7416,,
2013,300,"Greece",FTRI00,"Overall index",0.7409,,
2013,300,"Greece",FTRI01,"ICT",0.7255,,
2013,300,"Greece",FTRI02,"Skills",0.6852,,
2013,300,"Greece",FTRI03,"Research and Development",0.4865,,
2013,300,"Greece",FTRI04,"Industry activity",0.5195,,
2013,300,"Greece",FTRI05,"Access to finance",0.9298,,
2013,320,"Guatemala",FTRI00,"Overall index",0.3617,,
2013,320,"Guatemala",FTRI01,"ICT",0.4007,,
2013,320,"Guatemala",FTRI02,"Skills",0.2399,,
2013,320,"Guatemala",FTRI03,"Research and Development",0.0898,,
2013,320,"Guatemala",FTRI04,"Industry activity",0.4976,,
2013,320,"Guatemala",FTRI05,"Access to finance",0.8126,,
2013,324,"Guinea",FTRI00,"Overall index",0.2407,,
2013,324,"Guinea",FTRI01,"ICT",0.1621,,
2013,324,"Guinea",FTRI02,"Skills",0.1279,,
2013,324,"Guinea",FTRI03,"Research and Development",0,,
2013,324,"Guinea",FTRI04,"Industry activity",0.5731,,
2013,324,"Guinea",FTRI05,"Access to finance",0.6742,,
2013,624,"Guinea-Bissau",FTRI00,"Overall index",0.1526,,
2013,624,"Guinea-Bissau",FTRI01,"ICT",0.1188,,
2013,624,"Guinea-Bissau",FTRI02,"Skills",0.1652,,
2013,624,"Guinea-Bissau",FTRI03,"Research and Development",0,,
2013,624,"Guinea-Bissau",FTRI04,"Industry activity",0.1193,,
2013,624,"Guinea-Bissau",FTRI05,"Access to finance",0.7192,,
2013,328,"Guyana",FTRI00,"Overall index",0.3436,,
2013,328,"Guyana",FTRI01,"ICT",0.3911,,
2013,328,"Guyana",FTRI02,"Skills",0.3443,,
2013,328,"Guyana",FTRI03,"Research and Development",0,,
2013,328,"Guyana",FTRI04,"Industry activity",0.3323,,
2013,328,"Guyana",FTRI05,"Access to finance",0.8094,,
2013,332,"Haiti",FTRI00,"Overall index",0.2176,,
2013,332,"Haiti",FTRI01,"ICT",0.2625,,
2013,332,"Haiti",FTRI02,"Skills",0.2101,,
2013,332,"Haiti",FTRI03,"Research and Development",0,,
2013,332,"Haiti",FTRI04,"Industry activity",0.3384,,
2013,332,"Haiti",FTRI05,"Access to finance",0.7093,,
2013,340,"Honduras",FTRI00,"Overall index",0.2747,,
2013,340,"Honduras",FTRI01,"ICT",0.3246,,
2013,340,"Honduras",FTRI02,"Skills",0.2262,,
2013,340,"Honduras",FTRI03,"Research and Development",0,,
2013,340,"Honduras",FTRI04,"Industry activity",0.2707,,
2013,340,"Honduras",FTRI05,"Access to finance",0.8587,,
2013,348,"Hungary",FTRI00,"Overall index",0.8002,,
2013,348,"Hungary",FTRI01,"ICT",0.8332,,
2013,348,"Hungary",FTRI02,"Skills",0.6434,,
2013,348,"Hungary",FTRI03,"Research and Development",0.4804,,
2013,348,"Hungary",FTRI04,"Industry activity",0.8094,,
2013,348,"Hungary",FTRI05,"Access to finance",0.843,,
2013,352,"Iceland",FTRI00,"Overall index",0.7933,,
2013,352,"Iceland",FTRI01,"ICT",0.8841,,
2013,352,"Iceland",FTRI02,"Skills",0.8965,,
2013,352,"Iceland",FTRI03,"Research and Development",0.2443,,
2013,352,"Iceland",FTRI04,"Industry activity",0.525,,
2013,352,"Iceland",FTRI05,"Access to finance",0.9205,,
2013,356,"India",FTRI00,"Overall index",0.6822,,
2013,356,"India",FTRI01,"ICT",0.472,,
2013,356,"India",FTRI02,"Skills",0.2935,,
2013,356,"India",FTRI03,"Research and Development",0.746,,
2013,356,"India",FTRI04,"Industry activity",0.8159,,
2013,356,"India",FTRI05,"Access to finance",0.8547,,
2013,360,"Indonesia",FTRI00,"Overall index",0.4882,,
2013,360,"Indonesia",FTRI01,"ICT",0.3423,,
2013,360,"Indonesia",FTRI02,"Skills",0.3386,,
2013,360,"Indonesia",FTRI03,"Research and Development",0.3639,,
2013,360,"Indonesia",FTRI04,"Industry activity",0.6342,,
2013,360,"Indonesia",FTRI05,"Access to finance",0.8204,,
2013,364,"Iran (Islamic Republic of)",FTRI00,"Overall index",0.4906,,
2013,364,"Iran (Islamic Republic of)",FTRI01,"ICT",0.3892,,
2013,364,"Iran (Islamic Republic of)",FTRI02,"Skills",0.4796,,
2013,364,"Iran (Islamic Republic of)",FTRI03,"Research and Development",0.4373,,
2013,364,"Iran (Islamic Republic of)",FTRI04,"Industry activity",0.2565,,
2013,364,"Iran (Islamic Republic of)",FTRI05,"Access to finance",0.8399,,
2013,368,"Iraq",FTRI00,"Overall index",0.2565,,
2013,368,"Iraq",FTRI01,"ICT",0.2492,,
2013,368,"Iraq",FTRI02,"Skills",0.3742,,
2013,368,"Iraq",FTRI03,"Research and Development",0.2027,,
2013,368,"Iraq",FTRI04,"Industry activity",0.0084,,
2013,368,"Iraq",FTRI05,"Access to finance",0.6607,,
2013,372,"Ireland",FTRI00,"Overall index",0.9894,,
2013,372,"Ireland",FTRI01,"ICT",0.9904,,
2013,372,"Ireland",FTRI02,"Skills",0.8025,,
2013,372,"Ireland",FTRI03,"Research and Development",0.5317,,
2013,372,"Ireland",FTRI04,"Industry activity",1,,
2013,372,"Ireland",FTRI05,"Access to finance",0.9181,,
2013,376,"Israel",FTRI00,"Overall index",0.8993,,
2013,376,"Israel",FTRI01,"ICT",0.7653,,
2013,376,"Israel",FTRI02,"Skills",0.7444,,
2013,376,"Israel",FTRI03,"Research and Development",0.613,,
2013,376,"Israel",FTRI04,"Industry activity",0.9153,,
2013,376,"Israel",FTRI05,"Access to finance",0.8743,,
2013,380,"Italy",FTRI00,"Overall index",0.8718,,
2013,380,"Italy",FTRI01,"ICT",0.7743,,
2013,380,"Italy",FTRI02,"Skills",0.6646,,
2013,380,"Italy",FTRI03,"Research and Development",0.7468,,
2013,380,"Italy",FTRI04,"Industry activity",0.7307,,
2013,380,"Italy",FTRI05,"Access to finance",0.9053,,
2013,388,"Jamaica",FTRI00,"Overall index",0.4132,,
2013,388,"Jamaica",FTRI01,"ICT",0.5404,,
2013,388,"Jamaica",FTRI02,"Skills",0.431,,
2013,388,"Jamaica",FTRI03,"Research and Development",0.0898,,
2013,388,"Jamaica",FTRI04,"Industry activity",0.2898,,
2013,388,"Jamaica",FTRI05,"Access to finance",0.8028,,
2013,392,"Japan",FTRI00,"Overall index",0.9037,,
2013,392,"Japan",FTRI01,"ICT",0.8732,,
2013,392,"Japan",FTRI02,"Skills",0.5122,,
2013,392,"Japan",FTRI03,"Research and Development",0.8333,,
2013,392,"Japan",FTRI04,"Industry activity",0.7997,,
2013,392,"Japan",FTRI05,"Access to finance",0.9582,,
2013,400,"Jordan",FTRI00,"Overall index",0.5182,,
2013,400,"Jordan",FTRI01,"ICT",0.5536,,
2013,400,"Jordan",FTRI02,"Skills",0.4077,,
2013,400,"Jordan",FTRI03,"Research and Development",0.2477,,
2013,400,"Jordan",FTRI04,"Industry activity",0.5283,,
2013,400,"Jordan",FTRI05,"Access to finance",0.882,,
2013,398,"Kazakhstan",FTRI00,"Overall index",0.5758,,
2013,398,"Kazakhstan",FTRI01,"ICT",0.6045,,
2013,398,"Kazakhstan",FTRI02,"Skills",0.577,,
2013,398,"Kazakhstan",FTRI03,"Research and Development",0.2546,,
2013,398,"Kazakhstan",FTRI04,"Industry activity",0.5141,,
2013,398,"Kazakhstan",FTRI05,"Access to finance",0.8246,,
2013,404,"Kenya",FTRI00,"Overall index",0.3474,,
2013,404,"Kenya",FTRI01,"ICT",0.2906,,
2013,404,"Kenya",FTRI02,"Skills",0.236,,
2013,404,"Kenya",FTRI03,"Research and Development",0.2209,,
2013,404,"Kenya",FTRI04,"Industry activity",0.4443,,
2013,404,"Kenya",FTRI05,"Access to finance",0.7983,,
2013,414,"Kuwait",FTRI00,"Overall index",0.5642,,
2013,414,"Kuwait",FTRI01,"ICT",0.6255,,
2013,414,"Kuwait",FTRI02,"Skills",0.4708,,
2013,414,"Kuwait",FTRI03,"Research and Development",0.1836,,
2013,414,"Kuwait",FTRI04,"Industry activity",0.4724,,
2013,414,"Kuwait",FTRI05,"Access to finance",0.8668,,
2013,417,"Kyrgyzstan",FTRI00,"Overall index",0.3795,,
2013,417,"Kyrgyzstan",FTRI01,"ICT",0.4192,,
2013,417,"Kyrgyzstan",FTRI02,"Skills",0.3574,,
2013,417,"Kyrgyzstan",FTRI03,"Research and Development",0.0695,,
2013,417,"Kyrgyzstan",FTRI04,"Industry activity",0.5078,,
2013,417,"Kyrgyzstan",FTRI05,"Access to finance",0.7438,,
2013,418,"Lao People's Dem. Rep.",FTRI00,"Overall index",0.2839,,
2013,418,"Lao People's Dem. Rep.",FTRI01,"ICT",0.3462,,
2013,418,"Lao People's Dem. Rep.",FTRI02,"Skills",0.2216,,
2013,418,"Lao People's Dem. Rep.",FTRI03,"Research and Development",0.1154,,
2013,418,"Lao People's Dem. Rep.",FTRI04,"Industry activity",0.2735,,
2013,418,"Lao People's Dem. Rep.",FTRI05,"Access to finance",0.7704,,
2013,428,"Latvia",FTRI00,"Overall index",0.7525,,
2013,428,"Latvia",FTRI01,"ICT",0.7735,,
2013,428,"Latvia",FTRI02,"Skills",0.6821,,
2013,428,"Latvia",FTRI03,"Research and Development",0.4028,,
2013,428,"Latvia",FTRI04,"Industry activity",0.6745,,
2013,428,"Latvia",FTRI05,"Access to finance",0.8644,,
2013,422,"Lebanon",FTRI00,"Overall index",0.6202,,
2013,422,"Lebanon",FTRI01,"ICT",0.6174,,
2013,422,"Lebanon",FTRI02,"Skills",0.4693,,
2013,422,"Lebanon",FTRI03,"Research and Development",0.2838,,
2013,422,"Lebanon",FTRI04,"Industry activity",0.6266,,
2013,422,"Lebanon",FTRI05,"Access to finance",0.9078,,
2013,426,"Lesotho",FTRI00,"Overall index",0.3164,,
2013,426,"Lesotho",FTRI01,"ICT",0.3699,,
2013,426,"Lesotho",FTRI02,"Skills",0.2766,,
2013,426,"Lesotho",FTRI03,"Research and Development",0.0347,,
2013,426,"Lesotho",FTRI04,"Industry activity",0.4375,,
2013,426,"Lesotho",FTRI05,"Access to finance",0.766,,
2013,430,"Liberia",FTRI00,"Overall index",0.2431,,
2013,430,"Liberia",FTRI01,"ICT",0.3107,,
2013,430,"Liberia",FTRI02,"Skills",0.2094,,
2013,430,"Liberia",FTRI03,"Research and Development",0.0347,,
2013,430,"Liberia",FTRI04,"Industry activity",0.3752,,
2013,430,"Liberia",FTRI05,"Access to finance",0.718,,
2013,434,"Libya",FTRI00,"Overall index",0.3547,,
2013,434,"Libya",FTRI01,"ICT",0.3813,,
2013,434,"Libya",FTRI02,"Skills",0.5205,,
2013,434,"Libya",FTRI03,"Research and Development",0.0695,,
2013,434,"Libya",FTRI04,"Industry activity",0.1271,,
2013,434,"Libya",FTRI05,"Access to finance",0.7318,,
2013,440,"Lithuania",FTRI00,"Overall index",0.7827,,
2013,440,"Lithuania",FTRI01,"ICT",0.9744,,
2013,440,"Lithuania",FTRI02,"Skills",0.7585,,
2013,440,"Lithuania",FTRI03,"Research and Development",0.3797,,
2013,440,"Lithuania",FTRI04,"Industry activity",0.5481,,
2013,440,"Lithuania",FTRI05,"Access to finance",0.8366,,
2013,442,"Luxembourg",FTRI00,"Overall index",0.8838,,
2013,442,"Luxembourg",FTRI01,"ICT",0.8432,,
2013,442,"Luxembourg",FTRI02,"Skills",0.7718,,
2013,442,"Luxembourg",FTRI03,"Research and Development",0.4048,,
2013,442,"Luxembourg",FTRI04,"Industry activity",0.868,,
2013,442,"Luxembourg",FTRI05,"Access to finance",0.901,,
2013,450,"Madagascar",FTRI00,"Overall index",0.2869,,
2013,450,"Madagascar",FTRI01,"ICT",0.4307,,
2013,450,"Madagascar",FTRI02,"Skills",0.1632,,
2013,450,"Madagascar",FTRI03,"Research and Development",0.0975,,
2013,450,"Madagascar",FTRI04,"Industry activity",0.407,,
2013,450,"Madagascar",FTRI05,"Access to finance",0.712,,
2013,454,"Malawi",FTRI00,"Overall index",0.2625,,
2013,454,"Malawi",FTRI01,"ICT",0.1773,,
2013,454,"Malawi",FTRI02,"Skills",0.1924,,
2013,454,"Malawi",FTRI03,"Research and Development",0.1286,,
2013,454,"Malawi",FTRI04,"Industry activity",0.4435,,
2013,454,"Malawi",FTRI05,"Access to finance",0.6883,,
2013,458,"Malaysia",FTRI00,"Overall index",0.6869,,
2013,458,"Malaysia",FTRI01,"ICT",0.5299,,
2013,458,"Malaysia",FTRI02,"Skills",0.4503,,
2013,458,"Malaysia",FTRI03,"Research and Development",0.5589,,
2013,458,"Malaysia",FTRI04,"Industry activity",0.7762,,
2013,458,"Malaysia",FTRI05,"Access to finance",0.9308,,
2013,462,"Maldives",FTRI00,"Overall index",0.4259,,
2013,462,"Maldives",FTRI01,"ICT",0.625,,
2013,462,"Maldives",FTRI02,"Skills",0.5132,,
2013,462,"Maldives",FTRI03,"Research and Development",0,,
2013,462,"Maldives",FTRI04,"Industry activity",0.2211,,
2013,462,"Maldives",FTRI05,"Access to finance",0.8072,,
2013,466,"Mali",FTRI00,"Overall index",0.253,,
2013,466,"Mali",FTRI01,"ICT",0.3214,,
2013,466,"Mali",FTRI02,"Skills",0.0488,,
2013,466,"Mali",FTRI03,"Research and Development",0.0898,,
2013,466,"Mali",FTRI04,"Industry activity",0.4036,,
2013,466,"Mali",FTRI05,"Access to finance",0.7704,,
2013,470,"Malta",FTRI00,"Overall index",0.7803,,
2013,470,"Malta",FTRI01,"ICT",0.7424,,
2013,470,"Malta",FTRI02,"Skills",0.6741,,
2013,470,"Malta",FTRI03,"Research and Development",0.2331,,
2013,470,"Malta",FTRI04,"Industry activity",0.9292,,
2013,470,"Malta",FTRI05,"Access to finance",0.9161,,
2013,478,"Mauritania",FTRI00,"Overall index",0.1887,,
2013,478,"Mauritania",FTRI01,"ICT",0.2019,,
2013,478,"Mauritania",FTRI02,"Skills",0.1567,,
2013,478,"Mauritania",FTRI03,"Research and Development",0.0695,,
2013,478,"Mauritania",FTRI04,"Industry activity",0.1515,,
2013,478,"Mauritania",FTRI05,"Access to finance",0.7583,,
2013,480,"Mauritius",FTRI00,"Overall index",0.5195,,
2013,480,"Mauritius",FTRI01,"ICT",0.4256,,
2013,480,"Mauritius",FTRI02,"Skills",0.4822,,
2013,480,"Mauritius",FTRI03,"Research and Development",0.1449,,
2013,480,"Mauritius",FTRI04,"Industry activity",0.5767,,
2013,480,"Mauritius",FTRI05,"Access to finance",0.9185,,
2013,175,"Mayotte",FTRI00,"Overall index",0.624,,
2013,175,"Mayotte",FTRI01,"ICT",0.6629,,
2013,175,"Mayotte",FTRI02,"Skills",0.5707,,
2013,175,"Mayotte",FTRI03,"Research and Development",0.4891,,
2013,175,"Mayotte",FTRI04,"Industry activity",0.3327,,
2013,175,"Mayotte",FTRI05,"Access to finance",0.8296,,
2013,484,"Mexico",FTRI00,"Overall index",0.6514,,
2013,484,"Mexico",FTRI01,"ICT",0.5594,,
2013,484,"Mexico",FTRI02,"Skills",0.4406,,
2013,484,"Mexico",FTRI03,"Research and Development",0.5898,,
2013,484,"Mexico",FTRI04,"Industry activity",0.7319,,
2013,484,"Mexico",FTRI05,"Access to finance",0.7967,,
2013,496,"Mongolia",FTRI00,"Overall index",0.4416,,
2013,496,"Mongolia",FTRI01,"ICT",0.4517,,
2013,496,"Mongolia",FTRI02,"Skills",0.5069,,
2013,496,"Mongolia",FTRI03,"Research and Development",0.1246,,
2013,496,"Mongolia",FTRI04,"Industry activity",0.2735,,
2013,496,"Mongolia",FTRI05,"Access to finance",0.867,,
2013,499,"Montenegro",FTRI00,"Overall index",0.5393,,
2013,499,"Montenegro",FTRI01,"ICT",0.5986,,
2013,499,"Montenegro",FTRI02,"Skills",0.6385,,
2013,499,"Montenegro",FTRI03,"Research and Development",0.1202,,
2013,499,"Montenegro",FTRI04,"Industry activity",0.3634,,
2013,499,"Montenegro",FTRI05,"Access to finance",0.8571,,
2013,504,"Morocco",FTRI00,"Overall index",0.5261,,
2013,504,"Morocco",FTRI01,"ICT",0.7175,,
2013,504,"Morocco",FTRI02,"Skills",0.249,,
2013,504,"Morocco",FTRI03,"Research and Development",0.259,,
2013,504,"Morocco",FTRI04,"Industry activity",0.5329,,
2013,504,"Morocco",FTRI05,"Access to finance",0.8976,,
2013,508,"Mozambique",FTRI00,"Overall index",0.2423,,
2013,508,"Mozambique",FTRI01,"ICT",0.2496,,
2013,508,"Mozambique",FTRI02,"Skills",0.15,,
2013,508,"Mozambique",FTRI03,"Research and Development",0.1101,,
2013,508,"Mozambique",FTRI04,"Industry activity",0.3174,,
2013,508,"Mozambique",FTRI05,"Access to finance",0.7913,,
2013,104,"Myanmar",FTRI00,"Overall index",0.1546,,
2013,104,"Myanmar",FTRI01,"ICT",0.114,,
2013,104,"Myanmar",FTRI02,"Skills",0.1706,,
2013,104,"Myanmar",FTRI03,"Research and Development",0.0347,,
2013,104,"Myanmar",FTRI04,"Industry activity",0.2237,,
2013,104,"Myanmar",FTRI05,"Access to finance",0.7256,,
2013,516,"Namibia",FTRI00,"Overall index",0.3854,,
2013,516,"Namibia",FTRI01,"ICT",0.3336,,
2013,516,"Namibia",FTRI02,"Skills",0.3219,,
2013,516,"Namibia",FTRI03,"Research and Development",0.1154,,
2013,516,"Namibia",FTRI04,"Industry activity",0.5,,
2013,516,"Namibia",FTRI05,"Access to finance",0.8754,,
2013,524,"Nepal",FTRI00,"Overall index",0.3796,,
2013,524,"Nepal",FTRI01,"ICT",0.3536,,
2013,524,"Nepal",FTRI02,"Skills",0.2848,,
2013,524,"Nepal",FTRI03,"Research and Development",0.167,,
2013,524,"Nepal",FTRI04,"Industry activity",0.3741,,
2013,524,"Nepal",FTRI05,"Access to finance",0.8513,,
2013,528,"Netherlands (Kingdom of the)",FTRI00,"Overall index",0.973,,
2013,528,"Netherlands (Kingdom of the)",FTRI01,"ICT",0.8434,,
2013,528,"Netherlands (Kingdom of the)",FTRI02,"Skills",0.8313,,
2013,528,"Netherlands (Kingdom of the)",FTRI03,"Research and Development",0.7133,,
2013,528,"Netherlands (Kingdom of the)",FTRI04,"Industry activity",0.8356,,
2013,528,"Netherlands (Kingdom of the)",FTRI05,"Access to finance",0.926,,
2013,554,"New Zealand",FTRI00,"Overall index",0.8939,,
2013,554,"New Zealand",FTRI01,"ICT",0.9295,,
2013,554,"New Zealand",FTRI02,"Skills",0.863,,
2013,554,"New Zealand",FTRI03,"Research and Development",0.546,,
2013,554,"New Zealand",FTRI04,"Industry activity",0.5446,,
2013,554,"New Zealand",FTRI05,"Access to finance",0.9507,,
2013,558,"Nicaragua",FTRI00,"Overall index",0.3028,,
2013,558,"Nicaragua",FTRI01,"ICT",0.372,,
2013,558,"Nicaragua",FTRI02,"Skills",0.2724,,
2013,558,"Nicaragua",FTRI03,"Research and Development",0.0898,,
2013,558,"Nicaragua",FTRI04,"Industry activity",0.203,,
2013,558,"Nicaragua",FTRI05,"Access to finance",0.8091,,
2013,562,"Niger",FTRI00,"Overall index",0.2179,,
2013,562,"Niger",FTRI01,"ICT",0,,
2013,562,"Niger",FTRI02,"Skills",0.0617,,
2013,562,"Niger",FTRI03,"Research and Development",0.0347,,
2013,562,"Niger",FTRI04,"Industry activity",0.8274,,
2013,562,"Niger",FTRI05,"Access to finance",0.7067,,
2013,566,"Nigeria",FTRI00,"Overall index",0.3606,,
2013,566,"Nigeria",FTRI01,"ICT",0.4609,,
2013,566,"Nigeria",FTRI02,"Skills",0.3306,,
2013,566,"Nigeria",FTRI03,"Research and Development",0.2534,,
2013,566,"Nigeria",FTRI04,"Industry activity",0.186,,
2013,566,"Nigeria",FTRI05,"Access to finance",0.7157,,
2013,807,"North Macedonia",FTRI00,"Overall index",0.5627,,
2013,807,"North Macedonia",FTRI01,"ICT",0.7358,,
2013,807,"North Macedonia",FTRI02,"Skills",0.4851,,
2013,807,"North Macedonia",FTRI03,"Research and Development",0.142,,
2013,807,"North Macedonia",FTRI04,"Industry activity",0.503,,
2013,807,"North Macedonia",FTRI05,"Access to finance",0.846,,
2013,578,"Norway",FTRI00,"Overall index",0.8477,,
2013,578,"Norway",FTRI01,"ICT",0.717,,
2013,578,"Norway",FTRI02,"Skills",0.8203,,
2013,578,"Norway",FTRI03,"Research and Development",0.5682,,
2013,578,"Norway",FTRI04,"Industry activity",0.6231,,
2013,578,"Norway",FTRI05,"Access to finance",0.934,,
2013,512,"Oman",FTRI00,"Overall index",0.519,,
2013,512,"Oman",FTRI01,"ICT",0.6741,,
2013,512,"Oman",FTRI02,"Skills",0.4962,,
2013,512,"Oman",FTRI03,"Research and Development",0.2009,,
2013,512,"Oman",FTRI04,"Industry activity",0.3398,,
2013,512,"Oman",FTRI05,"Access to finance",0.8248,,
2013,586,"Pakistan",FTRI00,"Overall index",0.3368,,
2013,586,"Pakistan",FTRI01,"ICT",0.3707,,
2013,586,"Pakistan",FTRI02,"Skills",0.0626,,
2013,586,"Pakistan",FTRI03,"Research and Development",0.359,,
2013,586,"Pakistan",FTRI04,"Industry activity",0.4334,,
2013,586,"Pakistan",FTRI05,"Access to finance",0.7361,,
2013,591,"Panama",FTRI00,"Overall index",0.5555,,
2013,591,"Panama",FTRI01,"ICT",0.5609,,
2013,591,"Panama",FTRI02,"Skills",0.4359,,
2013,591,"Panama",FTRI03,"Research and Development",0.2218,,
2013,591,"Panama",FTRI04,"Industry activity",0.6758,,
2013,591,"Panama",FTRI05,"Access to finance",0.8778,,
2013,598,"Papua New Guinea",FTRI00,"Overall index",0.2883,,
2013,598,"Papua New Guinea",FTRI01,"ICT",0.4304,,
2013,598,"Papua New Guinea",FTRI02,"Skills",0.1651,,
2013,598,"Papua New Guinea",FTRI03,"Research and Development",0.0551,,
2013,598,"Papua New Guinea",FTRI04,"Industry activity",0.3286,,
2013,598,"Papua New Guinea",FTRI05,"Access to finance",0.7871,,
2013,600,"Paraguay",FTRI00,"Overall index",0.3925,,
2013,600,"Paraguay",FTRI01,"ICT",0.5133,,
2013,600,"Paraguay",FTRI02,"Skills",0.404,,
2013,600,"Paraguay",FTRI03,"Research and Development",0.0695,,
2013,600,"Paraguay",FTRI04,"Industry activity",0.3014,,
2013,600,"Paraguay",FTRI05,"Access to finance",0.816,,
2013,604,"Peru",FTRI00,"Overall index",0.4627,,
2013,604,"Peru",FTRI01,"ICT",0.547,,
2013,604,"Peru",FTRI02,"Skills",0.4063,,
2013,604,"Peru",FTRI03,"Research and Development",0.2277,,
2013,604,"Peru",FTRI04,"Industry activity",0.3157,,
2013,604,"Peru",FTRI05,"Access to finance",0.8246,,
2013,608,"Philippines",FTRI00,"Overall index",0.6044,,
2013,608,"Philippines",FTRI01,"ICT",0.6266,,
2013,608,"Philippines",FTRI02,"Skills",0.4092,,
2013,608,"Philippines",FTRI03,"Research and Development",0.2288,,
2013,608,"Philippines",FTRI04,"Industry activity",0.8908,,
2013,608,"Philippines",FTRI05,"Access to finance",0.8159,,
2013,616,"Poland",FTRI00,"Overall index",0.7448,,
2013,616,"Poland",FTRI01,"ICT",0.5397,,
2013,616,"Poland",FTRI02,"Skills",0.647,,
2013,616,"Poland",FTRI03,"Research and Development",0.6271,,
2013,616,"Poland",FTRI04,"Industry activity",0.7038,,
2013,616,"Poland",FTRI05,"Access to finance",0.8539,,
2013,620,"Portugal",FTRI00,"Overall index",0.7986,,
2013,620,"Portugal",FTRI01,"ICT",0.8312,,
2013,620,"Portugal",FTRI02,"Skills",0.6332,,
2013,620,"Portugal",FTRI03,"Research and Development",0.5562,,
2013,620,"Portugal",FTRI04,"Industry activity",0.5939,,
2013,620,"Portugal",FTRI05,"Access to finance",0.947,,
2013,634,"Qatar",FTRI00,"Overall index",0.4545,,
2013,634,"Qatar",FTRI01,"ICT",0.6402,,
2013,634,"Qatar",FTRI02,"Skills",0.3788,,
2013,634,"Qatar",FTRI03,"Research and Development",0.2527,,
2013,634,"Qatar",FTRI04,"Industry activity",0.1518,,
2013,634,"Qatar",FTRI05,"Access to finance",0.83,,
2013,410,"Republic of Korea",FTRI00,"Overall index",0.9774,,
2013,410,"Republic of Korea",FTRI01,"ICT",1,,
2013,410,"Republic of Korea",FTRI02,"Skills",0.7095,,
2013,410,"Republic of Korea",FTRI03,"Research and Development",0.8316,,
2013,410,"Republic of Korea",FTRI04,"Industry activity",0.7621,,
2013,410,"Republic of Korea",FTRI05,"Access to finance",0.9372,,
2013,498,"Republic of Moldova",FTRI00,"Overall index",0.5908,,
2013,498,"Republic of Moldova",FTRI01,"ICT",0.8176,,
2013,498,"Republic of Moldova",FTRI02,"Skills",0.3601,,
2013,498,"Republic of Moldova",FTRI03,"Research and Development",0.3152,,
2013,498,"Republic of Moldova",FTRI04,"Industry activity",0.5554,,
2013,498,"Republic of Moldova",FTRI05,"Access to finance",0.8196,,
2013,642,"Romania",FTRI00,"Overall index",0.7679,,
2013,642,"Romania",FTRI01,"ICT",0.9362,,
2013,642,"Romania",FTRI02,"Skills",0.4971,,
2013,642,"Romania",FTRI03,"Research and Development",0.5603,,
2013,642,"Romania",FTRI04,"Industry activity",0.6883,,
2013,642,"Romania",FTRI05,"Access to finance",0.8155,,
2013,643,"Russian Federation",FTRI00,"Overall index",0.7947,,
2013,643,"Russian Federation",FTRI01,"ICT",0.7613,,
2013,643,"Russian Federation",FTRI02,"Skills",0.6599,,
2013,643,"Russian Federation",FTRI03,"Research and Development",0.6696,,
2013,643,"Russian Federation",FTRI04,"Industry activity",0.5491,,
2013,643,"Russian Federation",FTRI05,"Access to finance",0.8467,,
2013,646,"Rwanda",FTRI00,"Overall index",0.2379,,
2013,646,"Rwanda",FTRI01,"ICT",0.2451,,
2013,646,"Rwanda",FTRI02,"Skills",0.2112,,
2013,646,"Rwanda",FTRI03,"Research and Development",0.0975,,
2013,646,"Rwanda",FTRI04,"Industry activity",0.2763,,
2013,646,"Rwanda",FTRI05,"Access to finance",0.747,,
2013,662,"Saint Lucia",FTRI00,"Overall index",0.476,,
2013,662,"Saint Lucia",FTRI01,"ICT",0.6386,,
2013,662,"Saint Lucia",FTRI02,"Skills",0.4283,,
2013,662,"Saint Lucia",FTRI03,"Research and Development",0,,
2013,662,"Saint Lucia",FTRI04,"Industry activity",0.4845,,
2013,662,"Saint Lucia",FTRI05,"Access to finance",0.9038,,
2013,670,"Saint Vincent and the Grenadines",FTRI00,"Overall index",0.4303,,
2013,670,"Saint Vincent and the Grenadines",FTRI01,"ICT",0.5595,,
2013,670,"Saint Vincent and the Grenadines",FTRI02,"Skills",0.5229,,
2013,670,"Saint Vincent and the Grenadines",FTRI03,"Research and Development",0,,
2013,670,"Saint Vincent and the Grenadines",FTRI04,"Industry activity",0.2353,,
2013,670,"Saint Vincent and the Grenadines",FTRI05,"Access to finance",0.85,,
2013,882,"Samoa",FTRI00,"Overall index",0.3221,,
2013,882,"Samoa",FTRI01,"ICT",0.2917,,
2013,882,"Samoa",FTRI02,"Skills",0.4475,,
2013,882,"Samoa",FTRI03,"Research and Development",0,,
2013,882,"Samoa",FTRI04,"Industry activity",0.4751,,
2013,882,"Samoa",FTRI05,"Access to finance",0.7542,,
2013,678,"Sao Tome and Principe",FTRI00,"Overall index",0.3046,,
2013,678,"Sao Tome and Principe",FTRI01,"ICT",0.4211,,
2013,678,"Sao Tome and Principe",FTRI02,"Skills",0.2692,,
2013,678,"Sao Tome and Principe",FTRI03,"Research and Development",0,,
2013,678,"Sao Tome and Principe",FTRI04,"Industry activity",0.2995,,
2013,678,"Sao Tome and Principe",FTRI05,"Access to finance",0.8211,,
2013,682,"Saudi Arabia",FTRI00,"Overall index",0.624,,
2013,682,"Saudi Arabia",FTRI01,"ICT",0.6629,,
2013,682,"Saudi Arabia",FTRI02,"Skills",0.5707,,
2013,682,"Saudi Arabia",FTRI03,"Research and Development",0.4891,,
2013,682,"Saudi Arabia",FTRI04,"Industry activity",0.3327,,
2013,682,"Saudi Arabia",FTRI05,"Access to finance",0.8296,,
2013,686,"Senegal",FTRI00,"Overall index",0.3404,,
2013,686,"Senegal",FTRI01,"ICT",0.4157,,
2013,686,"Senegal",FTRI02,"Skills",0.1323,,
2013,686,"Senegal",FTRI03,"Research and Development",0.167,,
2013,686,"Senegal",FTRI04,"Industry activity",0.4431,,
2013,686,"Senegal",FTRI05,"Access to finance",0.7915,,
2013,688,"Serbia",FTRI00,"Overall index",0.6656,,
2013,688,"Serbia",FTRI01,"ICT",0.7325,,
2013,688,"Serbia",FTRI02,"Skills",0.5466,,
2013,688,"Serbia",FTRI03,"Research and Development",0.3318,,
2013,688,"Serbia",FTRI04,"Industry activity",0.6481,,
2013,688,"Serbia",FTRI05,"Access to finance",0.8322,,
2013,694,"Sierra Leone",FTRI00,"Overall index",0.0143,,
2013,694,"Sierra Leone",FTRI01,"ICT",0.1853,,
2013,694,"Sierra Leone",FTRI02,"Skills",0.1133,,
2013,694,"Sierra Leone",FTRI03,"Research and Development",0,,
2013,694,"Sierra Leone",FTRI04,"Industry activity",0.5499,,
2013,694,"Sierra Leone",FTRI05,"Access to finance",0,,
2013,702,"Singapore",FTRI00,"Overall index",0.9589,,
2013,702,"Singapore",FTRI01,"ICT",0.9305,,
2013,702,"Singapore",FTRI02,"Skills",0.8313,,
2013,702,"Singapore",FTRI03,"Research and Development",0.5787,,
2013,702,"Singapore",FTRI04,"Industry activity",0.8664,,
2013,702,"Singapore",FTRI05,"Access to finance",0.9339,,
2013,703,"Slovakia",FTRI00,"Overall index",0.7606,,
2013,703,"Slovakia",FTRI01,"ICT",0.7776,,
2013,703,"Slovakia",FTRI02,"Skills",0.607,,
2013,703,"Slovakia",FTRI03,"Research and Development",0.474,,
2013,703,"Slovakia",FTRI04,"Industry activity",0.7624,,
2013,703,"Slovakia",FTRI05,"Access to finance",0.8463,,
2013,705,"Slovenia",FTRI00,"Overall index",0.7477,,
2013,705,"Slovenia",FTRI01,"ICT",0.621,,
2013,705,"Slovenia",FTRI02,"Skills",0.7506,,
2013,705,"Slovenia",FTRI03,"Research and Development",0.4193,,
2013,705,"Slovenia",FTRI04,"Industry activity",0.7215,,
2013,705,"Slovenia",FTRI05,"Access to finance",0.875,,
2013,090,"Solomon Islands",FTRI00,"Overall index",0.2394,,
2013,090,"Solomon Islands",FTRI01,"ICT",0.2324,,
2013,090,"Solomon Islands",FTRI02,"Skills",0.278,,
2013,090,"Solomon Islands",FTRI03,"Research and Development",0,,
2013,090,"Solomon Islands",FTRI04,"Industry activity",0.223,,
2013,090,"Solomon Islands",FTRI05,"Access to finance",0.8014,,
2013,710,"South Africa",FTRI00,"Overall index",0.6539,,
2013,710,"South Africa",FTRI01,"ICT",0.5675,,
2013,710,"South Africa",FTRI02,"Skills",0.4825,,
2013,710,"South Africa",FTRI03,"Research and Development",0.5086,,
2013,710,"South Africa",FTRI04,"Industry activity",0.5398,,
2013,710,"South Africa",FTRI05,"Access to finance",0.9361,,
2013,728,"South Sudan",FTRI00,"Overall index",0,,
2013,728,"South Sudan",FTRI01,"ICT",0.1398,,
2013,728,"South Sudan",FTRI02,"Skills",0,,
2013,728,"South Sudan",FTRI03,"Research and Development",0,,
2013,728,"South Sudan",FTRI04,"Industry activity",0.0749,,
2013,728,"South Sudan",FTRI05,"Access to finance",0.5026,,
2013,724,"Spain",FTRI00,"Overall index",0.8236,,
2013,724,"Spain",FTRI01,"ICT",0.6193,,
2013,724,"Spain",FTRI02,"Skills",0.6768,,
2013,724,"Spain",FTRI03,"Research and Development",0.7305,,
2013,724,"Spain",FTRI04,"Industry activity",0.6693,,
2013,724,"Spain",FTRI05,"Access to finance",0.9492,,
2013,144,"Sri Lanka",FTRI00,"Overall index",0.4038,,
2013,144,"Sri Lanka",FTRI01,"ICT",0.3338,,
2013,144,"Sri Lanka",FTRI02,"Skills",0.3962,,
2013,144,"Sri Lanka",FTRI03,"Research and Development",0.1897,,
2013,144,"Sri Lanka",FTRI04,"Industry activity",0.4186,,
2013,144,"Sri Lanka",FTRI05,"Access to finance",0.8138,,
2013,729,"Sudan",FTRI00,"Overall index",0.2109,,
2013,729,"Sudan",FTRI01,"ICT",0.304,,
2013,729,"Sudan",FTRI02,"Skills",0.1432,,
2013,729,"Sudan",FTRI03,"Research and Development",0.1323,,
2013,729,"Sudan",FTRI04,"Industry activity",0.1804,,
2013,729,"Sudan",FTRI05,"Access to finance",0.7072,,
2013,736,"Sudan (...2011)",FTRI00,"Overall index",,,"Not applicable"
2013,736,"Sudan (...2011)",FTRI01,"ICT",,,"Not applicable"
2013,736,"Sudan (...2011)",FTRI02,"Skills",,,"Not applicable"
2013,736,"Sudan (...2011)",FTRI03,"Research and Development",,,"Not applicable"
2013,736,"Sudan (...2011)",FTRI04,"Industry activity",,,"Not applicable"
2013,736,"Sudan (...2011)",FTRI05,"Access to finance",,,"Not applicable"
2013,740,"Suriname",FTRI00,"Overall index",0.4351,,
2013,740,"Suriname",FTRI01,"ICT",0.7087,,
2013,740,"Suriname",FTRI02,"Skills",0.3963,,
2013,740,"Suriname",FTRI03,"Research and Development",0,,
2013,740,"Suriname",FTRI04,"Industry activity",0.2904,,
2013,740,"Suriname",FTRI05,"Access to finance",0.7966,,
2013,752,"Sweden",FTRI00,"Overall index",0.9533,,
2013,752,"Sweden",FTRI01,"ICT",0.865,,
2013,752,"Sweden",FTRI02,"Skills",0.7627,,
2013,752,"Sweden",FTRI03,"Research and Development",0.6587,,
2013,752,"Sweden",FTRI04,"Industry activity",0.8609,,
2013,752,"Sweden",FTRI05,"Access to finance",0.9385,,
2013,756,"Switzerland",FTRI00,"Overall index",0.9484,,
2013,756,"Switzerland",FTRI01,"ICT",0.79,,
2013,756,"Switzerland",FTRI02,"Skills",0.7273,,
2013,756,"Switzerland",FTRI03,"Research and Development",0.6977,,
2013,756,"Switzerland",FTRI04,"Industry activity",0.9038,,
2013,756,"Switzerland",FTRI05,"Access to finance",0.9596,,
2013,762,"Tajikistan",FTRI00,"Overall index",0.2831,,
2013,762,"Tajikistan",FTRI01,"ICT",0.3141,,
2013,762,"Tajikistan",FTRI02,"Skills",0.3137,,
2013,762,"Tajikistan",FTRI03,"Research and Development",0,,
2013,762,"Tajikistan",FTRI04,"Industry activity",0.3528,,
2013,762,"Tajikistan",FTRI05,"Access to finance",0.7593,,
2013,764,"Thailand",FTRI00,"Overall index",0.666,,
2013,764,"Thailand",FTRI01,"ICT",0.7471,,
2013,764,"Thailand",FTRI02,"Skills",0.3739,,
2013,764,"Thailand",FTRI03,"Research and Development",0.4259,,
2013,764,"Thailand",FTRI04,"Industry activity",0.6983,,
2013,764,"Thailand",FTRI05,"Access to finance",0.9466,,
2013,626,"Timor-Leste",FTRI00,"Overall index",0.2513,,
2013,626,"Timor-Leste",FTRI01,"ICT",0.3309,,
2013,626,"Timor-Leste",FTRI02,"Skills",0.3589,,
2013,626,"Timor-Leste",FTRI03,"Research and Development",0,,
2013,626,"Timor-Leste",FTRI04,"Industry activity",0.0532,,
2013,626,"Timor-Leste",FTRI05,"Access to finance",0.7269,,
2013,768,"Togo",FTRI00,"Overall index",0.2541,,
2013,768,"Togo",FTRI01,"ICT",0.1635,,
2013,768,"Togo",FTRI02,"Skills",0.2735,,
2013,768,"Togo",FTRI03,"Research and Development",0.0807,,
2013,768,"Togo",FTRI04,"Industry activity",0.3161,,
2013,768,"Togo",FTRI05,"Access to finance",0.7947,,
2013,780,"Trinidad and Tobago",FTRI00,"Overall index",0.4003,,
2013,780,"Trinidad and Tobago",FTRI01,"ICT",0.4701,,
2013,780,"Trinidad and Tobago",FTRI02,"Skills",0.464,,
2013,780,"Trinidad and Tobago",FTRI03,"Research and Development",0.0898,,
2013,780,"Trinidad and Tobago",FTRI04,"Industry activity",0.2683,,
2013,780,"Trinidad and Tobago",FTRI05,"Access to finance",0.7921,,
2013,788,"Tunisia",FTRI00,"Overall index",0.6161,,
2013,788,"Tunisia",FTRI01,"ICT",0.6242,,
2013,788,"Tunisia",FTRI02,"Skills",0.4652,,
2013,788,"Tunisia",FTRI03,"Research and Development",0.3909,,
2013,788,"Tunisia",FTRI04,"Industry activity",0.6239,,
2013,788,"Tunisia",FTRI05,"Access to finance",0.864,,
2013,792,"Turkiye",FTRI00,"Overall index",0.607,,
2013,792,"Turkiye",FTRI01,"ICT",0.5668,,
2013,792,"Turkiye",FTRI02,"Skills",0.4789,,
2013,792,"Turkiye",FTRI03,"Research and Development",0.4865,,
2013,792,"Turkiye",FTRI04,"Industry activity",0.4999,,
2013,792,"Turkiye",FTRI05,"Access to finance",0.8676,,
2013,800,"Uganda",FTRI00,"Overall index",0.2956,,
2013,800,"Uganda",FTRI01,"ICT",0.2409,,
2013,800,"Uganda",FTRI02,"Skills",0.2067,,
2013,800,"Uganda",FTRI03,"Research and Development",0.1721,,
2013,800,"Uganda",FTRI04,"Industry activity",0.4962,,
2013,800,"Uganda",FTRI05,"Access to finance",0.7211,,
2013,804,"Ukraine",FTRI00,"Overall index",0.7266,,
2013,804,"Ukraine",FTRI01,"ICT",0.7006,,
2013,804,"Ukraine",FTRI02,"Skills",0.6241,,
2013,804,"Ukraine",FTRI03,"Research and Development",0.5253,,
2013,804,"Ukraine",FTRI04,"Industry activity",0.5578,,
2013,804,"Ukraine",FTRI05,"Access to finance",0.8823,,
2013,784,"United Arab Emirates",FTRI00,"Overall index",0.6248,,
2013,784,"United Arab Emirates",FTRI01,"ICT",0.5819,,
2013,784,"United Arab Emirates",FTRI02,"Skills",0.48,,
2013,784,"United Arab Emirates",FTRI03,"Research and Development",0.309,,
2013,784,"United Arab Emirates",FTRI04,"Industry activity",0.676,,
2013,784,"United Arab Emirates",FTRI05,"Access to finance",0.8949,,
2013,826,"United Kingdom",FTRI00,"Overall index",0.9992,,
2013,826,"United Kingdom",FTRI01,"ICT",0.9019,,
2013,826,"United Kingdom",FTRI02,"Skills",0.7494,,
2013,826,"United Kingdom",FTRI03,"Research and Development",0.7702,,
2013,826,"United Kingdom",FTRI04,"Industry activity",0.8622,,
2013,826,"United Kingdom",FTRI05,"Access to finance",0.9511,,
2013,834,"United Republic of Tanzania",FTRI00,"Overall index",0.2216,,
2013,834,"United Republic of Tanzania",FTRI01,"ICT",0.2229,,
2013,834,"United Republic of Tanzania",FTRI02,"Skills",0.1066,,
2013,834,"United Republic of Tanzania",FTRI03,"Research and Development",0.1721,,
2013,834,"United Republic of Tanzania",FTRI04,"Industry activity",0.3204,,
2013,834,"United Republic of Tanzania",FTRI05,"Access to finance",0.7234,,
2013,840,"United States",FTRI00,"Overall index",0.9929,,
2013,840,"United States",FTRI01,"ICT",0.6828,,
2013,840,"United States",FTRI02,"Skills",0.7649,,
2013,840,"United States",FTRI03,"Research and Development",0.9822,,
2013,840,"United States",FTRI04,"Industry activity",0.8135,,
2013,840,"United States",FTRI05,"Access to finance",0.9702,,
2013,858,"Uruguay",FTRI00,"Overall index",0.5087,,
2013,858,"Uruguay",FTRI01,"ICT",0.5041,,
2013,858,"Uruguay",FTRI02,"Skills",0.5136,,
2013,858,"Uruguay",FTRI03,"Research and Development",0.26,,
2013,858,"Uruguay",FTRI04,"Industry activity",0.4421,,
2013,858,"Uruguay",FTRI05,"Access to finance",0.7845,,
2013,860,"Uzbekistan",FTRI00,"Overall index",0.3735,,
2013,860,"Uzbekistan",FTRI01,"ICT",0.3773,,
2013,860,"Uzbekistan",FTRI02,"Skills",0.3779,,
2013,860,"Uzbekistan",FTRI03,"Research and Development",0.1202,,
2013,860,"Uzbekistan",FTRI04,"Industry activity",0.52,,
2013,860,"Uzbekistan",FTRI05,"Access to finance",0.6962,,
2013,548,"Vanuatu",FTRI00,"Overall index",0.2704,,
2013,548,"Vanuatu",FTRI01,"ICT",0.2702,,
2013,548,"Vanuatu",FTRI02,"Skills",0.2316,,
2013,548,"Vanuatu",FTRI03,"Research and Development",0.0807,,
2013,548,"Vanuatu",FTRI04,"Industry activity",0.1854,,
2013,548,"Vanuatu",FTRI05,"Access to finance",0.8847,,
2013,862,"Venezuela (Bolivarian Rep. of)",FTRI00,"Overall index",0.4355,,
2013,862,"Venezuela (Bolivarian Rep. of)",FTRI01,"ICT",0.5874,,
2013,862,"Venezuela (Bolivarian Rep. of)",FTRI02,"Skills",0.471,,
2013,862,"Venezuela (Bolivarian Rep. of)",FTRI03,"Research and Development",0.2027,,
2013,862,"Venezuela (Bolivarian Rep. of)",FTRI04,"Industry activity",0.0996,,
2013,862,"Venezuela (Bolivarian Rep. of)",FTRI05,"Access to finance",0.8032,,
2013,704,"Viet Nam",FTRI00,"Overall index",0.5481,,
2013,704,"Viet Nam",FTRI01,"ICT",0.6293,,
2013,704,"Viet Nam",FTRI02,"Skills",0.3124,,
2013,704,"Viet Nam",FTRI03,"Research and Development",0.2843,,
2013,704,"Viet Nam",FTRI04,"Industry activity",0.6892,,
2013,704,"Viet Nam",FTRI05,"Access to finance",0.8908,,
2013,887,"Yemen",FTRI00,"Overall index",0.2376,,
2013,887,"Yemen",FTRI01,"ICT",0.3422,,
2013,887,"Yemen",FTRI02,"Skills",0.1796,,
2013,887,"Yemen",FTRI03,"Research and Development",0.1042,,
2013,887,"Yemen",FTRI04,"Industry activity",0.2638,,
2013,887,"Yemen",FTRI05,"Access to finance",0.6499,,
2013,894,"Zambia",FTRI00,"Overall index",0.2384,,
2013,894,"Zambia",FTRI01,"ICT",0.1698,,
2013,894,"Zambia",FTRI02,"Skills",0.2337,,
2013,894,"Zambia",FTRI03,"Research and Development",0.0898,,
2013,894,"Zambia",FTRI04,"Industry activity",0.3358,,
2013,894,"Zambia",FTRI05,"Access to finance",0.7447,,
2013,716,"Zimbabwe",FTRI00,"Overall index",0.291,,
2013,716,"Zimbabwe",FTRI01,"ICT",0.3117,,
2013,716,"Zimbabwe",FTRI02,"Skills",0.2186,,
2013,716,"Zimbabwe",FTRI03,"Research and Development",0.1502,,
2013,716,"Zimbabwe",FTRI04,"Industry activity",0.3039,,
2013,716,"Zimbabwe",FTRI05,"Access to finance",0.7603,,
2014,004,"Afghanistan",FTRI00,"Overall index",0.102,,
2014,004,"Afghanistan",FTRI01,"ICT",0.2169,,
2014,004,"Afghanistan",FTRI02,"Skills",0.1819,,
2014,004,"Afghanistan",FTRI03,"Research and Development",0.0546,,
2014,004,"Afghanistan",FTRI04,"Industry activity",0.276,,
2014,004,"Afghanistan",FTRI05,"Access to finance",0.6168,,
2014,008,"Albania",FTRI00,"Overall index",0.4032,,
2014,008,"Albania",FTRI01,"ICT",0.5575,,
2014,008,"Albania",FTRI02,"Skills",0.4943,,
2014,008,"Albania",FTRI03,"Research and Development",0.1274,,
2014,008,"Albania",FTRI04,"Industry activity",0.3934,,
2014,008,"Albania",FTRI05,"Access to finance",0.8245,,
2014,012,"Algeria",FTRI00,"Overall index",0.3104,,
2014,012,"Algeria",FTRI01,"ICT",0.4365,,
2014,012,"Algeria",FTRI02,"Skills",0.4657,,
2014,012,"Algeria",FTRI03,"Research and Development",0.28,,
2014,012,"Algeria",FTRI04,"Industry activity",0,,
2014,012,"Algeria",FTRI05,"Access to finance",0.7484,,
2014,024,"Angola",FTRI00,"Overall index",0.1376,,
2014,024,"Angola",FTRI01,"ICT",0.3487,,
2014,024,"Angola",FTRI02,"Skills",0.2334,,
2014,024,"Angola",FTRI03,"Research and Development",0.0546,,
2014,024,"Angola",FTRI04,"Industry activity",0.0487,,
2014,024,"Angola",FTRI05,"Access to finance",0.7835,,
2014,032,"Argentina",FTRI00,"Overall index",0.6158,,
2014,032,"Argentina",FTRI01,"ICT",0.6603,,
2014,032,"Argentina",FTRI02,"Skills",0.6212,,
2014,032,"Argentina",FTRI03,"Research and Development",0.4479,,
2014,032,"Argentina",FTRI04,"Industry activity",0.5746,,
2014,032,"Argentina",FTRI05,"Access to finance",0.7301,,
2014,051,"Armenia",FTRI00,"Overall index",0.3832,,
2014,051,"Armenia",FTRI01,"ICT",0.5582,,
2014,051,"Armenia",FTRI02,"Skills",0.373,,
2014,051,"Armenia",FTRI03,"Research and Development",0.1615,,
2014,051,"Armenia",FTRI04,"Industry activity",0.399,,
2014,051,"Armenia",FTRI05,"Access to finance",0.849,,
2014,036,"Australia",FTRI00,"Overall index",0.9043,,
2014,036,"Australia",FTRI01,"ICT",0.7641,,
2014,036,"Australia",FTRI02,"Skills",1,,
2014,036,"Australia",FTRI03,"Research and Development",0.6918,,
2014,036,"Australia",FTRI04,"Industry activity",0.5619,,
2014,036,"Australia",FTRI05,"Access to finance",0.9379,,
2014,040,"Austria",FTRI00,"Overall index",0.8253,,
2014,040,"Austria",FTRI01,"ICT",0.7599,,
2014,040,"Austria",FTRI02,"Skills",0.6962,,
2014,040,"Austria",FTRI03,"Research and Development",0.6279,,
2014,040,"Austria",FTRI04,"Industry activity",0.7825,,
2014,040,"Austria",FTRI05,"Access to finance",0.9026,,
2014,031,"Azerbaijan",FTRI00,"Overall index",0.3761,,
2014,031,"Azerbaijan",FTRI01,"ICT",0.5948,,
2014,031,"Azerbaijan",FTRI02,"Skills",0.4342,,
2014,031,"Azerbaijan",FTRI03,"Research and Development",0.1511,,
2014,031,"Azerbaijan",FTRI04,"Industry activity",0.2649,,
2014,031,"Azerbaijan",FTRI05,"Access to finance",0.8123,,
2014,044,"Bahamas",FTRI00,"Overall index",0.3683,,
2014,044,"Bahamas",FTRI01,"ICT",0.5977,,
2014,044,"Bahamas",FTRI02,"Skills",0.5083,,
2014,044,"Bahamas",FTRI03,"Research and Development",0.0344,,
2014,044,"Bahamas",FTRI04,"Industry activity",0.2301,,
2014,044,"Bahamas",FTRI05,"Access to finance",0.8705,,
2014,048,"Bahrain",FTRI00,"Overall index",0.558,,
2014,048,"Bahrain",FTRI01,"ICT",0.6686,,
2014,048,"Bahrain",FTRI02,"Skills",0.4839,,
2014,048,"Bahrain",FTRI03,"Research and Development",0.1535,,
2014,048,"Bahrain",FTRI04,"Industry activity",0.6253,,
2014,048,"Bahrain",FTRI05,"Access to finance",0.8736,,
2014,050,"Bangladesh",FTRI00,"Overall index",0.2951,,
2014,050,"Bangladesh",FTRI01,"ICT",0.2782,,
2014,050,"Bangladesh",FTRI02,"Skills",0.1792,,
2014,050,"Bangladesh",FTRI03,"Research and Development",0.3538,,
2014,050,"Bangladesh",FTRI04,"Industry activity",0.3907,,
2014,050,"Bangladesh",FTRI05,"Access to finance",0.8386,,
2014,052,"Barbados",FTRI00,"Overall index",0.5899,,
2014,052,"Barbados",FTRI01,"ICT",0.7245,,
2014,052,"Barbados",FTRI02,"Skills",0.6251,,
2014,052,"Barbados",FTRI03,"Research and Development",0.2116,,
2014,052,"Barbados",FTRI04,"Industry activity",0.5603,,
2014,052,"Barbados",FTRI05,"Access to finance",0.8963,,
2014,112,"Belarus",FTRI00,"Overall index",0.5406,,
2014,112,"Belarus",FTRI01,"ICT",0.6192,,
2014,112,"Belarus",FTRI02,"Skills",0.6711,,
2014,112,"Belarus",FTRI03,"Research and Development",0.2118,,
2014,112,"Belarus",FTRI04,"Industry activity",0.548,,
2014,112,"Belarus",FTRI05,"Access to finance",0.7819,,
2014,056,"Belgium",FTRI00,"Overall index",0.9147,,
2014,056,"Belgium",FTRI01,"ICT",0.8647,,
2014,056,"Belgium",FTRI02,"Skills",0.8634,,
2014,056,"Belgium",FTRI03,"Research and Development",0.6233,,
2014,056,"Belgium",FTRI04,"Industry activity",0.7561,,
2014,056,"Belgium",FTRI05,"Access to finance",0.8645,,
2014,084,"Belize",FTRI00,"Overall index",0.2936,,
2014,084,"Belize",FTRI01,"ICT",0.4173,,
2014,084,"Belize",FTRI02,"Skills",0.3744,,
2014,084,"Belize",FTRI03,"Research and Development",0.0344,,
2014,084,"Belize",FTRI04,"Industry activity",0.4051,,
2014,084,"Belize",FTRI05,"Access to finance",0.8412,,
2014,204,"Benin",FTRI00,"Overall index",0.2331,,
2014,204,"Benin",FTRI01,"ICT",0.2527,,
2014,204,"Benin",FTRI02,"Skills",0.2524,,
2014,204,"Benin",FTRI03,"Research and Development",0.1345,,
2014,204,"Benin",FTRI04,"Industry activity",0.5111,,
2014,204,"Benin",FTRI05,"Access to finance",0.7501,,
2014,060,"Bermuda",FTRI00,"Overall index",0.3428,,
2014,060,"Bermuda",FTRI01,"ICT",0.4151,,
2014,060,"Bermuda",FTRI02,"Skills",0.4627,,
2014,060,"Bermuda",FTRI03,"Research and Development",0.1618,,
2014,060,"Bermuda",FTRI04,"Industry activity",0.3074,,
2014,060,"Bermuda",FTRI05,"Access to finance",0.8387,,
2014,064,"Bhutan",FTRI00,"Overall index",0.2785,,
2014,064,"Bhutan",FTRI01,"ICT",0.5422,,
2014,064,"Bhutan",FTRI02,"Skills",0.362,,
2014,064,"Bhutan",FTRI03,"Research and Development",0.0688,,
2014,064,"Bhutan",FTRI04,"Industry activity",0.1201,,
2014,064,"Bhutan",FTRI05,"Access to finance",0.8343,,
2014,068,"Bolivia (Plurinational State of)",FTRI00,"Overall index",0.3428,,
2014,068,"Bolivia (Plurinational State of)",FTRI01,"ICT",0.4151,,
2014,068,"Bolivia (Plurinational State of)",FTRI02,"Skills",0.4627,,
2014,068,"Bolivia (Plurinational State of)",FTRI03,"Research and Development",0.1618,,
2014,068,"Bolivia (Plurinational State of)",FTRI04,"Industry activity",0.3074,,
2014,068,"Bolivia (Plurinational State of)",FTRI05,"Access to finance",0.8387,,
2014,070,"Bosnia and Herzegovina",FTRI00,"Overall index",0.4527,,
2014,070,"Bosnia and Herzegovina",FTRI01,"ICT",0.5999,,
2014,070,"Bosnia and Herzegovina",FTRI02,"Skills",0.4735,,
2014,070,"Bosnia and Herzegovina",FTRI03,"Research and Development",0.1655,,
2014,070,"Bosnia and Herzegovina",FTRI04,"Industry activity",0.4864,,
2014,070,"Bosnia and Herzegovina",FTRI05,"Access to finance",0.8681,,
2014,072,"Botswana",FTRI00,"Overall index",0.3296,,
2014,072,"Botswana",FTRI01,"ICT",0.4619,,
2014,072,"Botswana",FTRI02,"Skills",0.3449,,
2014,072,"Botswana",FTRI03,"Research and Development",0.1345,,
2014,072,"Botswana",FTRI04,"Industry activity",0.3926,,
2014,072,"Botswana",FTRI05,"Access to finance",0.8115,,
2014,074,"Bouvet Island",FTRI00,"Overall index",0.8173,,
2014,074,"Bouvet Island",FTRI01,"ICT",0.543,,
2014,074,"Bouvet Island",FTRI02,"Skills",0.4348,,
2014,074,"Bouvet Island",FTRI03,"Research and Development",1,,
2014,074,"Bouvet Island",FTRI04,"Industry activity",0.8779,,
2014,074,"Bouvet Island",FTRI05,"Access to finance",0.946,,
2014,076,"Brazil",FTRI00,"Overall index",0.6908,,
2014,076,"Brazil",FTRI01,"ICT",0.5581,,
2014,076,"Brazil",FTRI02,"Skills",0.521,,
2014,076,"Brazil",FTRI03,"Research and Development",0.6765,,
2014,076,"Brazil",FTRI04,"Industry activity",0.6753,,
2014,076,"Brazil",FTRI05,"Access to finance",0.8766,,
2014,080,"British Antarctic Territory",FTRI00,"Overall index",0.1703,,
2014,080,"British Antarctic Territory",FTRI01,"ICT",0.261,,
2014,080,"British Antarctic Territory",FTRI02,"Skills",0.1311,,
2014,080,"British Antarctic Territory",FTRI03,"Research and Development",0.1091,,
2014,080,"British Antarctic Territory",FTRI04,"Industry activity",0.3914,,
2014,080,"British Antarctic Territory",FTRI05,"Access to finance",0.7381,,
2014,086,"British Indian Ocean Territory",FTRI00,"Overall index",0.2024,,
2014,086,"British Indian Ocean Territory",FTRI01,"ICT",0.3223,,
2014,086,"British Indian Ocean Territory",FTRI02,"Skills",0.2544,,
2014,086,"British Indian Ocean Territory",FTRI03,"Research and Development",0.0344,,
2014,086,"British Indian Ocean Territory",FTRI04,"Industry activity",0.377,,
2014,086,"British Indian Ocean Territory",FTRI05,"Access to finance",0.7761,,
2014,092,"British Virgin Islands",FTRI00,"Overall index",0.726,,
2014,092,"British Virgin Islands",FTRI01,"ICT",0.7291,,
2014,092,"British Virgin Islands",FTRI02,"Skills",0.7315,,
2014,092,"British Virgin Islands",FTRI03,"Research and Development",0.389,,
2014,092,"British Virgin Islands",FTRI04,"Industry activity",0.7513,,
2014,092,"British Virgin Islands",FTRI05,"Access to finance",0.8783,,
2014,096,"Brunei Darussalam",FTRI00,"Overall index",0.4939,,
2014,096,"Brunei Darussalam",FTRI01,"ICT",0.5848,,
2014,096,"Brunei Darussalam",FTRI02,"Skills",0.6481,,
2014,096,"Brunei Darussalam",FTRI03,"Research and Development",0.1512,,
2014,096,"Brunei Darussalam",FTRI04,"Industry activity",0.5403,,
2014,096,"Brunei Darussalam",FTRI05,"Access to finance",0.8133,,
2014,100,"Bulgaria",FTRI00,"Overall index",0.672,,
2014,100,"Bulgaria",FTRI01,"ICT",0.7634,,
2014,100,"Bulgaria",FTRI02,"Skills",0.5797,,
2014,100,"Bulgaria",FTRI03,"Research and Development",0.4049,,
2014,100,"Bulgaria",FTRI04,"Industry activity",0.6685,,
2014,100,"Bulgaria",FTRI05,"Access to finance",0.8666,,
2014,854,"Burkina Faso",FTRI00,"Overall index",0.1527,,
2014,854,"Burkina Faso",FTRI01,"ICT",0.2021,,
2014,854,"Burkina Faso",FTRI02,"Skills",0.0424,,
2014,854,"Burkina Faso",FTRI03,"Research and Development",0.1234,,
2014,854,"Burkina Faso",FTRI04,"Industry activity",0.477,,
2014,854,"Burkina Faso",FTRI05,"Access to finance",0.781,,
2014,108,"Burundi",FTRI00,"Overall index",0.0454,,
2014,108,"Burundi",FTRI01,"ICT",0,,
2014,108,"Burundi",FTRI02,"Skills",0.1857,,
2014,108,"Burundi",FTRI03,"Research and Development",0.0344,,
2014,108,"Burundi",FTRI04,"Industry activity",0.1818,,
2014,108,"Burundi",FTRI05,"Access to finance",0.7632,,
2014,132,"Cabo Verde",FTRI00,"Overall index",0.3574,,
2014,132,"Cabo Verde",FTRI01,"ICT",0.575,,
2014,132,"Cabo Verde",FTRI02,"Skills",0.3669,,
2014,132,"Cabo Verde",FTRI03,"Research and Development",0.0688,,
2014,132,"Cabo Verde",FTRI04,"Industry activity",0.3651,,
2014,132,"Cabo Verde",FTRI05,"Access to finance",0.8641,,
2014,116,"Cambodia",FTRI00,"Overall index",0.2821,,
2014,116,"Cambodia",FTRI01,"ICT",0.4531,,
2014,116,"Cambodia",FTRI02,"Skills",0.2133,,
2014,116,"Cambodia",FTRI03,"Research and Development",0.089,,
2014,116,"Cambodia",FTRI04,"Industry activity",0.4589,,
2014,116,"Cambodia",FTRI05,"Access to finance",0.8718,,
2014,120,"Cameroon",FTRI00,"Overall index",0.2507,,
2014,120,"Cameroon",FTRI01,"ICT",0.3168,,
2014,120,"Cameroon",FTRI02,"Skills",0.2773,,
2014,120,"Cameroon",FTRI03,"Research and Development",0.1655,,
2014,120,"Cameroon",FTRI04,"Industry activity",0.3725,,
2014,120,"Cameroon",FTRI05,"Access to finance",0.7318,,
2014,124,"Canada",FTRI00,"Overall index",0.8845,,
2014,124,"Canada",FTRI01,"ICT",0.733,,
2014,124,"Canada",FTRI02,"Skills",0.7194,,
2014,124,"Canada",FTRI03,"Research and Development",0.7424,,
2014,124,"Canada",FTRI04,"Industry activity",0.7745,,
2014,124,"Canada",FTRI05,"Access to finance",0.9348,,
2014,136,"Cayman Islands",FTRI00,"Overall index",0.648,,
2014,136,"Cayman Islands",FTRI01,"ICT",0.5759,,
2014,136,"Cayman Islands",FTRI02,"Skills",0.444,,
2014,136,"Cayman Islands",FTRI03,"Research and Development",0.5472,,
2014,136,"Cayman Islands",FTRI04,"Industry activity",0.8062,,
2014,136,"Cayman Islands",FTRI05,"Access to finance",0.9321,,
2014,140,"Central African Republic",FTRI00,"Overall index",0.1729,,
2014,140,"Central African Republic",FTRI01,"ICT",0.2801,,
2014,140,"Central African Republic",FTRI02,"Skills",0.1644,,
2014,140,"Central African Republic",FTRI03,"Research and Development",0.089,,
2014,140,"Central African Republic",FTRI04,"Industry activity",0.3794,,
2014,140,"Central African Republic",FTRI05,"Access to finance",0.7643,,
2014,148,"Chad",FTRI00,"Overall index",0.0312,,
2014,148,"Chad",FTRI01,"ICT",0.1181,,
2014,148,"Chad",FTRI02,"Skills",0.0598,,
2014,148,"Chad",FTRI03,"Research and Development",0,,
2014,148,"Chad",FTRI04,"Industry activity",0.2842,,
2014,148,"Chad",FTRI05,"Access to finance",0.6798,,
2014,152,"Chile",FTRI00,"Overall index",0.6339,,
2014,152,"Chile",FTRI01,"ICT",0.6753,,
2014,152,"Chile",FTRI02,"Skills",0.5751,,
2014,152,"Chile",FTRI03,"Research and Development",0.4884,,
2014,152,"Chile",FTRI04,"Industry activity",0.4404,,
2014,152,"Chile",FTRI05,"Access to finance",0.9229,,
2014,156,"China",FTRI00,"Overall index",0.8173,,
2014,156,"China",FTRI01,"ICT",0.543,,
2014,156,"China",FTRI02,"Skills",0.4348,,
2014,156,"China",FTRI03,"Research and Development",1,,
2014,156,"China",FTRI04,"Industry activity",0.8779,,
2014,156,"China",FTRI05,"Access to finance",0.946,,
2014,344,"China, Hong Kong SAR",FTRI00,"Overall index",0.8934,,
2014,344,"China, Hong Kong SAR",FTRI01,"ICT",1,,
2014,344,"China, Hong Kong SAR",FTRI02,"Skills",0.7017,,
2014,344,"China, Hong Kong SAR",FTRI03,"Research and Development",0.4645,,
2014,344,"China, Hong Kong SAR",FTRI04,"Industry activity",0.8764,,
2014,344,"China, Hong Kong SAR",FTRI05,"Access to finance",0.9929,,
2014,158,"China, Taiwan Province of",FTRI00,"Overall index",0.265,,
2014,158,"China, Taiwan Province of",FTRI01,"ICT",0.3622,,
2014,158,"China, Taiwan Province of",FTRI02,"Skills",0.0613,,
2014,158,"China, Taiwan Province of",FTRI03,"Research and Development",0.3507,,
2014,158,"China, Taiwan Province of",FTRI04,"Industry activity",0.4525,,
2014,158,"China, Taiwan Province of",FTRI05,"Access to finance",0.7339,,
2014,162,"Christmas Island",FTRI00,"Overall index",0.4057,,
2014,162,"Christmas Island",FTRI01,"ICT",0.5229,,
2014,162,"Christmas Island",FTRI02,"Skills",0.4068,,
2014,162,"Christmas Island",FTRI03,"Research and Development",0.2739,,
2014,162,"Christmas Island",FTRI04,"Industry activity",0.3306,,
2014,162,"Christmas Island",FTRI05,"Access to finance",0.8325,,
2014,166,"Cocos (Keeling) Islands",FTRI00,"Overall index",0.3947,,
2014,166,"Cocos (Keeling) Islands",FTRI01,"ICT",0.6178,,
2014,166,"Cocos (Keeling) Islands",FTRI02,"Skills",0.3751,,
2014,166,"Cocos (Keeling) Islands",FTRI03,"Research and Development",0.3017,,
2014,166,"Cocos (Keeling) Islands",FTRI04,"Industry activity",0.1427,,
2014,166,"Cocos (Keeling) Islands",FTRI05,"Access to finance",0.8435,,
2014,170,"Colombia",FTRI00,"Overall index",0.5905,,
2014,170,"Colombia",FTRI01,"ICT",0.5538,,
2014,170,"Colombia",FTRI02,"Skills",0.6359,,
2014,170,"Colombia",FTRI03,"Research and Development",0.4458,,
2014,170,"Colombia",FTRI04,"Industry activity",0.4942,,
2014,170,"Colombia",FTRI05,"Access to finance",0.8358,,
2014,174,"Comoros",FTRI00,"Overall index",0.1694,,
2014,174,"Comoros",FTRI01,"ICT",0.2701,,
2014,174,"Comoros",FTRI02,"Skills",0.3137,,
2014,174,"Comoros",FTRI03,"Research and Development",0,,
2014,174,"Comoros",FTRI04,"Industry activity",0.2683,,
2014,174,"Comoros",FTRI05,"Access to finance",0.7312,,
2014,178,"Congo",FTRI00,"Overall index",0.1664,,
2014,178,"Congo",FTRI01,"ICT",0.2217,,
2014,178,"Congo",FTRI02,"Skills",0.2488,,
2014,178,"Congo",FTRI03,"Research and Development",0.1274,,
2014,178,"Congo",FTRI04,"Industry activity",0.3312,,
2014,178,"Congo",FTRI05,"Access to finance",0.7128,,
2014,184,"Cook Islands",FTRI00,"Overall index",0.0128,,
2014,184,"Cook Islands",FTRI01,"ICT",0.1561,,
2014,184,"Cook Islands",FTRI02,"Skills",0,,
2014,184,"Cook Islands",FTRI03,"Research and Development",0,,
2014,184,"Cook Islands",FTRI04,"Industry activity",0.2141,,
2014,184,"Cook Islands",FTRI05,"Access to finance",0.5451,,
2014,188,"Costa Rica",FTRI00,"Overall index",0.5536,,
2014,188,"Costa Rica",FTRI01,"ICT",0.5547,,
2014,188,"Costa Rica",FTRI02,"Skills",0.4919,,
2014,188,"Costa Rica",FTRI03,"Research and Development",0.1751,,
2014,188,"Costa Rica",FTRI04,"Industry activity",0.8969,,
2014,188,"Costa Rica",FTRI05,"Access to finance",0.8565,,
2014,384,"Cote d'Ivoire",FTRI00,"Overall index",0.1703,,
2014,384,"Cote d'Ivoire",FTRI01,"ICT",0.261,,
2014,384,"Cote d'Ivoire",FTRI02,"Skills",0.1311,,
2014,384,"Cote d'Ivoire",FTRI03,"Research and Development",0.1091,,
2014,384,"Cote d'Ivoire",FTRI04,"Industry activity",0.3914,,
2014,384,"Cote d'Ivoire",FTRI05,"Access to finance",0.7381,,
2014,191,"Croatia",FTRI00,"Overall index",0.6106,,
2014,191,"Croatia",FTRI01,"ICT",0.6886,,
2014,191,"Croatia",FTRI02,"Skills",0.63,,
2014,191,"Croatia",FTRI03,"Research and Development",0.2878,,
2014,191,"Croatia",FTRI04,"Industry activity",0.6322,,
2014,191,"Croatia",FTRI05,"Access to finance",0.8778,,
2014,192,"Cuba",FTRI00,"Overall index",0.6115,,
2014,192,"Cuba",FTRI01,"ICT",0.641,,
2014,192,"Cuba",FTRI02,"Skills",0.3777,,
2014,192,"Cuba",FTRI03,"Research and Development",0.4454,,
2014,192,"Cuba",FTRI04,"Industry activity",0.7545,,
2014,192,"Cuba",FTRI05,"Access to finance",0.9495,,
2014,196,"Cyprus",FTRI00,"Overall index",0.6653,,
2014,196,"Cyprus",FTRI01,"ICT",0.6378,,
2014,196,"Cyprus",FTRI02,"Skills",0.5871,,
2014,196,"Cyprus",FTRI03,"Research and Development",0.3023,,
2014,196,"Cyprus",FTRI04,"Industry activity",0.7368,,
2014,196,"Cyprus",FTRI05,"Access to finance",1,,
2014,203,"Czechia",FTRI00,"Overall index",0.7627,,
2014,203,"Czechia",FTRI01,"ICT",0.6457,,
2014,203,"Czechia",FTRI02,"Skills",0.7119,,
2014,203,"Czechia",FTRI03,"Research and Development",0.5736,,
2014,203,"Czechia",FTRI04,"Industry activity",0.8061,,
2014,203,"Czechia",FTRI05,"Access to finance",0.85,,
2014,180,"Dem. Rep. of the Congo",FTRI00,"Overall index",0.0645,,
2014,180,"Dem. Rep. of the Congo",FTRI01,"ICT",0.1726,,
2014,180,"Dem. Rep. of the Congo",FTRI02,"Skills",0.1694,,
2014,180,"Dem. Rep. of the Congo",FTRI03,"Research and Development",0,,
2014,180,"Dem. Rep. of the Congo",FTRI04,"Industry activity",0.3198,,
2014,180,"Dem. Rep. of the Congo",FTRI05,"Access to finance",0.6511,,
2014,208,"Denmark",FTRI00,"Overall index",0.9262,,
2014,208,"Denmark",FTRI01,"ICT",0.8651,,
2014,208,"Denmark",FTRI02,"Skills",0.8742,,
2014,208,"Denmark",FTRI03,"Research and Development",0.6455,,
2014,208,"Denmark",FTRI04,"Industry activity",0.7624,,
2014,208,"Denmark",FTRI05,"Access to finance",0.9656,,
2014,262,"Djibouti",FTRI00,"Overall index",0.2024,,
2014,262,"Djibouti",FTRI01,"ICT",0.3223,,
2014,262,"Djibouti",FTRI02,"Skills",0.2544,,
2014,262,"Djibouti",FTRI03,"Research and Development",0.0344,,
2014,262,"Djibouti",FTRI04,"Industry activity",0.377,,
2014,262,"Djibouti",FTRI05,"Access to finance",0.7761,,
2014,214,"Dominican Republic",FTRI00,"Overall index",0.3608,,
2014,214,"Dominican Republic",FTRI01,"ICT",0.547,,
2014,214,"Dominican Republic",FTRI02,"Skills",0.4107,,
2014,214,"Dominican Republic",FTRI03,"Research and Development",0.0688,,
2014,214,"Dominican Republic",FTRI04,"Industry activity",0.5068,,
2014,214,"Dominican Republic",FTRI05,"Access to finance",0.7878,,
2014,218,"Ecuador",FTRI00,"Overall index",0.4044,,
2014,218,"Ecuador",FTRI01,"ICT",0.6199,,
2014,218,"Ecuador",FTRI02,"Skills",0.4305,,
2014,218,"Ecuador",FTRI03,"Research and Development",0.1856,,
2014,218,"Ecuador",FTRI04,"Industry activity",0.3485,,
2014,218,"Ecuador",FTRI05,"Access to finance",0.8014,,
2014,818,"Egypt",FTRI00,"Overall index",0.5295,,
2014,818,"Egypt",FTRI01,"ICT",0.6593,,
2014,818,"Egypt",FTRI02,"Skills",0.5019,,
2014,818,"Egypt",FTRI03,"Research and Development",0.3648,,
2014,818,"Egypt",FTRI04,"Industry activity",0.4899,,
2014,818,"Egypt",FTRI05,"Access to finance",0.7893,,
2014,222,"El Salvador",FTRI00,"Overall index",0.3453,,
2014,222,"El Salvador",FTRI01,"ICT",0.4669,,
2014,222,"El Salvador",FTRI02,"Skills",0.3242,,
2014,222,"El Salvador",FTRI03,"Research and Development",0.0799,,
2014,222,"El Salvador",FTRI04,"Industry activity",0.5608,,
2014,222,"El Salvador",FTRI05,"Access to finance",0.8568,,
2014,226,"Equatorial Guinea",FTRI00,"Overall index",0.1517,,
2014,226,"Equatorial Guinea",FTRI01,"ICT",0.3343,,
2014,226,"Equatorial Guinea",FTRI02,"Skills",0.2063,,
2014,226,"Equatorial Guinea",FTRI03,"Research and Development",0,,
2014,226,"Equatorial Guinea",FTRI04,"Industry activity",0.3919,,
2014,226,"Equatorial Guinea",FTRI05,"Access to finance",0.6833,,
2014,233,"Estonia",FTRI00,"Overall index",0.726,,
2014,233,"Estonia",FTRI01,"ICT",0.7291,,
2014,233,"Estonia",FTRI02,"Skills",0.7315,,
2014,233,"Estonia",FTRI03,"Research and Development",0.389,,
2014,233,"Estonia",FTRI04,"Industry activity",0.7513,,
2014,233,"Estonia",FTRI05,"Access to finance",0.8783,,
2014,748,"Eswatini",FTRI00,"Overall index",0.2836,,
2014,748,"Eswatini",FTRI01,"ICT",0.3668,,
2014,748,"Eswatini",FTRI02,"Skills",0.3849,,
2014,748,"Eswatini",FTRI03,"Research and Development",0,,
2014,748,"Eswatini",FTRI04,"Industry activity",0.5057,,
2014,748,"Eswatini",FTRI05,"Access to finance",0.7717,,
2014,231,"Ethiopia",FTRI00,"Overall index",0.1706,,
2014,231,"Ethiopia",FTRI01,"ICT",0.2815,,
2014,231,"Ethiopia",FTRI02,"Skills",0.1009,,
2014,231,"Ethiopia",FTRI03,"Research and Development",0.2176,,
2014,231,"Ethiopia",FTRI04,"Industry activity",0.328,,
2014,231,"Ethiopia",FTRI05,"Access to finance",0.7553,,
2014,242,"Fiji",FTRI00,"Overall index",0.4398,,
2014,242,"Fiji",FTRI01,"ICT",0.6874,,
2014,242,"Fiji",FTRI02,"Skills",0.4033,,
2014,242,"Fiji",FTRI03,"Research and Development",0.1377,,
2014,242,"Fiji",FTRI04,"Industry activity",0.4416,,
2014,242,"Fiji",FTRI05,"Access to finance",0.8854,,
2014,246,"Finland",FTRI00,"Overall index",0.9222,,
2014,246,"Finland",FTRI01,"ICT",0.7843,,
2014,246,"Finland",FTRI02,"Skills",0.8652,,
2014,246,"Finland",FTRI03,"Research and Development",0.626,,
2014,246,"Finland",FTRI04,"Industry activity",0.8312,,
2014,246,"Finland",FTRI05,"Access to finance",0.9081,,
2014,250,"France",FTRI00,"Overall index",0.9151,,
2014,250,"France",FTRI01,"ICT",0.7637,,
2014,250,"France",FTRI02,"Skills",0.7155,,
2014,250,"France",FTRI03,"Research and Development",0.8047,,
2014,250,"France",FTRI04,"Industry activity",0.8489,,
2014,250,"France",FTRI05,"Access to finance",0.9093,,
2014,266,"Gabon",FTRI00,"Overall index",0.3548,,
2014,266,"Gabon",FTRI01,"ICT",0.466,,
2014,266,"Gabon",FTRI02,"Skills",0.3233,,
2014,266,"Gabon",FTRI03,"Research and Development",0.089,,
2014,266,"Gabon",FTRI04,"Industry activity",0.5465,,
2014,266,"Gabon",FTRI05,"Access to finance",0.7372,,
2014,270,"Gambia",FTRI00,"Overall index",0.1119,,
2014,270,"Gambia",FTRI01,"ICT",0.3121,,
2014,270,"Gambia",FTRI02,"Skills",0.1233,,
2014,270,"Gambia",FTRI03,"Research and Development",0.0344,,
2014,270,"Gambia",FTRI04,"Industry activity",0.3273,,
2014,270,"Gambia",FTRI05,"Access to finance",0.6912,,
2014,268,"Georgia",FTRI00,"Overall index",0.4884,,
2014,268,"Georgia",FTRI01,"ICT",0.7188,,
2014,268,"Georgia",FTRI02,"Skills",0.5283,,
2014,268,"Georgia",FTRI03,"Research and Development",0.1377,,
2014,268,"Georgia",FTRI04,"Industry activity",0.4697,,
2014,268,"Georgia",FTRI05,"Access to finance",0.8412,,
2014,276,"Germany",FTRI00,"Overall index",0.9747,,
2014,276,"Germany",FTRI01,"ICT",0.8191,,
2014,276,"Germany",FTRI02,"Skills",0.7655,,
2014,276,"Germany",FTRI03,"Research and Development",0.8648,,
2014,276,"Germany",FTRI04,"Industry activity",0.8673,,
2014,276,"Germany",FTRI05,"Access to finance",0.8935,,
2014,288,"Ghana",FTRI00,"Overall index",0.3017,,
2014,288,"Ghana",FTRI01,"ICT",0.5404,,
2014,288,"Ghana",FTRI02,"Skills",0.233,,
2014,288,"Ghana",FTRI03,"Research and Development",0.1819,,
2014,288,"Ghana",FTRI04,"Industry activity",0.3225,,
2014,288,"Ghana",FTRI05,"Access to finance",0.7488,,
2014,300,"Greece",FTRI00,"Overall index",0.6934,,
2014,300,"Greece",FTRI01,"ICT",0.6792,,
2014,300,"Greece",FTRI02,"Skills",0.694,,
2014,300,"Greece",FTRI03,"Research and Development",0.4921,,
2014,300,"Greece",FTRI04,"Industry activity",0.5733,,
2014,300,"Greece",FTRI05,"Access to finance",0.9294,,
2014,320,"Guatemala",FTRI00,"Overall index",0.3204,,
2014,320,"Guatemala",FTRI01,"ICT",0.4603,,
2014,320,"Guatemala",FTRI02,"Skills",0.2434,,
2014,320,"Guatemala",FTRI03,"Research and Development",0.1091,,
2014,320,"Guatemala",FTRI04,"Industry activity",0.532,,
2014,320,"Guatemala",FTRI05,"Access to finance",0.8141,,
2014,324,"Guinea",FTRI00,"Overall index",0.1575,,
2014,324,"Guinea",FTRI01,"ICT",0.2083,,
2014,324,"Guinea",FTRI02,"Skills",0.1334,,
2014,324,"Guinea",FTRI03,"Research and Development",0.0344,,
2014,324,"Guinea",FTRI04,"Industry activity",0.4061,,
2014,324,"Guinea",FTRI05,"Access to finance",0.702,,
2014,624,"Guinea-Bissau",FTRI00,"Overall index",0.1085,,
2014,624,"Guinea-Bissau",FTRI01,"ICT",0.1337,,
2014,624,"Guinea-Bissau",FTRI02,"Skills",0.1649,,
2014,624,"Guinea-Bissau",FTRI03,"Research and Development",0,,
2014,624,"Guinea-Bissau",FTRI04,"Industry activity",0.3214,,
2014,624,"Guinea-Bissau",FTRI05,"Access to finance",0.7299,,
2014,328,"Guyana",FTRI00,"Overall index",0.3017,,
2014,328,"Guyana",FTRI01,"ICT",0.3924,,
2014,328,"Guyana",FTRI02,"Skills",0.3473,,
2014,328,"Guyana",FTRI03,"Research and Development",0.0799,,
2014,328,"Guyana",FTRI04,"Industry activity",0.3811,,
2014,328,"Guyana",FTRI05,"Access to finance",0.8224,,
2014,332,"Haiti",FTRI00,"Overall index",0.1332,,
2014,332,"Haiti",FTRI01,"ICT",0.2732,,
2014,332,"Haiti",FTRI02,"Skills",0.2112,,
2014,332,"Haiti",FTRI03,"Research and Development",0.0546,,
2014,332,"Haiti",FTRI04,"Industry activity",0.2607,,
2014,332,"Haiti",FTRI05,"Access to finance",0.7148,,
2014,340,"Honduras",FTRI00,"Overall index",0.2239,,
2014,340,"Honduras",FTRI01,"ICT",0.4063,,
2014,340,"Honduras",FTRI02,"Skills",0.2304,,
2014,340,"Honduras",FTRI03,"Research and Development",0,,
2014,340,"Honduras",FTRI04,"Industry activity",0.3279,,
2014,340,"Honduras",FTRI05,"Access to finance",0.8599,,
2014,348,"Hungary",FTRI00,"Overall index",0.7613,,
2014,348,"Hungary",FTRI01,"ICT",0.7687,,
2014,348,"Hungary",FTRI02,"Skills",0.6548,,
2014,348,"Hungary",FTRI03,"Research and Development",0.4929,,
2014,348,"Hungary",FTRI04,"Industry activity",0.8266,,
2014,348,"Hungary",FTRI05,"Access to finance",0.8361,,
2014,352,"Iceland",FTRI00,"Overall index",0.7538,,
2014,352,"Iceland",FTRI01,"ICT",0.8125,,
2014,352,"Iceland",FTRI02,"Skills",0.9196,,
2014,352,"Iceland",FTRI03,"Research and Development",0.2899,,
2014,352,"Iceland",FTRI04,"Industry activity",0.5574,,
2014,352,"Iceland",FTRI05,"Access to finance",0.9094,,
2014,356,"India",FTRI00,"Overall index",0.6428,,
2014,356,"India",FTRI01,"ICT",0.4489,,
2014,356,"India",FTRI02,"Skills",0.295,,
2014,356,"India",FTRI03,"Research and Development",0.7478,,
2014,356,"India",FTRI04,"Industry activity",0.8077,,
2014,356,"India",FTRI05,"Access to finance",0.8544,,
2014,360,"Indonesia",FTRI00,"Overall index",0.4206,,
2014,360,"Indonesia",FTRI01,"ICT",0.3724,,
2014,360,"Indonesia",FTRI02,"Skills",0.3374,,
2014,360,"Indonesia",FTRI03,"Research and Development",0.3276,,
2014,360,"Indonesia",FTRI04,"Industry activity",0.6484,,
2014,360,"Indonesia",FTRI05,"Access to finance",0.8218,,
2014,364,"Iran (Islamic Republic of)",FTRI00,"Overall index",0.421,,
2014,364,"Iran (Islamic Republic of)",FTRI01,"ICT",0.418,,
2014,364,"Iran (Islamic Republic of)",FTRI02,"Skills",0.4771,,
2014,364,"Iran (Islamic Republic of)",FTRI03,"Research and Development",0.3885,,
2014,364,"Iran (Islamic Republic of)",FTRI04,"Industry activity",0.3085,,
2014,364,"Iran (Islamic Republic of)",FTRI05,"Access to finance",0.8491,,
2014,368,"Iraq",FTRI00,"Overall index",0.1917,,
2014,368,"Iraq",FTRI01,"ICT",0.2786,,
2014,368,"Iraq",FTRI02,"Skills",0.3729,,
2014,368,"Iraq",FTRI03,"Research and Development",0.2033,,
2014,368,"Iraq",FTRI04,"Industry activity",0.046,,
2014,368,"Iraq",FTRI05,"Access to finance",0.6673,,
2014,372,"Ireland",FTRI00,"Overall index",0.966,,
2014,372,"Ireland",FTRI01,"ICT",0.9531,,
2014,372,"Ireland",FTRI02,"Skills",0.7998,,
2014,372,"Ireland",FTRI03,"Research and Development",0.5281,,
2014,372,"Ireland",FTRI04,"Industry activity",1,,
2014,372,"Ireland",FTRI05,"Access to finance",0.8948,,
2014,376,"Israel",FTRI00,"Overall index",0.8677,,
2014,376,"Israel",FTRI01,"ICT",0.7157,,
2014,376,"Israel",FTRI02,"Skills",0.7419,,
2014,376,"Israel",FTRI03,"Research and Development",0.6176,,
2014,376,"Israel",FTRI04,"Industry activity",0.9249,,
2014,376,"Israel",FTRI05,"Access to finance",0.8753,,
2014,380,"Italy",FTRI00,"Overall index",0.827,,
2014,380,"Italy",FTRI01,"ICT",0.7065,,
2014,380,"Italy",FTRI02,"Skills",0.6585,,
2014,380,"Italy",FTRI03,"Research and Development",0.7374,,
2014,380,"Italy",FTRI04,"Industry activity",0.7572,,
2014,380,"Italy",FTRI05,"Access to finance",0.9038,,
2014,388,"Jamaica",FTRI00,"Overall index",0.3373,,
2014,388,"Jamaica",FTRI01,"ICT",0.5234,,
2014,388,"Jamaica",FTRI02,"Skills",0.4226,,
2014,388,"Jamaica",FTRI03,"Research and Development",0.1091,,
2014,388,"Jamaica",FTRI04,"Industry activity",0.3044,,
2014,388,"Jamaica",FTRI05,"Access to finance",0.8018,,
2014,392,"Japan",FTRI00,"Overall index",0.8687,,
2014,392,"Japan",FTRI01,"ICT",0.8013,,
2014,392,"Japan",FTRI02,"Skills",0.4963,,
2014,392,"Japan",FTRI03,"Research and Development",0.8242,,
2014,392,"Japan",FTRI04,"Industry activity",0.8329,,
2014,392,"Japan",FTRI05,"Access to finance",0.9596,,
2014,400,"Jordan",FTRI00,"Overall index",0.4578,,
2014,400,"Jordan",FTRI01,"ICT",0.5389,,
2014,400,"Jordan",FTRI02,"Skills",0.4094,,
2014,400,"Jordan",FTRI03,"Research and Development",0.2655,,
2014,400,"Jordan",FTRI04,"Industry activity",0.5691,,
2014,400,"Jordan",FTRI05,"Access to finance",0.8775,,
2014,398,"Kazakhstan",FTRI00,"Overall index",0.5164,,
2014,398,"Kazakhstan",FTRI01,"ICT",0.5801,,
2014,398,"Kazakhstan",FTRI02,"Skills",0.5757,,
2014,398,"Kazakhstan",FTRI03,"Research and Development",0.2615,,
2014,398,"Kazakhstan",FTRI04,"Industry activity",0.5702,,
2014,398,"Kazakhstan",FTRI05,"Access to finance",0.825,,
2014,404,"Kenya",FTRI00,"Overall index",0.2931,,
2014,404,"Kenya",FTRI01,"ICT",0.3188,,
2014,404,"Kenya",FTRI02,"Skills",0.2366,,
2014,404,"Kenya",FTRI03,"Research and Development",0.2194,,
2014,404,"Kenya",FTRI04,"Industry activity",0.4948,,
2014,404,"Kenya",FTRI05,"Access to finance",0.8168,,
2014,414,"Kuwait",FTRI00,"Overall index",0.4971,,
2014,414,"Kuwait",FTRI01,"ICT",0.6004,,
2014,414,"Kuwait",FTRI02,"Skills",0.4715,,
2014,414,"Kuwait",FTRI03,"Research and Development",0.1793,,
2014,414,"Kuwait",FTRI04,"Industry activity",0.4716,,
2014,414,"Kuwait",FTRI05,"Access to finance",0.8788,,
2014,417,"Kyrgyzstan",FTRI00,"Overall index",0.3126,,
2014,417,"Kyrgyzstan",FTRI01,"ICT",0.4302,,
2014,417,"Kyrgyzstan",FTRI02,"Skills",0.358,,
2014,417,"Kyrgyzstan",FTRI03,"Research and Development",0.0546,,
2014,417,"Kyrgyzstan",FTRI04,"Industry activity",0.5257,,
2014,417,"Kyrgyzstan",FTRI05,"Access to finance",0.7668,,
2014,418,"Lao People's Dem. Rep.",FTRI00,"Overall index",0.2223,,
2014,418,"Lao People's Dem. Rep.",FTRI01,"ICT",0.3511,,
2014,418,"Lao People's Dem. Rep.",FTRI02,"Skills",0.2331,,
2014,418,"Lao People's Dem. Rep.",FTRI03,"Research and Development",0.0546,,
2014,418,"Lao People's Dem. Rep.",FTRI04,"Industry activity",0.4766,,
2014,418,"Lao People's Dem. Rep.",FTRI05,"Access to finance",0.7707,,
2014,428,"Latvia",FTRI00,"Overall index",0.7008,,
2014,428,"Latvia",FTRI01,"ICT",0.717,,
2014,428,"Latvia",FTRI02,"Skills",0.6951,,
2014,428,"Latvia",FTRI03,"Research and Development",0.3976,,
2014,428,"Latvia",FTRI04,"Industry activity",0.71,,
2014,428,"Latvia",FTRI05,"Access to finance",0.8534,,
2014,422,"Lebanon",FTRI00,"Overall index",0.5663,,
2014,422,"Lebanon",FTRI01,"ICT",0.6438,,
2014,422,"Lebanon",FTRI02,"Skills",0.4644,,
2014,422,"Lebanon",FTRI03,"Research and Development",0.2726,,
2014,422,"Lebanon",FTRI04,"Industry activity",0.6144,,
2014,422,"Lebanon",FTRI05,"Access to finance",0.9132,,
2014,426,"Lesotho",FTRI00,"Overall index",0.2504,,
2014,426,"Lesotho",FTRI01,"ICT",0.4532,,
2014,426,"Lesotho",FTRI02,"Skills",0.2606,,
2014,426,"Lesotho",FTRI03,"Research and Development",0.0688,,
2014,426,"Lesotho",FTRI04,"Industry activity",0.3694,,
2014,426,"Lesotho",FTRI05,"Access to finance",0.7634,,
2014,430,"Liberia",FTRI00,"Overall index",0.1124,,
2014,430,"Liberia",FTRI01,"ICT",0.3433,,
2014,430,"Liberia",FTRI02,"Skills",0.2086,,
2014,430,"Liberia",FTRI03,"Research and Development",0,,
2014,430,"Liberia",FTRI04,"Industry activity",0.143,,
2014,430,"Liberia",FTRI05,"Access to finance",0.715,,
2014,434,"Libya",FTRI00,"Overall index",0.3374,,
2014,434,"Libya",FTRI01,"ICT",0.3779,,
2014,434,"Libya",FTRI02,"Skills",0.5168,,
2014,434,"Libya",FTRI03,"Research and Development",0.0688,,
2014,434,"Libya",FTRI04,"Industry activity",0.2832,,
2014,434,"Libya",FTRI05,"Access to finance",0.7633,,
2014,440,"Lithuania",FTRI00,"Overall index",0.743,,
2014,440,"Lithuania",FTRI01,"ICT",0.9362,,
2014,440,"Lithuania",FTRI02,"Skills",0.7536,,
2014,440,"Lithuania",FTRI03,"Research and Development",0.3608,,
2014,440,"Lithuania",FTRI04,"Industry activity",0.6094,,
2014,440,"Lithuania",FTRI05,"Access to finance",0.8323,,
2014,442,"Luxembourg",FTRI00,"Overall index",0.8604,,
2014,442,"Luxembourg",FTRI01,"ICT",0.7779,,
2014,442,"Luxembourg",FTRI02,"Skills",0.7859,,
2014,442,"Luxembourg",FTRI03,"Research and Development",0.4503,,
2014,442,"Luxembourg",FTRI04,"Industry activity",0.8471,,
2014,442,"Luxembourg",FTRI05,"Access to finance",0.9013,,
2014,450,"Madagascar",FTRI00,"Overall index",0.1879,,
2014,450,"Madagascar",FTRI01,"ICT",0.4036,,
2014,450,"Madagascar",FTRI02,"Skills",0.1596,,
2014,450,"Madagascar",FTRI03,"Research and Development",0.0966,,
2014,450,"Madagascar",FTRI04,"Industry activity",0.3058,,
2014,450,"Madagascar",FTRI05,"Access to finance",0.7169,,
2014,454,"Malawi",FTRI00,"Overall index",0.1978,,
2014,454,"Malawi",FTRI01,"ICT",0.1987,,
2014,454,"Malawi",FTRI02,"Skills",0.1912,,
2014,454,"Malawi",FTRI03,"Research and Development",0.1345,,
2014,454,"Malawi",FTRI04,"Industry activity",0.5089,,
2014,454,"Malawi",FTRI05,"Access to finance",0.6802,,
2014,458,"Malaysia",FTRI00,"Overall index",0.648,,
2014,458,"Malaysia",FTRI01,"ICT",0.5759,,
2014,458,"Malaysia",FTRI02,"Skills",0.444,,
2014,458,"Malaysia",FTRI03,"Research and Development",0.5472,,
2014,458,"Malaysia",FTRI04,"Industry activity",0.8062,,
2014,458,"Malaysia",FTRI05,"Access to finance",0.9321,,
2014,462,"Maldives",FTRI00,"Overall index",0.3419,,
2014,462,"Maldives",FTRI01,"ICT",0.5984,,
2014,462,"Maldives",FTRI02,"Skills",0.5135,,
2014,462,"Maldives",FTRI03,"Research and Development",0,,
2014,462,"Maldives",FTRI04,"Industry activity",0.2283,,
2014,462,"Maldives",FTRI05,"Access to finance",0.8006,,
2014,466,"Mali",FTRI00,"Overall index",0.1539,,
2014,466,"Mali",FTRI01,"ICT",0.2199,,
2014,466,"Mali",FTRI02,"Skills",0.0372,,
2014,466,"Mali",FTRI03,"Research and Development",0.1191,,
2014,466,"Mali",FTRI04,"Industry activity",0.4278,,
2014,466,"Mali",FTRI05,"Access to finance",0.7756,,
2014,470,"Malta",FTRI00,"Overall index",0.7831,,
2014,470,"Malta",FTRI01,"ICT",0.8473,,
2014,470,"Malta",FTRI02,"Skills",0.6833,,
2014,470,"Malta",FTRI03,"Research and Development",0.2388,,
2014,470,"Malta",FTRI04,"Industry activity",0.9127,,
2014,470,"Malta",FTRI05,"Access to finance",0.9117,,
2014,478,"Mauritania",FTRI00,"Overall index",0.1729,,
2014,478,"Mauritania",FTRI01,"ICT",0.2801,,
2014,478,"Mauritania",FTRI02,"Skills",0.1644,,
2014,478,"Mauritania",FTRI03,"Research and Development",0.089,,
2014,478,"Mauritania",FTRI04,"Industry activity",0.3794,,
2014,478,"Mauritania",FTRI05,"Access to finance",0.7643,,
2014,480,"Mauritius",FTRI00,"Overall index",0.4898,,
2014,480,"Mauritius",FTRI01,"ICT",0.4851,,
2014,480,"Mauritius",FTRI02,"Skills",0.5068,,
2014,480,"Mauritius",FTRI03,"Research and Development",0.1462,,
2014,480,"Mauritius",FTRI04,"Industry activity",0.6683,,
2014,480,"Mauritius",FTRI05,"Access to finance",0.9118,,
2014,175,"Mayotte",FTRI00,"Overall index",0.5719,,
2014,175,"Mayotte",FTRI01,"ICT",0.6298,,
2014,175,"Mayotte",FTRI02,"Skills",0.5802,,
2014,175,"Mayotte",FTRI03,"Research and Development",0.5133,,
2014,175,"Mayotte",FTRI04,"Industry activity",0.3345,,
2014,175,"Mayotte",FTRI05,"Access to finance",0.8386,,
2014,484,"Mexico",FTRI00,"Overall index",0.6468,,
2014,484,"Mexico",FTRI01,"ICT",0.6551,,
2014,484,"Mexico",FTRI02,"Skills",0.4454,,
2014,484,"Mexico",FTRI03,"Research and Development",0.5837,,
2014,484,"Mexico",FTRI04,"Industry activity",0.7695,,
2014,484,"Mexico",FTRI05,"Access to finance",0.7981,,
2014,496,"Mongolia",FTRI00,"Overall index",0.3661,,
2014,496,"Mongolia",FTRI01,"ICT",0.4419,,
2014,496,"Mongolia",FTRI02,"Skills",0.5143,,
2014,496,"Mongolia",FTRI03,"Research and Development",0.0966,,
2014,496,"Mongolia",FTRI04,"Industry activity",0.3319,,
2014,496,"Mongolia",FTRI05,"Access to finance",0.8667,,
2014,499,"Montenegro",FTRI00,"Overall index",0.4701,,
2014,499,"Montenegro",FTRI01,"ICT",0.5763,,
2014,499,"Montenegro",FTRI02,"Skills",0.659,,
2014,499,"Montenegro",FTRI03,"Research and Development",0.1091,,
2014,499,"Montenegro",FTRI04,"Industry activity",0.3931,,
2014,499,"Montenegro",FTRI05,"Access to finance",0.8546,,
2014,504,"Morocco",FTRI00,"Overall index",0.4924,,
2014,504,"Morocco",FTRI01,"ICT",0.6668,,
2014,504,"Morocco",FTRI02,"Skills",0.2566,,
2014,504,"Morocco",FTRI03,"Research and Development",0.3589,,
2014,504,"Morocco",FTRI04,"Industry activity",0.5621,,
2014,504,"Morocco",FTRI05,"Access to finance",0.8983,,
2014,508,"Mozambique",FTRI00,"Overall index",0.1583,,
2014,508,"Mozambique",FTRI01,"ICT",0.2527,,
2014,508,"Mozambique",FTRI02,"Skills",0.1681,,
2014,508,"Mozambique",FTRI03,"Research and Development",0.089,,
2014,508,"Mozambique",FTRI04,"Industry activity",0.3314,,
2014,508,"Mozambique",FTRI05,"Access to finance",0.8045,,
2014,104,"Myanmar",FTRI00,"Overall index",0.1492,,
2014,104,"Myanmar",FTRI01,"ICT",0.2754,,
2014,104,"Myanmar",FTRI02,"Skills",0.1764,,
2014,104,"Myanmar",FTRI03,"Research and Development",0.0966,,
2014,104,"Myanmar",FTRI04,"Industry activity",0.2494,,
2014,104,"Myanmar",FTRI05,"Access to finance",0.7435,,
2014,516,"Namibia",FTRI00,"Overall index",0.2855,,
2014,516,"Namibia",FTRI01,"ICT",0.3066,,
2014,516,"Namibia",FTRI02,"Skills",0.3126,,
2014,516,"Namibia",FTRI03,"Research and Development",0.089,,
2014,516,"Namibia",FTRI04,"Industry activity",0.5243,,
2014,516,"Namibia",FTRI05,"Access to finance",0.8761,,
2014,524,"Nepal",FTRI00,"Overall index",0.3171,,
2014,524,"Nepal",FTRI01,"ICT",0.3603,,
2014,524,"Nepal",FTRI02,"Skills",0.2936,,
2014,524,"Nepal",FTRI03,"Research and Development",0.1868,,
2014,524,"Nepal",FTRI04,"Industry activity",0.3804,,
2014,524,"Nepal",FTRI05,"Access to finance",0.8589,,
2014,528,"Netherlands (Kingdom of the)",FTRI00,"Overall index",0.956,,
2014,528,"Netherlands (Kingdom of the)",FTRI01,"ICT",0.7909,,
2014,528,"Netherlands (Kingdom of the)",FTRI02,"Skills",0.8381,,
2014,528,"Netherlands (Kingdom of the)",FTRI03,"Research and Development",0.7155,,
2014,528,"Netherlands (Kingdom of the)",FTRI04,"Industry activity",0.8715,,
2014,528,"Netherlands (Kingdom of the)",FTRI05,"Access to finance",0.9289,,
2014,554,"New Zealand",FTRI00,"Overall index",0.8458,,
2014,554,"New Zealand",FTRI01,"ICT",0.8466,,
2014,554,"New Zealand",FTRI02,"Skills",0.8671,,
2014,554,"New Zealand",FTRI03,"Research and Development",0.5534,,
2014,554,"New Zealand",FTRI04,"Industry activity",0.561,,
2014,554,"New Zealand",FTRI05,"Access to finance",0.9516,,
2014,558,"Nicaragua",FTRI00,"Overall index",0.2078,,
2014,558,"Nicaragua",FTRI01,"ICT",0.3754,,
2014,558,"Nicaragua",FTRI02,"Skills",0.281,,
2014,558,"Nicaragua",FTRI03,"Research and Development",0,,
2014,558,"Nicaragua",FTRI04,"Industry activity",0.2683,,
2014,558,"Nicaragua",FTRI05,"Access to finance",0.8151,,
2014,562,"Niger",FTRI00,"Overall index",0.1743,,
2014,562,"Niger",FTRI01,"ICT",0.0208,,
2014,562,"Niger",FTRI02,"Skills",0.0694,,
2014,562,"Niger",FTRI03,"Research and Development",0.089,,
2014,562,"Niger",FTRI04,"Industry activity",0.8646,,
2014,562,"Niger",FTRI05,"Access to finance",0.7087,,
2014,566,"Nigeria",FTRI00,"Overall index",0.288,,
2014,566,"Nigeria",FTRI01,"ICT",0.4479,,
2014,566,"Nigeria",FTRI02,"Skills",0.322,,
2014,566,"Nigeria",FTRI03,"Research and Development",0.2556,,
2014,566,"Nigeria",FTRI04,"Industry activity",0.2138,,
2014,566,"Nigeria",FTRI05,"Access to finance",0.7289,,
2014,807,"North Macedonia",FTRI00,"Overall index",0.5042,,
2014,807,"North Macedonia",FTRI01,"ICT",0.6877,,
2014,807,"North Macedonia",FTRI02,"Skills",0.4666,,
2014,807,"North Macedonia",FTRI03,"Research and Development",0.1705,,
2014,807,"North Macedonia",FTRI04,"Industry activity",0.5578,,
2014,807,"North Macedonia",FTRI05,"Access to finance",0.8519,,
2014,578,"Norway",FTRI00,"Overall index",0.8358,,
2014,578,"Norway",FTRI01,"ICT",0.7582,,
2014,578,"Norway",FTRI02,"Skills",0.8344,,
2014,578,"Norway",FTRI03,"Research and Development",0.5675,,
2014,578,"Norway",FTRI04,"Industry activity",0.6553,,
2014,578,"Norway",FTRI05,"Access to finance",0.9378,,
2014,512,"Oman",FTRI00,"Overall index",0.4449,,
2014,512,"Oman",FTRI01,"ICT",0.6393,,
2014,512,"Oman",FTRI02,"Skills",0.4717,,
2014,512,"Oman",FTRI03,"Research and Development",0.2025,,
2014,512,"Oman",FTRI04,"Industry activity",0.3812,,
2014,512,"Oman",FTRI05,"Access to finance",0.8327,,
2014,586,"Pakistan",FTRI00,"Overall index",0.265,,
2014,586,"Pakistan",FTRI01,"ICT",0.3622,,
2014,586,"Pakistan",FTRI02,"Skills",0.0613,,
2014,586,"Pakistan",FTRI03,"Research and Development",0.3507,,
2014,586,"Pakistan",FTRI04,"Industry activity",0.4525,,
2014,586,"Pakistan",FTRI05,"Access to finance",0.7339,,
2014,591,"Panama",FTRI00,"Overall index",0.4944,,
2014,591,"Panama",FTRI01,"ICT",0.5356,,
2014,591,"Panama",FTRI02,"Skills",0.4362,,
2014,591,"Panama",FTRI03,"Research and Development",0.2473,,
2014,591,"Panama",FTRI04,"Industry activity",0.664,,
2014,591,"Panama",FTRI05,"Access to finance",0.898,,
2014,598,"Papua New Guinea",FTRI00,"Overall index",0.2325,,
2014,598,"Papua New Guinea",FTRI01,"ICT",0.4166,,
2014,598,"Papua New Guinea",FTRI02,"Skills",0.1764,,
2014,598,"Papua New Guinea",FTRI03,"Research and Development",0.0688,,
2014,598,"Papua New Guinea",FTRI04,"Industry activity",0.3952,,
2014,598,"Papua New Guinea",FTRI05,"Access to finance",0.7779,,
2014,600,"Paraguay",FTRI00,"Overall index",0.3291,,
2014,600,"Paraguay",FTRI01,"ICT",0.509,,
2014,600,"Paraguay",FTRI02,"Skills",0.4095,,
2014,600,"Paraguay",FTRI03,"Research and Development",0.0966,,
2014,600,"Paraguay",FTRI04,"Industry activity",0.3297,,
2014,600,"Paraguay",FTRI05,"Access to finance",0.826,,
2014,604,"Peru",FTRI00,"Overall index",0.4057,,
2014,604,"Peru",FTRI01,"ICT",0.5229,,
2014,604,"Peru",FTRI02,"Skills",0.4068,,
2014,604,"Peru",FTRI03,"Research and Development",0.2739,,
2014,604,"Peru",FTRI04,"Industry activity",0.3306,,
2014,604,"Peru",FTRI05,"Access to finance",0.8325,,
2014,608,"Philippines",FTRI00,"Overall index",0.6143,,
2014,608,"Philippines",FTRI01,"ICT",0.5883,,
2014,608,"Philippines",FTRI02,"Skills",0.4252,,
2014,608,"Philippines",FTRI03,"Research and Development",0.4002,,
2014,608,"Philippines",FTRI04,"Industry activity",0.9146,,
2014,608,"Philippines",FTRI05,"Access to finance",0.8247,,
2014,616,"Poland",FTRI00,"Overall index",0.7196,,
2014,616,"Poland",FTRI01,"ICT",0.529,,
2014,616,"Poland",FTRI02,"Skills",0.685,,
2014,616,"Poland",FTRI03,"Research and Development",0.6328,,
2014,616,"Poland",FTRI04,"Industry activity",0.7415,,
2014,616,"Poland",FTRI05,"Access to finance",0.8562,,
2014,620,"Portugal",FTRI00,"Overall index",0.7539,,
2014,620,"Portugal",FTRI01,"ICT",0.7642,,
2014,620,"Portugal",FTRI02,"Skills",0.6447,,
2014,620,"Portugal",FTRI03,"Research and Development",0.5586,,
2014,620,"Portugal",FTRI04,"Industry activity",0.6342,,
2014,620,"Portugal",FTRI05,"Access to finance",0.9389,,
2014,634,"Qatar",FTRI00,"Overall index",0.3947,,
2014,634,"Qatar",FTRI01,"ICT",0.6178,,
2014,634,"Qatar",FTRI02,"Skills",0.3751,,
2014,634,"Qatar",FTRI03,"Research and Development",0.3017,,
2014,634,"Qatar",FTRI04,"Industry activity",0.1427,,
2014,634,"Qatar",FTRI05,"Access to finance",0.8435,,
2014,410,"Republic of Korea",FTRI00,"Overall index",0.9484,,
2014,410,"Republic of Korea",FTRI01,"ICT",0.9065,,
2014,410,"Republic of Korea",FTRI02,"Skills",0.7055,,
2014,410,"Republic of Korea",FTRI03,"Research and Development",0.8248,,
2014,410,"Republic of Korea",FTRI04,"Industry activity",0.8094,,
2014,410,"Republic of Korea",FTRI05,"Access to finance",0.9402,,
2014,498,"Republic of Moldova",FTRI00,"Overall index",0.5569,,
2014,498,"Republic of Moldova",FTRI01,"ICT",0.8372,,
2014,498,"Republic of Moldova",FTRI02,"Skills",0.3514,,
2014,498,"Republic of Moldova",FTRI03,"Research and Development",0.3048,,
2014,498,"Republic of Moldova",FTRI04,"Industry activity",0.6008,,
2014,498,"Republic of Moldova",FTRI05,"Access to finance",0.8081,,
2014,642,"Romania",FTRI00,"Overall index",0.7377,,
2014,642,"Romania",FTRI01,"ICT",0.9029,,
2014,642,"Romania",FTRI02,"Skills",0.4829,,
2014,642,"Romania",FTRI03,"Research and Development",0.5623,,
2014,642,"Romania",FTRI04,"Industry activity",0.713,,
2014,642,"Romania",FTRI05,"Access to finance",0.8072,,
2014,643,"Russian Federation",FTRI00,"Overall index",0.7939,,
2014,643,"Russian Federation",FTRI01,"ICT",0.7911,,
2014,643,"Russian Federation",FTRI02,"Skills",0.6697,,
2014,643,"Russian Federation",FTRI03,"Research and Development",0.6826,,
2014,643,"Russian Federation",FTRI04,"Industry activity",0.5842,,
2014,643,"Russian Federation",FTRI05,"Access to finance",0.8595,,
2014,646,"Rwanda",FTRI00,"Overall index",0.1843,,
2014,646,"Rwanda",FTRI01,"ICT",0.3184,,
2014,646,"Rwanda",FTRI02,"Skills",0.1921,,
2014,646,"Rwanda",FTRI03,"Research and Development",0.0799,,
2014,646,"Rwanda",FTRI04,"Industry activity",0.4004,,
2014,646,"Rwanda",FTRI05,"Access to finance",0.7549,,
2014,662,"Saint Lucia",FTRI00,"Overall index",0.382,,
2014,662,"Saint Lucia",FTRI01,"ICT",0.6072,,
2014,662,"Saint Lucia",FTRI02,"Skills",0.4056,,
2014,662,"Saint Lucia",FTRI03,"Research and Development",0,,
2014,662,"Saint Lucia",FTRI04,"Industry activity",0.4835,,
2014,662,"Saint Lucia",FTRI05,"Access to finance",0.8936,,
2014,670,"Saint Vincent and the Grenadines",FTRI00,"Overall index",0.3516,,
2014,670,"Saint Vincent and the Grenadines",FTRI01,"ICT",0.5418,,
2014,670,"Saint Vincent and the Grenadines",FTRI02,"Skills",0.5293,,
2014,670,"Saint Vincent and the Grenadines",FTRI03,"Research and Development",0,,
2014,670,"Saint Vincent and the Grenadines",FTRI04,"Industry activity",0.2575,,
2014,670,"Saint Vincent and the Grenadines",FTRI05,"Access to finance",0.8496,,
2014,882,"Samoa",FTRI00,"Overall index",0.3124,,
2014,882,"Samoa",FTRI01,"ICT",0.2859,,
2014,882,"Samoa",FTRI02,"Skills",0.4448,,
2014,882,"Samoa",FTRI03,"Research and Development",0,,
2014,882,"Samoa",FTRI04,"Industry activity",0.4014,,
2014,882,"Samoa",FTRI05,"Access to finance",0.7618,,
2014,678,"Sao Tome and Principe",FTRI00,"Overall index",0.2397,,
2014,678,"Sao Tome and Principe",FTRI01,"ICT",0.4652,,
2014,678,"Sao Tome and Principe",FTRI02,"Skills",0.2836,,
2014,678,"Sao Tome and Principe",FTRI03,"Research and Development",0,,
2014,678,"Sao Tome and Principe",FTRI04,"Industry activity",0.3364,,
2014,678,"Sao Tome and Principe",FTRI05,"Access to finance",0.812,,
2014,682,"Saudi Arabia",FTRI00,"Overall index",0.5719,,
2014,682,"Saudi Arabia",FTRI01,"ICT",0.6298,,
2014,682,"Saudi Arabia",FTRI02,"Skills",0.5802,,
2014,682,"Saudi Arabia",FTRI03,"Research and Development",0.5133,,
2014,682,"Saudi Arabia",FTRI04,"Industry activity",0.3345,,
2014,682,"Saudi Arabia",FTRI05,"Access to finance",0.8386,,
2014,686,"Senegal",FTRI00,"Overall index",0.2795,,
2014,686,"Senegal",FTRI01,"ICT",0.4281,,
2014,686,"Senegal",FTRI02,"Skills",0.1296,,
2014,686,"Senegal",FTRI03,"Research and Development",0.1557,,
2014,686,"Senegal",FTRI04,"Industry activity",0.4866,,
2014,686,"Senegal",FTRI05,"Access to finance",0.7953,,
2014,688,"Serbia",FTRI00,"Overall index",0.6106,,
2014,688,"Serbia",FTRI01,"ICT",0.6939,,
2014,688,"Serbia",FTRI02,"Skills",0.5284,,
2014,688,"Serbia",FTRI03,"Research and Development",0.3411,,
2014,688,"Serbia",FTRI04,"Industry activity",0.6715,,
2014,688,"Serbia",FTRI05,"Access to finance",0.8322,,
2014,694,"Sierra Leone",FTRI00,"Overall index",0,,
2014,694,"Sierra Leone",FTRI01,"ICT",0.3043,,
2014,694,"Sierra Leone",FTRI02,"Skills",0.113,,
2014,694,"Sierra Leone",FTRI03,"Research and Development",0.0546,,
2014,694,"Sierra Leone",FTRI04,"Industry activity",0.4696,,
2014,694,"Sierra Leone",FTRI05,"Access to finance",0,,
2014,702,"Singapore",FTRI00,"Overall index",0.9612,,
2014,702,"Singapore",FTRI01,"ICT",0.9467,,
2014,702,"Singapore",FTRI02,"Skills",0.8383,,
2014,702,"Singapore",FTRI03,"Research and Development",0.5808,,
2014,702,"Singapore",FTRI04,"Industry activity",0.8934,,
2014,702,"Singapore",FTRI05,"Access to finance",0.9377,,
2014,703,"Slovakia",FTRI00,"Overall index",0.6869,,
2014,703,"Slovakia",FTRI01,"ICT",0.6543,,
2014,703,"Slovakia",FTRI02,"Skills",0.5932,,
2014,703,"Slovakia",FTRI03,"Research and Development",0.475,,
2014,703,"Slovakia",FTRI04,"Industry activity",0.7916,,
2014,703,"Slovakia",FTRI05,"Access to finance",0.8503,,
2014,705,"Slovenia",FTRI00,"Overall index",0.7054,,
2014,705,"Slovenia",FTRI01,"ICT",0.5894,,
2014,705,"Slovenia",FTRI02,"Skills",0.7835,,
2014,705,"Slovenia",FTRI03,"Research and Development",0.4252,,
2014,705,"Slovenia",FTRI04,"Industry activity",0.7609,,
2014,705,"Slovenia",FTRI05,"Access to finance",0.8589,,
2014,090,"Solomon Islands",FTRI00,"Overall index",0.1734,,
2014,090,"Solomon Islands",FTRI01,"ICT",0.2489,,
2014,090,"Solomon Islands",FTRI02,"Skills",0.2738,,
2014,090,"Solomon Islands",FTRI03,"Research and Development",0,,
2014,090,"Solomon Islands",FTRI04,"Industry activity",0.3359,,
2014,090,"Solomon Islands",FTRI05,"Access to finance",0.8088,,
2014,710,"South Africa",FTRI00,"Overall index",0.6181,,
2014,710,"South Africa",FTRI01,"ICT",0.5977,,
2014,710,"South Africa",FTRI02,"Skills",0.4948,,
2014,710,"South Africa",FTRI03,"Research and Development",0.4816,,
2014,710,"South Africa",FTRI04,"Industry activity",0.5901,,
2014,710,"South Africa",FTRI05,"Access to finance",0.9382,,
2014,728,"South Sudan",FTRI00,"Overall index",0.0128,,
2014,728,"South Sudan",FTRI01,"ICT",0.1561,,
2014,728,"South Sudan",FTRI02,"Skills",0,,
2014,728,"South Sudan",FTRI03,"Research and Development",0,,
2014,728,"South Sudan",FTRI04,"Industry activity",0.2141,,
2014,728,"South Sudan",FTRI05,"Access to finance",0.5451,,
2014,724,"Spain",FTRI00,"Overall index",0.7813,,
2014,724,"Spain",FTRI01,"ICT",0.5966,,
2014,724,"Spain",FTRI02,"Skills",0.6827,,
2014,724,"Spain",FTRI03,"Research and Development",0.7308,,
2014,724,"Spain",FTRI04,"Industry activity",0.6957,,
2014,724,"Spain",FTRI05,"Access to finance",0.9392,,
2014,144,"Sri Lanka",FTRI00,"Overall index",0.3719,,
2014,144,"Sri Lanka",FTRI01,"ICT",0.4199,,
2014,144,"Sri Lanka",FTRI02,"Skills",0.4021,,
2014,144,"Sri Lanka",FTRI03,"Research and Development",0.1901,,
2014,144,"Sri Lanka",FTRI04,"Industry activity",0.4807,,
2014,144,"Sri Lanka",FTRI05,"Access to finance",0.8168,,
2014,729,"Sudan",FTRI00,"Overall index",0.1135,,
2014,729,"Sudan",FTRI01,"ICT",0.295,,
2014,729,"Sudan",FTRI02,"Skills",0.1512,,
2014,729,"Sudan",FTRI03,"Research and Development",0.1345,,
2014,729,"Sudan",FTRI04,"Industry activity",0.1638,,
2014,729,"Sudan",FTRI05,"Access to finance",0.6838,,
2014,736,"Sudan (...2011)",FTRI00,"Overall index",,,"Not applicable"
2014,736,"Sudan (...2011)",FTRI01,"ICT",,,"Not applicable"
2014,736,"Sudan (...2011)",FTRI02,"Skills",,,"Not applicable"
2014,736,"Sudan (...2011)",FTRI03,"Research and Development",,,"Not applicable"
2014,736,"Sudan (...2011)",FTRI04,"Industry activity",,,"Not applicable"
2014,736,"Sudan (...2011)",FTRI05,"Access to finance",,,"Not applicable"
2014,740,"Suriname",FTRI00,"Overall index",0.3915,,
2014,740,"Suriname",FTRI01,"ICT",0.6588,,
2014,740,"Suriname",FTRI02,"Skills",0.3995,,
2014,740,"Suriname",FTRI03,"Research and Development",0,,
2014,740,"Suriname",FTRI04,"Industry activity",0.4376,,
2014,740,"Suriname",FTRI05,"Access to finance",0.8031,,
2014,752,"Sweden",FTRI00,"Overall index",0.9523,,
2014,752,"Sweden",FTRI01,"ICT",0.792,,
2014,752,"Sweden",FTRI02,"Skills",0.8555,,
2014,752,"Sweden",FTRI03,"Research and Development",0.6654,,
2014,752,"Sweden",FTRI04,"Industry activity",0.8728,,
2014,752,"Sweden",FTRI05,"Access to finance",0.9386,,
2014,756,"Switzerland",FTRI00,"Overall index",0.9239,,
2014,756,"Switzerland",FTRI01,"ICT",0.7282,,
2014,756,"Switzerland",FTRI02,"Skills",0.7405,,
2014,756,"Switzerland",FTRI03,"Research and Development",0.6985,,
2014,756,"Switzerland",FTRI04,"Industry activity",0.9345,,
2014,756,"Switzerland",FTRI05,"Access to finance",0.9611,,
2014,762,"Tajikistan",FTRI00,"Overall index",0.2173,,
2014,762,"Tajikistan",FTRI01,"ICT",0.3244,,
2014,762,"Tajikistan",FTRI02,"Skills",0.3114,,
2014,762,"Tajikistan",FTRI03,"Research and Development",0.0344,,
2014,762,"Tajikistan",FTRI04,"Industry activity",0.3874,,
2014,762,"Tajikistan",FTRI05,"Access to finance",0.7744,,
2014,764,"Thailand",FTRI00,"Overall index",0.6115,,
2014,764,"Thailand",FTRI01,"ICT",0.641,,
2014,764,"Thailand",FTRI02,"Skills",0.3777,,
2014,764,"Thailand",FTRI03,"Research and Development",0.4454,,
2014,764,"Thailand",FTRI04,"Industry activity",0.7545,,
2014,764,"Thailand",FTRI05,"Access to finance",0.9495,,
2014,626,"Timor-Leste",FTRI00,"Overall index",0.2396,,
2014,626,"Timor-Leste",FTRI01,"ICT",0.4789,,
2014,626,"Timor-Leste",FTRI02,"Skills",0.3351,,
2014,626,"Timor-Leste",FTRI03,"Research and Development",0,,
2014,626,"Timor-Leste",FTRI04,"Industry activity",0.1959,,
2014,626,"Timor-Leste",FTRI05,"Access to finance",0.7286,,
2014,768,"Togo",FTRI00,"Overall index",0.1925,,
2014,768,"Togo",FTRI01,"ICT",0.1961,,
2014,768,"Togo",FTRI02,"Skills",0.2801,,
2014,768,"Togo",FTRI03,"Research and Development",0.089,,
2014,768,"Togo",FTRI04,"Industry activity",0.403,,
2014,768,"Togo",FTRI05,"Access to finance",0.7888,,
2014,780,"Trinidad and Tobago",FTRI00,"Overall index",0.3519,,
2014,780,"Trinidad and Tobago",FTRI01,"ICT",0.4695,,
2014,780,"Trinidad and Tobago",FTRI02,"Skills",0.4795,,
2014,780,"Trinidad and Tobago",FTRI03,"Research and Development",0.1435,,
2014,780,"Trinidad and Tobago",FTRI04,"Industry activity",0.3223,,
2014,780,"Trinidad and Tobago",FTRI05,"Access to finance",0.7958,,
2014,788,"Tunisia",FTRI00,"Overall index",0.5648,,
2014,788,"Tunisia",FTRI01,"ICT",0.5908,,
2014,788,"Tunisia",FTRI02,"Skills",0.463,,
2014,788,"Tunisia",FTRI03,"Research and Development",0.4038,,
2014,788,"Tunisia",FTRI04,"Industry activity",0.6682,,
2014,788,"Tunisia",FTRI05,"Access to finance",0.8675,,
2014,792,"Turkiye",FTRI00,"Overall index",0.5817,,
2014,792,"Turkiye",FTRI01,"ICT",0.5504,,
2014,792,"Turkiye",FTRI02,"Skills",0.5468,,
2014,792,"Turkiye",FTRI03,"Research and Development",0.5039,,
2014,792,"Turkiye",FTRI04,"Industry activity",0.5425,,
2014,792,"Turkiye",FTRI05,"Access to finance",0.873,,
2014,800,"Uganda",FTRI00,"Overall index",0.2051,,
2014,800,"Uganda",FTRI01,"ICT",0.1899,,
2014,800,"Uganda",FTRI02,"Skills",0.2058,,
2014,800,"Uganda",FTRI03,"Research and Development",0.1736,,
2014,800,"Uganda",FTRI04,"Industry activity",0.4919,,
2014,800,"Uganda",FTRI05,"Access to finance",0.7261,,
2014,804,"Ukraine",FTRI00,"Overall index",0.68,,
2014,804,"Ukraine",FTRI01,"ICT",0.6598,,
2014,804,"Ukraine",FTRI02,"Skills",0.6165,,
2014,804,"Ukraine",FTRI03,"Research and Development",0.4917,,
2014,804,"Ukraine",FTRI04,"Industry activity",0.6211,,
2014,804,"Ukraine",FTRI05,"Access to finance",0.8886,,
2014,784,"United Arab Emirates",FTRI00,"Overall index",0.5963,,
2014,784,"United Arab Emirates",FTRI01,"ICT",0.5658,,
2014,784,"United Arab Emirates",FTRI02,"Skills",0.4819,,
2014,784,"United Arab Emirates",FTRI03,"Research and Development",0.3958,,
2014,784,"United Arab Emirates",FTRI04,"Industry activity",0.6922,,
2014,784,"United Arab Emirates",FTRI05,"Access to finance",0.8956,,
2014,826,"United Kingdom",FTRI00,"Overall index",1,,
2014,826,"United Kingdom",FTRI01,"ICT",0.8307,,
2014,826,"United Kingdom",FTRI02,"Skills",0.8275,,
2014,826,"United Kingdom",FTRI03,"Research and Development",0.772,,
2014,826,"United Kingdom",FTRI04,"Industry activity",0.8878,,
2014,826,"United Kingdom",FTRI05,"Access to finance",0.9429,,
2014,834,"United Republic of Tanzania",FTRI00,"Overall index",0.1525,,
2014,834,"United Republic of Tanzania",FTRI01,"ICT",0.2705,,
2014,834,"United Republic of Tanzania",FTRI02,"Skills",0.0916,,
2014,834,"United Republic of Tanzania",FTRI03,"Research and Development",0.1856,,
2014,834,"United Republic of Tanzania",FTRI04,"Industry activity",0.3256,,
2014,834,"United Republic of Tanzania",FTRI05,"Access to finance",0.729,,
2014,840,"United States",FTRI00,"Overall index",0.9694,,
2014,840,"United States",FTRI01,"ICT",0.6438,,
2014,840,"United States",FTRI02,"Skills",0.7652,,
2014,840,"United States",FTRI03,"Research and Development",0.9839,,
2014,840,"United States",FTRI04,"Industry activity",0.8311,,
2014,840,"United States",FTRI05,"Access to finance",0.9715,,
2014,858,"Uruguay",FTRI00,"Overall index",0.4506,,
2014,858,"Uruguay",FTRI01,"ICT",0.4992,,
2014,858,"Uruguay",FTRI02,"Skills",0.5217,,
2014,858,"Uruguay",FTRI03,"Research and Development",0.2589,,
2014,858,"Uruguay",FTRI04,"Industry activity",0.4879,,
2014,858,"Uruguay",FTRI05,"Access to finance",0.7877,,
2014,860,"Uzbekistan",FTRI00,"Overall index",0.3155,,
2014,860,"Uzbekistan",FTRI01,"ICT",0.4043,,
2014,860,"Uzbekistan",FTRI02,"Skills",0.3748,,
2014,860,"Uzbekistan",FTRI03,"Research and Development",0.1234,,
2014,860,"Uzbekistan",FTRI04,"Industry activity",0.5606,,
2014,860,"Uzbekistan",FTRI05,"Access to finance",0.7029,,
2014,548,"Vanuatu",FTRI00,"Overall index",0.2087,,
2014,548,"Vanuatu",FTRI01,"ICT",0.331,,
2014,548,"Vanuatu",FTRI02,"Skills",0.2386,,
2014,548,"Vanuatu",FTRI03,"Research and Development",0.0344,,
2014,548,"Vanuatu",FTRI04,"Industry activity",0.3104,,
2014,548,"Vanuatu",FTRI05,"Access to finance",0.8892,,
2014,862,"Venezuela (Bolivarian Rep. of)",FTRI00,"Overall index",0.3714,,
2014,862,"Venezuela (Bolivarian Rep. of)",FTRI01,"ICT",0.5631,,
2014,862,"Venezuela (Bolivarian Rep. of)",FTRI02,"Skills",0.4724,,
2014,862,"Venezuela (Bolivarian Rep. of)",FTRI03,"Research and Development",0.2057,,
2014,862,"Venezuela (Bolivarian Rep. of)",FTRI04,"Industry activity",0.185,,
2014,862,"Venezuela (Bolivarian Rep. of)",FTRI05,"Access to finance",0.8036,,
2014,704,"Viet Nam",FTRI00,"Overall index",0.476,,
2014,704,"Viet Nam",FTRI01,"ICT",0.5939,,
2014,704,"Viet Nam",FTRI02,"Skills",0.31,,
2014,704,"Viet Nam",FTRI03,"Research and Development",0.255,,
2014,704,"Viet Nam",FTRI04,"Industry activity",0.7349,,
2014,704,"Viet Nam",FTRI05,"Access to finance",0.8943,,
2014,887,"Yemen",FTRI00,"Overall index",0.1418,,
2014,887,"Yemen",FTRI01,"ICT",0.3549,,
2014,887,"Yemen",FTRI02,"Skills",0.1653,,
2014,887,"Yemen",FTRI03,"Research and Development",0.0966,,
2014,887,"Yemen",FTRI04,"Industry activity",0.254,,
2014,887,"Yemen",FTRI05,"Access to finance",0.6498,,
2014,894,"Zambia",FTRI00,"Overall index",0.1668,,
2014,894,"Zambia",FTRI01,"ICT",0.2101,,
2014,894,"Zambia",FTRI02,"Skills",0.2315,,
2014,894,"Zambia",FTRI03,"Research and Development",0.1512,,
2014,894,"Zambia",FTRI04,"Industry activity",0.2681,,
2014,894,"Zambia",FTRI05,"Access to finance",0.752,,
2014,716,"Zimbabwe",FTRI00,"Overall index",0.2161,,
2014,716,"Zimbabwe",FTRI01,"ICT",0.3179,,
2014,716,"Zimbabwe",FTRI02,"Skills",0.2064,,
2014,716,"Zimbabwe",FTRI03,"Research and Development",0.1655,,
2014,716,"Zimbabwe",FTRI04,"Industry activity",0.3349,,
2014,716,"Zimbabwe",FTRI05,"Access to finance",0.7628,,
2015,004,"Afghanistan",FTRI00,"Overall index",0.087,,
2015,004,"Afghanistan",FTRI01,"ICT",0.1892,,
2015,004,"Afghanistan",FTRI02,"Skills",0.19,,
2015,004,"Afghanistan",FTRI03,"Research and Development",0,,
2015,004,"Afghanistan",FTRI04,"Industry activity",0.2084,,
2015,004,"Afghanistan",FTRI05,"Access to finance",0.6165,,
2015,008,"Albania",FTRI00,"Overall index",0.4245,,
2015,008,"Albania",FTRI01,"ICT",0.6068,,
2015,008,"Albania",FTRI02,"Skills",0.5088,,
2015,008,"Albania",FTRI03,"Research and Development",0.1169,,
2015,008,"Albania",FTRI04,"Industry activity",0.3626,,
2015,008,"Albania",FTRI05,"Access to finance",0.8205,,
2015,012,"Algeria",FTRI00,"Overall index",0.331,,
2015,012,"Algeria",FTRI01,"ICT",0.448,,
2015,012,"Algeria",FTRI02,"Skills",0.4617,,
2015,012,"Algeria",FTRI03,"Research and Development",0.2791,,
2015,012,"Algeria",FTRI04,"Industry activity",0.0012,,
2015,012,"Algeria",FTRI05,"Access to finance",0.7633,,
2015,024,"Angola",FTRI00,"Overall index",0.171,,
2015,024,"Angola",FTRI01,"ICT",0.3212,,
2015,024,"Angola",FTRI02,"Skills",0.2451,,
2015,024,"Angola",FTRI03,"Research and Development",0.0535,,
2015,024,"Angola",FTRI04,"Industry activity",0.1546,,
2015,024,"Angola",FTRI05,"Access to finance",0.7842,,
2015,032,"Argentina",FTRI00,"Overall index",0.6104,,
2015,032,"Argentina",FTRI01,"ICT",0.6616,,
2015,032,"Argentina",FTRI02,"Skills",0.6125,,
2015,032,"Argentina",FTRI03,"Research and Development",0.4268,,
2015,032,"Argentina",FTRI04,"Industry activity",0.5521,,
2015,032,"Argentina",FTRI05,"Access to finance",0.7343,,
2015,051,"Armenia",FTRI00,"Overall index",0.4368,,
2015,051,"Armenia",FTRI01,"ICT",0.6644,,
2015,051,"Armenia",FTRI02,"Skills",0.3867,,
2015,051,"Armenia",FTRI03,"Research and Development",0.2149,,
2015,051,"Armenia",FTRI04,"Industry activity",0.3443,,
2015,051,"Armenia",FTRI05,"Access to finance",0.8439,,
2015,036,"Australia",FTRI00,"Overall index",0.9017,,
2015,036,"Australia",FTRI01,"ICT",0.7652,,
2015,036,"Australia",FTRI02,"Skills",1,,
2015,036,"Australia",FTRI03,"Research and Development",0.6926,,
2015,036,"Australia",FTRI04,"Industry activity",0.5192,,
2015,036,"Australia",FTRI05,"Access to finance",0.9459,,
2015,040,"Austria",FTRI00,"Overall index",0.8169,,
2015,040,"Austria",FTRI01,"ICT",0.7642,,
2015,040,"Austria",FTRI02,"Skills",0.6913,,
2015,040,"Austria",FTRI03,"Research and Development",0.624,,
2015,040,"Austria",FTRI04,"Industry activity",0.739,,
2015,040,"Austria",FTRI05,"Access to finance",0.9029,,
2015,031,"Azerbaijan",FTRI00,"Overall index",0.3724,,
2015,031,"Azerbaijan",FTRI01,"ICT",0.595,,
2015,031,"Azerbaijan",FTRI02,"Skills",0.4305,,
2015,031,"Azerbaijan",FTRI03,"Research and Development",0.1568,,
2015,031,"Azerbaijan",FTRI04,"Industry activity",0.2016,,
2015,031,"Azerbaijan",FTRI05,"Access to finance",0.8133,,
2015,044,"Bahamas",FTRI00,"Overall index",0.3291,,
2015,044,"Bahamas",FTRI01,"ICT",0.5967,,
2015,044,"Bahamas",FTRI02,"Skills",0.5017,,
2015,044,"Bahamas",FTRI03,"Research and Development",0,,
2015,044,"Bahamas",FTRI04,"Industry activity",0.0522,,
2015,044,"Bahamas",FTRI05,"Access to finance",0.8657,,
2015,048,"Bahrain",FTRI00,"Overall index",0.5708,,
2015,048,"Bahrain",FTRI01,"ICT",0.6736,,
2015,048,"Bahrain",FTRI02,"Skills",0.4661,,
2015,048,"Bahrain",FTRI03,"Research and Development",0.1588,,
2015,048,"Bahrain",FTRI04,"Industry activity",0.6844,,
2015,048,"Bahrain",FTRI05,"Access to finance",0.8886,,
2015,050,"Bangladesh",FTRI00,"Overall index",0.314,,
2015,050,"Bangladesh",FTRI01,"ICT",0.2493,,
2015,050,"Bangladesh",FTRI02,"Skills",0.1882,,
2015,050,"Bangladesh",FTRI03,"Research and Development",0.4143,,
2015,050,"Bangladesh",FTRI04,"Industry activity",0.3328,,
2015,050,"Bangladesh",FTRI05,"Access to finance",0.8414,,
2015,052,"Barbados",FTRI00,"Overall index",0.5601,,
2015,052,"Barbados",FTRI01,"ICT",0.6385,,
2015,052,"Barbados",FTRI02,"Skills",0.6189,,
2015,052,"Barbados",FTRI03,"Research and Development",0.1951,,
2015,052,"Barbados",FTRI04,"Industry activity",0.5505,,
2015,052,"Barbados",FTRI05,"Access to finance",0.8992,,
2015,112,"Belarus",FTRI00,"Overall index",0.5595,,
2015,112,"Belarus",FTRI01,"ICT",0.6495,,
2015,112,"Belarus",FTRI02,"Skills",0.6576,,
2015,112,"Belarus",FTRI03,"Research and Development",0.2313,,
2015,112,"Belarus",FTRI04,"Industry activity",0.5033,,
2015,112,"Belarus",FTRI05,"Access to finance",0.798,,
2015,056,"Belgium",FTRI00,"Overall index",0.9322,,
2015,056,"Belgium",FTRI01,"ICT",0.9049,,
2015,056,"Belgium",FTRI02,"Skills",0.8832,,
2015,056,"Belgium",FTRI03,"Research and Development",0.6226,,
2015,056,"Belgium",FTRI04,"Industry activity",0.7344,,
2015,056,"Belgium",FTRI05,"Access to finance",0.8704,,
2015,084,"Belize",FTRI00,"Overall index",0.2497,,
2015,084,"Belize",FTRI01,"ICT",0.4069,,
2015,084,"Belize",FTRI02,"Skills",0.3657,,
2015,084,"Belize",FTRI03,"Research and Development",0,,
2015,084,"Belize",FTRI04,"Industry activity",0.1828,,
2015,084,"Belize",FTRI05,"Access to finance",0.8444,,
2015,204,"Benin",FTRI00,"Overall index",0.2218,,
2015,204,"Benin",FTRI01,"ICT",0.2834,,
2015,204,"Benin",FTRI02,"Skills",0.2491,,
2015,204,"Benin",FTRI03,"Research and Development",0.146,,
2015,204,"Benin",FTRI04,"Industry activity",0.323,,
2015,204,"Benin",FTRI05,"Access to finance",0.7504,,
2015,060,"Bermuda",FTRI00,"Overall index",0.3221,,
2015,060,"Bermuda",FTRI01,"ICT",0.393,,
2015,060,"Bermuda",FTRI02,"Skills",0.4057,,
2015,060,"Bermuda",FTRI03,"Research and Development",0.1689,,
2015,060,"Bermuda",FTRI04,"Industry activity",0.234,,
2015,060,"Bermuda",FTRI05,"Access to finance",0.8551,,
2015,064,"Bhutan",FTRI00,"Overall index",0.2801,,
2015,064,"Bhutan",FTRI01,"ICT",0.5586,,
2015,064,"Bhutan",FTRI02,"Skills",0.3451,,
2015,064,"Bhutan",FTRI03,"Research and Development",0.0784,,
2015,064,"Bhutan",FTRI04,"Industry activity",0.0542,,
2015,064,"Bhutan",FTRI05,"Access to finance",0.8388,,
2015,068,"Bolivia (Plurinational State of)",FTRI00,"Overall index",0.3221,,
2015,068,"Bolivia (Plurinational State of)",FTRI01,"ICT",0.393,,
2015,068,"Bolivia (Plurinational State of)",FTRI02,"Skills",0.4057,,
2015,068,"Bolivia (Plurinational State of)",FTRI03,"Research and Development",0.1689,,
2015,068,"Bolivia (Plurinational State of)",FTRI04,"Industry activity",0.234,,
2015,068,"Bolivia (Plurinational State of)",FTRI05,"Access to finance",0.8551,,
2015,070,"Bosnia and Herzegovina",FTRI00,"Overall index",0.4552,,
2015,070,"Bosnia and Herzegovina",FTRI01,"ICT",0.5962,,
2015,070,"Bosnia and Herzegovina",FTRI02,"Skills",0.4696,,
2015,070,"Bosnia and Herzegovina",FTRI03,"Research and Development",0.1866,,
2015,070,"Bosnia and Herzegovina",FTRI04,"Industry activity",0.4267,,
2015,070,"Bosnia and Herzegovina",FTRI05,"Access to finance",0.8662,,
2015,072,"Botswana",FTRI00,"Overall index",0.3282,,
2015,072,"Botswana",FTRI01,"ICT",0.4449,,
2015,072,"Botswana",FTRI02,"Skills",0.3401,,
2015,072,"Botswana",FTRI03,"Research and Development",0.1409,,
2015,072,"Botswana",FTRI04,"Industry activity",0.347,,
2015,072,"Botswana",FTRI05,"Access to finance",0.8218,,
2015,074,"Bouvet Island",FTRI00,"Overall index",0.8327,,
2015,074,"Bouvet Island",FTRI01,"ICT",0.5902,,
2015,074,"Bouvet Island",FTRI02,"Skills",0.4391,,
2015,074,"Bouvet Island",FTRI03,"Research and Development",1,,
2015,074,"Bouvet Island",FTRI04,"Industry activity",0.8415,,
2015,074,"Bouvet Island",FTRI05,"Access to finance",0.9565,,
2015,076,"Brazil",FTRI00,"Overall index",0.6958,,
2015,076,"Brazil",FTRI01,"ICT",0.5576,,
2015,076,"Brazil",FTRI02,"Skills",0.519,,
2015,076,"Brazil",FTRI03,"Research and Development",0.6749,,
2015,076,"Brazil",FTRI04,"Industry activity",0.664,,
2015,076,"Brazil",FTRI05,"Access to finance",0.8795,,
2015,080,"British Antarctic Territory",FTRI00,"Overall index",0.2302,,
2015,080,"British Antarctic Territory",FTRI01,"ICT",0.3963,,
2015,080,"British Antarctic Territory",FTRI02,"Skills",0.1314,,
2015,080,"British Antarctic Territory",FTRI03,"Research and Development",0.1211,,
2015,080,"British Antarctic Territory",FTRI04,"Industry activity",0.3701,,
2015,080,"British Antarctic Territory",FTRI05,"Access to finance",0.7504,,
2015,086,"British Indian Ocean Territory",FTRI00,"Overall index",0.2032,,
2015,086,"British Indian Ocean Territory",FTRI01,"ICT",0.3266,,
2015,086,"British Indian Ocean Territory",FTRI02,"Skills",0.2548,,
2015,086,"British Indian Ocean Territory",FTRI03,"Research and Development",0,,
2015,086,"British Indian Ocean Territory",FTRI04,"Industry activity",0.3459,,
2015,086,"British Indian Ocean Territory",FTRI05,"Access to finance",0.7746,,
2015,092,"British Virgin Islands",FTRI00,"Overall index",0.7313,,
2015,092,"British Virgin Islands",FTRI01,"ICT",0.7881,,
2015,092,"British Virgin Islands",FTRI02,"Skills",0.7218,,
2015,092,"British Virgin Islands",FTRI03,"Research and Development",0.3573,,
2015,092,"British Virgin Islands",FTRI04,"Industry activity",0.7105,,
2015,092,"British Virgin Islands",FTRI05,"Access to finance",0.8824,,
2015,096,"Brunei Darussalam",FTRI00,"Overall index",0.4904,,
2015,096,"Brunei Darussalam",FTRI01,"ICT",0.5844,,
2015,096,"Brunei Darussalam",FTRI02,"Skills",0.648,,
2015,096,"Brunei Darussalam",FTRI03,"Research and Development",0.1733,,
2015,096,"Brunei Darussalam",FTRI04,"Industry activity",0.4069,,
2015,096,"Brunei Darussalam",FTRI05,"Access to finance",0.8349,,
2015,100,"Bulgaria",FTRI00,"Overall index",0.6851,,
2015,100,"Bulgaria",FTRI01,"ICT",0.7807,,
2015,100,"Bulgaria",FTRI02,"Skills",0.5881,,
2015,100,"Bulgaria",FTRI03,"Research and Development",0.401,,
2015,100,"Bulgaria",FTRI04,"Industry activity",0.6563,,
2015,100,"Bulgaria",FTRI05,"Access to finance",0.861,,
2015,854,"Burkina Faso",FTRI00,"Overall index",0.1317,,
2015,854,"Burkina Faso",FTRI01,"ICT",0.158,,
2015,854,"Burkina Faso",FTRI02,"Skills",0.0433,,
2015,854,"Burkina Faso",FTRI03,"Research and Development",0.1569,,
2015,854,"Burkina Faso",FTRI04,"Industry activity",0.2812,,
2015,854,"Burkina Faso",FTRI05,"Access to finance",0.788,,
2015,108,"Burundi",FTRI00,"Overall index",0.0874,,
2015,108,"Burundi",FTRI01,"ICT",0,,
2015,108,"Burundi",FTRI02,"Skills",0.1855,,
2015,108,"Burundi",FTRI03,"Research and Development",0.0338,,
2015,108,"Burundi",FTRI04,"Industry activity",0.3215,,
2015,108,"Burundi",FTRI05,"Access to finance",0.7485,,
2015,132,"Cabo Verde",FTRI00,"Overall index",0.3502,,
2015,132,"Cabo Verde",FTRI01,"ICT",0.7038,,
2015,132,"Cabo Verde",FTRI02,"Skills",0.3657,,
2015,132,"Cabo Verde",FTRI03,"Research and Development",0.0873,,
2015,132,"Cabo Verde",FTRI04,"Industry activity",0.0661,,
2015,132,"Cabo Verde",FTRI05,"Access to finance",0.8637,,
2015,116,"Cambodia",FTRI00,"Overall index",0.2743,,
2015,116,"Cambodia",FTRI01,"ICT",0.3657,,
2015,116,"Cambodia",FTRI02,"Skills",0.209,,
2015,116,"Cambodia",FTRI03,"Research and Development",0.1211,,
2015,116,"Cambodia",FTRI04,"Industry activity",0.4114,,
2015,116,"Cambodia",FTRI05,"Access to finance",0.8894,,
2015,120,"Cameroon",FTRI00,"Overall index",0.254,,
2015,120,"Cameroon",FTRI01,"ICT",0.2964,,
2015,120,"Cameroon",FTRI02,"Skills",0.2841,,
2015,120,"Cameroon",FTRI03,"Research and Development",0.1747,,
2015,120,"Cameroon",FTRI04,"Industry activity",0.3184,,
2015,120,"Cameroon",FTRI05,"Access to finance",0.735,,
2015,124,"Canada",FTRI00,"Overall index",0.9026,,
2015,124,"Canada",FTRI01,"ICT",0.8212,,
2015,124,"Canada",FTRI02,"Skills",0.7125,,
2015,124,"Canada",FTRI03,"Research and Development",0.7322,,
2015,124,"Canada",FTRI04,"Industry activity",0.7513,,
2015,124,"Canada",FTRI05,"Access to finance",0.9372,,
2015,136,"Cayman Islands",FTRI00,"Overall index",0.6534,,
2015,136,"Cayman Islands",FTRI01,"ICT",0.5842,,
2015,136,"Cayman Islands",FTRI02,"Skills",0.4453,,
2015,136,"Cayman Islands",FTRI03,"Research and Development",0.5383,,
2015,136,"Cayman Islands",FTRI04,"Industry activity",0.7764,,
2015,136,"Cayman Islands",FTRI05,"Access to finance",0.9364,,
2015,140,"Central African Republic",FTRI00,"Overall index",0.1358,,
2015,140,"Central African Republic",FTRI01,"ICT",0.2911,,
2015,140,"Central African Republic",FTRI02,"Skills",0.163,,
2015,140,"Central African Republic",FTRI03,"Research and Development",0,,
2015,140,"Central African Republic",FTRI04,"Industry activity",0.2185,,
2015,140,"Central African Republic",FTRI05,"Access to finance",0.7721,,
2015,148,"Chad",FTRI00,"Overall index",0.0541,,
2015,148,"Chad",FTRI01,"ICT",0.0736,,
2015,148,"Chad",FTRI02,"Skills",0.0634,,
2015,148,"Chad",FTRI03,"Research and Development",0,,
2015,148,"Chad",FTRI04,"Industry activity",0.3507,,
2015,148,"Chad",FTRI05,"Access to finance",0.6856,,
2015,152,"Chile",FTRI00,"Overall index",0.66,,
2015,152,"Chile",FTRI01,"ICT",0.7519,,
2015,152,"Chile",FTRI02,"Skills",0.5792,,
2015,152,"Chile",FTRI03,"Research and Development",0.4833,,
2015,152,"Chile",FTRI04,"Industry activity",0.4047,,
2015,152,"Chile",FTRI05,"Access to finance",0.9261,,
2015,156,"China",FTRI00,"Overall index",0.8327,,
2015,156,"China",FTRI01,"ICT",0.5902,,
2015,156,"China",FTRI02,"Skills",0.4391,,
2015,156,"China",FTRI03,"Research and Development",1,,
2015,156,"China",FTRI04,"Industry activity",0.8415,,
2015,156,"China",FTRI05,"Access to finance",0.9565,,
2015,344,"China, Hong Kong SAR",FTRI00,"Overall index",0.8828,,
2015,344,"China, Hong Kong SAR",FTRI01,"ICT",0.9572,,
2015,344,"China, Hong Kong SAR",FTRI02,"Skills",0.7011,,
2015,344,"China, Hong Kong SAR",FTRI03,"Research and Development",0.4956,,
2015,344,"China, Hong Kong SAR",FTRI04,"Industry activity",0.8555,,
2015,344,"China, Hong Kong SAR",FTRI05,"Access to finance",0.9853,,
2015,158,"China, Taiwan Province of",FTRI00,"Overall index",0.2474,,
2015,158,"China, Taiwan Province of",FTRI01,"ICT",0.3329,,
2015,158,"China, Taiwan Province of",FTRI02,"Skills",0.0605,,
2015,158,"China, Taiwan Province of",FTRI03,"Research and Development",0.3127,,
2015,158,"China, Taiwan Province of",FTRI04,"Industry activity",0.4102,,
2015,158,"China, Taiwan Province of",FTRI05,"Access to finance",0.733,,
2015,162,"Christmas Island",FTRI00,"Overall index",0.3747,,
2015,162,"Christmas Island",FTRI01,"ICT",0.4045,,
2015,162,"Christmas Island",FTRI02,"Skills",0.4071,,
2015,162,"Christmas Island",FTRI03,"Research and Development",0.2696,,
2015,162,"Christmas Island",FTRI04,"Industry activity",0.301,,
2015,162,"Christmas Island",FTRI05,"Access to finance",0.8402,,
2015,166,"Cocos (Keeling) Islands",FTRI00,"Overall index",0.4157,,
2015,166,"Cocos (Keeling) Islands",FTRI01,"ICT",0.6202,,
2015,166,"Cocos (Keeling) Islands",FTRI02,"Skills",0.3527,,
2015,166,"Cocos (Keeling) Islands",FTRI03,"Research and Development",0.2812,,
2015,166,"Cocos (Keeling) Islands",FTRI04,"Industry activity",0.2296,,
2015,166,"Cocos (Keeling) Islands",FTRI05,"Access to finance",0.8849,,
2015,170,"Colombia",FTRI00,"Overall index",0.5752,,
2015,170,"Colombia",FTRI01,"ICT",0.5518,,
2015,170,"Colombia",FTRI02,"Skills",0.6242,,
2015,170,"Colombia",FTRI03,"Research and Development",0.4228,,
2015,170,"Colombia",FTRI04,"Industry activity",0.4451,,
2015,170,"Colombia",FTRI05,"Access to finance",0.8465,,
2015,174,"Comoros",FTRI00,"Overall index",0.1864,,
2015,174,"Comoros",FTRI01,"ICT",0.228,,
2015,174,"Comoros",FTRI02,"Skills",0.315,,
2015,174,"Comoros",FTRI03,"Research and Development",0,,
2015,174,"Comoros",FTRI04,"Industry activity",0.294,,
2015,174,"Comoros",FTRI05,"Access to finance",0.7452,,
2015,178,"Congo",FTRI00,"Overall index",0.1694,,
2015,178,"Congo",FTRI01,"ICT",0.1783,,
2015,178,"Congo",FTRI02,"Skills",0.2538,,
2015,178,"Congo",FTRI03,"Research and Development",0.1351,,
2015,178,"Congo",FTRI04,"Industry activity",0.2505,,
2015,178,"Congo",FTRI05,"Access to finance",0.7416,,
2015,184,"Cook Islands",FTRI00,"Overall index",0.0041,,
2015,184,"Cook Islands",FTRI01,"ICT",0.1053,,
2015,184,"Cook Islands",FTRI02,"Skills",0,,
2015,184,"Cook Islands",FTRI03,"Research and Development",0,,
2015,184,"Cook Islands",FTRI04,"Industry activity",0.2266,,
2015,184,"Cook Islands",FTRI05,"Access to finance",0.5656,,
2015,188,"Costa Rica",FTRI00,"Overall index",0.5362,,
2015,188,"Costa Rica",FTRI01,"ICT",0.5608,,
2015,188,"Costa Rica",FTRI02,"Skills",0.4863,,
2015,188,"Costa Rica",FTRI03,"Research and Development",0.1887,,
2015,188,"Costa Rica",FTRI04,"Industry activity",0.7233,,
2015,188,"Costa Rica",FTRI05,"Access to finance",0.8615,,
2015,384,"Cote d'Ivoire",FTRI00,"Overall index",0.2302,,
2015,384,"Cote d'Ivoire",FTRI01,"ICT",0.3963,,
2015,384,"Cote d'Ivoire",FTRI02,"Skills",0.1314,,
2015,384,"Cote d'Ivoire",FTRI03,"Research and Development",0.1211,,
2015,384,"Cote d'Ivoire",FTRI04,"Industry activity",0.3701,,
2015,384,"Cote d'Ivoire",FTRI05,"Access to finance",0.7504,,
2015,191,"Croatia",FTRI00,"Overall index",0.6121,,
2015,191,"Croatia",FTRI01,"ICT",0.6869,,
2015,191,"Croatia",FTRI02,"Skills",0.6281,,
2015,191,"Croatia",FTRI03,"Research and Development",0.2956,,
2015,191,"Croatia",FTRI04,"Industry activity",0.5947,,
2015,191,"Croatia",FTRI05,"Access to finance",0.8742,,
2015,192,"Cuba",FTRI00,"Overall index",0.6558,,
2015,192,"Cuba",FTRI01,"ICT",0.6789,,
2015,192,"Cuba",FTRI02,"Skills",0.4871,,
2015,192,"Cuba",FTRI03,"Research and Development",0.4427,,
2015,192,"Cuba",FTRI04,"Industry activity",0.706,,
2015,192,"Cuba",FTRI05,"Access to finance",0.9545,,
2015,196,"Cyprus",FTRI00,"Overall index",0.6798,,
2015,196,"Cyprus",FTRI01,"ICT",0.6687,,
2015,196,"Cyprus",FTRI02,"Skills",0.5948,,
2015,196,"Cyprus",FTRI03,"Research and Development",0.2902,,
2015,196,"Cyprus",FTRI04,"Industry activity",0.7355,,
2015,196,"Cyprus",FTRI05,"Access to finance",1,,
2015,203,"Czechia",FTRI00,"Overall index",0.7546,,
2015,203,"Czechia",FTRI01,"ICT",0.6452,,
2015,203,"Czechia",FTRI02,"Skills",0.7077,,
2015,203,"Czechia",FTRI03,"Research and Development",0.5633,,
2015,203,"Czechia",FTRI04,"Industry activity",0.7598,,
2015,203,"Czechia",FTRI05,"Access to finance",0.8516,,
2015,180,"Dem. Rep. of the Congo",FTRI00,"Overall index",0.0618,,
2015,180,"Dem. Rep. of the Congo",FTRI01,"ICT",0.1387,,
2015,180,"Dem. Rep. of the Congo",FTRI02,"Skills",0.1673,,
2015,180,"Dem. Rep. of the Congo",FTRI03,"Research and Development",0.0676,,
2015,180,"Dem. Rep. of the Congo",FTRI04,"Industry activity",0.1372,,
2015,180,"Dem. Rep. of the Congo",FTRI05,"Access to finance",0.6591,,
2015,208,"Denmark",FTRI00,"Overall index",0.9149,,
2015,208,"Denmark",FTRI01,"ICT",0.8691,,
2015,208,"Denmark",FTRI02,"Skills",0.8635,,
2015,208,"Denmark",FTRI03,"Research and Development",0.64,,
2015,208,"Denmark",FTRI04,"Industry activity",0.7203,,
2015,208,"Denmark",FTRI05,"Access to finance",0.9665,,
2015,262,"Djibouti",FTRI00,"Overall index",0.2032,,
2015,262,"Djibouti",FTRI01,"ICT",0.3266,,
2015,262,"Djibouti",FTRI02,"Skills",0.2548,,
2015,262,"Djibouti",FTRI03,"Research and Development",0,,
2015,262,"Djibouti",FTRI04,"Industry activity",0.3459,,
2015,262,"Djibouti",FTRI05,"Access to finance",0.7746,,
2015,214,"Dominican Republic",FTRI00,"Overall index",0.3579,,
2015,214,"Dominican Republic",FTRI01,"ICT",0.5477,,
2015,214,"Dominican Republic",FTRI02,"Skills",0.3999,,
2015,214,"Dominican Republic",FTRI03,"Research and Development",0.0676,,
2015,214,"Dominican Republic",FTRI04,"Industry activity",0.4468,,
2015,214,"Dominican Republic",FTRI05,"Access to finance",0.7914,,
2015,218,"Ecuador",FTRI00,"Overall index",0.4239,,
2015,218,"Ecuador",FTRI01,"ICT",0.6172,,
2015,218,"Ecuador",FTRI02,"Skills",0.4267,,
2015,218,"Ecuador",FTRI03,"Research and Development",0.2177,,
2015,218,"Ecuador",FTRI04,"Industry activity",0.3552,,
2015,218,"Ecuador",FTRI05,"Access to finance",0.8046,,
2015,818,"Egypt",FTRI00,"Overall index",0.4637,,
2015,818,"Egypt",FTRI01,"ICT",0.4992,,
2015,818,"Egypt",FTRI02,"Skills",0.4806,,
2015,818,"Egypt",FTRI03,"Research and Development",0.3478,,
2015,818,"Egypt",FTRI04,"Industry activity",0.4391,,
2015,818,"Egypt",FTRI05,"Access to finance",0.7926,,
2015,222,"El Salvador",FTRI00,"Overall index",0.3494,,
2015,222,"El Salvador",FTRI01,"ICT",0.5054,,
2015,222,"El Salvador",FTRI02,"Skills",0.3099,,
2015,222,"El Salvador",FTRI03,"Research and Development",0.0535,,
2015,222,"El Salvador",FTRI04,"Industry activity",0.5079,,
2015,222,"El Salvador",FTRI05,"Access to finance",0.8598,,
2015,226,"Equatorial Guinea",FTRI00,"Overall index",0.1282,,
2015,226,"Equatorial Guinea",FTRI01,"ICT",0.3169,,
2015,226,"Equatorial Guinea",FTRI02,"Skills",0.2138,,
2015,226,"Equatorial Guinea",FTRI03,"Research and Development",0,,
2015,226,"Equatorial Guinea",FTRI04,"Industry activity",0.1609,,
2015,226,"Equatorial Guinea",FTRI05,"Access to finance",0.7234,,
2015,233,"Estonia",FTRI00,"Overall index",0.7313,,
2015,233,"Estonia",FTRI01,"ICT",0.7881,,
2015,233,"Estonia",FTRI02,"Skills",0.7218,,
2015,233,"Estonia",FTRI03,"Research and Development",0.3573,,
2015,233,"Estonia",FTRI04,"Industry activity",0.7105,,
2015,233,"Estonia",FTRI05,"Access to finance",0.8824,,
2015,748,"Eswatini",FTRI00,"Overall index",0.3012,,
2015,748,"Eswatini",FTRI01,"ICT",0.3418,,
2015,748,"Eswatini",FTRI02,"Skills",0.3908,,
2015,748,"Eswatini",FTRI03,"Research and Development",0.0535,,
2015,748,"Eswatini",FTRI04,"Industry activity",0.4539,,
2015,748,"Eswatini",FTRI05,"Access to finance",0.7691,,
2015,231,"Ethiopia",FTRI00,"Overall index",0.1721,,
2015,231,"Ethiopia",FTRI01,"ICT",0.3114,,
2015,231,"Ethiopia",FTRI02,"Skills",0.104,,
2015,231,"Ethiopia",FTRI03,"Research and Development",0.2027,,
2015,231,"Ethiopia",FTRI04,"Industry activity",0.2211,,
2015,231,"Ethiopia",FTRI05,"Access to finance",0.7557,,
2015,242,"Fiji",FTRI00,"Overall index",0.4417,,
2015,242,"Fiji",FTRI01,"ICT",0.6894,,
2015,242,"Fiji",FTRI02,"Skills",0.4109,,
2015,242,"Fiji",FTRI03,"Research and Development",0.1549,,
2015,242,"Fiji",FTRI04,"Industry activity",0.3544,,
2015,242,"Fiji",FTRI05,"Access to finance",0.8948,,
2015,246,"Finland",FTRI00,"Overall index",0.9157,,
2015,246,"Finland",FTRI01,"ICT",0.785,,
2015,246,"Finland",FTRI02,"Skills",0.8573,,
2015,246,"Finland",FTRI03,"Research and Development",0.6181,,
2015,246,"Finland",FTRI04,"Industry activity",0.8111,,
2015,246,"Finland",FTRI05,"Access to finance",0.9117,,
2015,250,"France",FTRI00,"Overall index",0.9125,,
2015,250,"France",FTRI01,"ICT",0.802,,
2015,250,"France",FTRI02,"Skills",0.701,,
2015,250,"France",FTRI03,"Research and Development",0.7926,,
2015,250,"France",FTRI04,"Industry activity",0.8166,,
2015,250,"France",FTRI05,"Access to finance",0.9124,,
2015,266,"Gabon",FTRI00,"Overall index",0.3565,,
2015,266,"Gabon",FTRI01,"ICT",0.4724,,
2015,266,"Gabon",FTRI02,"Skills",0.3208,,
2015,266,"Gabon",FTRI03,"Research and Development",0.0535,,
2015,266,"Gabon",FTRI04,"Industry activity",0.5035,,
2015,266,"Gabon",FTRI05,"Access to finance",0.7371,,
2015,270,"Gambia",FTRI00,"Overall index",0.1199,,
2015,270,"Gambia",FTRI01,"ICT",0.2911,,
2015,270,"Gambia",FTRI02,"Skills",0.1241,,
2015,270,"Gambia",FTRI03,"Research and Development",0.0676,,
2015,270,"Gambia",FTRI04,"Industry activity",0.2601,,
2015,270,"Gambia",FTRI05,"Access to finance",0.6908,,
2015,268,"Georgia",FTRI00,"Overall index",0.5023,,
2015,268,"Georgia",FTRI01,"ICT",0.7046,,
2015,268,"Georgia",FTRI02,"Skills",0.5421,,
2015,268,"Georgia",FTRI03,"Research and Development",0.1484,,
2015,268,"Georgia",FTRI04,"Industry activity",0.4724,,
2015,268,"Georgia",FTRI05,"Access to finance",0.8491,,
2015,276,"Germany",FTRI00,"Overall index",0.9649,,
2015,276,"Germany",FTRI01,"ICT",0.8225,,
2015,276,"Germany",FTRI02,"Skills",0.7605,,
2015,276,"Germany",FTRI03,"Research and Development",0.8509,,
2015,276,"Germany",FTRI04,"Industry activity",0.8461,,
2015,276,"Germany",FTRI05,"Access to finance",0.894,,
2015,288,"Ghana",FTRI00,"Overall index",0.3751,,
2015,288,"Ghana",FTRI01,"ICT",0.5373,,
2015,288,"Ghana",FTRI02,"Skills",0.2277,,
2015,288,"Ghana",FTRI03,"Research and Development",0.1822,,
2015,288,"Ghana",FTRI04,"Industry activity",0.4661,,
2015,288,"Ghana",FTRI05,"Access to finance",0.7569,,
2015,300,"Greece",FTRI00,"Overall index",0.6864,,
2015,300,"Greece",FTRI01,"ICT",0.681,,
2015,300,"Greece",FTRI02,"Skills",0.6841,,
2015,300,"Greece",FTRI03,"Research and Development",0.4869,,
2015,300,"Greece",FTRI04,"Industry activity",0.5333,,
2015,300,"Greece",FTRI05,"Access to finance",0.9283,,
2015,320,"Guatemala",FTRI00,"Overall index",0.3201,,
2015,320,"Guatemala",FTRI01,"ICT",0.4625,,
2015,320,"Guatemala",FTRI02,"Skills",0.2455,,
2015,320,"Guatemala",FTRI03,"Research and Development",0.0784,,
2015,320,"Guatemala",FTRI04,"Industry activity",0.4987,,
2015,320,"Guatemala",FTRI05,"Access to finance",0.8199,,
2015,324,"Guinea",FTRI00,"Overall index",0.1424,,
2015,324,"Guinea",FTRI01,"ICT",0.2037,,
2015,324,"Guinea",FTRI02,"Skills",0.1385,,
2015,324,"Guinea",FTRI03,"Research and Development",0.0784,,
2015,324,"Guinea",FTRI04,"Industry activity",0.3373,,
2015,324,"Guinea",FTRI05,"Access to finance",0.718,,
2015,624,"Guinea-Bissau",FTRI00,"Overall index",0.1071,,
2015,624,"Guinea-Bissau",FTRI01,"ICT",0.1484,,
2015,624,"Guinea-Bissau",FTRI02,"Skills",0.1644,,
2015,624,"Guinea-Bissau",FTRI03,"Research and Development",0.0535,,
2015,624,"Guinea-Bissau",FTRI04,"Industry activity",0.2121,,
2015,624,"Guinea-Bissau",FTRI05,"Access to finance",0.679,,
2015,328,"Guyana",FTRI00,"Overall index",0.3474,,
2015,328,"Guyana",FTRI01,"ICT",0.5156,,
2015,328,"Guyana",FTRI02,"Skills",0.3491,,
2015,328,"Guyana",FTRI03,"Research and Development",0.0676,,
2015,328,"Guyana",FTRI04,"Industry activity",0.364,,
2015,328,"Guyana",FTRI05,"Access to finance",0.8231,,
2015,332,"Haiti",FTRI00,"Overall index",0.1329,,
2015,332,"Haiti",FTRI01,"ICT",0.2622,,
2015,332,"Haiti",FTRI02,"Skills",0.2122,,
2015,332,"Haiti",FTRI03,"Research and Development",0.0535,,
2015,332,"Haiti",FTRI04,"Industry activity",0.1897,,
2015,332,"Haiti",FTRI05,"Access to finance",0.7093,,
2015,340,"Honduras",FTRI00,"Overall index",0.2518,,
2015,340,"Honduras",FTRI01,"ICT",0.4545,,
2015,340,"Honduras",FTRI02,"Skills",0.2056,,
2015,340,"Honduras",FTRI03,"Research and Development",0.0676,,
2015,340,"Honduras",FTRI04,"Industry activity",0.2581,,
2015,340,"Honduras",FTRI05,"Access to finance",0.8606,,
2015,348,"Hungary",FTRI00,"Overall index",0.6914,,
2015,348,"Hungary",FTRI01,"ICT",0.6062,,
2015,348,"Hungary",FTRI02,"Skills",0.6331,,
2015,348,"Hungary",FTRI03,"Research and Development",0.4842,,
2015,348,"Hungary",FTRI04,"Industry activity",0.7876,,
2015,348,"Hungary",FTRI05,"Access to finance",0.8195,,
2015,352,"Iceland",FTRI00,"Overall index",0.733,,
2015,352,"Iceland",FTRI01,"ICT",0.8161,,
2015,352,"Iceland",FTRI02,"Skills",0.8981,,
2015,352,"Iceland",FTRI03,"Research and Development",0.2741,,
2015,352,"Iceland",FTRI04,"Industry activity",0.4992,,
2015,352,"Iceland",FTRI05,"Access to finance",0.9043,,
2015,356,"India",FTRI00,"Overall index",0.647,,
2015,356,"India",FTRI01,"ICT",0.4263,,
2015,356,"India",FTRI02,"Skills",0.307,,
2015,356,"India",FTRI03,"Research and Development",0.7517,,
2015,356,"India",FTRI04,"Industry activity",0.7945,,
2015,356,"India",FTRI05,"Access to finance",0.8559,,
2015,360,"Indonesia",FTRI00,"Overall index",0.4959,,
2015,360,"Indonesia",FTRI01,"ICT",0.6011,,
2015,360,"Indonesia",FTRI02,"Skills",0.3313,,
2015,360,"Indonesia",FTRI03,"Research and Development",0.3374,,
2015,360,"Indonesia",FTRI04,"Industry activity",0.5989,,
2015,360,"Indonesia",FTRI05,"Access to finance",0.8296,,
2015,364,"Iran (Islamic Republic of)",FTRI00,"Overall index",0.4518,,
2015,364,"Iran (Islamic Republic of)",FTRI01,"ICT",0.4186,,
2015,364,"Iran (Islamic Republic of)",FTRI02,"Skills",0.4639,,
2015,364,"Iran (Islamic Republic of)",FTRI03,"Research and Development",0.4492,,
2015,364,"Iran (Islamic Republic of)",FTRI04,"Industry activity",0.2923,,
2015,364,"Iran (Islamic Republic of)",FTRI05,"Access to finance",0.8636,,
2015,368,"Iraq",FTRI00,"Overall index",0.2017,,
2015,368,"Iraq",FTRI01,"ICT",0.2714,,
2015,368,"Iraq",FTRI02,"Skills",0.3684,,
2015,368,"Iraq",FTRI03,"Research and Development",0.2098,,
2015,368,"Iraq",FTRI04,"Industry activity",0,,
2015,368,"Iraq",FTRI05,"Access to finance",0.7012,,
2015,372,"Ireland",FTRI00,"Overall index",0.9505,,
2015,372,"Ireland",FTRI01,"ICT",0.9549,,
2015,372,"Ireland",FTRI02,"Skills",0.795,,
2015,372,"Ireland",FTRI03,"Research and Development",0.5272,,
2015,372,"Ireland",FTRI04,"Industry activity",1,,
2015,372,"Ireland",FTRI05,"Access to finance",0.8578,,
2015,376,"Israel",FTRI00,"Overall index",0.8982,,
2015,376,"Israel",FTRI01,"ICT",0.8008,,
2015,376,"Israel",FTRI02,"Skills",0.7409,,
2015,376,"Israel",FTRI03,"Research and Development",0.6153,,
2015,376,"Israel",FTRI04,"Industry activity",0.93,,
2015,376,"Israel",FTRI05,"Access to finance",0.8779,,
2015,380,"Italy",FTRI00,"Overall index",0.8145,,
2015,380,"Italy",FTRI01,"ICT",0.7046,,
2015,380,"Italy",FTRI02,"Skills",0.6507,,
2015,380,"Italy",FTRI03,"Research and Development",0.7323,,
2015,380,"Italy",FTRI04,"Industry activity",0.7099,,
2015,380,"Italy",FTRI05,"Access to finance",0.9044,,
2015,388,"Jamaica",FTRI00,"Overall index",0.3333,,
2015,388,"Jamaica",FTRI01,"ICT",0.514,,
2015,388,"Jamaica",FTRI02,"Skills",0.415,,
2015,388,"Jamaica",FTRI03,"Research and Development",0.1014,,
2015,388,"Jamaica",FTRI04,"Industry activity",0.2595,,
2015,388,"Jamaica",FTRI05,"Access to finance",0.8049,,
2015,392,"Japan",FTRI00,"Overall index",0.8583,,
2015,392,"Japan",FTRI01,"ICT",0.8059,,
2015,392,"Japan",FTRI02,"Skills",0.4923,,
2015,392,"Japan",FTRI03,"Research and Development",0.8086,,
2015,392,"Japan",FTRI04,"Industry activity",0.8079,,
2015,392,"Japan",FTRI05,"Access to finance",0.9619,,
2015,400,"Jordan",FTRI00,"Overall index",0.4485,,
2015,400,"Jordan",FTRI01,"ICT",0.5477,,
2015,400,"Jordan",FTRI02,"Skills",0.4075,,
2015,400,"Jordan",FTRI03,"Research and Development",0.2235,,
2015,400,"Jordan",FTRI04,"Industry activity",0.5179,,
2015,400,"Jordan",FTRI05,"Access to finance",0.8793,,
2015,398,"Kazakhstan",FTRI00,"Overall index",0.5363,,
2015,398,"Kazakhstan",FTRI01,"ICT",0.5837,,
2015,398,"Kazakhstan",FTRI02,"Skills",0.5661,,
2015,398,"Kazakhstan",FTRI03,"Research and Development",0.3094,,
2015,398,"Kazakhstan",FTRI04,"Industry activity",0.5453,,
2015,398,"Kazakhstan",FTRI05,"Access to finance",0.8262,,
2015,404,"Kenya",FTRI00,"Overall index",0.3965,,
2015,404,"Kenya",FTRI01,"ICT",0.6189,,
2015,404,"Kenya",FTRI02,"Skills",0.2373,,
2015,404,"Kenya",FTRI03,"Research and Development",0.224,,
2015,404,"Kenya",FTRI04,"Industry activity",0.4477,,
2015,404,"Kenya",FTRI05,"Access to finance",0.8236,,
2015,414,"Kuwait",FTRI00,"Overall index",0.4886,,
2015,414,"Kuwait",FTRI01,"ICT",0.5509,,
2015,414,"Kuwait",FTRI02,"Skills",0.4691,,
2015,414,"Kuwait",FTRI03,"Research and Development",0.181,,
2015,414,"Kuwait",FTRI04,"Industry activity",0.4388,,
2015,414,"Kuwait",FTRI05,"Access to finance",0.9157,,
2015,417,"Kyrgyzstan",FTRI00,"Overall index",0.3089,,
2015,417,"Kyrgyzstan",FTRI01,"ICT",0.4166,,
2015,417,"Kyrgyzstan",FTRI02,"Skills",0.3592,,
2015,417,"Kyrgyzstan",FTRI03,"Research and Development",0.0676,,
2015,417,"Kyrgyzstan",FTRI04,"Industry activity",0.4507,,
2015,417,"Kyrgyzstan",FTRI05,"Access to finance",0.7793,,
2015,418,"Lao People's Dem. Rep.",FTRI00,"Overall index",0.2521,,
2015,418,"Lao People's Dem. Rep.",FTRI01,"ICT",0.3482,,
2015,418,"Lao People's Dem. Rep.",FTRI02,"Skills",0.2451,,
2015,418,"Lao People's Dem. Rep.",FTRI03,"Research and Development",0.0784,,
2015,418,"Lao People's Dem. Rep.",FTRI04,"Industry activity",0.4905,,
2015,418,"Lao People's Dem. Rep.",FTRI05,"Access to finance",0.7712,,
2015,428,"Latvia",FTRI00,"Overall index",0.7009,,
2015,428,"Latvia",FTRI01,"ICT",0.7207,,
2015,428,"Latvia",FTRI02,"Skills",0.6868,,
2015,428,"Latvia",FTRI03,"Research and Development",0.4022,,
2015,428,"Latvia",FTRI04,"Industry activity",0.6857,,
2015,428,"Latvia",FTRI05,"Access to finance",0.8492,,
2015,422,"Lebanon",FTRI00,"Overall index",0.5626,,
2015,422,"Lebanon",FTRI01,"ICT",0.6421,,
2015,422,"Lebanon",FTRI02,"Skills",0.4552,,
2015,422,"Lebanon",FTRI03,"Research and Development",0.2714,,
2015,422,"Lebanon",FTRI04,"Industry activity",0.5792,,
2015,422,"Lebanon",FTRI05,"Access to finance",0.9176,,
2015,426,"Lesotho",FTRI00,"Overall index",0.2207,,
2015,426,"Lesotho",FTRI01,"ICT",0.4435,,
2015,426,"Lesotho",FTRI02,"Skills",0.2557,,
2015,426,"Lesotho",FTRI03,"Research and Development",0,,
2015,426,"Lesotho",FTRI04,"Industry activity",0.304,,
2015,426,"Lesotho",FTRI05,"Access to finance",0.7586,,
2015,430,"Liberia",FTRI00,"Overall index",0.1135,,
2015,430,"Liberia",FTRI01,"ICT",0.3726,,
2015,430,"Liberia",FTRI02,"Skills",0.2092,,
2015,430,"Liberia",FTRI03,"Research and Development",0,,
2015,430,"Liberia",FTRI04,"Industry activity",0.0058,,
2015,430,"Liberia",FTRI05,"Access to finance",0.725,,
2015,434,"Libya",FTRI00,"Overall index",0.4003,,
2015,434,"Libya",FTRI01,"ICT",0.3449,,
2015,434,"Libya",FTRI02,"Skills",0.5106,,
2015,434,"Libya",FTRI03,"Research and Development",0.0784,,
2015,434,"Libya",FTRI04,"Industry activity",0.4339,,
2015,434,"Libya",FTRI05,"Access to finance",0.7739,,
2015,440,"Lithuania",FTRI00,"Overall index",0.7376,,
2015,440,"Lithuania",FTRI01,"ICT",0.9338,,
2015,440,"Lithuania",FTRI02,"Skills",0.7364,,
2015,440,"Lithuania",FTRI03,"Research and Development",0.3765,,
2015,440,"Lithuania",FTRI04,"Industry activity",0.578,,
2015,440,"Lithuania",FTRI05,"Access to finance",0.8352,,
2015,442,"Luxembourg",FTRI00,"Overall index",0.8558,,
2015,442,"Luxembourg",FTRI01,"ICT",0.7828,,
2015,442,"Luxembourg",FTRI02,"Skills",0.8044,,
2015,442,"Luxembourg",FTRI03,"Research and Development",0.4111,,
2015,442,"Luxembourg",FTRI04,"Industry activity",0.8338,,
2015,442,"Luxembourg",FTRI05,"Access to finance",0.9091,,
2015,450,"Madagascar",FTRI00,"Overall index",0.1828,,
2015,450,"Madagascar",FTRI01,"ICT",0.36,,
2015,450,"Madagascar",FTRI02,"Skills",0.1567,,
2015,450,"Madagascar",FTRI03,"Research and Development",0.1169,,
2015,450,"Madagascar",FTRI04,"Industry activity",0.2327,,
2015,450,"Madagascar",FTRI05,"Access to finance",0.7218,,
2015,454,"Malawi",FTRI00,"Overall index",0.2457,,
2015,454,"Malawi",FTRI01,"ICT",0.4257,,
2015,454,"Malawi",FTRI02,"Skills",0.1907,,
2015,454,"Malawi",FTRI03,"Research and Development",0.0948,,
2015,454,"Malawi",FTRI04,"Industry activity",0.3466,,
2015,454,"Malawi",FTRI05,"Access to finance",0.6943,,
2015,458,"Malaysia",FTRI00,"Overall index",0.6534,,
2015,458,"Malaysia",FTRI01,"ICT",0.5842,,
2015,458,"Malaysia",FTRI02,"Skills",0.4453,,
2015,458,"Malaysia",FTRI03,"Research and Development",0.5383,,
2015,458,"Malaysia",FTRI04,"Industry activity",0.7764,,
2015,458,"Malaysia",FTRI05,"Access to finance",0.9364,,
2015,462,"Maldives",FTRI00,"Overall index",0.3933,,
2015,462,"Maldives",FTRI01,"ICT",0.6534,,
2015,462,"Maldives",FTRI02,"Skills",0.508,,
2015,462,"Maldives",FTRI03,"Research and Development",0.0535,,
2015,462,"Maldives",FTRI04,"Industry activity",0.2707,,
2015,462,"Maldives",FTRI05,"Access to finance",0.802,,
2015,466,"Mali",FTRI00,"Overall index",0.1676,,
2015,466,"Mali",FTRI01,"ICT",0.2193,,
2015,466,"Mali",FTRI02,"Skills",0.0415,,
2015,466,"Mali",FTRI03,"Research and Development",0.1014,,
2015,466,"Mali",FTRI04,"Industry activity",0.3956,,
2015,466,"Mali",FTRI05,"Access to finance",0.7878,,
2015,470,"Malta",FTRI00,"Overall index",0.7781,,
2015,470,"Malta",FTRI01,"ICT",0.8509,,
2015,470,"Malta",FTRI02,"Skills",0.6702,,
2015,470,"Malta",FTRI03,"Research and Development",0.266,,
2015,470,"Malta",FTRI04,"Industry activity",0.8833,,
2015,470,"Malta",FTRI05,"Access to finance",0.9022,,
2015,478,"Mauritania",FTRI00,"Overall index",0.1358,,
2015,478,"Mauritania",FTRI01,"ICT",0.2911,,
2015,478,"Mauritania",FTRI02,"Skills",0.163,,
2015,478,"Mauritania",FTRI03,"Research and Development",0,,
2015,478,"Mauritania",FTRI04,"Industry activity",0.2185,,
2015,478,"Mauritania",FTRI05,"Access to finance",0.7721,,
2015,480,"Mauritius",FTRI00,"Overall index",0.4887,,
2015,480,"Mauritius",FTRI01,"ICT",0.4847,,
2015,480,"Mauritius",FTRI02,"Skills",0.5223,,
2015,480,"Mauritius",FTRI03,"Research and Development",0.1211,,
2015,480,"Mauritius",FTRI04,"Industry activity",0.6114,,
2015,480,"Mauritius",FTRI05,"Access to finance",0.9171,,
2015,175,"Mayotte",FTRI00,"Overall index",0.6286,,
2015,175,"Mayotte",FTRI01,"ICT",0.7559,,
2015,175,"Mayotte",FTRI02,"Skills",0.5837,,
2015,175,"Mayotte",FTRI03,"Research and Development",0.543,,
2015,175,"Mayotte",FTRI04,"Industry activity",0.3033,,
2015,175,"Mayotte",FTRI05,"Access to finance",0.8607,,
2015,484,"Mexico",FTRI00,"Overall index",0.6456,,
2015,484,"Mexico",FTRI01,"ICT",0.6775,,
2015,484,"Mexico",FTRI02,"Skills",0.4418,,
2015,484,"Mexico",FTRI03,"Research and Development",0.5716,,
2015,484,"Mexico",FTRI04,"Industry activity",0.7203,,
2015,484,"Mexico",FTRI05,"Access to finance",0.8074,,
2015,496,"Mongolia",FTRI00,"Overall index",0.3495,,
2015,496,"Mongolia",FTRI01,"ICT",0.4293,,
2015,496,"Mongolia",FTRI02,"Skills",0.5017,,
2015,496,"Mongolia",FTRI03,"Research and Development",0.125,,
2015,496,"Mongolia",FTRI04,"Industry activity",0.1931,,
2015,496,"Mongolia",FTRI05,"Access to finance",0.8604,,
2015,499,"Montenegro",FTRI00,"Overall index",0.4738,,
2015,499,"Montenegro",FTRI01,"ICT",0.5785,,
2015,499,"Montenegro",FTRI02,"Skills",0.6391,,
2015,499,"Montenegro",FTRI03,"Research and Development",0.1122,,
2015,499,"Montenegro",FTRI04,"Industry activity",0.3807,,
2015,499,"Montenegro",FTRI05,"Access to finance",0.8531,,
2015,504,"Morocco",FTRI00,"Overall index",0.5046,,
2015,504,"Morocco",FTRI01,"ICT",0.6597,,
2015,504,"Morocco",FTRI02,"Skills",0.2644,,
2015,504,"Morocco",FTRI03,"Research and Development",0.4017,,
2015,504,"Morocco",FTRI04,"Industry activity",0.5181,,
2015,504,"Morocco",FTRI05,"Access to finance",0.8944,,
2015,508,"Mozambique",FTRI00,"Overall index",0.1615,,
2015,508,"Mozambique",FTRI01,"ICT",0.2095,,
2015,508,"Mozambique",FTRI02,"Skills",0.1624,,
2015,508,"Mozambique",FTRI03,"Research and Development",0.1484,,
2015,508,"Mozambique",FTRI04,"Industry activity",0.2087,,
2015,508,"Mozambique",FTRI05,"Access to finance",0.811,,
2015,104,"Myanmar",FTRI00,"Overall index",0.186,,
2015,104,"Myanmar",FTRI01,"ICT",0.2791,,
2015,104,"Myanmar",FTRI02,"Skills",0.182,,
2015,104,"Myanmar",FTRI03,"Research and Development",0.1351,,
2015,104,"Myanmar",FTRI04,"Industry activity",0.2541,,
2015,104,"Myanmar",FTRI05,"Access to finance",0.7579,,
2015,516,"Namibia",FTRI00,"Overall index",0.3323,,
2015,516,"Namibia",FTRI01,"ICT",0.3946,,
2015,516,"Namibia",FTRI02,"Skills",0.318,,
2015,516,"Namibia",FTRI03,"Research and Development",0.1122,,
2015,516,"Namibia",FTRI04,"Industry activity",0.4876,,
2015,516,"Namibia",FTRI05,"Access to finance",0.8778,,
2015,524,"Nepal",FTRI00,"Overall index",0.309,,
2015,524,"Nepal",FTRI01,"ICT",0.3435,,
2015,524,"Nepal",FTRI02,"Skills",0.2953,,
2015,524,"Nepal",FTRI03,"Research and Development",0.1786,,
2015,524,"Nepal",FTRI04,"Industry activity",0.3081,,
2015,524,"Nepal",FTRI05,"Access to finance",0.8645,,
2015,528,"Netherlands (Kingdom of the)",FTRI00,"Overall index",0.9679,,
2015,528,"Netherlands (Kingdom of the)",FTRI01,"ICT",0.8456,,
2015,528,"Netherlands (Kingdom of the)",FTRI02,"Skills",0.8308,,
2015,528,"Netherlands (Kingdom of the)",FTRI03,"Research and Development",0.7116,,
2015,528,"Netherlands (Kingdom of the)",FTRI04,"Industry activity",0.8585,,
2015,528,"Netherlands (Kingdom of the)",FTRI05,"Access to finance",0.9273,,
2015,554,"New Zealand",FTRI00,"Overall index",0.838,,
2015,554,"New Zealand",FTRI01,"ICT",0.8495,,
2015,554,"New Zealand",FTRI02,"Skills",0.8567,,
2015,554,"New Zealand",FTRI03,"Research and Development",0.5565,,
2015,554,"New Zealand",FTRI04,"Industry activity",0.5235,,
2015,554,"New Zealand",FTRI05,"Access to finance",0.9562,,
2015,558,"Nicaragua",FTRI00,"Overall index",0.2241,,
2015,558,"Nicaragua",FTRI01,"ICT",0.3589,,
2015,558,"Nicaragua",FTRI02,"Skills",0.289,,
2015,558,"Nicaragua",FTRI03,"Research and Development",0.0535,,
2015,558,"Nicaragua",FTRI04,"Industry activity",0.1913,,
2015,558,"Nicaragua",FTRI05,"Access to finance",0.824,,
2015,562,"Niger",FTRI00,"Overall index",0.2055,,
2015,562,"Niger",FTRI01,"ICT",0.027,,
2015,562,"Niger",FTRI02,"Skills",0.0744,,
2015,562,"Niger",FTRI03,"Research and Development",0.1381,,
2015,562,"Niger",FTRI04,"Industry activity",0.825,,
2015,562,"Niger",FTRI05,"Access to finance",0.7136,,
2015,566,"Nigeria",FTRI00,"Overall index",0.3202,,
2015,566,"Nigeria",FTRI01,"ICT",0.4293,,
2015,566,"Nigeria",FTRI02,"Skills",0.328,,
2015,566,"Nigeria",FTRI03,"Research and Development",0.2874,,
2015,566,"Nigeria",FTRI04,"Industry activity",0.2558,,
2015,566,"Nigeria",FTRI05,"Access to finance",0.7274,,
2015,807,"North Macedonia",FTRI00,"Overall index",0.4923,,
2015,807,"North Macedonia",FTRI01,"ICT",0.6879,,
2015,807,"North Macedonia",FTRI02,"Skills",0.4457,,
2015,807,"North Macedonia",FTRI03,"Research and Development",0.1704,,
2015,807,"North Macedonia",FTRI04,"Industry activity",0.494,,
2015,807,"North Macedonia",FTRI05,"Access to finance",0.8562,,
2015,578,"Norway",FTRI00,"Overall index",0.8372,,
2015,578,"Norway",FTRI01,"ICT",0.7616,,
2015,578,"Norway",FTRI02,"Skills",0.8458,,
2015,578,"Norway",FTRI03,"Research and Development",0.5497,,
2015,578,"Norway",FTRI04,"Industry activity",0.6319,,
2015,578,"Norway",FTRI05,"Access to finance",0.947,,
2015,512,"Oman",FTRI00,"Overall index",0.4601,,
2015,512,"Oman",FTRI01,"ICT",0.6938,,
2015,512,"Oman",FTRI02,"Skills",0.4591,,
2015,512,"Oman",FTRI03,"Research and Development",0.1953,,
2015,512,"Oman",FTRI04,"Industry activity",0.3157,,
2015,512,"Oman",FTRI05,"Access to finance",0.8666,,
2015,586,"Pakistan",FTRI00,"Overall index",0.2474,,
2015,586,"Pakistan",FTRI01,"ICT",0.3329,,
2015,586,"Pakistan",FTRI02,"Skills",0.0605,,
2015,586,"Pakistan",FTRI03,"Research and Development",0.3127,,
2015,586,"Pakistan",FTRI04,"Industry activity",0.4102,,
2015,586,"Pakistan",FTRI05,"Access to finance",0.733,,
2015,591,"Panama",FTRI00,"Overall index",0.4752,,
2015,591,"Panama",FTRI01,"ICT",0.54,,
2015,591,"Panama",FTRI02,"Skills",0.4281,,
2015,591,"Panama",FTRI03,"Research and Development",0.1704,,
2015,591,"Panama",FTRI04,"Industry activity",0.6284,,
2015,591,"Panama",FTRI05,"Access to finance",0.9025,,
2015,598,"Papua New Guinea",FTRI00,"Overall index",0.2294,,
2015,598,"Papua New Guinea",FTRI01,"ICT",0.3934,,
2015,598,"Papua New Guinea",FTRI02,"Skills",0.1857,,
2015,598,"Papua New Guinea",FTRI03,"Research and Development",0.1122,,
2015,598,"Papua New Guinea",FTRI04,"Industry activity",0.2965,,
2015,598,"Papua New Guinea",FTRI05,"Access to finance",0.7782,,
2015,600,"Paraguay",FTRI00,"Overall index",0.3422,,
2015,600,"Paraguay",FTRI01,"ICT",0.536,,
2015,600,"Paraguay",FTRI02,"Skills",0.4032,,
2015,600,"Paraguay",FTRI03,"Research and Development",0.0873,,
2015,600,"Paraguay",FTRI04,"Industry activity",0.2945,,
2015,600,"Paraguay",FTRI05,"Access to finance",0.8391,,
2015,604,"Peru",FTRI00,"Overall index",0.3747,,
2015,604,"Peru",FTRI01,"ICT",0.4045,,
2015,604,"Peru",FTRI02,"Skills",0.4071,,
2015,604,"Peru",FTRI03,"Research and Development",0.2696,,
2015,604,"Peru",FTRI04,"Industry activity",0.301,,
2015,604,"Peru",FTRI05,"Access to finance",0.8402,,
2015,608,"Philippines",FTRI00,"Overall index",0.6116,,
2015,608,"Philippines",FTRI01,"ICT",0.5792,,
2015,608,"Philippines",FTRI02,"Skills",0.4258,,
2015,608,"Philippines",FTRI03,"Research and Development",0.3793,,
2015,608,"Philippines",FTRI04,"Industry activity",0.8941,,
2015,608,"Philippines",FTRI05,"Access to finance",0.8314,,
2015,616,"Poland",FTRI00,"Overall index",0.7842,,
2015,616,"Poland",FTRI01,"ICT",0.7527,,
2015,616,"Poland",FTRI02,"Skills",0.6692,,
2015,616,"Poland",FTRI03,"Research and Development",0.6218,,
2015,616,"Poland",FTRI04,"Industry activity",0.7058,,
2015,616,"Poland",FTRI05,"Access to finance",0.859,,
2015,620,"Portugal",FTRI00,"Overall index",0.7496,,
2015,620,"Portugal",FTRI01,"ICT",0.7678,,
2015,620,"Portugal",FTRI02,"Skills",0.6569,,
2015,620,"Portugal",FTRI03,"Research and Development",0.5506,,
2015,620,"Portugal",FTRI04,"Industry activity",0.5885,,
2015,620,"Portugal",FTRI05,"Access to finance",0.9339,,
2015,634,"Qatar",FTRI00,"Overall index",0.4157,,
2015,634,"Qatar",FTRI01,"ICT",0.6202,,
2015,634,"Qatar",FTRI02,"Skills",0.3527,,
2015,634,"Qatar",FTRI03,"Research and Development",0.2812,,
2015,634,"Qatar",FTRI04,"Industry activity",0.2296,,
2015,634,"Qatar",FTRI05,"Access to finance",0.8849,,
2015,410,"Republic of Korea",FTRI00,"Overall index",0.9454,,
2015,410,"Republic of Korea",FTRI01,"ICT",0.9123,,
2015,410,"Republic of Korea",FTRI02,"Skills",0.6953,,
2015,410,"Republic of Korea",FTRI03,"Research and Development",0.8254,,
2015,410,"Republic of Korea",FTRI04,"Industry activity",0.7934,,
2015,410,"Republic of Korea",FTRI05,"Access to finance",0.943,,
2015,498,"Republic of Moldova",FTRI00,"Overall index",0.5995,,
2015,498,"Republic of Moldova",FTRI01,"ICT",0.8767,,
2015,498,"Republic of Moldova",FTRI02,"Skills",0.4187,,
2015,498,"Republic of Moldova",FTRI03,"Research and Development",0.3644,,
2015,498,"Republic of Moldova",FTRI04,"Industry activity",0.5406,,
2015,498,"Republic of Moldova",FTRI05,"Access to finance",0.8015,,
2015,642,"Romania",FTRI00,"Overall index",0.7213,,
2015,642,"Romania",FTRI01,"ICT",0.9005,,
2015,642,"Romania",FTRI02,"Skills",0.4776,,
2015,642,"Romania",FTRI03,"Research and Development",0.5514,,
2015,642,"Romania",FTRI04,"Industry activity",0.6712,,
2015,642,"Romania",FTRI05,"Access to finance",0.8045,,
2015,643,"Russian Federation",FTRI00,"Overall index",0.8109,,
2015,643,"Russian Federation",FTRI01,"ICT",0.8401,,
2015,643,"Russian Federation",FTRI02,"Skills",0.6684,,
2015,643,"Russian Federation",FTRI03,"Research and Development",0.6842,,
2015,643,"Russian Federation",FTRI04,"Industry activity",0.581,,
2015,643,"Russian Federation",FTRI05,"Access to finance",0.8629,,
2015,646,"Rwanda",FTRI00,"Overall index",0.2557,,
2015,646,"Rwanda",FTRI01,"ICT",0.5246,,
2015,646,"Rwanda",FTRI02,"Skills",0.1846,,
2015,646,"Rwanda",FTRI03,"Research and Development",0.1169,,
2015,646,"Rwanda",FTRI04,"Industry activity",0.2817,,
2015,646,"Rwanda",FTRI05,"Access to finance",0.7716,,
2015,662,"Saint Lucia",FTRI00,"Overall index",0.3916,,
2015,662,"Saint Lucia",FTRI01,"ICT",0.6077,,
2015,662,"Saint Lucia",FTRI02,"Skills",0.4158,,
2015,662,"Saint Lucia",FTRI03,"Research and Development",0,,
2015,662,"Saint Lucia",FTRI04,"Industry activity",0.4706,,
2015,662,"Saint Lucia",FTRI05,"Access to finance",0.885,,
2015,670,"Saint Vincent and the Grenadines",FTRI00,"Overall index",0.3914,,
2015,670,"Saint Vincent and the Grenadines",FTRI01,"ICT",0.7017,,
2015,670,"Saint Vincent and the Grenadines",FTRI02,"Skills",0.5327,,
2015,670,"Saint Vincent and the Grenadines",FTRI03,"Research and Development",0,,
2015,670,"Saint Vincent and the Grenadines",FTRI04,"Industry activity",0.1465,,
2015,670,"Saint Vincent and the Grenadines",FTRI05,"Access to finance",0.8514,,
2015,882,"Samoa",FTRI00,"Overall index",0.3214,,
2015,882,"Samoa",FTRI01,"ICT",0.3003,,
2015,882,"Samoa",FTRI02,"Skills",0.4415,,
2015,882,"Samoa",FTRI03,"Research and Development",0,,
2015,882,"Samoa",FTRI04,"Industry activity",0.4284,,
2015,882,"Samoa",FTRI05,"Access to finance",0.7586,,
2015,678,"Sao Tome and Principe",FTRI00,"Overall index",0.2523,,
2015,678,"Sao Tome and Principe",FTRI01,"ICT",0.4478,,
2015,678,"Sao Tome and Principe",FTRI02,"Skills",0.2968,,
2015,678,"Sao Tome and Principe",FTRI03,"Research and Development",0,,
2015,678,"Sao Tome and Principe",FTRI04,"Industry activity",0.3209,,
2015,678,"Sao Tome and Principe",FTRI05,"Access to finance",0.8144,,
2015,682,"Saudi Arabia",FTRI00,"Overall index",0.6286,,
2015,682,"Saudi Arabia",FTRI01,"ICT",0.7559,,
2015,682,"Saudi Arabia",FTRI02,"Skills",0.5837,,
2015,682,"Saudi Arabia",FTRI03,"Research and Development",0.543,,
2015,682,"Saudi Arabia",FTRI04,"Industry activity",0.3033,,
2015,682,"Saudi Arabia",FTRI05,"Access to finance",0.8607,,
2015,686,"Senegal",FTRI00,"Overall index",0.2838,,
2015,686,"Senegal",FTRI01,"ICT",0.4244,,
2015,686,"Senegal",FTRI02,"Skills",0.1346,,
2015,686,"Senegal",FTRI03,"Research and Development",0.1588,,
2015,686,"Senegal",FTRI04,"Industry activity",0.44,,
2015,686,"Senegal",FTRI05,"Access to finance",0.796,,
2015,688,"Serbia",FTRI00,"Overall index",0.6353,,
2015,688,"Serbia",FTRI01,"ICT",0.7473,,
2015,688,"Serbia",FTRI02,"Skills",0.5361,,
2015,688,"Serbia",FTRI03,"Research and Development",0.3498,,
2015,688,"Serbia",FTRI04,"Industry activity",0.6466,,
2015,688,"Serbia",FTRI05,"Access to finance",0.8331,,
2015,694,"Sierra Leone",FTRI00,"Overall index",0,,
2015,694,"Sierra Leone",FTRI01,"ICT",0.2588,,
2015,694,"Sierra Leone",FTRI02,"Skills",0.1117,,
2015,694,"Sierra Leone",FTRI03,"Research and Development",0,,
2015,694,"Sierra Leone",FTRI04,"Industry activity",0.5586,,
2015,694,"Sierra Leone",FTRI05,"Access to finance",0,,
2015,702,"Singapore",FTRI00,"Overall index",0.9786,,
2015,702,"Singapore",FTRI01,"ICT",1,,
2015,702,"Singapore",FTRI02,"Skills",0.834,,
2015,702,"Singapore",FTRI03,"Research and Development",0.5886,,
2015,702,"Singapore",FTRI04,"Industry activity",0.8911,,
2015,702,"Singapore",FTRI05,"Access to finance",0.9359,,
2015,703,"Slovakia",FTRI00,"Overall index",0.6807,,
2015,703,"Slovakia",FTRI01,"ICT",0.6486,,
2015,703,"Slovakia",FTRI02,"Skills",0.5799,,
2015,703,"Slovakia",FTRI03,"Research and Development",0.4786,,
2015,703,"Slovakia",FTRI04,"Industry activity",0.7447,,
2015,703,"Slovakia",FTRI05,"Access to finance",0.857,,
2015,705,"Slovenia",FTRI00,"Overall index",0.6911,,
2015,705,"Slovenia",FTRI01,"ICT",0.588,,
2015,705,"Slovenia",FTRI02,"Skills",0.7577,,
2015,705,"Slovenia",FTRI03,"Research and Development",0.4093,,
2015,705,"Slovenia",FTRI04,"Industry activity",0.7208,,
2015,705,"Slovenia",FTRI05,"Access to finance",0.8522,,
2015,090,"Solomon Islands",FTRI00,"Overall index",0.1494,,
2015,090,"Solomon Islands",FTRI01,"ICT",0.215,,
2015,090,"Solomon Islands",FTRI02,"Skills",0.2662,,
2015,090,"Solomon Islands",FTRI03,"Research and Development",0,,
2015,090,"Solomon Islands",FTRI04,"Industry activity",0.1816,,
2015,090,"Solomon Islands",FTRI05,"Access to finance",0.8137,,
2015,710,"South Africa",FTRI00,"Overall index",0.6345,,
2015,710,"South Africa",FTRI01,"ICT",0.5944,,
2015,710,"South Africa",FTRI02,"Skills",0.4938,,
2015,710,"South Africa",FTRI03,"Research and Development",0.5223,,
2015,710,"South Africa",FTRI04,"Industry activity",0.5629,,
2015,710,"South Africa",FTRI05,"Access to finance",0.9395,,
2015,728,"South Sudan",FTRI00,"Overall index",0.0041,,
2015,728,"South Sudan",FTRI01,"ICT",0.1053,,
2015,728,"South Sudan",FTRI02,"Skills",0,,
2015,728,"South Sudan",FTRI03,"Research and Development",0,,
2015,728,"South Sudan",FTRI04,"Industry activity",0.2266,,
2015,728,"South Sudan",FTRI05,"Access to finance",0.5656,,
2015,724,"Spain",FTRI00,"Overall index",0.7701,,
2015,724,"Spain",FTRI01,"ICT",0.5979,,
2015,724,"Spain",FTRI02,"Skills",0.6784,,
2015,724,"Spain",FTRI03,"Research and Development",0.7103,,
2015,724,"Spain",FTRI04,"Industry activity",0.6518,,
2015,724,"Spain",FTRI05,"Access to finance",0.9334,,
2015,144,"Sri Lanka",FTRI00,"Overall index",0.3954,,
2015,144,"Sri Lanka",FTRI01,"ICT",0.482,,
2015,144,"Sri Lanka",FTRI02,"Skills",0.3934,,
2015,144,"Sri Lanka",FTRI03,"Research and Development",0.2042,,
2015,144,"Sri Lanka",FTRI04,"Industry activity",0.4152,,
2015,144,"Sri Lanka",FTRI05,"Access to finance",0.8302,,
2015,729,"Sudan",FTRI00,"Overall index",0.0927,,
2015,729,"Sudan",FTRI01,"ICT",0.2481,,
2015,729,"Sudan",FTRI02,"Skills",0.1479,,
2015,729,"Sudan",FTRI03,"Research and Development",0.1351,,
2015,729,"Sudan",FTRI04,"Industry activity",0.0518,,
2015,729,"Sudan",FTRI05,"Access to finance",0.683,,
2015,736,"Sudan (...2011)",FTRI00,"Overall index",,,"Not applicable"
2015,736,"Sudan (...2011)",FTRI01,"ICT",,,"Not applicable"
2015,736,"Sudan (...2011)",FTRI02,"Skills",,,"Not applicable"
2015,736,"Sudan (...2011)",FTRI03,"Research and Development",,,"Not applicable"
2015,736,"Sudan (...2011)",FTRI04,"Industry activity",,,"Not applicable"
2015,736,"Sudan (...2011)",FTRI05,"Access to finance",,,"Not applicable"
2015,740,"Suriname",FTRI00,"Overall index",0.4101,,
2015,740,"Suriname",FTRI01,"ICT",0.5683,,
2015,740,"Suriname",FTRI02,"Skills",0.3973,,
2015,740,"Suriname",FTRI03,"Research and Development",0.0873,,
2015,740,"Suriname",FTRI04,"Industry activity",0.5194,,
2015,740,"Suriname",FTRI05,"Access to finance",0.8158,,
2015,752,"Sweden",FTRI00,"Overall index",1,,
2015,752,"Sweden",FTRI01,"ICT",0.9659,,
2015,752,"Sweden",FTRI02,"Skills",0.8487,,
2015,752,"Sweden",FTRI03,"Research and Development",0.6665,,
2015,752,"Sweden",FTRI04,"Industry activity",0.8495,,
2015,752,"Sweden",FTRI05,"Access to finance",0.9391,,
2015,756,"Switzerland",FTRI00,"Overall index",0.9217,,
2015,756,"Switzerland",FTRI01,"ICT",0.7341,,
2015,756,"Switzerland",FTRI02,"Skills",0.7419,,
2015,756,"Switzerland",FTRI03,"Research and Development",0.687,,
2015,756,"Switzerland",FTRI04,"Industry activity",0.9167,,
2015,756,"Switzerland",FTRI05,"Access to finance",0.9647,,
2015,762,"Tajikistan",FTRI00,"Overall index",0.2141,,
2015,762,"Tajikistan",FTRI01,"ICT",0.3013,,
2015,762,"Tajikistan",FTRI02,"Skills",0.3041,,
2015,762,"Tajikistan",FTRI03,"Research and Development",0.0338,,
2015,762,"Tajikistan",FTRI04,"Industry activity",0.3273,,
2015,762,"Tajikistan",FTRI05,"Access to finance",0.7741,,
2015,764,"Thailand",FTRI00,"Overall index",0.6558,,
2015,764,"Thailand",FTRI01,"ICT",0.6789,,
2015,764,"Thailand",FTRI02,"Skills",0.4871,,
2015,764,"Thailand",FTRI03,"Research and Development",0.4427,,
2015,764,"Thailand",FTRI04,"Industry activity",0.706,,
2015,764,"Thailand",FTRI05,"Access to finance",0.9545,,
2015,626,"Timor-Leste",FTRI00,"Overall index",0.1854,,
2015,626,"Timor-Leste",FTRI01,"ICT",0.4562,,
2015,626,"Timor-Leste",FTRI02,"Skills",0.3189,,
2015,626,"Timor-Leste",FTRI03,"Research and Development",0,,
2015,626,"Timor-Leste",FTRI04,"Industry activity",0.0378,,
2015,626,"Timor-Leste",FTRI05,"Access to finance",0.7289,,
2015,768,"Togo",FTRI00,"Overall index",0.1967,,
2015,768,"Togo",FTRI01,"ICT",0.1692,,
2015,768,"Togo",FTRI02,"Skills",0.2876,,
2015,768,"Togo",FTRI03,"Research and Development",0.0676,,
2015,768,"Togo",FTRI04,"Industry activity",0.3292,,
2015,768,"Togo",FTRI05,"Access to finance",0.8022,,
2015,780,"Trinidad and Tobago",FTRI00,"Overall index",0.4213,,
2015,780,"Trinidad and Tobago",FTRI01,"ICT",0.6249,,
2015,780,"Trinidad and Tobago",FTRI02,"Skills",0.48,,
2015,780,"Trinidad and Tobago",FTRI03,"Research and Development",0.1122,,
2015,780,"Trinidad and Tobago",FTRI04,"Industry activity",0.3863,,
2015,780,"Trinidad and Tobago",FTRI05,"Access to finance",0.8118,,
2015,788,"Tunisia",FTRI00,"Overall index",0.5673,,
2015,788,"Tunisia",FTRI01,"ICT",0.6321,,
2015,788,"Tunisia",FTRI02,"Skills",0.4553,,
2015,788,"Tunisia",FTRI03,"Research and Development",0.3805,,
2015,788,"Tunisia",FTRI04,"Industry activity",0.6183,,
2015,788,"Tunisia",FTRI05,"Access to finance",0.8697,,
2015,792,"Turkiye",FTRI00,"Overall index",0.5934,,
2015,792,"Turkiye",FTRI01,"ICT",0.5465,,
2015,792,"Turkiye",FTRI02,"Skills",0.5652,,
2015,792,"Turkiye",FTRI03,"Research and Development",0.5209,,
2015,792,"Turkiye",FTRI04,"Industry activity",0.4902,,
2015,792,"Turkiye",FTRI05,"Access to finance",0.879,,
2015,800,"Uganda",FTRI00,"Overall index",0.1929,,
2015,800,"Uganda",FTRI01,"ICT",0.1416,,
2015,800,"Uganda",FTRI02,"Skills",0.2033,,
2015,800,"Uganda",FTRI03,"Research and Development",0.1674,,
2015,800,"Uganda",FTRI04,"Industry activity",0.4348,,
2015,800,"Uganda",FTRI05,"Access to finance",0.7322,,
2015,804,"Ukraine",FTRI00,"Overall index",0.6847,,
2015,804,"Ukraine",FTRI01,"ICT",0.6558,,
2015,804,"Ukraine",FTRI02,"Skills",0.6225,,
2015,804,"Ukraine",FTRI03,"Research and Development",0.535,,
2015,804,"Ukraine",FTRI04,"Industry activity",0.5706,,
2015,804,"Ukraine",FTRI05,"Access to finance",0.8641,,
2015,784,"United Arab Emirates",FTRI00,"Overall index",0.5817,,
2015,784,"United Arab Emirates",FTRI01,"ICT",0.5117,,
2015,784,"United Arab Emirates",FTRI02,"Skills",0.4788,,
2015,784,"United Arab Emirates",FTRI03,"Research and Development",0.4057,,
2015,784,"United Arab Emirates",FTRI04,"Industry activity",0.6582,,
2015,784,"United Arab Emirates",FTRI05,"Access to finance",0.8976,,
2015,826,"United Kingdom",FTRI00,"Overall index",0.9848,,
2015,826,"United Kingdom",FTRI01,"ICT",0.8337,,
2015,826,"United Kingdom",FTRI02,"Skills",0.8087,,
2015,826,"United Kingdom",FTRI03,"Research and Development",0.7635,,
2015,826,"United Kingdom",FTRI04,"Industry activity",0.87,,
2015,826,"United Kingdom",FTRI05,"Access to finance",0.9421,,
2015,834,"United Republic of Tanzania",FTRI00,"Overall index",0.1868,,
2015,834,"United Republic of Tanzania",FTRI01,"ICT",0.2675,,
2015,834,"United Republic of Tanzania",FTRI02,"Skills",0.0769,,
2015,834,"United Republic of Tanzania",FTRI03,"Research and Development",0.1833,,
2015,834,"United Republic of Tanzania",FTRI04,"Industry activity",0.4324,,
2015,834,"United Republic of Tanzania",FTRI05,"Access to finance",0.7378,,
2015,840,"United States",FTRI00,"Overall index",0.959,,
2015,840,"United States",FTRI01,"ICT",0.6432,,
2015,840,"United States",FTRI02,"Skills",0.7579,,
2015,840,"United States",FTRI03,"Research and Development",0.9704,,
2015,840,"United States",FTRI04,"Industry activity",0.8024,,
2015,840,"United States",FTRI05,"Access to finance",0.9737,,
2015,858,"Uruguay",FTRI00,"Overall index",0.4696,,
2015,858,"Uruguay",FTRI01,"ICT",0.4979,,
2015,858,"Uruguay",FTRI02,"Skills",0.5218,,
2015,858,"Uruguay",FTRI03,"Research and Development",0.2706,,
2015,858,"Uruguay",FTRI04,"Industry activity",0.4907,,
2015,858,"Uruguay",FTRI05,"Access to finance",0.7978,,
2015,860,"Uzbekistan",FTRI00,"Overall index",0.3147,,
2015,860,"Uzbekistan",FTRI01,"ICT",0.4108,,
2015,860,"Uzbekistan",FTRI02,"Skills",0.3699,,
2015,860,"Uzbekistan",FTRI03,"Research and Development",0.0948,,
2015,860,"Uzbekistan",FTRI04,"Industry activity",0.5229,,
2015,860,"Uzbekistan",FTRI05,"Access to finance",0.7052,,
2015,548,"Vanuatu",FTRI00,"Overall index",0.2446,,
2015,548,"Vanuatu",FTRI01,"ICT",0.3758,,
2015,548,"Vanuatu",FTRI02,"Skills",0.2464,,
2015,548,"Vanuatu",FTRI03,"Research and Development",0,,
2015,548,"Vanuatu",FTRI04,"Industry activity",0.3734,,
2015,548,"Vanuatu",FTRI05,"Access to finance",0.8871,,
2015,862,"Venezuela (Bolivarian Rep. of)",FTRI00,"Overall index",0.3617,,
2015,862,"Venezuela (Bolivarian Rep. of)",FTRI01,"ICT",0.5568,,
2015,862,"Venezuela (Bolivarian Rep. of)",FTRI02,"Skills",0.4722,,
2015,862,"Venezuela (Bolivarian Rep. of)",FTRI03,"Research and Development",0.1855,,
2015,862,"Venezuela (Bolivarian Rep. of)",FTRI04,"Industry activity",0.1118,,
2015,862,"Venezuela (Bolivarian Rep. of)",FTRI05,"Access to finance",0.8045,,
2015,704,"Viet Nam",FTRI00,"Overall index",0.4945,,
2015,704,"Viet Nam",FTRI01,"ICT",0.5921,,
2015,704,"Viet Nam",FTRI02,"Skills",0.3094,,
2015,704,"Viet Nam",FTRI03,"Research and Development",0.292,,
2015,704,"Viet Nam",FTRI04,"Industry activity",0.6997,,
2015,704,"Viet Nam",FTRI05,"Access to finance",0.9077,,
2015,887,"Yemen",FTRI00,"Overall index",0.1062,,
2015,887,"Yemen",FTRI01,"ICT",0.3334,,
2015,887,"Yemen",FTRI02,"Skills",0.1505,,
2015,887,"Yemen",FTRI03,"Research and Development",0.0535,,
2015,887,"Yemen",FTRI04,"Industry activity",0.1306,,
2015,887,"Yemen",FTRI05,"Access to finance",0.649,,
2015,894,"Zambia",FTRI00,"Overall index",0.2274,,
2015,894,"Zambia",FTRI01,"ICT",0.3554,,
2015,894,"Zambia",FTRI02,"Skills",0.2293,,
2015,894,"Zambia",FTRI03,"Research and Development",0.0948,,
2015,894,"Zambia",FTRI04,"Industry activity",0.3172,,
2015,894,"Zambia",FTRI05,"Access to finance",0.7659,,
2015,716,"Zimbabwe",FTRI00,"Overall index",0.2479,,
2015,716,"Zimbabwe",FTRI01,"ICT",0.4307,,
2015,716,"Zimbabwe",FTRI02,"Skills",0.2014,,
2015,716,"Zimbabwe",FTRI03,"Research and Development",0.1624,,
2015,716,"Zimbabwe",FTRI04,"Industry activity",0.2579,,
2015,716,"Zimbabwe",FTRI05,"Access to finance",0.7588,,
2016,004,"Afghanistan",FTRI00,"Overall index",0.2184,,
2016,004,"Afghanistan",FTRI01,"ICT",0.2221,,
2016,004,"Afghanistan",FTRI02,"Skills",0.1852,,
2016,004,"Afghanistan",FTRI03,"Research and Development",0.0765,,
2016,004,"Afghanistan",FTRI04,"Industry activity",0.1831,,
2016,004,"Afghanistan",FTRI05,"Access to finance",0.6199,,
2016,008,"Albania",FTRI00,"Overall index",0.5161,,
2016,008,"Albania",FTRI01,"ICT",0.6028,,
2016,008,"Albania",FTRI02,"Skills",0.4841,,
2016,008,"Albania",FTRI03,"Research and Development",0.1424,,
2016,008,"Albania",FTRI04,"Industry activity",0.3482,,
2016,008,"Albania",FTRI05,"Access to finance",0.8269,,
2016,012,"Algeria",FTRI00,"Overall index",0.4541,,
2016,012,"Algeria",FTRI01,"ICT",0.5088,,
2016,012,"Algeria",FTRI02,"Skills",0.4565,,
2016,012,"Algeria",FTRI03,"Research and Development",0.2864,,
2016,012,"Algeria",FTRI04,"Industry activity",0.019,,
2016,012,"Algeria",FTRI05,"Access to finance",0.776,,
2016,024,"Angola",FTRI00,"Overall index",0.3066,,
2016,024,"Angola",FTRI01,"ICT",0.3263,,
2016,024,"Angola",FTRI02,"Skills",0.2556,,
2016,024,"Angola",FTRI03,"Research and Development",0.0765,,
2016,024,"Angola",FTRI04,"Industry activity",0.1401,,
2016,024,"Angola",FTRI05,"Access to finance",0.7748,,
2016,032,"Argentina",FTRI00,"Overall index",0.6541,,
2016,032,"Argentina",FTRI01,"ICT",0.6554,,
2016,032,"Argentina",FTRI02,"Skills",0.6117,,
2016,032,"Argentina",FTRI03,"Research and Development",0.4399,,
2016,032,"Argentina",FTRI04,"Industry activity",0.5247,,
2016,032,"Argentina",FTRI05,"Access to finance",0.7357,,
2016,051,"Armenia",FTRI00,"Overall index",0.5136,,
2016,051,"Armenia",FTRI01,"ICT",0.6617,,
2016,051,"Armenia",FTRI02,"Skills",0.3698,,
2016,051,"Armenia",FTRI03,"Research and Development",0.1898,,
2016,051,"Armenia",FTRI04,"Industry activity",0.3231,,
2016,051,"Armenia",FTRI05,"Access to finance",0.8593,,
2016,036,"Australia",FTRI00,"Overall index",0.9279,,
2016,036,"Australia",FTRI01,"ICT",0.7513,,
2016,036,"Australia",FTRI02,"Skills",1,,
2016,036,"Australia",FTRI03,"Research and Development",0.6971,,
2016,036,"Australia",FTRI04,"Industry activity",0.4972,,
2016,036,"Australia",FTRI05,"Access to finance",0.9606,,
2016,040,"Austria",FTRI00,"Overall index",0.8319,,
2016,040,"Austria",FTRI01,"ICT",0.7477,,
2016,040,"Austria",FTRI02,"Skills",0.6823,,
2016,040,"Austria",FTRI03,"Research and Development",0.6158,,
2016,040,"Austria",FTRI04,"Industry activity",0.7115,,
2016,040,"Austria",FTRI05,"Access to finance",0.9096,,
2016,031,"Azerbaijan",FTRI00,"Overall index",0.454,,
2016,031,"Azerbaijan",FTRI01,"ICT",0.5925,,
2016,031,"Azerbaijan",FTRI02,"Skills",0.4255,,
2016,031,"Azerbaijan",FTRI03,"Research and Development",0.1255,,
2016,031,"Azerbaijan",FTRI04,"Industry activity",0.1224,,
2016,031,"Azerbaijan",FTRI05,"Access to finance",0.8218,,
2016,044,"Bahamas",FTRI00,"Overall index",0.4793,,
2016,044,"Bahamas",FTRI01,"ICT",0.5957,,
2016,044,"Bahamas",FTRI02,"Skills",0.4959,,
2016,044,"Bahamas",FTRI03,"Research and Development",0.0551,,
2016,044,"Bahamas",FTRI04,"Industry activity",0.1749,,
2016,044,"Bahamas",FTRI05,"Access to finance",0.8712,,
2016,048,"Bahrain",FTRI00,"Overall index",0.6362,,
2016,048,"Bahrain",FTRI01,"ICT",0.7004,,
2016,048,"Bahrain",FTRI02,"Skills",0.5181,,
2016,048,"Bahrain",FTRI03,"Research and Development",0.147,,
2016,048,"Bahrain",FTRI04,"Industry activity",0.6037,,
2016,048,"Bahrain",FTRI05,"Access to finance",0.8982,,
2016,050,"Bangladesh",FTRI00,"Overall index",0.421,,
2016,050,"Bangladesh",FTRI01,"ICT",0.2916,,
2016,050,"Bangladesh",FTRI02,"Skills",0.1967,,
2016,050,"Bangladesh",FTRI03,"Research and Development",0.3808,,
2016,050,"Bangladesh",FTRI04,"Industry activity",0.3183,,
2016,050,"Bangladesh",FTRI05,"Access to finance",0.835,,
2016,052,"Barbados",FTRI00,"Overall index",0.6437,,
2016,052,"Barbados",FTRI01,"ICT",0.7697,,
2016,052,"Barbados",FTRI02,"Skills",0.6135,,
2016,052,"Barbados",FTRI03,"Research and Development",0.1832,,
2016,052,"Barbados",FTRI04,"Industry activity",0.4571,,
2016,052,"Barbados",FTRI05,"Access to finance",0.9082,,
2016,112,"Belarus",FTRI00,"Overall index",0.627,,
2016,112,"Belarus",FTRI01,"ICT",0.6556,,
2016,112,"Belarus",FTRI02,"Skills",0.6445,,
2016,112,"Belarus",FTRI03,"Research and Development",0.2658,,
2016,112,"Belarus",FTRI04,"Industry activity",0.4935,,
2016,112,"Belarus",FTRI05,"Access to finance",0.7986,,
2016,056,"Belgium",FTRI00,"Overall index",0.9187,,
2016,056,"Belgium",FTRI01,"ICT",0.8787,,
2016,056,"Belgium",FTRI02,"Skills",0.8686,,
2016,056,"Belgium",FTRI03,"Research and Development",0.6185,,
2016,056,"Belgium",FTRI04,"Industry activity",0.7455,,
2016,056,"Belgium",FTRI05,"Access to finance",0.8839,,
2016,084,"Belize",FTRI00,"Overall index",0.3962,,
2016,084,"Belize",FTRI01,"ICT",0.4175,,
2016,084,"Belize",FTRI02,"Skills",0.3555,,
2016,084,"Belize",FTRI03,"Research and Development",0.033,,
2016,084,"Belize",FTRI04,"Industry activity",0.2315,,
2016,084,"Belize",FTRI05,"Access to finance",0.8509,,
2016,204,"Benin",FTRI00,"Overall index",0.3231,,
2016,204,"Benin",FTRI01,"ICT",0.3089,,
2016,204,"Benin",FTRI02,"Skills",0.2519,,
2016,204,"Benin",FTRI03,"Research and Development",0.1491,,
2016,204,"Benin",FTRI04,"Industry activity",0.2023,,
2016,204,"Benin",FTRI05,"Access to finance",0.7621,,
2016,060,"Bermuda",FTRI00,"Overall index",0.4427,,
2016,060,"Bermuda",FTRI01,"ICT",0.473,,
2016,060,"Bermuda",FTRI02,"Skills",0.3938,,
2016,060,"Bermuda",FTRI03,"Research and Development",0.1318,,
2016,060,"Bermuda",FTRI04,"Industry activity",0.1868,,
2016,060,"Bermuda",FTRI05,"Access to finance",0.8746,,
2016,064,"Bhutan",FTRI00,"Overall index",0.3888,,
2016,064,"Bhutan",FTRI01,"ICT",0.5681,,
2016,064,"Bhutan",FTRI02,"Skills",0.3358,,
2016,064,"Bhutan",FTRI03,"Research and Development",0.0659,,
2016,064,"Bhutan",FTRI04,"Industry activity",0.0093,,
2016,064,"Bhutan",FTRI05,"Access to finance",0.8511,,
2016,068,"Bolivia (Plurinational State of)",FTRI00,"Overall index",0.4427,,
2016,068,"Bolivia (Plurinational State of)",FTRI01,"ICT",0.473,,
2016,068,"Bolivia (Plurinational State of)",FTRI02,"Skills",0.3938,,
2016,068,"Bolivia (Plurinational State of)",FTRI03,"Research and Development",0.1318,,
2016,068,"Bolivia (Plurinational State of)",FTRI04,"Industry activity",0.1868,,
2016,068,"Bolivia (Plurinational State of)",FTRI05,"Access to finance",0.8746,,
2016,070,"Bosnia and Herzegovina",FTRI00,"Overall index",0.5411,,
2016,070,"Bosnia and Herzegovina",FTRI01,"ICT",0.6043,,
2016,070,"Bosnia and Herzegovina",FTRI02,"Skills",0.4525,,
2016,070,"Bosnia and Herzegovina",FTRI03,"Research and Development",0.1905,,
2016,070,"Bosnia and Herzegovina",FTRI04,"Industry activity",0.3905,,
2016,070,"Bosnia and Herzegovina",FTRI05,"Access to finance",0.8742,,
2016,072,"Botswana",FTRI00,"Overall index",0.421,,
2016,072,"Botswana",FTRI01,"ICT",0.4484,,
2016,072,"Botswana",FTRI02,"Skills",0.3354,,
2016,072,"Botswana",FTRI03,"Research and Development",0.1318,,
2016,072,"Botswana",FTRI04,"Industry activity",0.2836,,
2016,072,"Botswana",FTRI05,"Access to finance",0.8213,,
2016,074,"Bouvet Island",FTRI00,"Overall index",0.9111,,
2016,074,"Bouvet Island",FTRI01,"ICT",0.8108,,
2016,074,"Bouvet Island",FTRI02,"Skills",0.4422,,
2016,074,"Bouvet Island",FTRI03,"Research and Development",1,,
2016,074,"Bouvet Island",FTRI04,"Industry activity",0.8243,,
2016,074,"Bouvet Island",FTRI05,"Access to finance",0.9693,,
2016,076,"Brazil",FTRI00,"Overall index",0.7583,,
2016,076,"Brazil",FTRI01,"ICT",0.6539,,
2016,076,"Brazil",FTRI02,"Skills",0.5126,,
2016,076,"Brazil",FTRI03,"Research and Development",0.6683,,
2016,076,"Brazil",FTRI04,"Industry activity",0.6508,,
2016,076,"Brazil",FTRI05,"Access to finance",0.8821,,
2016,080,"British Antarctic Territory",FTRI00,"Overall index",0.3194,,
2016,080,"British Antarctic Territory",FTRI01,"ICT",0.4548,,
2016,080,"British Antarctic Territory",FTRI02,"Skills",0.1377,,
2016,080,"British Antarctic Territory",FTRI03,"Research and Development",0.0852,,
2016,080,"British Antarctic Territory",FTRI04,"Industry activity",0.2244,,
2016,080,"British Antarctic Territory",FTRI05,"Access to finance",0.7631,,
2016,086,"British Indian Ocean Territory",FTRI00,"Overall index",0.3832,,
2016,086,"British Indian Ocean Territory",FTRI01,"ICT",0.5388,,
2016,086,"British Indian Ocean Territory",FTRI02,"Skills",0.2575,,
2016,086,"British Indian Ocean Territory",FTRI03,"Research and Development",0,,
2016,086,"British Indian Ocean Territory",FTRI04,"Industry activity",0.4496,,
2016,086,"British Indian Ocean Territory",FTRI05,"Access to finance",0.7769,,
2016,092,"British Virgin Islands",FTRI00,"Overall index",0.7538,,
2016,092,"British Virgin Islands",FTRI01,"ICT",0.7679,,
2016,092,"British Virgin Islands",FTRI02,"Skills",0.7152,,
2016,092,"British Virgin Islands",FTRI03,"Research and Development",0.3163,,
2016,092,"British Virgin Islands",FTRI04,"Industry activity",0.6948,,
2016,092,"British Virgin Islands",FTRI05,"Access to finance",0.893,,
2016,096,"Brunei Darussalam",FTRI00,"Overall index",0.5873,,
2016,096,"Brunei Darussalam",FTRI01,"ICT",0.6121,,
2016,096,"Brunei Darussalam",FTRI02,"Skills",0.6285,,
2016,096,"Brunei Darussalam",FTRI03,"Research and Development",0.1879,,
2016,096,"Brunei Darussalam",FTRI04,"Industry activity",0.3848,,
2016,096,"Brunei Darussalam",FTRI05,"Access to finance",0.85,,
2016,100,"Bulgaria",FTRI00,"Overall index",0.7106,,
2016,100,"Bulgaria",FTRI01,"ICT",0.7635,,
2016,100,"Bulgaria",FTRI02,"Skills",0.5777,,
2016,100,"Bulgaria",FTRI03,"Research and Development",0.4062,,
2016,100,"Bulgaria",FTRI04,"Industry activity",0.6244,,
2016,100,"Bulgaria",FTRI05,"Access to finance",0.8652,,
2016,854,"Burkina Faso",FTRI00,"Overall index",0.2436,,
2016,854,"Burkina Faso",FTRI01,"ICT",0.1617,,
2016,854,"Burkina Faso",FTRI02,"Skills",0.0528,,
2016,854,"Burkina Faso",FTRI03,"Research and Development",0.1491,,
2016,854,"Burkina Faso",FTRI04,"Industry activity",0.2034,,
2016,854,"Burkina Faso",FTRI05,"Access to finance",0.7989,,
2016,108,"Burundi",FTRI00,"Overall index",0.169,,
2016,108,"Burundi",FTRI01,"ICT",0,,
2016,108,"Burundi",FTRI02,"Skills",0.1788,,
2016,108,"Burundi",FTRI03,"Research and Development",0,,
2016,108,"Burundi",FTRI04,"Industry activity",0.1816,,
2016,108,"Burundi",FTRI05,"Access to finance",0.7604,,
2016,132,"Cabo Verde",FTRI00,"Overall index",0.504,,
2016,132,"Cabo Verde",FTRI01,"ICT",0.7038,,
2016,132,"Cabo Verde",FTRI02,"Skills",0.3579,,
2016,132,"Cabo Verde",FTRI03,"Research and Development",0.0522,,
2016,132,"Cabo Verde",FTRI04,"Industry activity",0.459,,
2016,132,"Cabo Verde",FTRI05,"Access to finance",0.8707,,
2016,116,"Cambodia",FTRI00,"Overall index",0.4291,,
2016,116,"Cambodia",FTRI01,"ICT",0.5658,,
2016,116,"Cambodia",FTRI02,"Skills",0.2116,,
2016,116,"Cambodia",FTRI03,"Research and Development",0.0925,,
2016,116,"Cambodia",FTRI04,"Industry activity",0.3551,,
2016,116,"Cambodia",FTRI05,"Access to finance",0.9079,,
2016,120,"Cameroon",FTRI00,"Overall index",0.3979,,
2016,120,"Cameroon",FTRI01,"ICT",0.4544,,
2016,120,"Cameroon",FTRI02,"Skills",0.2884,,
2016,120,"Cameroon",FTRI03,"Research and Development",0.1777,,
2016,120,"Cameroon",FTRI04,"Industry activity",0.3377,,
2016,120,"Cameroon",FTRI05,"Access to finance",0.7435,,
2016,124,"Canada",FTRI00,"Overall index",0.9035,,
2016,124,"Canada",FTRI01,"ICT",0.8023,,
2016,124,"Canada",FTRI02,"Skills",0.7101,,
2016,124,"Canada",FTRI03,"Research and Development",0.7272,,
2016,124,"Canada",FTRI04,"Industry activity",0.724,,
2016,124,"Canada",FTRI05,"Access to finance",0.9475,,
2016,136,"Cayman Islands",FTRI00,"Overall index",0.7242,,
2016,136,"Cayman Islands",FTRI01,"ICT",0.5935,,
2016,136,"Cayman Islands",FTRI02,"Skills",0.4506,,
2016,136,"Cayman Islands",FTRI03,"Research and Development",0.53,,
2016,136,"Cayman Islands",FTRI04,"Industry activity",0.7545,,
2016,136,"Cayman Islands",FTRI05,"Access to finance",0.9458,,
2016,140,"Central African Republic",FTRI00,"Overall index",0.2897,,
2016,140,"Central African Republic",FTRI01,"ICT",0.3799,,
2016,140,"Central African Republic",FTRI02,"Skills",0.1614,,
2016,140,"Central African Republic",FTRI03,"Research and Development",0.0522,,
2016,140,"Central African Republic",FTRI04,"Industry activity",0.1645,,
2016,140,"Central African Republic",FTRI05,"Access to finance",0.7762,,
2016,148,"Chad",FTRI00,"Overall index",0.1885,,
2016,148,"Chad",FTRI01,"ICT",0.1327,,
2016,148,"Chad",FTRI02,"Skills",0.0384,,
2016,148,"Chad",FTRI03,"Research and Development",0.0522,,
2016,148,"Chad",FTRI04,"Industry activity",0.2427,,
2016,148,"Chad",FTRI05,"Access to finance",0.7302,,
2016,152,"Chile",FTRI00,"Overall index",0.7153,,
2016,152,"Chile",FTRI01,"ICT",0.7464,,
2016,152,"Chile",FTRI02,"Skills",0.5785,,
2016,152,"Chile",FTRI03,"Research and Development",0.4802,,
2016,152,"Chile",FTRI04,"Industry activity",0.3782,,
2016,152,"Chile",FTRI05,"Access to finance",0.9372,,
2016,156,"China",FTRI00,"Overall index",0.9111,,
2016,156,"China",FTRI01,"ICT",0.8108,,
2016,156,"China",FTRI02,"Skills",0.4422,,
2016,156,"China",FTRI03,"Research and Development",1,,
2016,156,"China",FTRI04,"Industry activity",0.8243,,
2016,156,"China",FTRI05,"Access to finance",0.9693,,
2016,344,"China, Hong Kong SAR",FTRI00,"Overall index",0.8993,,
2016,344,"China, Hong Kong SAR",FTRI01,"ICT",0.9285,,
2016,344,"China, Hong Kong SAR",FTRI02,"Skills",0.695,,
2016,344,"China, Hong Kong SAR",FTRI03,"Research and Development",0.5298,,
2016,344,"China, Hong Kong SAR",FTRI04,"Industry activity",0.8389,,
2016,344,"China, Hong Kong SAR",FTRI05,"Access to finance",0.9991,,
2016,158,"China, Taiwan Province of",FTRI00,"Overall index",0.364,,
2016,158,"China, Taiwan Province of",FTRI01,"ICT",0.3351,,
2016,158,"China, Taiwan Province of",FTRI02,"Skills",0.0753,,
2016,158,"China, Taiwan Province of",FTRI03,"Research and Development",0.3571,,
2016,158,"China, Taiwan Province of",FTRI04,"Industry activity",0.4028,,
2016,158,"China, Taiwan Province of",FTRI05,"Access to finance",0.7456,,
2016,162,"Christmas Island",FTRI00,"Overall index",0.5045,,
2016,162,"Christmas Island",FTRI01,"ICT",0.5167,,
2016,162,"Christmas Island",FTRI02,"Skills",0.4055,,
2016,162,"Christmas Island",FTRI03,"Research and Development",0.3038,,
2016,162,"Christmas Island",FTRI04,"Industry activity",0.2304,,
2016,162,"Christmas Island",FTRI05,"Access to finance",0.8468,,
2016,166,"Cocos (Keeling) Islands",FTRI00,"Overall index",0.5138,,
2016,166,"Cocos (Keeling) Islands",FTRI01,"ICT",0.6199,,
2016,166,"Cocos (Keeling) Islands",FTRI02,"Skills",0.3414,,
2016,166,"Cocos (Keeling) Islands",FTRI03,"Research and Development",0.2507,,
2016,166,"Cocos (Keeling) Islands",FTRI04,"Industry activity",0.2042,,
2016,166,"Cocos (Keeling) Islands",FTRI05,"Access to finance",0.9057,,
2016,170,"Colombia",FTRI00,"Overall index",0.6722,,
2016,170,"Colombia",FTRI01,"ICT",0.663,,
2016,170,"Colombia",FTRI02,"Skills",0.6168,,
2016,170,"Colombia",FTRI03,"Research and Development",0.4598,,
2016,170,"Colombia",FTRI04,"Industry activity",0.4079,,
2016,170,"Colombia",FTRI05,"Access to finance",0.8557,,
2016,174,"Comoros",FTRI00,"Overall index",0.2903,,
2016,174,"Comoros",FTRI01,"ICT",0.2247,,
2016,174,"Comoros",FTRI02,"Skills",0.3066,,
2016,174,"Comoros",FTRI03,"Research and Development",0,,
2016,174,"Comoros",FTRI04,"Industry activity",0.2934,,
2016,174,"Comoros",FTRI05,"Access to finance",0.7545,,
2016,178,"Congo",FTRI00,"Overall index",0.292,,
2016,178,"Congo",FTRI01,"ICT",0.1797,,
2016,178,"Congo",FTRI02,"Skills",0.2576,,
2016,178,"Congo",FTRI03,"Research and Development",0.1287,,
2016,178,"Congo",FTRI04,"Industry activity",0.242,,
2016,178,"Congo",FTRI05,"Access to finance",0.7645,,
2016,184,"Cook Islands",FTRI00,"Overall index",0.167,,
2016,184,"Cook Islands",FTRI01,"ICT",0.2705,,
2016,184,"Cook Islands",FTRI02,"Skills",0,,
2016,184,"Cook Islands",FTRI03,"Research and Development",0,,
2016,184,"Cook Islands",FTRI04,"Industry activity",0.2839,,
2016,184,"Cook Islands",FTRI05,"Access to finance",0.6321,,
2016,188,"Costa Rica",FTRI00,"Overall index",0.6,,
2016,188,"Costa Rica",FTRI01,"ICT",0.5685,,
2016,188,"Costa Rica",FTRI02,"Skills",0.4706,,
2016,188,"Costa Rica",FTRI03,"Research and Development",0.1914,,
2016,188,"Costa Rica",FTRI04,"Industry activity",0.6598,,
2016,188,"Costa Rica",FTRI05,"Access to finance",0.8766,,
2016,384,"Cote d'Ivoire",FTRI00,"Overall index",0.3194,,
2016,384,"Cote d'Ivoire",FTRI01,"ICT",0.4548,,
2016,384,"Cote d'Ivoire",FTRI02,"Skills",0.1377,,
2016,384,"Cote d'Ivoire",FTRI03,"Research and Development",0.0852,,
2016,384,"Cote d'Ivoire",FTRI04,"Industry activity",0.2244,,
2016,384,"Cote d'Ivoire",FTRI05,"Access to finance",0.7631,,
2016,191,"Croatia",FTRI00,"Overall index",0.6759,,
2016,191,"Croatia",FTRI01,"ICT",0.6787,,
2016,191,"Croatia",FTRI02,"Skills",0.6153,,
2016,191,"Croatia",FTRI03,"Research and Development",0.3202,,
2016,191,"Croatia",FTRI04,"Industry activity",0.5818,,
2016,191,"Croatia",FTRI05,"Access to finance",0.877,,
2016,192,"Cuba",FTRI00,"Overall index",0.7179,,
2016,192,"Cuba",FTRI01,"ICT",0.7313,,
2016,192,"Cuba",FTRI02,"Skills",0.4782,,
2016,192,"Cuba",FTRI03,"Research and Development",0.4232,,
2016,192,"Cuba",FTRI04,"Industry activity",0.6872,,
2016,192,"Cuba",FTRI05,"Access to finance",0.963,,
2016,196,"Cyprus",FTRI00,"Overall index",0.7546,,
2016,196,"Cyprus",FTRI01,"ICT",0.6647,,
2016,196,"Cyprus",FTRI02,"Skills",0.5937,,
2016,196,"Cyprus",FTRI03,"Research and Development",0.3828,,
2016,196,"Cyprus",FTRI04,"Industry activity",0.6818,,
2016,196,"Cyprus",FTRI05,"Access to finance",1,,
2016,203,"Czechia",FTRI00,"Overall index",0.7859,,
2016,203,"Czechia",FTRI01,"ICT",0.6376,,
2016,203,"Czechia",FTRI02,"Skills",0.6938,,
2016,203,"Czechia",FTRI03,"Research and Development",0.5587,,
2016,203,"Czechia",FTRI04,"Industry activity",0.7369,,
2016,203,"Czechia",FTRI05,"Access to finance",0.8635,,
2016,180,"Dem. Rep. of the Congo",FTRI00,"Overall index",0.2268,,
2016,180,"Dem. Rep. of the Congo",FTRI01,"ICT",0.2598,,
2016,180,"Dem. Rep. of the Congo",FTRI02,"Skills",0.1647,,
2016,180,"Dem. Rep. of the Congo",FTRI03,"Research and Development",0.0659,,
2016,180,"Dem. Rep. of the Congo",FTRI04,"Industry activity",0.1834,,
2016,180,"Dem. Rep. of the Congo",FTRI05,"Access to finance",0.6807,,
2016,208,"Denmark",FTRI00,"Overall index",0.9012,,
2016,208,"Denmark",FTRI01,"ICT",0.7345,,
2016,208,"Denmark",FTRI02,"Skills",0.8538,,
2016,208,"Denmark",FTRI03,"Research and Development",0.6246,,
2016,208,"Denmark",FTRI04,"Industry activity",0.7019,,
2016,208,"Denmark",FTRI05,"Access to finance",0.9753,,
2016,262,"Djibouti",FTRI00,"Overall index",0.3832,,
2016,262,"Djibouti",FTRI01,"ICT",0.5388,,
2016,262,"Djibouti",FTRI02,"Skills",0.2575,,
2016,262,"Djibouti",FTRI03,"Research and Development",0,,
2016,262,"Djibouti",FTRI04,"Industry activity",0.4496,,
2016,262,"Djibouti",FTRI05,"Access to finance",0.7769,,
2016,214,"Dominican Republic",FTRI00,"Overall index",0.4748,,
2016,214,"Dominican Republic",FTRI01,"ICT",0.6124,,
2016,214,"Dominican Republic",FTRI02,"Skills",0.42,,
2016,214,"Dominican Republic",FTRI03,"Research and Development",0.0659,,
2016,214,"Dominican Republic",FTRI04,"Industry activity",0.3968,,
2016,214,"Dominican Republic",FTRI05,"Access to finance",0.8027,,
2016,218,"Ecuador",FTRI00,"Overall index",0.524,,
2016,218,"Ecuador",FTRI01,"ICT",0.6374,,
2016,218,"Ecuador",FTRI02,"Skills",0.4237,,
2016,218,"Ecuador",FTRI03,"Research and Development",0.2484,,
2016,218,"Ecuador",FTRI04,"Industry activity",0.331,,
2016,218,"Ecuador",FTRI05,"Access to finance",0.8178,,
2016,818,"Egypt",FTRI00,"Overall index",0.5689,,
2016,818,"Egypt",FTRI01,"ICT",0.5031,,
2016,818,"Egypt",FTRI02,"Skills",0.4678,,
2016,818,"Egypt",FTRI03,"Research and Development",0.4208,,
2016,818,"Egypt",FTRI04,"Industry activity",0.4004,,
2016,818,"Egypt",FTRI05,"Access to finance",0.8254,,
2016,222,"El Salvador",FTRI00,"Overall index",0.45,,
2016,222,"El Salvador",FTRI01,"ICT",0.5021,,
2016,222,"El Salvador",FTRI02,"Skills",0.292,,
2016,222,"El Salvador",FTRI03,"Research and Development",0.0765,,
2016,222,"El Salvador",FTRI04,"Industry activity",0.4975,,
2016,222,"El Salvador",FTRI05,"Access to finance",0.8706,,
2016,226,"Equatorial Guinea",FTRI00,"Overall index",0.2454,,
2016,226,"Equatorial Guinea",FTRI01,"ICT",0.3298,,
2016,226,"Equatorial Guinea",FTRI02,"Skills",0.2212,,
2016,226,"Equatorial Guinea",FTRI03,"Research and Development",0,,
2016,226,"Equatorial Guinea",FTRI04,"Industry activity",0,,
2016,226,"Equatorial Guinea",FTRI05,"Access to finance",0.7473,,
2016,233,"Estonia",FTRI00,"Overall index",0.7538,,
2016,233,"Estonia",FTRI01,"ICT",0.7679,,
2016,233,"Estonia",FTRI02,"Skills",0.7152,,
2016,233,"Estonia",FTRI03,"Research and Development",0.3163,,
2016,233,"Estonia",FTRI04,"Industry activity",0.6948,,
2016,233,"Estonia",FTRI05,"Access to finance",0.893,,
2016,748,"Eswatini",FTRI00,"Overall index",0.4041,,
2016,748,"Eswatini",FTRI01,"ICT",0.3554,,
2016,748,"Eswatini",FTRI02,"Skills",0.3953,,
2016,748,"Eswatini",FTRI03,"Research and Development",0.0522,,
2016,748,"Eswatini",FTRI04,"Industry activity",0.4204,,
2016,748,"Eswatini",FTRI05,"Access to finance",0.7797,,
2016,231,"Ethiopia",FTRI00,"Overall index",0.2997,,
2016,231,"Ethiopia",FTRI01,"ICT",0.317,,
2016,231,"Ethiopia",FTRI02,"Skills",0.107,,
2016,231,"Ethiopia",FTRI03,"Research and Development",0.2101,,
2016,231,"Ethiopia",FTRI04,"Industry activity",0.2225,,
2016,231,"Ethiopia",FTRI05,"Access to finance",0.7633,,
2016,242,"Fiji",FTRI00,"Overall index",0.5307,,
2016,242,"Fiji",FTRI01,"ICT",0.6886,,
2016,242,"Fiji",FTRI02,"Skills",0.4075,,
2016,242,"Fiji",FTRI03,"Research and Development",0.1584,,
2016,242,"Fiji",FTRI04,"Industry activity",0.3223,,
2016,242,"Fiji",FTRI05,"Access to finance",0.911,,
2016,246,"Finland",FTRI00,"Overall index",0.9166,,
2016,246,"Finland",FTRI01,"ICT",0.7687,,
2016,246,"Finland",FTRI02,"Skills",0.8533,,
2016,246,"Finland",FTRI03,"Research and Development",0.6199,,
2016,246,"Finland",FTRI04,"Industry activity",0.7927,,
2016,246,"Finland",FTRI05,"Access to finance",0.9212,,
2016,250,"France",FTRI00,"Overall index",0.9136,,
2016,250,"France",FTRI01,"ICT",0.7828,,
2016,250,"France",FTRI02,"Skills",0.6988,,
2016,250,"France",FTRI03,"Research and Development",0.7854,,
2016,250,"France",FTRI04,"Industry activity",0.8043,,
2016,250,"France",FTRI05,"Access to finance",0.9245,,
2016,266,"Gabon",FTRI00,"Overall index",0.4094,,
2016,266,"Gabon",FTRI01,"ICT",0.4762,,
2016,266,"Gabon",FTRI02,"Skills",0.3172,,
2016,266,"Gabon",FTRI03,"Research and Development",0.1095,,
2016,266,"Gabon",FTRI04,"Industry activity",0.3664,,
2016,266,"Gabon",FTRI05,"Access to finance",0.7399,,
2016,270,"Gambia",FTRI00,"Overall index",0.2492,,
2016,270,"Gambia",FTRI01,"ICT",0.3049,,
2016,270,"Gambia",FTRI02,"Skills",0.1269,,
2016,270,"Gambia",FTRI03,"Research and Development",0.0522,,
2016,270,"Gambia",FTRI04,"Industry activity",0.2719,,
2016,270,"Gambia",FTRI05,"Access to finance",0.6975,,
2016,268,"Georgia",FTRI00,"Overall index",0.5711,,
2016,268,"Georgia",FTRI01,"ICT",0.712,,
2016,268,"Georgia",FTRI02,"Skills",0.5411,,
2016,268,"Georgia",FTRI03,"Research and Development",0.1424,,
2016,268,"Georgia",FTRI04,"Industry activity",0.3919,,
2016,268,"Georgia",FTRI05,"Access to finance",0.8688,,
2016,276,"Germany",FTRI00,"Overall index",0.9493,,
2016,276,"Germany",FTRI01,"ICT",0.7956,,
2016,276,"Germany",FTRI02,"Skills",0.7546,,
2016,276,"Germany",FTRI03,"Research and Development",0.8405,,
2016,276,"Germany",FTRI04,"Industry activity",0.8349,,
2016,276,"Germany",FTRI05,"Access to finance",0.9029,,
2016,288,"Ghana",FTRI00,"Overall index",0.449,,
2016,288,"Ghana",FTRI01,"ICT",0.5455,,
2016,288,"Ghana",FTRI02,"Skills",0.2543,,
2016,288,"Ghana",FTRI03,"Research and Development",0.1939,,
2016,288,"Ghana",FTRI04,"Industry activity",0.4408,,
2016,288,"Ghana",FTRI05,"Access to finance",0.7618,,
2016,300,"Greece",FTRI00,"Overall index",0.7435,,
2016,300,"Greece",FTRI01,"ICT",0.6716,,
2016,300,"Greece",FTRI02,"Skills",0.6786,,
2016,300,"Greece",FTRI03,"Research and Development",0.487,,
2016,300,"Greece",FTRI04,"Industry activity",0.5044,,
2016,300,"Greece",FTRI05,"Access to finance",0.9349,,
2016,320,"Guatemala",FTRI00,"Overall index",0.4394,,
2016,320,"Guatemala",FTRI01,"ICT",0.5264,,
2016,320,"Guatemala",FTRI02,"Skills",0.2277,,
2016,320,"Guatemala",FTRI03,"Research and Development",0.1287,,
2016,320,"Guatemala",FTRI04,"Industry activity",0.4713,,
2016,320,"Guatemala",FTRI05,"Access to finance",0.8296,,
2016,324,"Guinea",FTRI00,"Overall index",0.2454,,
2016,324,"Guinea",FTRI01,"ICT",0.2465,,
2016,324,"Guinea",FTRI02,"Skills",0.1411,,
2016,324,"Guinea",FTRI03,"Research and Development",0.0522,,
2016,324,"Guinea",FTRI04,"Industry activity",0.1872,,
2016,324,"Guinea",FTRI05,"Access to finance",0.7163,,
2016,624,"Guinea-Bissau",FTRI00,"Overall index",0.2324,,
2016,624,"Guinea-Bissau",FTRI01,"ICT",0.2538,,
2016,624,"Guinea-Bissau",FTRI02,"Skills",0.1643,,
2016,624,"Guinea-Bissau",FTRI03,"Research and Development",0,,
2016,624,"Guinea-Bissau",FTRI04,"Industry activity",0.2461,,
2016,624,"Guinea-Bissau",FTRI05,"Access to finance",0.6756,,
2016,328,"Guyana",FTRI00,"Overall index",0.4268,,
2016,328,"Guyana",FTRI01,"ICT",0.511,,
2016,328,"Guyana",FTRI02,"Skills",0.3499,,
2016,328,"Guyana",FTRI03,"Research and Development",0.0659,,
2016,328,"Guyana",FTRI04,"Industry activity",0.3243,,
2016,328,"Guyana",FTRI05,"Access to finance",0.8276,,
2016,332,"Haiti",FTRI00,"Overall index",0.2707,,
2016,332,"Haiti",FTRI01,"ICT",0.4203,,
2016,332,"Haiti",FTRI02,"Skills",0.2125,,
2016,332,"Haiti",FTRI03,"Research and Development",0,,
2016,332,"Haiti",FTRI04,"Industry activity",0.1403,,
2016,332,"Haiti",FTRI05,"Access to finance",0.7135,,
2016,340,"Honduras",FTRI00,"Overall index",0.3628,,
2016,340,"Honduras",FTRI01,"ICT",0.4564,,
2016,340,"Honduras",FTRI02,"Skills",0.2076,,
2016,340,"Honduras",FTRI03,"Research and Development",0.033,,
2016,340,"Honduras",FTRI04,"Industry activity",0.2378,,
2016,340,"Honduras",FTRI05,"Access to finance",0.8753,,
2016,348,"Hungary",FTRI00,"Overall index",0.7546,,
2016,348,"Hungary",FTRI01,"ICT",0.7545,,
2016,348,"Hungary",FTRI02,"Skills",0.6078,,
2016,348,"Hungary",FTRI03,"Research and Development",0.483,,
2016,348,"Hungary",FTRI04,"Industry activity",0.766,,
2016,348,"Hungary",FTRI05,"Access to finance",0.8234,,
2016,352,"Iceland",FTRI00,"Overall index",0.776,,
2016,352,"Iceland",FTRI01,"ICT",0.8965,,
2016,352,"Iceland",FTRI02,"Skills",0.8729,,
2016,352,"Iceland",FTRI03,"Research and Development",0.2638,,
2016,352,"Iceland",FTRI04,"Industry activity",0.457,,
2016,352,"Iceland",FTRI05,"Access to finance",0.9108,,
2016,356,"India",FTRI00,"Overall index",0.6819,,
2016,356,"India",FTRI01,"ICT",0.4234,,
2016,356,"India",FTRI02,"Skills",0.3088,,
2016,356,"India",FTRI03,"Research and Development",0.7674,,
2016,356,"India",FTRI04,"Industry activity",0.7807,,
2016,356,"India",FTRI05,"Access to finance",0.8598,,
2016,360,"Indonesia",FTRI00,"Overall index",0.5655,,
2016,360,"Indonesia",FTRI01,"ICT",0.5958,,
2016,360,"Indonesia",FTRI02,"Skills",0.3429,,
2016,360,"Indonesia",FTRI03,"Research and Development",0.3625,,
2016,360,"Indonesia",FTRI04,"Industry activity",0.5689,,
2016,360,"Indonesia",FTRI05,"Access to finance",0.839,,
2016,364,"Iran (Islamic Republic of)",FTRI00,"Overall index",0.5811,,
2016,364,"Iran (Islamic Republic of)",FTRI01,"ICT",0.5387,,
2016,364,"Iran (Islamic Republic of)",FTRI02,"Skills",0.4512,,
2016,364,"Iran (Islamic Republic of)",FTRI03,"Research and Development",0.4732,,
2016,364,"Iran (Islamic Republic of)",FTRI04,"Industry activity",0.2526,,
2016,364,"Iran (Islamic Republic of)",FTRI05,"Access to finance",0.8792,,
2016,368,"Iraq",FTRI00,"Overall index",0.3332,,
2016,368,"Iraq",FTRI01,"ICT",0.3049,,
2016,368,"Iraq",FTRI02,"Skills",0.364,,
2016,368,"Iraq",FTRI03,"Research and Development",0.2332,,
2016,368,"Iraq",FTRI04,"Industry activity",0.006,,
2016,368,"Iraq",FTRI05,"Access to finance",0.71,,
2016,372,"Ireland",FTRI00,"Overall index",0.9258,,
2016,372,"Ireland",FTRI01,"ICT",0.922,,
2016,372,"Ireland",FTRI02,"Skills",0.8054,,
2016,372,"Ireland",FTRI03,"Research and Development",0.5367,,
2016,372,"Ireland",FTRI04,"Industry activity",1,,
2016,372,"Ireland",FTRI05,"Access to finance",0.8586,,
2016,376,"Israel",FTRI00,"Overall index",0.8905,,
2016,376,"Israel",FTRI01,"ICT",0.7834,,
2016,376,"Israel",FTRI02,"Skills",0.7341,,
2016,376,"Israel",FTRI03,"Research and Development",0.6139,,
2016,376,"Israel",FTRI04,"Industry activity",0.9212,,
2016,376,"Israel",FTRI05,"Access to finance",0.8859,,
2016,380,"Italy",FTRI00,"Overall index",0.8323,,
2016,380,"Italy",FTRI01,"ICT",0.6939,,
2016,380,"Italy",FTRI02,"Skills",0.6408,,
2016,380,"Italy",FTRI03,"Research and Development",0.7243,,
2016,380,"Italy",FTRI04,"Industry activity",0.6904,,
2016,380,"Italy",FTRI05,"Access to finance",0.9116,,
2016,388,"Jamaica",FTRI00,"Overall index",0.4231,,
2016,388,"Jamaica",FTRI01,"ICT",0.5133,,
2016,388,"Jamaica",FTRI02,"Skills",0.4045,,
2016,388,"Jamaica",FTRI03,"Research and Development",0.0522,,
2016,388,"Jamaica",FTRI04,"Industry activity",0.2439,,
2016,388,"Jamaica",FTRI05,"Access to finance",0.8193,,
2016,392,"Japan",FTRI00,"Overall index",0.8748,,
2016,392,"Japan",FTRI01,"ICT",0.7898,,
2016,392,"Japan",FTRI02,"Skills",0.4883,,
2016,392,"Japan",FTRI03,"Research and Development",0.7951,,
2016,392,"Japan",FTRI04,"Industry activity",0.7977,,
2016,392,"Japan",FTRI05,"Access to finance",0.9729,,
2016,400,"Jordan",FTRI00,"Overall index",0.5808,,
2016,400,"Jordan",FTRI01,"ICT",0.6427,,
2016,400,"Jordan",FTRI02,"Skills",0.4029,,
2016,400,"Jordan",FTRI03,"Research and Development",0.268,,
2016,400,"Jordan",FTRI04,"Industry activity",0.5269,,
2016,400,"Jordan",FTRI05,"Access to finance",0.8946,,
2016,398,"Kazakhstan",FTRI00,"Overall index",0.6005,,
2016,398,"Kazakhstan",FTRI01,"ICT",0.5859,,
2016,398,"Kazakhstan",FTRI02,"Skills",0.5534,,
2016,398,"Kazakhstan",FTRI03,"Research and Development",0.3048,,
2016,398,"Kazakhstan",FTRI04,"Industry activity",0.496,,
2016,398,"Kazakhstan",FTRI05,"Access to finance",0.8223,,
2016,404,"Kenya",FTRI00,"Overall index",0.4561,,
2016,404,"Kenya",FTRI01,"ICT",0.5644,,
2016,404,"Kenya",FTRI02,"Skills",0.2392,,
2016,404,"Kenya",FTRI03,"Research and Development",0.2217,,
2016,404,"Kenya",FTRI04,"Industry activity",0.4419,,
2016,404,"Kenya",FTRI05,"Access to finance",0.8293,,
2016,414,"Kuwait",FTRI00,"Overall index",0.5978,,
2016,414,"Kuwait",FTRI01,"ICT",0.5569,,
2016,414,"Kuwait",FTRI02,"Skills",0.5031,,
2016,414,"Kuwait",FTRI03,"Research and Development",0.204,,
2016,414,"Kuwait",FTRI04,"Industry activity",0.4223,,
2016,414,"Kuwait",FTRI05,"Access to finance",0.9318,,
2016,417,"Kyrgyzstan",FTRI00,"Overall index",0.4227,,
2016,417,"Kyrgyzstan",FTRI01,"ICT",0.4524,,
2016,417,"Kyrgyzstan",FTRI02,"Skills",0.3523,,
2016,417,"Kyrgyzstan",FTRI03,"Research and Development",0.0925,,
2016,417,"Kyrgyzstan",FTRI04,"Industry activity",0.4186,,
2016,417,"Kyrgyzstan",FTRI05,"Access to finance",0.7777,,
2016,418,"Lao People's Dem. Rep.",FTRI00,"Overall index",0.388,,
2016,418,"Lao People's Dem. Rep.",FTRI01,"ICT",0.4145,,
2016,418,"Lao People's Dem. Rep.",FTRI02,"Skills",0.2525,,
2016,418,"Lao People's Dem. Rep.",FTRI03,"Research and Development",0.1045,,
2016,418,"Lao People's Dem. Rep.",FTRI04,"Industry activity",0.492,,
2016,418,"Lao People's Dem. Rep.",FTRI05,"Access to finance",0.7791,,
2016,428,"Latvia",FTRI00,"Overall index",0.7406,,
2016,428,"Latvia",FTRI01,"ICT",0.7556,,
2016,428,"Latvia",FTRI02,"Skills",0.6896,,
2016,428,"Latvia",FTRI03,"Research and Development",0.3717,,
2016,428,"Latvia",FTRI04,"Industry activity",0.6638,,
2016,428,"Latvia",FTRI05,"Access to finance",0.855,,
2016,422,"Lebanon",FTRI00,"Overall index",0.6319,,
2016,422,"Lebanon",FTRI01,"ICT",0.6369,,
2016,422,"Lebanon",FTRI02,"Skills",0.4453,,
2016,422,"Lebanon",FTRI03,"Research and Development",0.2967,,
2016,422,"Lebanon",FTRI04,"Industry activity",0.5317,,
2016,422,"Lebanon",FTRI05,"Access to finance",0.9308,,
2016,426,"Lesotho",FTRI00,"Overall index",0.3748,,
2016,426,"Lesotho",FTRI01,"ICT",0.6625,,
2016,426,"Lesotho",FTRI02,"Skills",0.2465,,
2016,426,"Lesotho",FTRI03,"Research and Development",0,,
2016,426,"Lesotho",FTRI04,"Industry activity",0.2887,,
2016,426,"Lesotho",FTRI05,"Access to finance",0.766,,
2016,430,"Liberia",FTRI00,"Overall index",0.2899,,
2016,430,"Liberia",FTRI01,"ICT",0.4164,,
2016,430,"Liberia",FTRI02,"Skills",0.21,,
2016,430,"Liberia",FTRI03,"Research and Development",0,,
2016,430,"Liberia",FTRI04,"Industry activity",0.2188,,
2016,430,"Liberia",FTRI05,"Access to finance",0.7342,,
2016,434,"Libya",FTRI00,"Overall index",0.4213,,
2016,434,"Libya",FTRI01,"ICT",0.3372,,
2016,434,"Libya",FTRI02,"Skills",0.501,,
2016,434,"Libya",FTRI03,"Research and Development",0.0522,,
2016,434,"Libya",FTRI04,"Industry activity",0.3329,,
2016,434,"Libya",FTRI05,"Access to finance",0.7694,,
2016,440,"Lithuania",FTRI00,"Overall index",0.7522,,
2016,440,"Lithuania",FTRI01,"ICT",0.9058,,
2016,440,"Lithuania",FTRI02,"Skills",0.717,,
2016,440,"Lithuania",FTRI03,"Research and Development",0.384,,
2016,440,"Lithuania",FTRI04,"Industry activity",0.5537,,
2016,440,"Lithuania",FTRI05,"Access to finance",0.8465,,
2016,442,"Luxembourg",FTRI00,"Overall index",0.871,,
2016,442,"Luxembourg",FTRI01,"ICT",0.8326,,
2016,442,"Luxembourg",FTRI02,"Skills",0.7558,,
2016,442,"Luxembourg",FTRI03,"Research and Development",0.4554,,
2016,442,"Luxembourg",FTRI04,"Industry activity",0.834,,
2016,442,"Luxembourg",FTRI05,"Access to finance",0.9234,,
2016,450,"Madagascar",FTRI00,"Overall index",0.2588,,
2016,450,"Madagascar",FTRI01,"ICT",0.3448,,
2016,450,"Madagascar",FTRI02,"Skills",0.1551,,
2016,450,"Madagascar",FTRI03,"Research and Development",0.1219,,
2016,450,"Madagascar",FTRI04,"Industry activity",0.1684,,
2016,450,"Madagascar",FTRI05,"Access to finance",0.7256,,
2016,454,"Malawi",FTRI00,"Overall index",0.3301,,
2016,454,"Malawi",FTRI01,"ICT",0.4008,,
2016,454,"Malawi",FTRI02,"Skills",0.1891,,
2016,454,"Malawi",FTRI03,"Research and Development",0.1095,,
2016,454,"Malawi",FTRI04,"Industry activity",0.4501,,
2016,454,"Malawi",FTRI05,"Access to finance",0.6882,,
2016,458,"Malaysia",FTRI00,"Overall index",0.7242,,
2016,458,"Malaysia",FTRI01,"ICT",0.5935,,
2016,458,"Malaysia",FTRI02,"Skills",0.4506,,
2016,458,"Malaysia",FTRI03,"Research and Development",0.53,,
2016,458,"Malaysia",FTRI04,"Industry activity",0.7545,,
2016,458,"Malaysia",FTRI05,"Access to finance",0.9458,,
2016,462,"Maldives",FTRI00,"Overall index",0.4597,,
2016,462,"Maldives",FTRI01,"ICT",0.6507,,
2016,462,"Maldives",FTRI02,"Skills",0.5012,,
2016,462,"Maldives",FTRI03,"Research and Development",0.0522,,
2016,462,"Maldives",FTRI04,"Industry activity",0.1273,,
2016,462,"Maldives",FTRI05,"Access to finance",0.8143,,
2016,466,"Mali",FTRI00,"Overall index",0.2862,,
2016,466,"Mali",FTRI01,"ICT",0.2558,,
2016,466,"Mali",FTRI02,"Skills",0.0308,,
2016,466,"Mali",FTRI03,"Research and Development",0.114,,
2016,466,"Mali",FTRI04,"Industry activity",0.3503,,
2016,466,"Mali",FTRI05,"Access to finance",0.8012,,
2016,470,"Malta",FTRI00,"Overall index",0.7887,,
2016,470,"Malta",FTRI01,"ICT",0.7806,,
2016,470,"Malta",FTRI02,"Skills",0.6661,,
2016,470,"Malta",FTRI03,"Research and Development",0.2968,,
2016,470,"Malta",FTRI04,"Industry activity",0.9061,,
2016,470,"Malta",FTRI05,"Access to finance",0.908,,
2016,478,"Mauritania",FTRI00,"Overall index",0.2897,,
2016,478,"Mauritania",FTRI01,"ICT",0.3799,,
2016,478,"Mauritania",FTRI02,"Skills",0.1614,,
2016,478,"Mauritania",FTRI03,"Research and Development",0.0522,,
2016,478,"Mauritania",FTRI04,"Industry activity",0.1645,,
2016,478,"Mauritania",FTRI05,"Access to finance",0.7762,,
2016,480,"Mauritius",FTRI00,"Overall index",0.5861,,
2016,480,"Mauritius",FTRI01,"ICT",0.4878,,
2016,480,"Mauritius",FTRI02,"Skills",0.5002,,
2016,480,"Mauritius",FTRI03,"Research and Development",0.2299,,
2016,480,"Mauritius",FTRI04,"Industry activity",0.5167,,
2016,480,"Mauritius",FTRI05,"Access to finance",0.9207,,
2016,175,"Mayotte",FTRI00,"Overall index",0.6642,,
2016,175,"Mayotte",FTRI01,"ICT",0.6346,,
2016,175,"Mayotte",FTRI02,"Skills",0.5856,,
2016,175,"Mayotte",FTRI03,"Research and Development",0.5452,,
2016,175,"Mayotte",FTRI04,"Industry activity",0.274,,
2016,175,"Mayotte",FTRI05,"Access to finance",0.8727,,
2016,484,"Mexico",FTRI00,"Overall index",0.6944,,
2016,484,"Mexico",FTRI01,"ICT",0.7146,,
2016,484,"Mexico",FTRI02,"Skills",0.4394,,
2016,484,"Mexico",FTRI03,"Research and Development",0.5619,,
2016,484,"Mexico",FTRI04,"Industry activity",0.6855,,
2016,484,"Mexico",FTRI05,"Access to finance",0.822,,
2016,496,"Mongolia",FTRI00,"Overall index",0.4648,,
2016,496,"Mongolia",FTRI01,"ICT",0.417,,
2016,496,"Mongolia",FTRI02,"Skills",0.4898,,
2016,496,"Mongolia",FTRI03,"Research and Development",0.1318,,
2016,496,"Mongolia",FTRI04,"Industry activity",0.2624,,
2016,496,"Mongolia",FTRI05,"Access to finance",0.8738,,
2016,499,"Montenegro",FTRI00,"Overall index",0.5555,,
2016,499,"Montenegro",FTRI01,"ICT",0.5768,,
2016,499,"Montenegro",FTRI02,"Skills",0.6296,,
2016,499,"Montenegro",FTRI03,"Research and Development",0.1095,,
2016,499,"Montenegro",FTRI04,"Industry activity",0.3389,,
2016,499,"Montenegro",FTRI05,"Access to finance",0.8601,,
2016,504,"Morocco",FTRI00,"Overall index",0.5885,,
2016,504,"Morocco",FTRI01,"ICT",0.6478,,
2016,504,"Morocco",FTRI02,"Skills",0.271,,
2016,504,"Morocco",FTRI03,"Research and Development",0.4214,,
2016,504,"Morocco",FTRI04,"Industry activity",0.4888,,
2016,504,"Morocco",FTRI05,"Access to finance",0.9062,,
2016,508,"Mozambique",FTRI00,"Overall index",0.2845,,
2016,508,"Mozambique",FTRI01,"ICT",0.2554,,
2016,508,"Mozambique",FTRI02,"Skills",0.1582,,
2016,508,"Mozambique",FTRI03,"Research and Development",0.14,,
2016,508,"Mozambique",FTRI04,"Industry activity",0.1702,,
2016,508,"Mozambique",FTRI05,"Access to finance",0.8169,,
2016,104,"Myanmar",FTRI00,"Overall index",0.3344,,
2016,104,"Myanmar",FTRI01,"ICT",0.3226,,
2016,104,"Myanmar",FTRI02,"Skills",0.1859,,
2016,104,"Myanmar",FTRI03,"Research and Development",0.1095,,
2016,104,"Myanmar",FTRI04,"Industry activity",0.3792,,
2016,104,"Myanmar",FTRI05,"Access to finance",0.7839,,
2016,516,"Namibia",FTRI00,"Overall index",0.4568,,
2016,516,"Namibia",FTRI01,"ICT",0.4152,,
2016,516,"Namibia",FTRI02,"Skills",0.322,,
2016,516,"Namibia",FTRI03,"Research and Development",0.1447,,
2016,516,"Namibia",FTRI04,"Industry activity",0.4376,,
2016,516,"Namibia",FTRI05,"Access to finance",0.8914,,
2016,524,"Nepal",FTRI00,"Overall index",0.4264,,
2016,524,"Nepal",FTRI01,"ICT",0.3586,,
2016,524,"Nepal",FTRI02,"Skills",0.3016,,
2016,524,"Nepal",FTRI03,"Research and Development",0.1922,,
2016,524,"Nepal",FTRI04,"Industry activity",0.2532,,
2016,524,"Nepal",FTRI05,"Access to finance",0.8931,,
2016,528,"Netherlands (Kingdom of the)",FTRI00,"Overall index",0.9535,,
2016,528,"Netherlands (Kingdom of the)",FTRI01,"ICT",0.8211,,
2016,528,"Netherlands (Kingdom of the)",FTRI02,"Skills",0.8219,,
2016,528,"Netherlands (Kingdom of the)",FTRI03,"Research and Development",0.7043,,
2016,528,"Netherlands (Kingdom of the)",FTRI04,"Industry activity",0.8403,,
2016,528,"Netherlands (Kingdom of the)",FTRI05,"Access to finance",0.9399,,
2016,554,"New Zealand",FTRI00,"Overall index",0.8515,,
2016,554,"New Zealand",FTRI01,"ICT",0.8277,,
2016,554,"New Zealand",FTRI02,"Skills",0.8429,,
2016,554,"New Zealand",FTRI03,"Research and Development",0.5325,,
2016,554,"New Zealand",FTRI04,"Industry activity",0.4904,,
2016,554,"New Zealand",FTRI05,"Access to finance",0.9685,,
2016,558,"Nicaragua",FTRI00,"Overall index",0.3575,,
2016,558,"Nicaragua",FTRI01,"ICT",0.3826,,
2016,558,"Nicaragua",FTRI02,"Skills",0.2913,,
2016,558,"Nicaragua",FTRI03,"Research and Development",0.0659,,
2016,558,"Nicaragua",FTRI04,"Industry activity",0.1837,,
2016,558,"Nicaragua",FTRI05,"Access to finance",0.837,,
2016,562,"Niger",FTRI00,"Overall index",0.2887,,
2016,562,"Niger",FTRI01,"ICT",0.0916,,
2016,562,"Niger",FTRI02,"Skills",0.0803,,
2016,562,"Niger",FTRI03,"Research and Development",0.0989,,
2016,562,"Niger",FTRI04,"Industry activity",0.7664,,
2016,562,"Niger",FTRI05,"Access to finance",0.7223,,
2016,566,"Nigeria",FTRI00,"Overall index",0.4306,,
2016,566,"Nigeria",FTRI01,"ICT",0.6365,,
2016,566,"Nigeria",FTRI02,"Skills",0.3344,,
2016,566,"Nigeria",FTRI03,"Research and Development",0.2629,,
2016,566,"Nigeria",FTRI04,"Industry activity",0.1307,,
2016,566,"Nigeria",FTRI05,"Access to finance",0.7451,,
2016,807,"North Macedonia",FTRI00,"Overall index",0.5715,,
2016,807,"North Macedonia",FTRI01,"ICT",0.6777,,
2016,807,"North Macedonia",FTRI02,"Skills",0.4567,,
2016,807,"North Macedonia",FTRI03,"Research and Development",0.1717,,
2016,807,"North Macedonia",FTRI04,"Industry activity",0.4889,,
2016,807,"North Macedonia",FTRI05,"Access to finance",0.8595,,
2016,578,"Norway",FTRI00,"Overall index",0.8672,,
2016,578,"Norway",FTRI01,"ICT",0.7476,,
2016,578,"Norway",FTRI02,"Skills",0.8451,,
2016,578,"Norway",FTRI03,"Research and Development",0.554,,
2016,578,"Norway",FTRI04,"Industry activity",0.6059,,
2016,578,"Norway",FTRI05,"Access to finance",0.9622,,
2016,512,"Oman",FTRI00,"Overall index",0.5528,,
2016,512,"Oman",FTRI01,"ICT",0.6865,,
2016,512,"Oman",FTRI02,"Skills",0.4455,,
2016,512,"Oman",FTRI03,"Research and Development",0.2314,,
2016,512,"Oman",FTRI04,"Industry activity",0.2623,,
2016,512,"Oman",FTRI05,"Access to finance",0.8887,,
2016,586,"Pakistan",FTRI00,"Overall index",0.364,,
2016,586,"Pakistan",FTRI01,"ICT",0.3351,,
2016,586,"Pakistan",FTRI02,"Skills",0.0753,,
2016,586,"Pakistan",FTRI03,"Research and Development",0.3571,,
2016,586,"Pakistan",FTRI04,"Industry activity",0.4028,,
2016,586,"Pakistan",FTRI05,"Access to finance",0.7456,,
2016,591,"Panama",FTRI00,"Overall index",0.5959,,
2016,591,"Panama",FTRI01,"ICT",0.6372,,
2016,591,"Panama",FTRI02,"Skills",0.4272,,
2016,591,"Panama",FTRI03,"Research and Development",0.2228,,
2016,591,"Panama",FTRI04,"Industry activity",0.5904,,
2016,591,"Panama",FTRI05,"Access to finance",0.9138,,
2016,598,"Papua New Guinea",FTRI00,"Overall index",0.3433,,
2016,598,"Papua New Guinea",FTRI01,"ICT",0.5206,,
2016,598,"Papua New Guinea",FTRI02,"Skills",0.1942,,
2016,598,"Papua New Guinea",FTRI03,"Research and Development",0.0989,,
2016,598,"Papua New Guinea",FTRI04,"Industry activity",0.2637,,
2016,598,"Papua New Guinea",FTRI05,"Access to finance",0.7843,,
2016,600,"Paraguay",FTRI00,"Overall index",0.4671,,
2016,600,"Paraguay",FTRI01,"ICT",0.6156,,
2016,600,"Paraguay",FTRI02,"Skills",0.4035,,
2016,600,"Paraguay",FTRI03,"Research and Development",0.1219,,
2016,600,"Paraguay",FTRI04,"Industry activity",0.2224,,
2016,600,"Paraguay",FTRI05,"Access to finance",0.8435,,
2016,604,"Peru",FTRI00,"Overall index",0.5045,,
2016,604,"Peru",FTRI01,"ICT",0.5167,,
2016,604,"Peru",FTRI02,"Skills",0.4055,,
2016,604,"Peru",FTRI03,"Research and Development",0.3038,,
2016,604,"Peru",FTRI04,"Industry activity",0.2304,,
2016,604,"Peru",FTRI05,"Access to finance",0.8468,,
2016,608,"Philippines",FTRI00,"Overall index",0.6709,,
2016,608,"Philippines",FTRI01,"ICT",0.608,,
2016,608,"Philippines",FTRI02,"Skills",0.4267,,
2016,608,"Philippines",FTRI03,"Research and Development",0.4205,,
2016,608,"Philippines",FTRI04,"Industry activity",0.8589,,
2016,608,"Philippines",FTRI05,"Access to finance",0.8469,,
2016,616,"Poland",FTRI00,"Overall index",0.8342,,
2016,616,"Poland",FTRI01,"ICT",0.8883,,
2016,616,"Poland",FTRI02,"Skills",0.6644,,
2016,616,"Poland",FTRI03,"Research and Development",0.6268,,
2016,616,"Poland",FTRI04,"Industry activity",0.673,,
2016,616,"Poland",FTRI05,"Access to finance",0.87,,
2016,620,"Portugal",FTRI00,"Overall index",0.7822,,
2016,620,"Portugal",FTRI01,"ICT",0.7507,,
2016,620,"Portugal",FTRI02,"Skills",0.6547,,
2016,620,"Portugal",FTRI03,"Research and Development",0.5411,,
2016,620,"Portugal",FTRI04,"Industry activity",0.5687,,
2016,620,"Portugal",FTRI05,"Access to finance",0.9371,,
2016,634,"Qatar",FTRI00,"Overall index",0.5138,,
2016,634,"Qatar",FTRI01,"ICT",0.6199,,
2016,634,"Qatar",FTRI02,"Skills",0.3414,,
2016,634,"Qatar",FTRI03,"Research and Development",0.2507,,
2016,634,"Qatar",FTRI04,"Industry activity",0.2042,,
2016,634,"Qatar",FTRI05,"Access to finance",0.9057,,
2016,410,"Republic of Korea",FTRI00,"Overall index",0.9528,,
2016,410,"Republic of Korea",FTRI01,"ICT",0.9368,,
2016,410,"Republic of Korea",FTRI02,"Skills",0.681,,
2016,410,"Republic of Korea",FTRI03,"Research and Development",0.8248,,
2016,410,"Republic of Korea",FTRI04,"Industry activity",0.782,,
2016,410,"Republic of Korea",FTRI05,"Access to finance",0.9553,,
2016,498,"Republic of Moldova",FTRI00,"Overall index",0.6367,,
2016,498,"Republic of Moldova",FTRI01,"ICT",0.8993,,
2016,498,"Republic of Moldova",FTRI02,"Skills",0.4066,,
2016,498,"Republic of Moldova",FTRI03,"Research and Development",0.4131,,
2016,498,"Republic of Moldova",FTRI04,"Industry activity",0.4526,,
2016,498,"Republic of Moldova",FTRI05,"Access to finance",0.7991,,
2016,642,"Romania",FTRI00,"Overall index",0.7249,,
2016,642,"Romania",FTRI01,"ICT",0.8747,,
2016,642,"Romania",FTRI02,"Skills",0.4784,,
2016,642,"Romania",FTRI03,"Research and Development",0.5333,,
2016,642,"Romania",FTRI04,"Industry activity",0.6524,,
2016,642,"Romania",FTRI05,"Access to finance",0.8085,,
2016,643,"Russian Federation",FTRI00,"Overall index",0.8173,,
2016,643,"Russian Federation",FTRI01,"ICT",0.8196,,
2016,643,"Russian Federation",FTRI02,"Skills",0.6713,,
2016,643,"Russian Federation",FTRI03,"Research and Development",0.6785,,
2016,643,"Russian Federation",FTRI04,"Industry activity",0.5608,,
2016,643,"Russian Federation",FTRI05,"Access to finance",0.8672,,
2016,646,"Rwanda",FTRI00,"Overall index",0.3316,,
2016,646,"Rwanda",FTRI01,"ICT",0.5182,,
2016,646,"Rwanda",FTRI02,"Skills",0.1716,,
2016,646,"Rwanda",FTRI03,"Research and Development",0.1045,,
2016,646,"Rwanda",FTRI04,"Industry activity",0.215,,
2016,646,"Rwanda",FTRI05,"Access to finance",0.777,,
2016,662,"Saint Lucia",FTRI00,"Overall index",0.4921,,
2016,662,"Saint Lucia",FTRI01,"ICT",0.6076,,
2016,662,"Saint Lucia",FTRI02,"Skills",0.4392,,
2016,662,"Saint Lucia",FTRI03,"Research and Development",0.033,,
2016,662,"Saint Lucia",FTRI04,"Industry activity",0.3636,,
2016,662,"Saint Lucia",FTRI05,"Access to finance",0.8849,,
2016,670,"Saint Vincent and the Grenadines",FTRI00,"Overall index",0.464,,
2016,670,"Saint Vincent and the Grenadines",FTRI01,"ICT",0.5824,,
2016,670,"Saint Vincent and the Grenadines",FTRI02,"Skills",0.5325,,
2016,670,"Saint Vincent and the Grenadines",FTRI03,"Research and Development",0.0852,,
2016,670,"Saint Vincent and the Grenadines",FTRI04,"Industry activity",0.0301,,
2016,670,"Saint Vincent and the Grenadines",FTRI05,"Access to finance",0.8577,,
2016,882,"Samoa",FTRI00,"Overall index",0.3387,,
2016,882,"Samoa",FTRI01,"ICT",0.306,,
2016,882,"Samoa",FTRI02,"Skills",0.3866,,
2016,882,"Samoa",FTRI03,"Research and Development",0.0625,,
2016,882,"Samoa",FTRI04,"Industry activity",0.3827,,
2016,882,"Samoa",FTRI05,"Access to finance",0.748,,
2016,678,"Sao Tome and Principe",FTRI00,"Overall index",0.3604,,
2016,678,"Sao Tome and Principe",FTRI01,"ICT",0.449,,
2016,678,"Sao Tome and Principe",FTRI02,"Skills",0.3218,,
2016,678,"Sao Tome and Principe",FTRI03,"Research and Development",0,,
2016,678,"Sao Tome and Principe",FTRI04,"Industry activity",0.228,,
2016,678,"Sao Tome and Principe",FTRI05,"Access to finance",0.8178,,
2016,682,"Saudi Arabia",FTRI00,"Overall index",0.6642,,
2016,682,"Saudi Arabia",FTRI01,"ICT",0.6346,,
2016,682,"Saudi Arabia",FTRI02,"Skills",0.5856,,
2016,682,"Saudi Arabia",FTRI03,"Research and Development",0.5452,,
2016,682,"Saudi Arabia",FTRI04,"Industry activity",0.274,,
2016,682,"Saudi Arabia",FTRI05,"Access to finance",0.8727,,
2016,686,"Senegal",FTRI00,"Overall index",0.3652,,
2016,686,"Senegal",FTRI01,"ICT",0.3886,,
2016,686,"Senegal",FTRI02,"Skills",0.1304,,
2016,686,"Senegal",FTRI03,"Research and Development",0.1601,,
2016,686,"Senegal",FTRI04,"Industry activity",0.371,,
2016,686,"Senegal",FTRI05,"Access to finance",0.806,,
2016,688,"Serbia",FTRI00,"Overall index",0.6687,,
2016,688,"Serbia",FTRI01,"ICT",0.7312,,
2016,688,"Serbia",FTRI02,"Skills",0.5287,,
2016,688,"Serbia",FTRI03,"Research and Development",0.3245,,
2016,688,"Serbia",FTRI04,"Industry activity",0.6457,,
2016,688,"Serbia",FTRI05,"Access to finance",0.8425,,
2016,694,"Sierra Leone",FTRI00,"Overall index",0,,
2016,694,"Sierra Leone",FTRI01,"ICT",0.328,,
2016,694,"Sierra Leone",FTRI02,"Skills",0.1109,,
2016,694,"Sierra Leone",FTRI03,"Research and Development",0.033,,
2016,694,"Sierra Leone",FTRI04,"Industry activity",0.2801,,
2016,694,"Sierra Leone",FTRI05,"Access to finance",0,,
2016,702,"Singapore",FTRI00,"Overall index",0.9627,,
2016,702,"Singapore",FTRI01,"ICT",1,,
2016,702,"Singapore",FTRI02,"Skills",0.8318,,
2016,702,"Singapore",FTRI03,"Research and Development",0.5857,,
2016,702,"Singapore",FTRI04,"Industry activity",0.8819,,
2016,702,"Singapore",FTRI05,"Access to finance",0.9472,,
2016,703,"Slovakia",FTRI00,"Overall index",0.7206,,
2016,703,"Slovakia",FTRI01,"ICT",0.6447,,
2016,703,"Slovakia",FTRI02,"Skills",0.5653,,
2016,703,"Slovakia",FTRI03,"Research and Development",0.4563,,
2016,703,"Slovakia",FTRI04,"Industry activity",0.7174,,
2016,703,"Slovakia",FTRI05,"Access to finance",0.8737,,
2016,705,"Slovenia",FTRI00,"Overall index",0.7646,,
2016,705,"Slovenia",FTRI01,"ICT",0.7477,,
2016,705,"Slovenia",FTRI02,"Skills",0.7452,,
2016,705,"Slovenia",FTRI03,"Research and Development",0.3998,,
2016,705,"Slovenia",FTRI04,"Industry activity",0.6897,,
2016,705,"Slovenia",FTRI05,"Access to finance",0.8549,,
2016,090,"Solomon Islands",FTRI00,"Overall index",0.2672,,
2016,090,"Solomon Islands",FTRI01,"ICT",0.2221,,
2016,090,"Solomon Islands",FTRI02,"Skills",0.2592,,
2016,090,"Solomon Islands",FTRI03,"Research and Development",0,,
2016,090,"Solomon Islands",FTRI04,"Industry activity",0.099,,
2016,090,"Solomon Islands",FTRI05,"Access to finance",0.8256,,
2016,710,"South Africa",FTRI00,"Overall index",0.677,,
2016,710,"South Africa",FTRI01,"ICT",0.5408,,
2016,710,"South Africa",FTRI02,"Skills",0.4781,,
2016,710,"South Africa",FTRI03,"Research and Development",0.4994,,
2016,710,"South Africa",FTRI04,"Industry activity",0.5381,,
2016,710,"South Africa",FTRI05,"Access to finance",0.9477,,
2016,728,"South Sudan",FTRI00,"Overall index",0.167,,
2016,728,"South Sudan",FTRI01,"ICT",0.2705,,
2016,728,"South Sudan",FTRI02,"Skills",0,,
2016,728,"South Sudan",FTRI03,"Research and Development",0,,
2016,728,"South Sudan",FTRI04,"Industry activity",0.2839,,
2016,728,"South Sudan",FTRI05,"Access to finance",0.6321,,
2016,724,"Spain",FTRI00,"Overall index",0.8154,,
2016,724,"Spain",FTRI01,"ICT",0.5966,,
2016,724,"Spain",FTRI02,"Skills",0.6705,,
2016,724,"Spain",FTRI03,"Research and Development",0.7054,,
2016,724,"Spain",FTRI04,"Industry activity",0.6253,,
2016,724,"Spain",FTRI05,"Access to finance",0.9376,,
2016,144,"Sri Lanka",FTRI00,"Overall index",0.4914,,
2016,144,"Sri Lanka",FTRI01,"ICT",0.513,,
2016,144,"Sri Lanka",FTRI02,"Skills",0.4008,,
2016,144,"Sri Lanka",FTRI03,"Research and Development",0.2252,,
2016,144,"Sri Lanka",FTRI04,"Industry activity",0.3668,,
2016,144,"Sri Lanka",FTRI05,"Access to finance",0.8461,,
2016,729,"Sudan",FTRI00,"Overall index",0.2275,,
2016,729,"Sudan",FTRI01,"ICT",0.305,,
2016,729,"Sudan",FTRI02,"Skills",0.1453,,
2016,729,"Sudan",FTRI03,"Research and Development",0.1447,,
2016,729,"Sudan",FTRI04,"Industry activity",0.0016,,
2016,729,"Sudan",FTRI05,"Access to finance",0.6907,,
2016,736,"Sudan (...2011)",FTRI00,"Overall index",,,"Not applicable"
2016,736,"Sudan (...2011)",FTRI01,"ICT",,,"Not applicable"
2016,736,"Sudan (...2011)",FTRI02,"Skills",,,"Not applicable"
2016,736,"Sudan (...2011)",FTRI03,"Research and Development",,,"Not applicable"
2016,736,"Sudan (...2011)",FTRI04,"Industry activity",,,"Not applicable"
2016,736,"Sudan (...2011)",FTRI05,"Access to finance",,,"Not applicable"
2016,740,"Suriname",FTRI00,"Overall index",0.4532,,
2016,740,"Suriname",FTRI01,"ICT",0.5648,,
2016,740,"Suriname",FTRI02,"Skills",0.397,,
2016,740,"Suriname",FTRI03,"Research and Development",0,,
2016,740,"Suriname",FTRI04,"Industry activity",0.3605,,
2016,740,"Suriname",FTRI05,"Access to finance",0.8313,,
2016,752,"Sweden",FTRI00,"Overall index",0.9749,,
2016,752,"Sweden",FTRI01,"ICT",0.9319,,
2016,752,"Sweden",FTRI02,"Skills",0.8528,,
2016,752,"Sweden",FTRI03,"Research and Development",0.6686,,
2016,752,"Sweden",FTRI04,"Industry activity",0.8222,,
2016,752,"Sweden",FTRI05,"Access to finance",0.9508,,
2016,756,"Switzerland",FTRI00,"Overall index",0.9193,,
2016,756,"Switzerland",FTRI01,"ICT",0.659,,
2016,756,"Switzerland",FTRI02,"Skills",0.7398,,
2016,756,"Switzerland",FTRI03,"Research and Development",0.686,,
2016,756,"Switzerland",FTRI04,"Industry activity",0.9097,,
2016,756,"Switzerland",FTRI05,"Access to finance",0.9775,,
2016,762,"Tajikistan",FTRI00,"Overall index",0.3334,,
2016,762,"Tajikistan",FTRI01,"ICT",0.3571,,
2016,762,"Tajikistan",FTRI02,"Skills",0.297,,
2016,762,"Tajikistan",FTRI03,"Research and Development",0.0522,,
2016,762,"Tajikistan",FTRI04,"Industry activity",0.2556,,
2016,762,"Tajikistan",FTRI05,"Access to finance",0.7704,,
2016,764,"Thailand",FTRI00,"Overall index",0.7179,,
2016,764,"Thailand",FTRI01,"ICT",0.7313,,
2016,764,"Thailand",FTRI02,"Skills",0.4782,,
2016,764,"Thailand",FTRI03,"Research and Development",0.4232,,
2016,764,"Thailand",FTRI04,"Industry activity",0.6872,,
2016,764,"Thailand",FTRI05,"Access to finance",0.963,,
2016,626,"Timor-Leste",FTRI00,"Overall index",0.3401,,
2016,626,"Timor-Leste",FTRI01,"ICT",0.4584,,
2016,626,"Timor-Leste",FTRI02,"Skills",0.3031,,
2016,626,"Timor-Leste",FTRI03,"Research and Development",0.0522,,
2016,626,"Timor-Leste",FTRI04,"Industry activity",0.2457,,
2016,626,"Timor-Leste",FTRI05,"Access to finance",0.731,,
2016,768,"Togo",FTRI00,"Overall index",0.3517,,
2016,768,"Togo",FTRI01,"ICT",0.2742,,
2016,768,"Togo",FTRI02,"Skills",0.2948,,
2016,768,"Togo",FTRI03,"Research and Development",0.0659,,
2016,768,"Togo",FTRI04,"Industry activity",0.3663,,
2016,768,"Togo",FTRI05,"Access to finance",0.8145,,
2016,780,"Trinidad and Tobago",FTRI00,"Overall index",0.5085,,
2016,780,"Trinidad and Tobago",FTRI01,"ICT",0.649,,
2016,780,"Trinidad and Tobago",FTRI02,"Skills",0.4825,,
2016,780,"Trinidad and Tobago",FTRI03,"Research and Development",0.1347,,
2016,780,"Trinidad and Tobago",FTRI04,"Industry activity",0.2594,,
2016,780,"Trinidad and Tobago",FTRI05,"Access to finance",0.8317,,
2016,788,"Tunisia",FTRI00,"Overall index",0.6304,,
2016,788,"Tunisia",FTRI01,"ICT",0.6253,,
2016,788,"Tunisia",FTRI02,"Skills",0.4529,,
2016,788,"Tunisia",FTRI03,"Research and Development",0.3735,,
2016,788,"Tunisia",FTRI04,"Industry activity",0.5912,,
2016,788,"Tunisia",FTRI05,"Access to finance",0.8822,,
2016,792,"Turkiye",FTRI00,"Overall index",0.6749,,
2016,792,"Turkiye",FTRI01,"ICT",0.5516,,
2016,792,"Turkiye",FTRI02,"Skills",0.5804,,
2016,792,"Turkiye",FTRI03,"Research and Development",0.5216,,
2016,792,"Turkiye",FTRI04,"Industry activity",0.448,,
2016,792,"Turkiye",FTRI05,"Access to finance",0.8925,,
2016,800,"Uganda",FTRI00,"Overall index",0.3007,,
2016,800,"Uganda",FTRI01,"ICT",0.1833,,
2016,800,"Uganda",FTRI02,"Skills",0.2017,,
2016,800,"Uganda",FTRI03,"Research and Development",0.1601,,
2016,800,"Uganda",FTRI04,"Industry activity",0.4105,,
2016,800,"Uganda",FTRI05,"Access to finance",0.7386,,
2016,804,"Ukraine",FTRI00,"Overall index",0.6884,,
2016,804,"Ukraine",FTRI01,"ICT",0.6501,,
2016,804,"Ukraine",FTRI02,"Skills",0.5701,,
2016,804,"Ukraine",FTRI03,"Research and Development",0.4962,,
2016,804,"Ukraine",FTRI04,"Industry activity",0.5213,,
2016,804,"Ukraine",FTRI05,"Access to finance",0.8562,,
2016,784,"United Arab Emirates",FTRI00,"Overall index",0.6582,,
2016,784,"United Arab Emirates",FTRI01,"ICT",0.5193,,
2016,784,"United Arab Emirates",FTRI02,"Skills",0.4766,,
2016,784,"United Arab Emirates",FTRI03,"Research and Development",0.4149,,
2016,784,"United Arab Emirates",FTRI04,"Industry activity",0.615,,
2016,784,"United Arab Emirates",FTRI05,"Access to finance",0.9073,,
2016,826,"United Kingdom",FTRI00,"Overall index",0.9716,,
2016,826,"United Kingdom",FTRI01,"ICT",0.8164,,
2016,826,"United Kingdom",FTRI02,"Skills",0.7909,,
2016,826,"United Kingdom",FTRI03,"Research and Development",0.7672,,
2016,826,"United Kingdom",FTRI04,"Industry activity",0.8577,,
2016,826,"United Kingdom",FTRI05,"Access to finance",0.9536,,
2016,834,"United Republic of Tanzania",FTRI00,"Overall index",0.2756,,
2016,834,"United Republic of Tanzania",FTRI01,"ICT",0.3472,,
2016,834,"United Republic of Tanzania",FTRI02,"Skills",0.0615,,
2016,834,"United Republic of Tanzania",FTRI03,"Research and Development",0.1905,,
2016,834,"United Republic of Tanzania",FTRI04,"Industry activity",0.2067,,
2016,834,"United Republic of Tanzania",FTRI05,"Access to finance",0.7388,,
2016,840,"United States",FTRI00,"Overall index",1,,
2016,840,"United States",FTRI01,"ICT",0.7934,,
2016,840,"United States",FTRI02,"Skills",0.7533,,
2016,840,"United States",FTRI03,"Research and Development",0.9561,,
2016,840,"United States",FTRI04,"Industry activity",0.7873,,
2016,840,"United States",FTRI05,"Access to finance",0.9859,,
2016,858,"Uruguay",FTRI00,"Overall index",0.5459,,
2016,858,"Uruguay",FTRI01,"ICT",0.5023,,
2016,858,"Uruguay",FTRI02,"Skills",0.5147,,
2016,858,"Uruguay",FTRI03,"Research and Development",0.265,,
2016,858,"Uruguay",FTRI04,"Industry activity",0.4311,,
2016,858,"Uruguay",FTRI05,"Access to finance",0.7985,,
2016,860,"Uzbekistan",FTRI00,"Overall index",0.4115,,
2016,860,"Uzbekistan",FTRI01,"ICT",0.4243,,
2016,860,"Uzbekistan",FTRI02,"Skills",0.3646,,
2016,860,"Uzbekistan",FTRI03,"Research and Development",0.1045,,
2016,860,"Uzbekistan",FTRI04,"Industry activity",0.4452,,
2016,860,"Uzbekistan",FTRI05,"Access to finance",0.7245,,
2016,548,"Vanuatu",FTRI00,"Overall index",0.355,,
2016,548,"Vanuatu",FTRI01,"ICT",0.3793,,
2016,548,"Vanuatu",FTRI02,"Skills",0.2538,,
2016,548,"Vanuatu",FTRI03,"Research and Development",0,,
2016,548,"Vanuatu",FTRI04,"Industry activity",0.2555,,
2016,548,"Vanuatu",FTRI05,"Access to finance",0.8921,,
2016,862,"Venezuela (Bolivarian Rep. of)",FTRI00,"Overall index",0.4774,,
2016,862,"Venezuela (Bolivarian Rep. of)",FTRI01,"ICT",0.5555,,
2016,862,"Venezuela (Bolivarian Rep. of)",FTRI02,"Skills",0.4669,,
2016,862,"Venezuela (Bolivarian Rep. of)",FTRI03,"Research and Development",0.202,,
2016,862,"Venezuela (Bolivarian Rep. of)",FTRI04,"Industry activity",0.1523,,
2016,862,"Venezuela (Bolivarian Rep. of)",FTRI05,"Access to finance",0.8128,,
2016,704,"Viet Nam",FTRI00,"Overall index",0.6108,,
2016,704,"Viet Nam",FTRI01,"ICT",0.6237,,
2016,704,"Viet Nam",FTRI02,"Skills",0.3085,,
2016,704,"Viet Nam",FTRI03,"Research and Development",0.3651,,
2016,704,"Viet Nam",FTRI04,"Industry activity",0.6727,,
2016,704,"Viet Nam",FTRI05,"Access to finance",0.926,,
2016,887,"Yemen",FTRI00,"Overall index",0.255,,
2016,887,"Yemen",FTRI01,"ICT",0.3344,,
2016,887,"Yemen",FTRI02,"Skills",0.141,,
2016,887,"Yemen",FTRI03,"Research and Development",0.0925,,
2016,887,"Yemen",FTRI04,"Industry activity",0.201,,
2016,887,"Yemen",FTRI05,"Access to finance",0.655,,
2016,894,"Zambia",FTRI00,"Overall index",0.3409,,
2016,894,"Zambia",FTRI01,"ICT",0.3575,,
2016,894,"Zambia",FTRI02,"Skills",0.2264,,
2016,894,"Zambia",FTRI03,"Research and Development",0.1181,,
2016,894,"Zambia",FTRI04,"Industry activity",0.3986,,
2016,894,"Zambia",FTRI05,"Access to finance",0.7503,,
2016,716,"Zimbabwe",FTRI00,"Overall index",0.3445,,
2016,716,"Zimbabwe",FTRI01,"ICT",0.4223,,
2016,716,"Zimbabwe",FTRI02,"Skills",0.1989,,
2016,716,"Zimbabwe",FTRI03,"Research and Development",0.153,,
2016,716,"Zimbabwe",FTRI04,"Industry activity",0.2361,,
2016,716,"Zimbabwe",FTRI05,"Access to finance",0.76,,
2017,004,"Afghanistan",FTRI00,"Overall index",0.175,,
2017,004,"Afghanistan",FTRI01,"ICT",0.2837,,
2017,004,"Afghanistan",FTRI02,"Skills",0.1906,,
2017,004,"Afghanistan",FTRI03,"Research and Development",0.0915,,
2017,004,"Afghanistan",FTRI04,"Industry activity",0.2868,,
2017,004,"Afghanistan",FTRI05,"Access to finance",0.6195,,
2017,008,"Albania",FTRI00,"Overall index",0.4414,,
2017,008,"Albania",FTRI01,"ICT",0.6811,,
2017,008,"Albania",FTRI02,"Skills",0.4772,,
2017,008,"Albania",FTRI03,"Research and Development",0.1127,,
2017,008,"Albania",FTRI04,"Industry activity",0.3586,,
2017,008,"Albania",FTRI05,"Access to finance",0.82,,
2017,012,"Algeria",FTRI00,"Overall index",0.3597,,
2017,012,"Algeria",FTRI01,"ICT",0.4799,,
2017,012,"Algeria",FTRI02,"Skills",0.467,,
2017,012,"Algeria",FTRI03,"Research and Development",0.2853,,
2017,012,"Algeria",FTRI04,"Industry activity",0.102,,
2017,012,"Algeria",FTRI05,"Access to finance",0.7824,,
2017,024,"Angola",FTRI00,"Overall index",0.2178,,
2017,024,"Angola",FTRI01,"ICT",0.3725,,
2017,024,"Angola",FTRI02,"Skills",0.2779,,
2017,024,"Angola",FTRI03,"Research and Development",0.0915,,
2017,024,"Angola",FTRI04,"Industry activity",0.1757,,
2017,024,"Angola",FTRI05,"Access to finance",0.7543,,
2017,032,"Argentina",FTRI00,"Overall index",0.5852,,
2017,032,"Argentina",FTRI01,"ICT",0.5578,,
2017,032,"Argentina",FTRI02,"Skills",0.6343,,
2017,032,"Argentina",FTRI03,"Research and Development",0.4312,,
2017,032,"Argentina",FTRI04,"Industry activity",0.57,,
2017,032,"Argentina",FTRI05,"Access to finance",0.7515,,
2017,051,"Armenia",FTRI00,"Overall index",0.4347,,
2017,051,"Armenia",FTRI01,"ICT",0.6491,,
2017,051,"Armenia",FTRI02,"Skills",0.3863,,
2017,051,"Armenia",FTRI03,"Research and Development",0.1745,,
2017,051,"Armenia",FTRI04,"Industry activity",0.384,,
2017,051,"Armenia",FTRI05,"Access to finance",0.8627,,
2017,036,"Australia",FTRI00,"Overall index",0.8826,,
2017,036,"Australia",FTRI01,"ICT",0.7901,,
2017,036,"Australia",FTRI02,"Skills",1,,
2017,036,"Australia",FTRI03,"Research and Development",0.6912,,
2017,036,"Australia",FTRI04,"Industry activity",0.509,,
2017,036,"Australia",FTRI05,"Access to finance",0.9566,,
2017,040,"Austria",FTRI00,"Overall index",0.8223,,
2017,040,"Austria",FTRI01,"ICT",0.8671,,
2017,040,"Austria",FTRI02,"Skills",0.6851,,
2017,040,"Austria",FTRI03,"Research and Development",0.6091,,
2017,040,"Austria",FTRI04,"Industry activity",0.7194,,
2017,040,"Austria",FTRI05,"Access to finance",0.9087,,
2017,031,"Azerbaijan",FTRI00,"Overall index",0.3724,,
2017,031,"Azerbaijan",FTRI01,"ICT",0.6597,,
2017,031,"Azerbaijan",FTRI02,"Skills",0.4344,,
2017,031,"Azerbaijan",FTRI03,"Research and Development",0.1453,,
2017,031,"Azerbaijan",FTRI04,"Industry activity",0.1495,,
2017,031,"Azerbaijan",FTRI05,"Access to finance",0.7834,,
2017,044,"Bahamas",FTRI00,"Overall index",0.4367,,
2017,044,"Bahamas",FTRI01,"ICT",0.8072,,
2017,044,"Bahamas",FTRI02,"Skills",0.5037,,
2017,044,"Bahamas",FTRI03,"Research and Development",0.0326,,
2017,044,"Bahamas",FTRI04,"Industry activity",0.1721,,
2017,044,"Bahamas",FTRI05,"Access to finance",0.8632,,
2017,048,"Bahrain",FTRI00,"Overall index",0.5373,,
2017,048,"Bahrain",FTRI01,"ICT",0.7093,,
2017,048,"Bahrain",FTRI02,"Skills",0.527,,
2017,048,"Bahrain",FTRI03,"Research and Development",0.1583,,
2017,048,"Bahrain",FTRI04,"Industry activity",0.488,,
2017,048,"Bahrain",FTRI05,"Access to finance",0.8962,,
2017,050,"Bangladesh",FTRI00,"Overall index",0.347,,
2017,050,"Bangladesh",FTRI01,"ICT",0.3673,,
2017,050,"Bangladesh",FTRI02,"Skills",0.216,,
2017,050,"Bangladesh",FTRI03,"Research and Development",0.3717,,
2017,050,"Bangladesh",FTRI04,"Industry activity",0.3587,,
2017,050,"Bangladesh",FTRI05,"Access to finance",0.84,,
2017,052,"Barbados",FTRI00,"Overall index",0.5821,,
2017,052,"Barbados",FTRI01,"ICT",0.7436,,
2017,052,"Barbados",FTRI02,"Skills",0.6138,,
2017,052,"Barbados",FTRI03,"Research and Development",0.2029,,
2017,052,"Barbados",FTRI04,"Industry activity",0.4782,,
2017,052,"Barbados",FTRI05,"Access to finance",0.9061,,
2017,112,"Belarus",FTRI00,"Overall index",0.6108,,
2017,112,"Belarus",FTRI01,"ICT",0.7494,,
2017,112,"Belarus",FTRI02,"Skills",0.6506,,
2017,112,"Belarus",FTRI03,"Research and Development",0.2826,,
2017,112,"Belarus",FTRI04,"Industry activity",0.5366,,
2017,112,"Belarus",FTRI05,"Access to finance",0.7994,,
2017,056,"Belgium",FTRI00,"Overall index",0.921,,
2017,056,"Belgium",FTRI01,"ICT",0.9301,,
2017,056,"Belgium",FTRI02,"Skills",0.8758,,
2017,056,"Belgium",FTRI03,"Research and Development",0.6193,,
2017,056,"Belgium",FTRI04,"Industry activity",0.7639,,
2017,056,"Belgium",FTRI05,"Access to finance",0.8845,,
2017,084,"Belize",FTRI00,"Overall index",0.3849,,
2017,084,"Belize",FTRI01,"ICT",0.6444,,
2017,084,"Belize",FTRI02,"Skills",0.3717,,
2017,084,"Belize",FTRI03,"Research and Development",0.0756,,
2017,084,"Belize",FTRI04,"Industry activity",0.3222,,
2017,084,"Belize",FTRI05,"Access to finance",0.8486,,
2017,204,"Benin",FTRI00,"Overall index",0.2163,,
2017,204,"Benin",FTRI01,"ICT",0.278,,
2017,204,"Benin",FTRI02,"Skills",0.2516,,
2017,204,"Benin",FTRI03,"Research and Development",0.1168,,
2017,204,"Benin",FTRI04,"Industry activity",0.3009,,
2017,204,"Benin",FTRI05,"Access to finance",0.7565,,
2017,060,"Bermuda",FTRI00,"Overall index",0.335,,
2017,060,"Bermuda",FTRI01,"ICT",0.4442,,
2017,060,"Bermuda",FTRI02,"Skills",0.4221,,
2017,060,"Bermuda",FTRI03,"Research and Development",0.1033,,
2017,060,"Bermuda",FTRI04,"Industry activity",0.2488,,
2017,060,"Bermuda",FTRI05,"Access to finance",0.8747,,
2017,064,"Bhutan",FTRI00,"Overall index",0.3181,,
2017,064,"Bhutan",FTRI01,"ICT",0.6566,,
2017,064,"Bhutan",FTRI02,"Skills",0.3457,,
2017,064,"Bhutan",FTRI03,"Research and Development",0.0516,,
2017,064,"Bhutan",FTRI04,"Industry activity",0.0749,,
2017,064,"Bhutan",FTRI05,"Access to finance",0.8566,,
2017,068,"Bolivia (Plurinational State of)",FTRI00,"Overall index",0.335,,
2017,068,"Bolivia (Plurinational State of)",FTRI01,"ICT",0.4442,,
2017,068,"Bolivia (Plurinational State of)",FTRI02,"Skills",0.4221,,
2017,068,"Bolivia (Plurinational State of)",FTRI03,"Research and Development",0.1033,,
2017,068,"Bolivia (Plurinational State of)",FTRI04,"Industry activity",0.2488,,
2017,068,"Bolivia (Plurinational State of)",FTRI05,"Access to finance",0.8747,,
2017,070,"Bosnia and Herzegovina",FTRI00,"Overall index",0.5019,,
2017,070,"Bosnia and Herzegovina",FTRI01,"ICT",0.7316,,
2017,070,"Bosnia and Herzegovina",FTRI02,"Skills",0.4541,,
2017,070,"Bosnia and Herzegovina",FTRI03,"Research and Development",0.1983,,
2017,070,"Bosnia and Herzegovina",FTRI04,"Industry activity",0.437,,
2017,070,"Bosnia and Herzegovina",FTRI05,"Access to finance",0.873,,
2017,072,"Botswana",FTRI00,"Overall index",0.3541,,
2017,072,"Botswana",FTRI01,"ICT",0.4524,,
2017,072,"Botswana",FTRI02,"Skills",0.3422,,
2017,072,"Botswana",FTRI03,"Research and Development",0.1778,,
2017,072,"Botswana",FTRI04,"Industry activity",0.3725,,
2017,072,"Botswana",FTRI05,"Access to finance",0.8236,,
2017,074,"Bouvet Island",FTRI00,"Overall index",0.7961,,
2017,074,"Bouvet Island",FTRI01,"ICT",0.5379,,
2017,074,"Bouvet Island",FTRI02,"Skills",0.4604,,
2017,074,"Bouvet Island",FTRI03,"Research and Development",1,,
2017,074,"Bouvet Island",FTRI04,"Industry activity",0.8266,,
2017,074,"Bouvet Island",FTRI05,"Access to finance",0.9657,,
2017,076,"Brazil",FTRI00,"Overall index",0.6724,,
2017,076,"Brazil",FTRI01,"ICT",0.5699,,
2017,076,"Brazil",FTRI02,"Skills",0.5225,,
2017,076,"Brazil",FTRI03,"Research and Development",0.6666,,
2017,076,"Brazil",FTRI04,"Industry activity",0.6545,,
2017,076,"Brazil",FTRI05,"Access to finance",0.8761,,
2017,080,"British Antarctic Territory",FTRI00,"Overall index",0.2524,,
2017,080,"British Antarctic Territory",FTRI01,"ICT",0.4761,,
2017,080,"British Antarctic Territory",FTRI02,"Skills",0.1624,,
2017,080,"British Antarctic Territory",FTRI03,"Research and Development",0.0915,,
2017,080,"British Antarctic Territory",FTRI04,"Industry activity",0.3221,,
2017,080,"British Antarctic Territory",FTRI05,"Access to finance",0.7704,,
2017,086,"British Indian Ocean Territory",FTRI00,"Overall index",0.3042,,
2017,086,"British Indian Ocean Territory",FTRI01,"ICT",0.5187,,
2017,086,"British Indian Ocean Territory",FTRI02,"Skills",0.2685,,
2017,086,"British Indian Ocean Territory",FTRI03,"Research and Development",0,,
2017,086,"British Indian Ocean Territory",FTRI04,"Industry activity",0.4376,,
2017,086,"British Indian Ocean Territory",FTRI05,"Access to finance",0.7794,,
2017,092,"British Virgin Islands",FTRI00,"Overall index",0.7422,,
2017,092,"British Virgin Islands",FTRI01,"ICT",0.9171,,
2017,092,"British Virgin Islands",FTRI02,"Skills",0.7176,,
2017,092,"British Virgin Islands",FTRI03,"Research and Development",0.2917,,
2017,092,"British Virgin Islands",FTRI04,"Industry activity",0.6906,,
2017,092,"British Virgin Islands",FTRI05,"Access to finance",0.8831,,
2017,096,"Brunei Darussalam",FTRI00,"Overall index",0.5287,,
2017,096,"Brunei Darussalam",FTRI01,"ICT",0.7295,,
2017,096,"Brunei Darussalam",FTRI02,"Skills",0.6314,,
2017,096,"Brunei Darussalam",FTRI03,"Research and Development",0.1976,,
2017,096,"Brunei Darussalam",FTRI04,"Industry activity",0.3495,,
2017,096,"Brunei Darussalam",FTRI05,"Access to finance",0.8377,,
2017,100,"Bulgaria",FTRI00,"Overall index",0.6926,,
2017,100,"Bulgaria",FTRI01,"ICT",0.8276,,
2017,100,"Bulgaria",FTRI02,"Skills",0.5767,,
2017,100,"Bulgaria",FTRI03,"Research and Development",0.4378,,
2017,100,"Bulgaria",FTRI04,"Industry activity",0.6345,,
2017,100,"Bulgaria",FTRI05,"Access to finance",0.8595,,
2017,854,"Burkina Faso",FTRI00,"Overall index",0.1293,,
2017,854,"Burkina Faso",FTRI01,"ICT",0.0883,,
2017,854,"Burkina Faso",FTRI02,"Skills",0.065,,
2017,854,"Burkina Faso",FTRI03,"Research and Development",0.1614,,
2017,854,"Burkina Faso",FTRI04,"Industry activity",0.2684,,
2017,854,"Burkina Faso",FTRI05,"Access to finance",0.8036,,
2017,108,"Burundi",FTRI00,"Overall index",0.0797,,
2017,108,"Burundi",FTRI01,"ICT",0.0888,,
2017,108,"Burundi",FTRI02,"Skills",0.1818,,
2017,108,"Burundi",FTRI03,"Research and Development",0,,
2017,108,"Burundi",FTRI04,"Industry activity",0.1316,,
2017,108,"Burundi",FTRI05,"Access to finance",0.7499,,
2017,132,"Cabo Verde",FTRI00,"Overall index",0.3538,,
2017,132,"Cabo Verde",FTRI01,"ICT",0.5742,,
2017,132,"Cabo Verde",FTRI02,"Skills",0.3483,,
2017,132,"Cabo Verde",FTRI03,"Research and Development",0.0326,,
2017,132,"Cabo Verde",FTRI04,"Industry activity",0.3471,,
2017,132,"Cabo Verde",FTRI05,"Access to finance",0.8695,,
2017,116,"Cambodia",FTRI00,"Overall index",0.3349,,
2017,116,"Cambodia",FTRI01,"ICT",0.5296,,
2017,116,"Cambodia",FTRI02,"Skills",0.2183,,
2017,116,"Cambodia",FTRI03,"Research and Development",0.1127,,
2017,116,"Cambodia",FTRI04,"Industry activity",0.389,,
2017,116,"Cambodia",FTRI05,"Access to finance",0.9113,,
2017,120,"Cameroon",FTRI00,"Overall index",0.2894,,
2017,120,"Cameroon",FTRI01,"ICT",0.3449,,
2017,120,"Cameroon",FTRI02,"Skills",0.292,,
2017,120,"Cameroon",FTRI03,"Research and Development",0.1789,,
2017,120,"Cameroon",FTRI04,"Industry activity",0.3685,,
2017,120,"Cameroon",FTRI05,"Access to finance",0.741,,
2017,124,"Canada",FTRI00,"Overall index",0.8911,,
2017,124,"Canada",FTRI01,"ICT",0.8961,,
2017,124,"Canada",FTRI02,"Skills",0.7214,,
2017,124,"Canada",FTRI03,"Research and Development",0.7178,,
2017,124,"Canada",FTRI04,"Industry activity",0.7222,,
2017,124,"Canada",FTRI05,"Access to finance",0.945,,
2017,136,"Cayman Islands",FTRI00,"Overall index",0.7121,,
2017,136,"Cayman Islands",FTRI01,"ICT",0.7619,,
2017,136,"Cayman Islands",FTRI02,"Skills",0.4786,,
2017,136,"Cayman Islands",FTRI03,"Research and Development",0.5441,,
2017,136,"Cayman Islands",FTRI04,"Industry activity",0.7683,,
2017,136,"Cayman Islands",FTRI05,"Access to finance",0.9396,,
2017,140,"Central African Republic",FTRI00,"Overall index",0.1966,,
2017,140,"Central African Republic",FTRI01,"ICT",0.4022,,
2017,140,"Central African Republic",FTRI02,"Skills",0.1466,,
2017,140,"Central African Republic",FTRI03,"Research and Development",0.0326,,
2017,140,"Central African Republic",FTRI04,"Industry activity",0.224,,
2017,140,"Central African Republic",FTRI05,"Access to finance",0.7789,,
2017,148,"Chad",FTRI00,"Overall index",0.1,,
2017,148,"Chad",FTRI01,"ICT",0.2213,,
2017,148,"Chad",FTRI02,"Skills",0.0465,,
2017,148,"Chad",FTRI03,"Research and Development",0,,
2017,148,"Chad",FTRI04,"Industry activity",0.2838,,
2017,148,"Chad",FTRI05,"Access to finance",0.7274,,
2017,152,"Chile",FTRI00,"Overall index",0.5964,,
2017,152,"Chile",FTRI01,"ICT",0.6155,,
2017,152,"Chile",FTRI02,"Skills",0.5846,,
2017,152,"Chile",FTRI03,"Research and Development",0.4814,,
2017,152,"Chile",FTRI04,"Industry activity",0.3775,,
2017,152,"Chile",FTRI05,"Access to finance",0.9367,,
2017,156,"China",FTRI00,"Overall index",0.7961,,
2017,156,"China",FTRI01,"ICT",0.5379,,
2017,156,"China",FTRI02,"Skills",0.4604,,
2017,156,"China",FTRI03,"Research and Development",1,,
2017,156,"China",FTRI04,"Industry activity",0.8266,,
2017,156,"China",FTRI05,"Access to finance",0.9657,,
2017,344,"China, Hong Kong SAR",FTRI00,"Overall index",0.8795,,
2017,344,"China, Hong Kong SAR",FTRI01,"ICT",0.9326,,
2017,344,"China, Hong Kong SAR",FTRI02,"Skills",0.697,,
2017,344,"China, Hong Kong SAR",FTRI03,"Research and Development",0.556,,
2017,344,"China, Hong Kong SAR",FTRI04,"Industry activity",0.8432,,
2017,344,"China, Hong Kong SAR",FTRI05,"Access to finance",1,,
2017,158,"China, Taiwan Province of",FTRI00,"Overall index",0.2597,,
2017,158,"China, Taiwan Province of",FTRI01,"ICT",0.2509,,
2017,158,"China, Taiwan Province of",FTRI02,"Skills",0.0872,,
2017,158,"China, Taiwan Province of",FTRI03,"Research and Development",0.3641,,
2017,158,"China, Taiwan Province of",FTRI04,"Industry activity",0.4169,,
2017,158,"China, Taiwan Province of",FTRI05,"Access to finance",0.749,,
2017,162,"Christmas Island",FTRI00,"Overall index",0.4073,,
2017,162,"Christmas Island",FTRI01,"ICT",0.5153,,
2017,162,"Christmas Island",FTRI02,"Skills",0.4246,,
2017,162,"Christmas Island",FTRI03,"Research and Development",0.267,,
2017,162,"Christmas Island",FTRI04,"Industry activity",0.2886,,
2017,162,"Christmas Island",FTRI05,"Access to finance",0.8444,,
2017,166,"Cocos (Keeling) Islands",FTRI00,"Overall index",0.4713,,
2017,166,"Cocos (Keeling) Islands",FTRI01,"ICT",0.7355,,
2017,166,"Cocos (Keeling) Islands",FTRI02,"Skills",0.3611,,
2017,166,"Cocos (Keeling) Islands",FTRI03,"Research and Development",0.3192,,
2017,166,"Cocos (Keeling) Islands",FTRI04,"Industry activity",0.2638,,
2017,166,"Cocos (Keeling) Islands",FTRI05,"Access to finance",0.9039,,
2017,170,"Colombia",FTRI00,"Overall index",0.5962,,
2017,170,"Colombia",FTRI01,"ICT",0.5948,,
2017,170,"Colombia",FTRI02,"Skills",0.6297,,
2017,170,"Colombia",FTRI03,"Research and Development",0.4671,,
2017,170,"Colombia",FTRI04,"Industry activity",0.4338,,
2017,170,"Colombia",FTRI05,"Access to finance",0.8595,,
2017,174,"Comoros",FTRI00,"Overall index",0.2441,,
2017,174,"Comoros",FTRI01,"ICT",0.2815,,
2017,174,"Comoros",FTRI02,"Skills",0.3114,,
2017,174,"Comoros",FTRI03,"Research and Development",0.0326,,
2017,174,"Comoros",FTRI04,"Industry activity",0.3697,,
2017,174,"Comoros",FTRI05,"Access to finance",0.7558,,
2017,178,"Congo",FTRI00,"Overall index",0.2051,,
2017,178,"Congo",FTRI01,"ICT",0.1184,,
2017,178,"Congo",FTRI02,"Skills",0.272,,
2017,178,"Congo",FTRI03,"Research and Development",0.1273,,
2017,178,"Congo",FTRI04,"Industry activity",0.3846,,
2017,178,"Congo",FTRI05,"Access to finance",0.7519,,
2017,184,"Cook Islands",FTRI00,"Overall index",0.0067,,
2017,184,"Cook Islands",FTRI01,"ICT",0,,
2017,184,"Cook Islands",FTRI02,"Skills",0,,
2017,184,"Cook Islands",FTRI03,"Research and Development",0.0516,,
2017,184,"Cook Islands",FTRI04,"Industry activity",0.3165,,
2017,184,"Cook Islands",FTRI05,"Access to finance",0.5435,,
2017,188,"Costa Rica",FTRI00,"Overall index",0.5298,,
2017,188,"Costa Rica",FTRI01,"ICT",0.5827,,
2017,188,"Costa Rica",FTRI02,"Skills",0.4736,,
2017,188,"Costa Rica",FTRI03,"Research and Development",0.2035,,
2017,188,"Costa Rica",FTRI04,"Industry activity",0.6731,,
2017,188,"Costa Rica",FTRI05,"Access to finance",0.8764,,
2017,384,"Cote d'Ivoire",FTRI00,"Overall index",0.2524,,
2017,384,"Cote d'Ivoire",FTRI01,"ICT",0.4761,,
2017,384,"Cote d'Ivoire",FTRI02,"Skills",0.1624,,
2017,384,"Cote d'Ivoire",FTRI03,"Research and Development",0.0915,,
2017,384,"Cote d'Ivoire",FTRI04,"Industry activity",0.3221,,
2017,384,"Cote d'Ivoire",FTRI05,"Access to finance",0.7704,,
2017,191,"Croatia",FTRI00,"Overall index",0.6444,,
2017,191,"Croatia",FTRI01,"ICT",0.8008,,
2017,191,"Croatia",FTRI02,"Skills",0.6231,,
2017,191,"Croatia",FTRI03,"Research and Development",0.2872,,
2017,191,"Croatia",FTRI04,"Industry activity",0.6064,,
2017,191,"Croatia",FTRI05,"Access to finance",0.8702,,
2017,192,"Cuba",FTRI00,"Overall index",0.6873,,
2017,192,"Cuba",FTRI01,"ICT",0.793,,
2017,192,"Cuba",FTRI02,"Skills",0.4846,,
2017,192,"Cuba",FTRI03,"Research and Development",0.4787,,
2017,192,"Cuba",FTRI04,"Industry activity",0.6783,,
2017,192,"Cuba",FTRI05,"Access to finance",0.9593,,
2017,196,"Cyprus",FTRI00,"Overall index",0.7354,,
2017,196,"Cyprus",FTRI01,"ICT",0.7858,,
2017,196,"Cyprus",FTRI02,"Skills",0.6068,,
2017,196,"Cyprus",FTRI03,"Research and Development",0.4037,,
2017,196,"Cyprus",FTRI04,"Industry activity",0.7167,,
2017,196,"Cyprus",FTRI05,"Access to finance",0.9857,,
2017,203,"Czechia",FTRI00,"Overall index",0.8017,,
2017,203,"Czechia",FTRI01,"ICT",0.8623,,
2017,203,"Czechia",FTRI02,"Skills",0.6969,,
2017,203,"Czechia",FTRI03,"Research and Development",0.5479,,
2017,203,"Czechia",FTRI04,"Industry activity",0.7512,,
2017,203,"Czechia",FTRI05,"Access to finance",0.8615,,
2017,180,"Dem. Rep. of the Congo",FTRI00,"Overall index",0.0952,,
2017,180,"Dem. Rep. of the Congo",FTRI01,"ICT",0.1471,,
2017,180,"Dem. Rep. of the Congo",FTRI02,"Skills",0.1711,,
2017,180,"Dem. Rep. of the Congo",FTRI03,"Research and Development",0.0977,,
2017,180,"Dem. Rep. of the Congo",FTRI04,"Industry activity",0.1528,,
2017,180,"Dem. Rep. of the Congo",FTRI05,"Access to finance",0.6526,,
2017,208,"Denmark",FTRI00,"Overall index",0.9232,,
2017,208,"Denmark",FTRI01,"ICT",0.9693,,
2017,208,"Denmark",FTRI02,"Skills",0.8633,,
2017,208,"Denmark",FTRI03,"Research and Development",0.6297,,
2017,208,"Denmark",FTRI04,"Industry activity",0.6993,,
2017,208,"Denmark",FTRI05,"Access to finance",0.9698,,
2017,262,"Djibouti",FTRI00,"Overall index",0.3042,,
2017,262,"Djibouti",FTRI01,"ICT",0.5187,,
2017,262,"Djibouti",FTRI02,"Skills",0.2685,,
2017,262,"Djibouti",FTRI03,"Research and Development",0,,
2017,262,"Djibouti",FTRI04,"Industry activity",0.4376,,
2017,262,"Djibouti",FTRI05,"Access to finance",0.7794,,
2017,214,"Dominican Republic",FTRI00,"Overall index",0.4382,,
2017,214,"Dominican Republic",FTRI01,"ICT",0.7255,,
2017,214,"Dominican Republic",FTRI02,"Skills",0.4321,,
2017,214,"Dominican Republic",FTRI03,"Research and Development",0.0326,,
2017,214,"Dominican Republic",FTRI04,"Industry activity",0.4876,,
2017,214,"Dominican Republic",FTRI05,"Access to finance",0.803,,
2017,218,"Ecuador",FTRI00,"Overall index",0.4094,,
2017,218,"Ecuador",FTRI01,"ICT",0.5217,,
2017,218,"Ecuador",FTRI02,"Skills",0.4283,,
2017,218,"Ecuador",FTRI03,"Research and Development",0.2671,,
2017,218,"Ecuador",FTRI04,"Industry activity",0.3381,,
2017,218,"Ecuador",FTRI05,"Access to finance",0.8243,,
2017,818,"Egypt",FTRI00,"Overall index",0.4773,,
2017,818,"Egypt",FTRI01,"ICT",0.4803,,
2017,818,"Egypt",FTRI02,"Skills",0.4695,,
2017,818,"Egypt",FTRI03,"Research and Development",0.4206,,
2017,818,"Egypt",FTRI04,"Industry activity",0.4376,,
2017,818,"Egypt",FTRI05,"Access to finance",0.8024,,
2017,222,"El Salvador",FTRI00,"Overall index",0.3724,,
2017,222,"El Salvador",FTRI01,"ICT",0.5036,,
2017,222,"El Salvador",FTRI02,"Skills",0.2806,,
2017,222,"El Salvador",FTRI03,"Research and Development",0.0977,,
2017,222,"El Salvador",FTRI04,"Industry activity",0.5343,,
2017,222,"El Salvador",FTRI05,"Access to finance",0.8705,,
2017,226,"Equatorial Guinea",FTRI00,"Overall index",0.1423,,
2017,226,"Equatorial Guinea",FTRI01,"ICT",0.2952,,
2017,226,"Equatorial Guinea",FTRI02,"Skills",0.239,,
2017,226,"Equatorial Guinea",FTRI03,"Research and Development",0,,
2017,226,"Equatorial Guinea",FTRI04,"Industry activity",0.1019,,
2017,226,"Equatorial Guinea",FTRI05,"Access to finance",0.7414,,
2017,233,"Estonia",FTRI00,"Overall index",0.7422,,
2017,233,"Estonia",FTRI01,"ICT",0.9171,,
2017,233,"Estonia",FTRI02,"Skills",0.7176,,
2017,233,"Estonia",FTRI03,"Research and Development",0.2917,,
2017,233,"Estonia",FTRI04,"Industry activity",0.6906,,
2017,233,"Estonia",FTRI05,"Access to finance",0.8831,,
2017,748,"Eswatini",FTRI00,"Overall index",0.4267,,
2017,748,"Eswatini",FTRI01,"ICT",0.4431,,
2017,748,"Eswatini",FTRI02,"Skills",0.4145,,
2017,748,"Eswatini",FTRI03,"Research and Development",0.0756,,
2017,748,"Eswatini",FTRI04,"Industry activity",0.7172,,
2017,748,"Eswatini",FTRI05,"Access to finance",0.7782,,
2017,231,"Ethiopia",FTRI00,"Overall index",0.2095,,
2017,231,"Ethiopia",FTRI01,"ICT",0.3137,,
2017,231,"Ethiopia",FTRI02,"Skills",0.1188,,
2017,231,"Ethiopia",FTRI03,"Research and Development",0.2238,,
2017,231,"Ethiopia",FTRI04,"Industry activity",0.2763,,
2017,231,"Ethiopia",FTRI05,"Access to finance",0.7626,,
2017,242,"Fiji",FTRI00,"Overall index",0.407,,
2017,242,"Fiji",FTRI01,"ICT",0.5457,,
2017,242,"Fiji",FTRI02,"Skills",0.4136,,
2017,242,"Fiji",FTRI03,"Research and Development",0.1549,,
2017,242,"Fiji",FTRI04,"Industry activity",0.3602,,
2017,242,"Fiji",FTRI05,"Access to finance",0.9108,,
2017,246,"Finland",FTRI00,"Overall index",0.9272,,
2017,246,"Finland",FTRI01,"ICT",0.9004,,
2017,246,"Finland",FTRI02,"Skills",0.8647,,
2017,246,"Finland",FTRI03,"Research and Development",0.6285,,
2017,246,"Finland",FTRI04,"Industry activity",0.7911,,
2017,246,"Finland",FTRI05,"Access to finance",0.9183,,
2017,250,"France",FTRI00,"Overall index",0.8978,,
2017,250,"France",FTRI01,"ICT",0.8385,,
2017,250,"France",FTRI02,"Skills",0.7155,,
2017,250,"France",FTRI03,"Research and Development",0.7777,,
2017,250,"France",FTRI04,"Industry activity",0.7923,,
2017,250,"France",FTRI05,"Access to finance",0.926,,
2017,266,"Gabon",FTRI00,"Overall index",0.2503,,
2017,266,"Gabon",FTRI01,"ICT",0.3806,,
2017,266,"Gabon",FTRI02,"Skills",0.3262,,
2017,266,"Gabon",FTRI03,"Research and Development",0.1033,,
2017,266,"Gabon",FTRI04,"Industry activity",0.2787,,
2017,266,"Gabon",FTRI05,"Access to finance",0.7118,,
2017,270,"Gambia",FTRI00,"Overall index",0.1599,,
2017,270,"Gambia",FTRI01,"ICT",0.3836,,
2017,270,"Gambia",FTRI02,"Skills",0.1374,,
2017,270,"Gambia",FTRI03,"Research and Development",0,,
2017,270,"Gambia",FTRI04,"Industry activity",0.3114,,
2017,270,"Gambia",FTRI05,"Access to finance",0.6627,,
2017,268,"Georgia",FTRI00,"Overall index",0.5153,,
2017,268,"Georgia",FTRI01,"ICT",0.6984,,
2017,268,"Georgia",FTRI02,"Skills",0.5564,,
2017,268,"Georgia",FTRI03,"Research and Development",0.1671,,
2017,268,"Georgia",FTRI04,"Industry activity",0.4424,,
2017,268,"Georgia",FTRI05,"Access to finance",0.8689,,
2017,276,"Germany",FTRI00,"Overall index",0.9472,,
2017,276,"Germany",FTRI01,"ICT",0.8829,,
2017,276,"Germany",FTRI02,"Skills",0.7558,,
2017,276,"Germany",FTRI03,"Research and Development",0.8299,,
2017,276,"Germany",FTRI04,"Industry activity",0.8375,,
2017,276,"Germany",FTRI05,"Access to finance",0.901,,
2017,288,"Ghana",FTRI00,"Overall index",0.3682,,
2017,288,"Ghana",FTRI01,"ICT",0.5207,,
2017,288,"Ghana",FTRI02,"Skills",0.2594,,
2017,288,"Ghana",FTRI03,"Research and Development",0.2023,,
2017,288,"Ghana",FTRI04,"Industry activity",0.4266,,
2017,288,"Ghana",FTRI05,"Access to finance",0.7537,,
2017,300,"Greece",FTRI00,"Overall index",0.6969,,
2017,300,"Greece",FTRI01,"ICT",0.7524,,
2017,300,"Greece",FTRI02,"Skills",0.7027,,
2017,300,"Greece",FTRI03,"Research and Development",0.4674,,
2017,300,"Greece",FTRI04,"Industry activity",0.5227,,
2017,300,"Greece",FTRI05,"Access to finance",0.9256,,
2017,320,"Guatemala",FTRI00,"Overall index",0.3605,,
2017,320,"Guatemala",FTRI01,"ICT",0.5603,,
2017,320,"Guatemala",FTRI02,"Skills",0.2321,,
2017,320,"Guatemala",FTRI03,"Research and Development",0.0977,,
2017,320,"Guatemala",FTRI04,"Industry activity",0.4935,,
2017,320,"Guatemala",FTRI05,"Access to finance",0.8269,,
2017,324,"Guinea",FTRI00,"Overall index",0.1607,,
2017,324,"Guinea",FTRI01,"ICT",0.2932,,
2017,324,"Guinea",FTRI02,"Skills",0.1537,,
2017,324,"Guinea",FTRI03,"Research and Development",0,,
2017,324,"Guinea",FTRI04,"Industry activity",0.2955,,
2017,324,"Guinea",FTRI05,"Access to finance",0.7004,,
2017,624,"Guinea-Bissau",FTRI00,"Overall index",0.1766,,
2017,624,"Guinea-Bissau",FTRI01,"ICT",0.3251,,
2017,624,"Guinea-Bissau",FTRI02,"Skills",0.1737,,
2017,624,"Guinea-Bissau",FTRI03,"Research and Development",0,,
2017,624,"Guinea-Bissau",FTRI04,"Industry activity",0.2584,,
2017,624,"Guinea-Bissau",FTRI05,"Access to finance",0.7239,,
2017,328,"Guyana",FTRI00,"Overall index",0.3125,,
2017,328,"Guyana",FTRI01,"ICT",0.4374,,
2017,328,"Guyana",FTRI02,"Skills",0.3644,,
2017,328,"Guyana",FTRI03,"Research and Development",0.0516,,
2017,328,"Guyana",FTRI04,"Industry activity",0.3294,,
2017,328,"Guyana",FTRI05,"Access to finance",0.8239,,
2017,332,"Haiti",FTRI00,"Overall index",0.215,,
2017,332,"Haiti",FTRI01,"ICT",0.4795,,
2017,332,"Haiti",FTRI02,"Skills",0.2236,,
2017,332,"Haiti",FTRI03,"Research and Development",0.0326,,
2017,332,"Haiti",FTRI04,"Industry activity",0.2078,,
2017,332,"Haiti",FTRI05,"Access to finance",0.7075,,
2017,340,"Honduras",FTRI00,"Overall index",0.3211,,
2017,340,"Honduras",FTRI01,"ICT",0.5358,,
2017,340,"Honduras",FTRI02,"Skills",0.2258,,
2017,340,"Honduras",FTRI03,"Research and Development",0.0977,,
2017,340,"Honduras",FTRI04,"Industry activity",0.3194,,
2017,340,"Honduras",FTRI05,"Access to finance",0.8734,,
2017,348,"Hungary",FTRI00,"Overall index",0.7626,,
2017,348,"Hungary",FTRI01,"ICT",0.8897,,
2017,348,"Hungary",FTRI02,"Skills",0.6035,,
2017,348,"Hungary",FTRI03,"Research and Development",0.5004,,
2017,348,"Hungary",FTRI04,"Industry activity",0.7748,,
2017,348,"Hungary",FTRI05,"Access to finance",0.8193,,
2017,352,"Iceland",FTRI00,"Overall index",0.7115,,
2017,352,"Iceland",FTRI01,"ICT",0.8455,,
2017,352,"Iceland",FTRI02,"Skills",0.8898,,
2017,352,"Iceland",FTRI03,"Research and Development",0.2598,,
2017,352,"Iceland",FTRI04,"Industry activity",0.4293,,
2017,352,"Iceland",FTRI05,"Access to finance",0.9115,,
2017,356,"India",FTRI00,"Overall index",0.6133,,
2017,356,"India",FTRI01,"ICT",0.3862,,
2017,356,"India",FTRI02,"Skills",0.335,,
2017,356,"India",FTRI03,"Research and Development",0.7684,,
2017,356,"India",FTRI04,"Industry activity",0.7508,,
2017,356,"India",FTRI05,"Access to finance",0.8575,,
2017,360,"Indonesia",FTRI00,"Overall index",0.5098,,
2017,360,"Indonesia",FTRI01,"ICT",0.5827,,
2017,360,"Indonesia",FTRI02,"Skills",0.3484,,
2017,360,"Indonesia",FTRI03,"Research and Development",0.4034,,
2017,360,"Indonesia",FTRI04,"Industry activity",0.5812,,
2017,360,"Indonesia",FTRI05,"Access to finance",0.8359,,
2017,364,"Iran (Islamic Republic of)",FTRI00,"Overall index",0.4956,,
2017,364,"Iran (Islamic Republic of)",FTRI01,"ICT",0.5662,,
2017,364,"Iran (Islamic Republic of)",FTRI02,"Skills",0.4483,,
2017,364,"Iran (Islamic Republic of)",FTRI03,"Research and Development",0.479,,
2017,364,"Iran (Islamic Republic of)",FTRI04,"Industry activity",0.3003,,
2017,364,"Iran (Islamic Republic of)",FTRI05,"Access to finance",0.8774,,
2017,368,"Iraq",FTRI00,"Overall index",0.3184,,
2017,368,"Iraq",FTRI01,"ICT",0.5254,,
2017,368,"Iraq",FTRI02,"Skills",0.3724,,
2017,368,"Iraq",FTRI03,"Research and Development",0.3031,,
2017,368,"Iraq",FTRI04,"Industry activity",0.0557,,
2017,368,"Iraq",FTRI05,"Access to finance",0.7048,,
2017,372,"Ireland",FTRI00,"Overall index",0.9141,,
2017,372,"Ireland",FTRI01,"ICT",0.8497,,
2017,372,"Ireland",FTRI02,"Skills",0.8225,,
2017,372,"Ireland",FTRI03,"Research and Development",0.5659,,
2017,372,"Ireland",FTRI04,"Industry activity",1,,
2017,372,"Ireland",FTRI05,"Access to finance",0.8479,,
2017,376,"Israel",FTRI00,"Overall index",0.8675,,
2017,376,"Israel",FTRI01,"ICT",0.7729,,
2017,376,"Israel",FTRI02,"Skills",0.7404,,
2017,376,"Israel",FTRI03,"Research and Development",0.6131,,
2017,376,"Israel",FTRI04,"Industry activity",0.9181,,
2017,376,"Israel",FTRI05,"Access to finance",0.8839,,
2017,380,"Italy",FTRI00,"Overall index",0.8111,,
2017,380,"Italy",FTRI01,"ICT",0.7731,,
2017,380,"Italy",FTRI02,"Skills",0.6499,,
2017,380,"Italy",FTRI03,"Research and Development",0.7211,,
2017,380,"Italy",FTRI04,"Industry activity",0.7076,,
2017,380,"Italy",FTRI05,"Access to finance",0.9048,,
2017,388,"Jamaica",FTRI00,"Overall index",0.4177,,
2017,388,"Jamaica",FTRI01,"ICT",0.6978,,
2017,388,"Jamaica",FTRI02,"Skills",0.4065,,
2017,388,"Jamaica",FTRI03,"Research and Development",0.1303,,
2017,388,"Jamaica",FTRI04,"Industry activity",0.292,,
2017,388,"Jamaica",FTRI05,"Access to finance",0.8407,,
2017,392,"Japan",FTRI00,"Overall index",0.8652,,
2017,392,"Japan",FTRI01,"ICT",0.9255,,
2017,392,"Japan",FTRI02,"Skills",0.4976,,
2017,392,"Japan",FTRI03,"Research and Development",0.7877,,
2017,392,"Japan",FTRI04,"Industry activity",0.7995,,
2017,392,"Japan",FTRI05,"Access to finance",0.9731,,
2017,400,"Jordan",FTRI00,"Overall index",0.5185,,
2017,400,"Jordan",FTRI01,"ICT",0.6377,,
2017,400,"Jordan",FTRI02,"Skills",0.4109,,
2017,400,"Jordan",FTRI03,"Research and Development",0.3251,,
2017,400,"Jordan",FTRI04,"Industry activity",0.5302,,
2017,400,"Jordan",FTRI05,"Access to finance",0.8972,,
2017,398,"Kazakhstan",FTRI00,"Overall index",0.5565,,
2017,398,"Kazakhstan",FTRI01,"ICT",0.6981,,
2017,398,"Kazakhstan",FTRI02,"Skills",0.5601,,
2017,398,"Kazakhstan",FTRI03,"Research and Development",0.3248,,
2017,398,"Kazakhstan",FTRI04,"Industry activity",0.4787,,
2017,398,"Kazakhstan",FTRI05,"Access to finance",0.8094,,
2017,404,"Kenya",FTRI00,"Overall index",0.3859,,
2017,404,"Kenya",FTRI01,"ICT",0.541,,
2017,404,"Kenya",FTRI02,"Skills",0.2528,,
2017,404,"Kenya",FTRI03,"Research and Development",0.223,,
2017,404,"Kenya",FTRI04,"Industry activity",0.448,,
2017,404,"Kenya",FTRI05,"Access to finance",0.8213,,
2017,414,"Kuwait",FTRI00,"Overall index",0.5394,,
2017,414,"Kuwait",FTRI01,"ICT",0.6751,,
2017,414,"Kuwait",FTRI02,"Skills",0.4945,,
2017,414,"Kuwait",FTRI03,"Research and Development",0.2016,,
2017,414,"Kuwait",FTRI04,"Industry activity",0.4889,,
2017,414,"Kuwait",FTRI05,"Access to finance",0.9235,,
2017,417,"Kyrgyzstan",FTRI00,"Overall index",0.335,,
2017,417,"Kyrgyzstan",FTRI01,"ICT",0.4769,,
2017,417,"Kyrgyzstan",FTRI02,"Skills",0.3656,,
2017,417,"Kyrgyzstan",FTRI03,"Research and Development",0.0977,,
2017,417,"Kyrgyzstan",FTRI04,"Industry activity",0.3866,,
2017,417,"Kyrgyzstan",FTRI05,"Access to finance",0.7804,,
2017,418,"Lao People's Dem. Rep.",FTRI00,"Overall index",0.3176,,
2017,418,"Lao People's Dem. Rep.",FTRI01,"ICT",0.4361,,
2017,418,"Lao People's Dem. Rep.",FTRI02,"Skills",0.2641,,
2017,418,"Lao People's Dem. Rep.",FTRI03,"Research and Development",0.0915,,
2017,418,"Lao People's Dem. Rep.",FTRI04,"Industry activity",0.529,,
2017,418,"Lao People's Dem. Rep.",FTRI05,"Access to finance",0.7782,,
2017,428,"Latvia",FTRI00,"Overall index",0.7481,,
2017,428,"Latvia",FTRI01,"ICT",0.9263,,
2017,428,"Latvia",FTRI02,"Skills",0.7065,,
2017,428,"Latvia",FTRI03,"Research and Development",0.3603,,
2017,428,"Latvia",FTRI04,"Industry activity",0.669,,
2017,428,"Latvia",FTRI05,"Access to finance",0.8438,,
2017,422,"Lebanon",FTRI00,"Overall index",0.5321,,
2017,422,"Lebanon",FTRI01,"ICT",0.5585,,
2017,422,"Lebanon",FTRI02,"Skills",0.4487,,
2017,422,"Lebanon",FTRI03,"Research and Development",0.3277,,
2017,422,"Lebanon",FTRI04,"Industry activity",0.5379,,
2017,422,"Lebanon",FTRI05,"Access to finance",0.9307,,
2017,426,"Lesotho",FTRI00,"Overall index",0.3342,,
2017,426,"Lesotho",FTRI01,"ICT",0.653,,
2017,426,"Lesotho",FTRI02,"Skills",0.2578,,
2017,426,"Lesotho",FTRI03,"Research and Development",0.0516,,
2017,426,"Lesotho",FTRI04,"Industry activity",0.362,,
2017,426,"Lesotho",FTRI05,"Access to finance",0.774,,
2017,430,"Liberia",FTRI00,"Overall index",0.1986,,
2017,430,"Liberia",FTRI01,"ICT",0.3709,,
2017,430,"Liberia",FTRI02,"Skills",0.2215,,
2017,430,"Liberia",FTRI03,"Research and Development",0,,
2017,430,"Liberia",FTRI04,"Industry activity",0.241,,
2017,430,"Liberia",FTRI05,"Access to finance",0.7574,,
2017,434,"Libya",FTRI00,"Overall index",0.3221,,
2017,434,"Libya",FTRI01,"ICT",0.2909,,
2017,434,"Libya",FTRI02,"Skills",0.506,,
2017,434,"Libya",FTRI03,"Research and Development",0.1168,,
2017,434,"Libya",FTRI04,"Industry activity",0.2668,,
2017,434,"Libya",FTRI05,"Access to finance",0.7458,,
2017,440,"Lithuania",FTRI00,"Overall index",0.7252,,
2017,440,"Lithuania",FTRI01,"ICT",0.9004,,
2017,440,"Lithuania",FTRI02,"Skills",0.7294,,
2017,440,"Lithuania",FTRI03,"Research and Development",0.3754,,
2017,440,"Lithuania",FTRI04,"Industry activity",0.5802,,
2017,440,"Lithuania",FTRI05,"Access to finance",0.8412,,
2017,442,"Luxembourg",FTRI00,"Overall index",0.8742,,
2017,442,"Luxembourg",FTRI01,"ICT",0.8859,,
2017,442,"Luxembourg",FTRI02,"Skills",0.7734,,
2017,442,"Luxembourg",FTRI03,"Research and Development",0.4768,,
2017,442,"Luxembourg",FTRI04,"Industry activity",0.8268,,
2017,442,"Luxembourg",FTRI05,"Access to finance",0.9252,,
2017,450,"Madagascar",FTRI00,"Overall index",0.1794,,
2017,450,"Madagascar",FTRI01,"ICT",0.269,,
2017,450,"Madagascar",FTRI02,"Skills",0.1534,,
2017,450,"Madagascar",FTRI03,"Research and Development",0.1168,,
2017,450,"Madagascar",FTRI04,"Industry activity",0.2703,,
2017,450,"Madagascar",FTRI05,"Access to finance",0.7315,,
2017,454,"Malawi",FTRI00,"Overall index",0.1898,,
2017,454,"Malawi",FTRI01,"ICT",0.139,,
2017,454,"Malawi",FTRI02,"Skills",0.1984,,
2017,454,"Malawi",FTRI03,"Research and Development",0.1303,,
2017,454,"Malawi",FTRI04,"Industry activity",0.3872,,
2017,454,"Malawi",FTRI05,"Access to finance",0.6819,,
2017,458,"Malaysia",FTRI00,"Overall index",0.7121,,
2017,458,"Malaysia",FTRI01,"ICT",0.7619,,
2017,458,"Malaysia",FTRI02,"Skills",0.4786,,
2017,458,"Malaysia",FTRI03,"Research and Development",0.5441,,
2017,458,"Malaysia",FTRI04,"Industry activity",0.7683,,
2017,458,"Malaysia",FTRI05,"Access to finance",0.9396,,
2017,462,"Maldives",FTRI00,"Overall index",0.3756,,
2017,462,"Maldives",FTRI01,"ICT",0.5728,,
2017,462,"Maldives",FTRI02,"Skills",0.5081,,
2017,462,"Maldives",FTRI03,"Research and Development",0.0915,,
2017,462,"Maldives",FTRI04,"Industry activity",0.1994,,
2017,462,"Maldives",FTRI05,"Access to finance",0.8157,,
2017,466,"Mali",FTRI00,"Overall index",0.225,,
2017,466,"Mali",FTRI01,"ICT",0.295,,
2017,466,"Mali",FTRI02,"Skills",0.0341,,
2017,466,"Mali",FTRI03,"Research and Development",0.0915,,
2017,466,"Mali",FTRI04,"Industry activity",0.5517,,
2017,466,"Mali",FTRI05,"Access to finance",0.7984,,
2017,470,"Malta",FTRI00,"Overall index",0.7603,,
2017,470,"Malta",FTRI01,"ICT",0.8093,,
2017,470,"Malta",FTRI02,"Skills",0.6763,,
2017,470,"Malta",FTRI03,"Research and Development",0.3142,,
2017,470,"Malta",FTRI04,"Industry activity",0.86,,
2017,470,"Malta",FTRI05,"Access to finance",0.8971,,
2017,478,"Mauritania",FTRI00,"Overall index",0.1966,,
2017,478,"Mauritania",FTRI01,"ICT",0.4022,,
2017,478,"Mauritania",FTRI02,"Skills",0.1466,,
2017,478,"Mauritania",FTRI03,"Research and Development",0.0326,,
2017,478,"Mauritania",FTRI04,"Industry activity",0.224,,
2017,478,"Mauritania",FTRI05,"Access to finance",0.7789,,
2017,480,"Mauritius",FTRI00,"Overall index",0.4996,,
2017,480,"Mauritius",FTRI01,"ICT",0.5399,,
2017,480,"Mauritius",FTRI02,"Skills",0.5097,,
2017,480,"Mauritius",FTRI03,"Research and Development",0.2066,,
2017,480,"Mauritius",FTRI04,"Industry activity",0.4978,,
2017,480,"Mauritius",FTRI05,"Access to finance",0.9238,,
2017,175,"Mayotte",FTRI00,"Overall index",0.6061,,
2017,175,"Mayotte",FTRI01,"ICT",0.7038,,
2017,175,"Mayotte",FTRI02,"Skills",0.6031,,
2017,175,"Mayotte",FTRI03,"Research and Development",0.5358,,
2017,175,"Mayotte",FTRI04,"Industry activity",0.3075,,
2017,175,"Mayotte",FTRI05,"Access to finance",0.8635,,
2017,484,"Mexico",FTRI00,"Overall index",0.6561,,
2017,484,"Mexico",FTRI01,"ICT",0.7067,,
2017,484,"Mexico",FTRI02,"Skills",0.4637,,
2017,484,"Mexico",FTRI03,"Research and Development",0.5631,,
2017,484,"Mexico",FTRI04,"Industry activity",0.7074,,
2017,484,"Mexico",FTRI05,"Access to finance",0.8247,,
2017,496,"Mongolia",FTRI00,"Overall index",0.3539,,
2017,496,"Mongolia",FTRI01,"ICT",0.403,,
2017,496,"Mongolia",FTRI02,"Skills",0.4992,,
2017,496,"Mongolia",FTRI03,"Research and Development",0.1358,,
2017,496,"Mongolia",FTRI04,"Industry activity",0.2118,,
2017,496,"Mongolia",FTRI05,"Access to finance",0.865,,
2017,499,"Montenegro",FTRI00,"Overall index",0.5264,,
2017,499,"Montenegro",FTRI01,"ICT",0.7278,,
2017,499,"Montenegro",FTRI02,"Skills",0.6198,,
2017,499,"Montenegro",FTRI03,"Research and Development",0.1408,,
2017,499,"Montenegro",FTRI04,"Industry activity",0.3801,,
2017,499,"Montenegro",FTRI05,"Access to finance",0.8578,,
2017,504,"Morocco",FTRI00,"Overall index",0.52,,
2017,504,"Morocco",FTRI01,"ICT",0.6724,,
2017,504,"Morocco",FTRI02,"Skills",0.2905,,
2017,504,"Morocco",FTRI03,"Research and Development",0.4236,,
2017,504,"Morocco",FTRI04,"Industry activity",0.5215,,
2017,504,"Morocco",FTRI05,"Access to finance",0.9041,,
2017,508,"Mozambique",FTRI00,"Overall index",0.1638,,
2017,508,"Mozambique",FTRI01,"ICT",0.2064,,
2017,508,"Mozambique",FTRI02,"Skills",0.1638,,
2017,508,"Mozambique",FTRI03,"Research and Development",0.124,,
2017,508,"Mozambique",FTRI04,"Industry activity",0.2183,,
2017,508,"Mozambique",FTRI05,"Access to finance",0.7929,,
2017,104,"Myanmar",FTRI00,"Overall index",0.2934,,
2017,104,"Myanmar",FTRI01,"ICT",0.4314,,
2017,104,"Myanmar",FTRI02,"Skills",0.2,,
2017,104,"Myanmar",FTRI03,"Research and Development",0.1494,,
2017,104,"Myanmar",FTRI04,"Industry activity",0.4138,,
2017,104,"Myanmar",FTRI05,"Access to finance",0.793,,
2017,516,"Namibia",FTRI00,"Overall index",0.3852,,
2017,516,"Namibia",FTRI01,"ICT",0.49,,
2017,516,"Namibia",FTRI02,"Skills",0.3382,,
2017,516,"Namibia",FTRI03,"Research and Development",0.1384,,
2017,516,"Namibia",FTRI04,"Industry activity",0.4698,,
2017,516,"Namibia",FTRI05,"Access to finance",0.8845,,
2017,524,"Nepal",FTRI00,"Overall index",0.3199,,
2017,524,"Nepal",FTRI01,"ICT",0.3526,,
2017,524,"Nepal",FTRI02,"Skills",0.321,,
2017,524,"Nepal",FTRI03,"Research and Development",0.1908,,
2017,524,"Nepal",FTRI04,"Industry activity",0.2712,,
2017,524,"Nepal",FTRI05,"Access to finance",0.8902,,
2017,528,"Netherlands (Kingdom of the)",FTRI00,"Overall index",0.9749,,
2017,528,"Netherlands (Kingdom of the)",FTRI01,"ICT",0.9624,,
2017,528,"Netherlands (Kingdom of the)",FTRI02,"Skills",0.8311,,
2017,528,"Netherlands (Kingdom of the)",FTRI03,"Research and Development",0.701,,
2017,528,"Netherlands (Kingdom of the)",FTRI04,"Industry activity",0.8559,,
2017,528,"Netherlands (Kingdom of the)",FTRI05,"Access to finance",0.9346,,
2017,554,"New Zealand",FTRI00,"Overall index",0.8086,,
2017,554,"New Zealand",FTRI01,"ICT",0.8774,,
2017,554,"New Zealand",FTRI02,"Skills",0.8179,,
2017,554,"New Zealand",FTRI03,"Research and Development",0.5314,,
2017,554,"New Zealand",FTRI04,"Industry activity",0.5115,,
2017,554,"New Zealand",FTRI05,"Access to finance",0.9647,,
2017,558,"Nicaragua",FTRI00,"Overall index",0.2729,,
2017,558,"Nicaragua",FTRI01,"ICT",0.4076,,
2017,558,"Nicaragua",FTRI02,"Skills",0.3062,,
2017,558,"Nicaragua",FTRI03,"Research and Development",0.0756,,
2017,558,"Nicaragua",FTRI04,"Industry activity",0.236,,
2017,558,"Nicaragua",FTRI05,"Access to finance",0.8451,,
2017,562,"Niger",FTRI00,"Overall index",0.2415,,
2017,562,"Niger",FTRI01,"ICT",0.1909,,
2017,562,"Niger",FTRI02,"Skills",0.0946,,
2017,562,"Niger",FTRI03,"Research and Development",0.0756,,
2017,562,"Niger",FTRI04,"Industry activity",0.751,,
2017,562,"Niger",FTRI05,"Access to finance",0.7215,,
2017,566,"Nigeria",FTRI00,"Overall index",0.3296,,
2017,566,"Nigeria",FTRI01,"ICT",0.4913,,
2017,566,"Nigeria",FTRI02,"Skills",0.3509,,
2017,566,"Nigeria",FTRI03,"Research and Development",0.2727,,
2017,566,"Nigeria",FTRI04,"Industry activity",0.1686,,
2017,566,"Nigeria",FTRI05,"Access to finance",0.7326,,
2017,807,"North Macedonia",FTRI00,"Overall index",0.5413,,
2017,807,"North Macedonia",FTRI01,"ICT",0.7599,,
2017,807,"North Macedonia",FTRI02,"Skills",0.4787,,
2017,807,"North Macedonia",FTRI03,"Research and Development",0.1955,,
2017,807,"North Macedonia",FTRI04,"Industry activity",0.5193,,
2017,807,"North Macedonia",FTRI05,"Access to finance",0.8596,,
2017,578,"Norway",FTRI00,"Overall index",0.8808,,
2017,578,"Norway",FTRI01,"ICT",0.9527,,
2017,578,"Norway",FTRI02,"Skills",0.8626,,
2017,578,"Norway",FTRI03,"Research and Development",0.5579,,
2017,578,"Norway",FTRI04,"Industry activity",0.6041,,
2017,578,"Norway",FTRI05,"Access to finance",0.9597,,
2017,512,"Oman",FTRI00,"Overall index",0.4767,,
2017,512,"Oman",FTRI01,"ICT",0.6597,,
2017,512,"Oman",FTRI02,"Skills",0.4488,,
2017,512,"Oman",FTRI03,"Research and Development",0.2192,,
2017,512,"Oman",FTRI04,"Industry activity",0.4104,,
2017,512,"Oman",FTRI05,"Access to finance",0.8858,,
2017,586,"Pakistan",FTRI00,"Overall index",0.2597,,
2017,586,"Pakistan",FTRI01,"ICT",0.2509,,
2017,586,"Pakistan",FTRI02,"Skills",0.0872,,
2017,586,"Pakistan",FTRI03,"Research and Development",0.3641,,
2017,586,"Pakistan",FTRI04,"Industry activity",0.4169,,
2017,586,"Pakistan",FTRI05,"Access to finance",0.749,,
2017,591,"Panama",FTRI00,"Overall index",0.5395,,
2017,591,"Panama",FTRI01,"ICT",0.5974,,
2017,591,"Panama",FTRI02,"Skills",0.4463,,
2017,591,"Panama",FTRI03,"Research and Development",0.2898,,
2017,591,"Panama",FTRI04,"Industry activity",0.6244,,
2017,591,"Panama",FTRI05,"Access to finance",0.912,,
2017,598,"Papua New Guinea",FTRI00,"Overall index",0.196,,
2017,598,"Papua New Guinea",FTRI01,"ICT",0.2456,,
2017,598,"Papua New Guinea",FTRI02,"Skills",0.2122,,
2017,598,"Papua New Guinea",FTRI03,"Research and Development",0.124,,
2017,598,"Papua New Guinea",FTRI04,"Industry activity",0.2457,,
2017,598,"Papua New Guinea",FTRI05,"Access to finance",0.7709,,
2017,600,"Paraguay",FTRI00,"Overall index",0.3384,,
2017,600,"Paraguay",FTRI01,"ICT",0.4786,,
2017,600,"Paraguay",FTRI02,"Skills",0.4026,,
2017,600,"Paraguay",FTRI03,"Research and Development",0.1358,,
2017,600,"Paraguay",FTRI04,"Industry activity",0.2651,,
2017,600,"Paraguay",FTRI05,"Access to finance",0.8416,,
2017,604,"Peru",FTRI00,"Overall index",0.4073,,
2017,604,"Peru",FTRI01,"ICT",0.5153,,
2017,604,"Peru",FTRI02,"Skills",0.4246,,
2017,604,"Peru",FTRI03,"Research and Development",0.267,,
2017,604,"Peru",FTRI04,"Industry activity",0.2886,,
2017,604,"Peru",FTRI05,"Access to finance",0.8444,,
2017,608,"Philippines",FTRI00,"Overall index",0.6134,,
2017,608,"Philippines",FTRI01,"ICT",0.5877,,
2017,608,"Philippines",FTRI02,"Skills",0.4294,,
2017,608,"Philippines",FTRI03,"Research and Development",0.4173,,
2017,608,"Philippines",FTRI04,"Industry activity",0.846,,
2017,608,"Philippines",FTRI05,"Access to finance",0.8512,,
2017,616,"Poland",FTRI00,"Overall index",0.7944,,
2017,616,"Poland",FTRI01,"ICT",0.84,,
2017,616,"Poland",FTRI02,"Skills",0.6731,,
2017,616,"Poland",FTRI03,"Research and Development",0.6205,,
2017,616,"Poland",FTRI04,"Industry activity",0.6886,,
2017,616,"Poland",FTRI05,"Access to finance",0.8647,,
2017,620,"Portugal",FTRI00,"Overall index",0.7639,,
2017,620,"Portugal",FTRI01,"ICT",0.8762,,
2017,620,"Portugal",FTRI02,"Skills",0.6639,,
2017,620,"Portugal",FTRI03,"Research and Development",0.5411,,
2017,620,"Portugal",FTRI04,"Industry activity",0.5798,,
2017,620,"Portugal",FTRI05,"Access to finance",0.9272,,
2017,634,"Qatar",FTRI00,"Overall index",0.4713,,
2017,634,"Qatar",FTRI01,"ICT",0.7355,,
2017,634,"Qatar",FTRI02,"Skills",0.3611,,
2017,634,"Qatar",FTRI03,"Research and Development",0.3192,,
2017,634,"Qatar",FTRI04,"Industry activity",0.2638,,
2017,634,"Qatar",FTRI05,"Access to finance",0.9039,,
2017,410,"Republic of Korea",FTRI00,"Overall index",0.9358,,
2017,410,"Republic of Korea",FTRI01,"ICT",0.9243,,
2017,410,"Republic of Korea",FTRI02,"Skills",0.6891,,
2017,410,"Republic of Korea",FTRI03,"Research and Development",0.828,,
2017,410,"Republic of Korea",FTRI04,"Industry activity",0.8109,,
2017,410,"Republic of Korea",FTRI05,"Access to finance",0.9539,,
2017,498,"Republic of Moldova",FTRI00,"Overall index",0.5325,,
2017,498,"Republic of Moldova",FTRI01,"ICT",0.7344,,
2017,498,"Republic of Moldova",FTRI02,"Skills",0.4109,,
2017,498,"Republic of Moldova",FTRI03,"Research and Development",0.3423,,
2017,498,"Republic of Moldova",FTRI04,"Industry activity",0.503,,
2017,498,"Republic of Moldova",FTRI05,"Access to finance",0.7877,,
2017,642,"Romania",FTRI00,"Overall index",0.6925,,
2017,642,"Romania",FTRI01,"ICT",0.8498,,
2017,642,"Romania",FTRI02,"Skills",0.4787,,
2017,642,"Romania",FTRI03,"Research and Development",0.5483,,
2017,642,"Romania",FTRI04,"Industry activity",0.6661,,
2017,642,"Romania",FTRI05,"Access to finance",0.801,,
2017,643,"Russian Federation",FTRI00,"Overall index",0.7804,,
2017,643,"Russian Federation",FTRI01,"ICT",0.8128,,
2017,643,"Russian Federation",FTRI02,"Skills",0.6825,,
2017,643,"Russian Federation",FTRI03,"Research and Development",0.6813,,
2017,643,"Russian Federation",FTRI04,"Industry activity",0.5641,,
2017,643,"Russian Federation",FTRI05,"Access to finance",0.8636,,
2017,646,"Rwanda",FTRI00,"Overall index",0.2329,,
2017,646,"Rwanda",FTRI01,"ICT",0.3794,,
2017,646,"Rwanda",FTRI02,"Skills",0.2024,,
2017,646,"Rwanda",FTRI03,"Research and Development",0.1332,,
2017,646,"Rwanda",FTRI04,"Industry activity",0.263,,
2017,646,"Rwanda",FTRI05,"Access to finance",0.7768,,
2017,662,"Saint Lucia",FTRI00,"Overall index",0.4095,,
2017,662,"Saint Lucia",FTRI01,"ICT",0.5981,,
2017,662,"Saint Lucia",FTRI02,"Skills",0.4653,,
2017,662,"Saint Lucia",FTRI03,"Research and Development",0.0326,,
2017,662,"Saint Lucia",FTRI04,"Industry activity",0.4049,,
2017,662,"Saint Lucia",FTRI05,"Access to finance",0.8751,,
2017,670,"Saint Vincent and the Grenadines",FTRI00,"Overall index",0.375,,
2017,670,"Saint Vincent and the Grenadines",FTRI01,"ICT",0.5922,,
2017,670,"Saint Vincent and the Grenadines",FTRI02,"Skills",0.5505,,
2017,670,"Saint Vincent and the Grenadines",FTRI03,"Research and Development",0.0326,,
2017,670,"Saint Vincent and the Grenadines",FTRI04,"Industry activity",0.1312,,
2017,670,"Saint Vincent and the Grenadines",FTRI05,"Access to finance",0.8535,,
2017,882,"Samoa",FTRI00,"Overall index",0.3625,,
2017,882,"Samoa",FTRI01,"ICT",0.4638,,
2017,882,"Samoa",FTRI02,"Skills",0.3923,,
2017,882,"Samoa",FTRI03,"Research and Development",0.0598,,
2017,882,"Samoa",FTRI04,"Industry activity",0.5193,,
2017,882,"Samoa",FTRI05,"Access to finance",0.7509,,
2017,678,"Sao Tome and Principe",FTRI00,"Overall index",0.2506,,
2017,678,"Sao Tome and Principe",FTRI01,"ICT",0.4181,,
2017,678,"Sao Tome and Principe",FTRI02,"Skills",0.3286,,
2017,678,"Sao Tome and Principe",FTRI03,"Research and Development",0,,
2017,678,"Sao Tome and Principe",FTRI04,"Industry activity",0.2393,,
2017,678,"Sao Tome and Principe",FTRI05,"Access to finance",0.8102,,
2017,682,"Saudi Arabia",FTRI00,"Overall index",0.6061,,
2017,682,"Saudi Arabia",FTRI01,"ICT",0.7038,,
2017,682,"Saudi Arabia",FTRI02,"Skills",0.6031,,
2017,682,"Saudi Arabia",FTRI03,"Research and Development",0.5358,,
2017,682,"Saudi Arabia",FTRI04,"Industry activity",0.3075,,
2017,682,"Saudi Arabia",FTRI05,"Access to finance",0.8635,,
2017,686,"Senegal",FTRI00,"Overall index",0.2761,,
2017,686,"Senegal",FTRI01,"ICT",0.4062,,
2017,686,"Senegal",FTRI02,"Skills",0.1313,,
2017,686,"Senegal",FTRI03,"Research and Development",0.1778,,
2017,686,"Senegal",FTRI04,"Industry activity",0.3893,,
2017,686,"Senegal",FTRI05,"Access to finance",0.8109,,
2017,688,"Serbia",FTRI00,"Overall index",0.6572,,
2017,688,"Serbia",FTRI01,"ICT",0.8059,,
2017,688,"Serbia",FTRI02,"Skills",0.5319,,
2017,688,"Serbia",FTRI03,"Research and Development",0.3719,,
2017,688,"Serbia",FTRI04,"Industry activity",0.6662,,
2017,688,"Serbia",FTRI05,"Access to finance",0.8396,,
2017,694,"Sierra Leone",FTRI00,"Overall index",0,,
2017,694,"Sierra Leone",FTRI01,"ICT",0.306,,
2017,694,"Sierra Leone",FTRI02,"Skills",0.1213,,
2017,694,"Sierra Leone",FTRI03,"Research and Development",0,,
2017,694,"Sierra Leone",FTRI04,"Industry activity",0.4282,,
2017,694,"Sierra Leone",FTRI05,"Access to finance",0,,
2017,702,"Singapore",FTRI00,"Overall index",0.9618,,
2017,702,"Singapore",FTRI01,"ICT",1,,
2017,702,"Singapore",FTRI02,"Skills",0.849,,
2017,702,"Singapore",FTRI03,"Research and Development",0.5753,,
2017,702,"Singapore",FTRI04,"Industry activity",0.881,,
2017,702,"Singapore",FTRI05,"Access to finance",0.9426,,
2017,703,"Slovakia",FTRI00,"Overall index",0.7298,,
2017,703,"Slovakia",FTRI01,"ICT",0.8776,,
2017,703,"Slovakia",FTRI02,"Skills",0.5616,,
2017,703,"Slovakia",FTRI03,"Research and Development",0.4353,,
2017,703,"Slovakia",FTRI04,"Industry activity",0.7398,,
2017,703,"Slovakia",FTRI05,"Access to finance",0.877,,
2017,705,"Slovenia",FTRI00,"Overall index",0.7743,,
2017,705,"Slovenia",FTRI01,"ICT",0.8691,,
2017,705,"Slovenia",FTRI02,"Skills",0.7661,,
2017,705,"Slovenia",FTRI03,"Research and Development",0.4224,,
2017,705,"Slovenia",FTRI04,"Industry activity",0.7036,,
2017,705,"Slovenia",FTRI05,"Access to finance",0.8501,,
2017,090,"Solomon Islands",FTRI00,"Overall index",0.2617,,
2017,090,"Solomon Islands",FTRI01,"ICT",0.4583,,
2017,090,"Solomon Islands",FTRI02,"Skills",0.2628,,
2017,090,"Solomon Islands",FTRI03,"Research and Development",0,,
2017,090,"Solomon Islands",FTRI04,"Industry activity",0.281,,
2017,090,"Solomon Islands",FTRI05,"Access to finance",0.8216,,
2017,710,"South Africa",FTRI00,"Overall index",0.6287,,
2017,710,"South Africa",FTRI01,"ICT",0.656,,
2017,710,"South Africa",FTRI02,"Skills",0.481,,
2017,710,"South Africa",FTRI03,"Research and Development",0.5043,,
2017,710,"South Africa",FTRI04,"Industry activity",0.55,,
2017,710,"South Africa",FTRI05,"Access to finance",0.9471,,
2017,728,"South Sudan",FTRI00,"Overall index",0.0067,,
2017,728,"South Sudan",FTRI01,"ICT",0,,
2017,728,"South Sudan",FTRI02,"Skills",0,,
2017,728,"South Sudan",FTRI03,"Research and Development",0.0516,,
2017,728,"South Sudan",FTRI04,"Industry activity",0.3165,,
2017,728,"South Sudan",FTRI05,"Access to finance",0.5435,,
2017,724,"Spain",FTRI00,"Overall index",0.8336,,
2017,724,"Spain",FTRI01,"ICT",0.8879,,
2017,724,"Spain",FTRI02,"Skills",0.6824,,
2017,724,"Spain",FTRI03,"Research and Development",0.6973,,
2017,724,"Spain",FTRI04,"Industry activity",0.6375,,
2017,724,"Spain",FTRI05,"Access to finance",0.9301,,
2017,144,"Sri Lanka",FTRI00,"Overall index",0.4245,,
2017,144,"Sri Lanka",FTRI01,"ICT",0.5074,,
2017,144,"Sri Lanka",FTRI02,"Skills",0.4059,,
2017,144,"Sri Lanka",FTRI03,"Research and Development",0.2319,,
2017,144,"Sri Lanka",FTRI04,"Industry activity",0.426,,
2017,144,"Sri Lanka",FTRI05,"Access to finance",0.8476,,
2017,729,"Sudan",FTRI00,"Overall index",0.1334,,
2017,729,"Sudan",FTRI01,"ICT",0.3216,,
2017,729,"Sudan",FTRI02,"Skills",0.1538,,
2017,729,"Sudan",FTRI03,"Research and Development",0.1734,,
2017,729,"Sudan",FTRI04,"Industry activity",0,,
2017,729,"Sudan",FTRI05,"Access to finance",0.6927,,
2017,736,"Sudan (...2011)",FTRI00,"Overall index",,,"Not applicable"
2017,736,"Sudan (...2011)",FTRI01,"ICT",,,"Not applicable"
2017,736,"Sudan (...2011)",FTRI02,"Skills",,,"Not applicable"
2017,736,"Sudan (...2011)",FTRI03,"Research and Development",,,"Not applicable"
2017,736,"Sudan (...2011)",FTRI04,"Industry activity",,,"Not applicable"
2017,736,"Sudan (...2011)",FTRI05,"Access to finance",,,"Not applicable"
2017,740,"Suriname",FTRI00,"Overall index",0.3209,,
2017,740,"Suriname",FTRI01,"ICT",0.4972,,
2017,740,"Suriname",FTRI02,"Skills",0.4061,,
2017,740,"Suriname",FTRI03,"Research and Development",0,,
2017,740,"Suriname",FTRI04,"Industry activity",0.2968,,
2017,740,"Suriname",FTRI05,"Access to finance",0.8065,,
2017,752,"Sweden",FTRI00,"Overall index",0.983,,
2017,752,"Sweden",FTRI01,"ICT",0.9817,,
2017,752,"Sweden",FTRI02,"Skills",0.8775,,
2017,752,"Sweden",FTRI03,"Research and Development",0.674,,
2017,752,"Sweden",FTRI04,"Industry activity",0.8152,,
2017,752,"Sweden",FTRI05,"Access to finance",0.9502,,
2017,756,"Switzerland",FTRI00,"Overall index",0.9581,,
2017,756,"Switzerland",FTRI01,"ICT",0.9321,,
2017,756,"Switzerland",FTRI02,"Skills",0.7549,,
2017,756,"Switzerland",FTRI03,"Research and Development",0.6794,,
2017,756,"Switzerland",FTRI04,"Industry activity",0.9069,,
2017,756,"Switzerland",FTRI05,"Access to finance",0.9746,,
2017,762,"Tajikistan",FTRI00,"Overall index",0.2319,,
2017,762,"Tajikistan",FTRI01,"ICT",0.3188,,
2017,762,"Tajikistan",FTRI02,"Skills",0.3013,,
2017,762,"Tajikistan",FTRI03,"Research and Development",0.0756,,
2017,762,"Tajikistan",FTRI04,"Industry activity",0.312,,
2017,762,"Tajikistan",FTRI05,"Access to finance",0.7338,,
2017,764,"Thailand",FTRI00,"Overall index",0.6873,,
2017,764,"Thailand",FTRI01,"ICT",0.793,,
2017,764,"Thailand",FTRI02,"Skills",0.4846,,
2017,764,"Thailand",FTRI03,"Research and Development",0.4787,,
2017,764,"Thailand",FTRI04,"Industry activity",0.6783,,
2017,764,"Thailand",FTRI05,"Access to finance",0.9593,,
2017,626,"Timor-Leste",FTRI00,"Overall index",0.1624,,
2017,626,"Timor-Leste",FTRI01,"ICT",0.2777,,
2017,626,"Timor-Leste",FTRI02,"Skills",0.3027,,
2017,626,"Timor-Leste",FTRI03,"Research and Development",0,,
2017,626,"Timor-Leste",FTRI04,"Industry activity",0.1374,,
2017,626,"Timor-Leste",FTRI05,"Access to finance",0.7545,,
2017,768,"Togo",FTRI00,"Overall index",0.2697,,
2017,768,"Togo",FTRI01,"ICT",0.2664,,
2017,768,"Togo",FTRI02,"Skills",0.3164,,
2017,768,"Togo",FTRI03,"Research and Development",0.0842,,
2017,768,"Togo",FTRI04,"Industry activity",0.3777,,
2017,768,"Togo",FTRI05,"Access to finance",0.8109,,
2017,780,"Trinidad and Tobago",FTRI00,"Overall index",0.4552,,
2017,780,"Trinidad and Tobago",FTRI01,"ICT",0.6633,,
2017,780,"Trinidad and Tobago",FTRI02,"Skills",0.5057,,
2017,780,"Trinidad and Tobago",FTRI03,"Research and Development",0.1598,,
2017,780,"Trinidad and Tobago",FTRI04,"Industry activity",0.3322,,
2017,780,"Trinidad and Tobago",FTRI05,"Access to finance",0.832,,
2017,788,"Tunisia",FTRI00,"Overall index",0.5806,,
2017,788,"Tunisia",FTRI01,"ICT",0.6301,,
2017,788,"Tunisia",FTRI02,"Skills",0.4704,,
2017,788,"Tunisia",FTRI03,"Research and Development",0.4191,,
2017,788,"Tunisia",FTRI04,"Industry activity",0.604,,
2017,788,"Tunisia",FTRI05,"Access to finance",0.884,,
2017,792,"Turkiye",FTRI00,"Overall index",0.6503,,
2017,792,"Turkiye",FTRI01,"ICT",0.6691,,
2017,792,"Turkiye",FTRI02,"Skills",0.6135,,
2017,792,"Turkiye",FTRI03,"Research and Development",0.5624,,
2017,792,"Turkiye",FTRI04,"Industry activity",0.4791,,
2017,792,"Turkiye",FTRI05,"Access to finance",0.892,,
2017,800,"Uganda",FTRI00,"Overall index",0.2212,,
2017,800,"Uganda",FTRI01,"ICT",0.2012,,
2017,800,"Uganda",FTRI02,"Skills",0.211,,
2017,800,"Uganda",FTRI03,"Research and Development",0.1829,,
2017,800,"Uganda",FTRI04,"Industry activity",0.3826,,
2017,800,"Uganda",FTRI05,"Access to finance",0.7371,,
2017,804,"Ukraine",FTRI00,"Overall index",0.6363,,
2017,804,"Ukraine",FTRI01,"ICT",0.7323,,
2017,804,"Ukraine",FTRI02,"Skills",0.5685,,
2017,804,"Ukraine",FTRI03,"Research and Development",0.442,,
2017,804,"Ukraine",FTRI04,"Industry activity",0.5401,,
2017,804,"Ukraine",FTRI05,"Access to finance",0.8349,,
2017,784,"United Arab Emirates",FTRI00,"Overall index",0.6495,,
2017,784,"United Arab Emirates",FTRI01,"ICT",0.7386,,
2017,784,"United Arab Emirates",FTRI02,"Skills",0.4877,,
2017,784,"United Arab Emirates",FTRI03,"Research and Development",0.4057,,
2017,784,"United Arab Emirates",FTRI04,"Industry activity",0.6924,,
2017,784,"United Arab Emirates",FTRI05,"Access to finance",0.9006,,
2017,826,"United Kingdom",FTRI00,"Overall index",0.9696,,
2017,826,"United Kingdom",FTRI01,"ICT",0.8803,,
2017,826,"United Kingdom",FTRI02,"Skills",0.8078,,
2017,826,"United Kingdom",FTRI03,"Research and Development",0.7696,,
2017,826,"United Kingdom",FTRI04,"Industry activity",0.8641,,
2017,826,"United Kingdom",FTRI05,"Access to finance",0.9516,,
2017,834,"United Republic of Tanzania",FTRI00,"Overall index",0.1693,,
2017,834,"United Republic of Tanzania",FTRI01,"ICT",0.3295,,
2017,834,"United Republic of Tanzania",FTRI02,"Skills",0.0547,,
2017,834,"United Republic of Tanzania",FTRI03,"Research and Development",0.1829,,
2017,834,"United Republic of Tanzania",FTRI04,"Industry activity",0.2354,,
2017,834,"United Republic of Tanzania",FTRI05,"Access to finance",0.7342,,
2017,840,"United States",FTRI00,"Overall index",1,,
2017,840,"United States",FTRI01,"ICT",0.8952,,
2017,840,"United States",FTRI02,"Skills",0.7642,,
2017,840,"United States",FTRI03,"Research and Development",0.9497,,
2017,840,"United States",FTRI04,"Industry activity",0.7953,,
2017,840,"United States",FTRI05,"Access to finance",0.9868,,
2017,858,"Uruguay",FTRI00,"Overall index",0.4791,,
2017,858,"Uruguay",FTRI01,"ICT",0.5628,,
2017,858,"Uruguay",FTRI02,"Skills",0.5345,,
2017,858,"Uruguay",FTRI03,"Research and Development",0.273,,
2017,858,"Uruguay",FTRI04,"Industry activity",0.4355,,
2017,858,"Uruguay",FTRI05,"Access to finance",0.7908,,
2017,860,"Uzbekistan",FTRI00,"Overall index",0.3299,,
2017,860,"Uzbekistan",FTRI01,"ICT",0.4422,,
2017,860,"Uzbekistan",FTRI02,"Skills",0.3748,,
2017,860,"Uzbekistan",FTRI03,"Research and Development",0.1082,,
2017,860,"Uzbekistan",FTRI04,"Industry activity",0.4184,,
2017,860,"Uzbekistan",FTRI05,"Access to finance",0.7519,,
2017,548,"Vanuatu",FTRI00,"Overall index",0.2984,,
2017,548,"Vanuatu",FTRI01,"ICT",0.4825,,
2017,548,"Vanuatu",FTRI02,"Skills",0.2724,,
2017,548,"Vanuatu",FTRI03,"Research and Development",0.0516,,
2017,548,"Vanuatu",FTRI04,"Industry activity",0.299,,
2017,548,"Vanuatu",FTRI05,"Access to finance",0.8837,,
2017,862,"Venezuela (Bolivarian Rep. of)",FTRI00,"Overall index",0.3726,,
2017,862,"Venezuela (Bolivarian Rep. of)",FTRI01,"ICT",0.4726,,
2017,862,"Venezuela (Bolivarian Rep. of)",FTRI02,"Skills",0.4783,,
2017,862,"Venezuela (Bolivarian Rep. of)",FTRI03,"Research and Development",0.199,,
2017,862,"Venezuela (Bolivarian Rep. of)",FTRI04,"Industry activity",0.2537,,
2017,862,"Venezuela (Bolivarian Rep. of)",FTRI05,"Access to finance",0.8117,,
2017,704,"Viet Nam",FTRI00,"Overall index",0.551,,
2017,704,"Viet Nam",FTRI01,"ICT",0.6862,,
2017,704,"Viet Nam",FTRI02,"Skills",0.3188,,
2017,704,"Viet Nam",FTRI03,"Research and Development",0.3485,,
2017,704,"Viet Nam",FTRI04,"Industry activity",0.6902,,
2017,704,"Viet Nam",FTRI05,"Access to finance",0.9284,,
2017,887,"Yemen",FTRI00,"Overall index",0.1469,,
2017,887,"Yemen",FTRI01,"ICT",0.2545,,
2017,887,"Yemen",FTRI02,"Skills",0.1396,,
2017,887,"Yemen",FTRI03,"Research and Development",0.124,,
2017,887,"Yemen",FTRI04,"Industry activity",0.2505,,
2017,887,"Yemen",FTRI05,"Access to finance",0.6554,,
2017,894,"Zambia",FTRI00,"Overall index",0.2346,,
2017,894,"Zambia",FTRI01,"ICT",0.3383,,
2017,894,"Zambia",FTRI02,"Skills",0.2344,,
2017,894,"Zambia",FTRI03,"Research and Development",0.1431,,
2017,894,"Zambia",FTRI04,"Industry activity",0.2636,,
2017,894,"Zambia",FTRI05,"Access to finance",0.7465,,
2017,716,"Zimbabwe",FTRI00,"Overall index",0.2742,,
2017,716,"Zimbabwe",FTRI01,"ICT",0.4558,,
2017,716,"Zimbabwe",FTRI02,"Skills",0.2072,,
2017,716,"Zimbabwe",FTRI03,"Research and Development",0.1697,,
2017,716,"Zimbabwe",FTRI04,"Industry activity",0.3062,,
2017,716,"Zimbabwe",FTRI05,"Access to finance",0.7581,,
2018,004,"Afghanistan",FTRI00,"Overall index",0.2055,,
2018,004,"Afghanistan",FTRI01,"ICT",0.2898,,
2018,004,"Afghanistan",FTRI02,"Skills",0.2002,,
2018,004,"Afghanistan",FTRI03,"Research and Development",0.0738,,
2018,004,"Afghanistan",FTRI04,"Industry activity",0.2175,,
2018,004,"Afghanistan",FTRI05,"Access to finance",0.6083,,
2018,008,"Albania",FTRI00,"Overall index",0.4927,,
2018,008,"Albania",FTRI01,"ICT",0.6938,,
2018,008,"Albania",FTRI02,"Skills",0.4895,,
2018,008,"Albania",FTRI03,"Research and Development",0.1692,,
2018,008,"Albania",FTRI04,"Industry activity",0.36,,
2018,008,"Albania",FTRI05,"Access to finance",0.8134,,
2018,012,"Algeria",FTRI00,"Overall index",0.4248,,
2018,012,"Algeria",FTRI01,"ICT",0.4844,,
2018,012,"Algeria",FTRI02,"Skills",0.4894,,
2018,012,"Algeria",FTRI03,"Research and Development",0.2913,,
2018,012,"Algeria",FTRI04,"Industry activity",0.1459,,
2018,012,"Algeria",FTRI05,"Access to finance",0.7837,,
2018,024,"Angola",FTRI00,"Overall index",0.2637,,
2018,024,"Angola",FTRI01,"ICT",0.4124,,
2018,024,"Angola",FTRI02,"Skills",0.2907,,
2018,024,"Angola",FTRI03,"Research and Development",0.0893,,
2018,024,"Angola",FTRI04,"Industry activity",0.0757,,
2018,024,"Angola",FTRI05,"Access to finance",0.7394,,
2018,032,"Argentina",FTRI00,"Overall index",0.6214,,
2018,032,"Argentina",FTRI01,"ICT",0.6642,,
2018,032,"Argentina",FTRI02,"Skills",0.661,,
2018,032,"Argentina",FTRI03,"Research and Development",0.4234,,
2018,032,"Argentina",FTRI04,"Industry activity",0.4641,,
2018,032,"Argentina",FTRI05,"Access to finance",0.7481,,
2018,051,"Armenia",FTRI00,"Overall index",0.4655,,
2018,051,"Armenia",FTRI01,"ICT",0.6646,,
2018,051,"Armenia",FTRI02,"Skills",0.4075,,
2018,051,"Armenia",FTRI03,"Research and Development",0.13,,
2018,051,"Armenia",FTRI04,"Industry activity",0.3649,,
2018,051,"Armenia",FTRI05,"Access to finance",0.8696,,
2018,036,"Australia",FTRI00,"Overall index",0.895,,
2018,036,"Australia",FTRI01,"ICT",0.8285,,
2018,036,"Australia",FTRI02,"Skills",1,,
2018,036,"Australia",FTRI03,"Research and Development",0.6888,,
2018,036,"Australia",FTRI04,"Industry activity",0.5102,,
2018,036,"Australia",FTRI05,"Access to finance",0.9571,,
2018,040,"Austria",FTRI00,"Overall index",0.8313,,
2018,040,"Austria",FTRI01,"ICT",0.8666,,
2018,040,"Austria",FTRI02,"Skills",0.7206,,
2018,040,"Austria",FTRI03,"Research and Development",0.6016,,
2018,040,"Austria",FTRI04,"Industry activity",0.7162,,
2018,040,"Austria",FTRI05,"Access to finance",0.9093,,
2018,031,"Azerbaijan",FTRI00,"Overall index",0.4332,,
2018,031,"Azerbaijan",FTRI01,"ICT",0.6439,,
2018,031,"Azerbaijan",FTRI02,"Skills",0.4546,,
2018,031,"Azerbaijan",FTRI03,"Research and Development",0.2123,,
2018,031,"Azerbaijan",FTRI04,"Industry activity",0.1522,,
2018,031,"Azerbaijan",FTRI05,"Access to finance",0.7766,,
2018,044,"Bahamas",FTRI00,"Overall index",0.4853,,
2018,044,"Bahamas",FTRI01,"ICT",0.7972,,
2018,044,"Bahamas",FTRI02,"Skills",0.5266,,
2018,044,"Bahamas",FTRI03,"Research and Development",0.1539,,
2018,044,"Bahamas",FTRI04,"Industry activity",0.0694,,
2018,044,"Bahamas",FTRI05,"Access to finance",0.8591,,
2018,048,"Bahrain",FTRI00,"Overall index",0.5868,,
2018,048,"Bahrain",FTRI01,"ICT",0.755,,
2018,048,"Bahrain",FTRI02,"Skills",0.5502,,
2018,048,"Bahrain",FTRI03,"Research and Development",0.1821,,
2018,048,"Bahrain",FTRI04,"Industry activity",0.4477,,
2018,048,"Bahrain",FTRI05,"Access to finance",0.8965,,
2018,050,"Bangladesh",FTRI00,"Overall index",0.4156,,
2018,050,"Bangladesh",FTRI01,"ICT",0.4205,,
2018,050,"Bangladesh",FTRI02,"Skills",0.2322,,
2018,050,"Bangladesh",FTRI03,"Research and Development",0.3986,,
2018,050,"Bangladesh",FTRI04,"Industry activity",0.3235,,
2018,050,"Bangladesh",FTRI05,"Access to finance",0.8387,,
2018,052,"Barbados",FTRI00,"Overall index",0.633,,
2018,052,"Barbados",FTRI01,"ICT",0.8311,,
2018,052,"Barbados",FTRI02,"Skills",0.6582,,
2018,052,"Barbados",FTRI03,"Research and Development",0.2265,,
2018,052,"Barbados",FTRI04,"Industry activity",0.4393,,
2018,052,"Barbados",FTRI05,"Access to finance",0.9045,,
2018,112,"Belarus",FTRI00,"Overall index",0.6414,,
2018,112,"Belarus",FTRI01,"ICT",0.7807,,
2018,112,"Belarus",FTRI02,"Skills",0.6656,,
2018,112,"Belarus",FTRI03,"Research and Development",0.2948,,
2018,112,"Belarus",FTRI04,"Industry activity",0.5314,,
2018,112,"Belarus",FTRI05,"Access to finance",0.8035,,
2018,056,"Belgium",FTRI00,"Overall index",0.9277,,
2018,056,"Belgium",FTRI01,"ICT",0.9479,,
2018,056,"Belgium",FTRI02,"Skills",0.9282,,
2018,056,"Belgium",FTRI03,"Research and Development",0.6015,,
2018,056,"Belgium",FTRI04,"Industry activity",0.7544,,
2018,056,"Belgium",FTRI05,"Access to finance",0.889,,
2018,084,"Belize",FTRI00,"Overall index",0.406,,
2018,084,"Belize",FTRI01,"ICT",0.6095,,
2018,084,"Belize",FTRI02,"Skills",0.395,,
2018,084,"Belize",FTRI03,"Research and Development",0.0318,,
2018,084,"Belize",FTRI04,"Industry activity",0.3119,,
2018,084,"Belize",FTRI05,"Access to finance",0.8502,,
2018,204,"Benin",FTRI00,"Overall index",0.3026,,
2018,204,"Benin",FTRI01,"ICT",0.3187,,
2018,204,"Benin",FTRI02,"Skills",0.2448,,
2018,204,"Benin",FTRI03,"Research and Development",0.1512,,
2018,204,"Benin",FTRI04,"Industry activity",0.3384,,
2018,204,"Benin",FTRI05,"Access to finance",0.7562,,
2018,060,"Bermuda",FTRI00,"Overall index",0.401,,
2018,060,"Bermuda",FTRI01,"ICT",0.5114,,
2018,060,"Bermuda",FTRI02,"Skills",0.4498,,
2018,060,"Bermuda",FTRI03,"Research and Development",0.1272,,
2018,060,"Bermuda",FTRI04,"Industry activity",0.1646,,
2018,060,"Bermuda",FTRI05,"Access to finance",0.8811,,
2018,064,"Bhutan",FTRI00,"Overall index",0.3745,,
2018,064,"Bhutan",FTRI01,"ICT",0.6689,,
2018,064,"Bhutan",FTRI02,"Skills",0.3656,,
2018,064,"Bhutan",FTRI03,"Research and Development",0.0636,,
2018,064,"Bhutan",FTRI04,"Industry activity",0.0416,,
2018,064,"Bhutan",FTRI05,"Access to finance",0.8685,,
2018,068,"Bolivia (Plurinational State of)",FTRI00,"Overall index",0.401,,
2018,068,"Bolivia (Plurinational State of)",FTRI01,"ICT",0.5114,,
2018,068,"Bolivia (Plurinational State of)",FTRI02,"Skills",0.4498,,
2018,068,"Bolivia (Plurinational State of)",FTRI03,"Research and Development",0.1272,,
2018,068,"Bolivia (Plurinational State of)",FTRI04,"Industry activity",0.1646,,
2018,068,"Bolivia (Plurinational State of)",FTRI05,"Access to finance",0.8811,,
2018,070,"Bosnia and Herzegovina",FTRI00,"Overall index",0.5324,,
2018,070,"Bosnia and Herzegovina",FTRI01,"ICT",0.7359,,
2018,070,"Bosnia and Herzegovina",FTRI02,"Skills",0.461,,
2018,070,"Bosnia and Herzegovina",FTRI03,"Research and Development",0.2027,,
2018,070,"Bosnia and Herzegovina",FTRI04,"Industry activity",0.4369,,
2018,070,"Bosnia and Herzegovina",FTRI05,"Access to finance",0.8716,,
2018,072,"Botswana",FTRI00,"Overall index",0.4221,,
2018,072,"Botswana",FTRI01,"ICT",0.5335,,
2018,072,"Botswana",FTRI02,"Skills",0.3589,,
2018,072,"Botswana",FTRI03,"Research and Development",0.1821,,
2018,072,"Botswana",FTRI04,"Industry activity",0.3597,,
2018,072,"Botswana",FTRI05,"Access to finance",0.8253,,
2018,074,"Bouvet Island",FTRI00,"Overall index",0.8394,,
2018,074,"Bouvet Island",FTRI01,"ICT",0.5859,,
2018,074,"Bouvet Island",FTRI02,"Skills",0.4909,,
2018,074,"Bouvet Island",FTRI03,"Research and Development",1,,
2018,074,"Bouvet Island",FTRI04,"Industry activity",0.84,,
2018,074,"Bouvet Island",FTRI05,"Access to finance",0.9686,,
2018,076,"Brazil",FTRI00,"Overall index",0.7128,,
2018,076,"Brazil",FTRI01,"ICT",0.6248,,
2018,076,"Brazil",FTRI02,"Skills",0.544,,
2018,076,"Brazil",FTRI03,"Research and Development",0.6685,,
2018,076,"Brazil",FTRI04,"Industry activity",0.6304,,
2018,076,"Brazil",FTRI05,"Access to finance",0.8774,,
2018,080,"British Antarctic Territory",FTRI00,"Overall index",0.3131,,
2018,080,"British Antarctic Territory",FTRI01,"ICT",0.471,,
2018,080,"British Antarctic Territory",FTRI02,"Skills",0.1905,,
2018,080,"British Antarctic Territory",FTRI03,"Research and Development",0.1495,,
2018,080,"British Antarctic Territory",FTRI04,"Industry activity",0.2508,,
2018,080,"British Antarctic Territory",FTRI05,"Access to finance",0.7695,,
2018,086,"British Indian Ocean Territory",FTRI00,"Overall index",0.3525,,
2018,086,"British Indian Ocean Territory",FTRI01,"ICT",0.4816,,
2018,086,"British Indian Ocean Territory",FTRI02,"Skills",0.2892,,
2018,086,"British Indian Ocean Territory",FTRI03,"Research and Development",0.0504,,
2018,086,"British Indian Ocean Territory",FTRI04,"Industry activity",0.4641,,
2018,086,"British Indian Ocean Territory",FTRI05,"Access to finance",0.7804,,
2018,092,"British Virgin Islands",FTRI00,"Overall index",0.7667,,
2018,092,"British Virgin Islands",FTRI01,"ICT",0.92,,
2018,092,"British Virgin Islands",FTRI02,"Skills",0.7526,,
2018,092,"British Virgin Islands",FTRI03,"Research and Development",0.3479,,
2018,092,"British Virgin Islands",FTRI04,"Industry activity",0.6819,,
2018,092,"British Virgin Islands",FTRI05,"Access to finance",0.88,,
2018,096,"Brunei Darussalam",FTRI00,"Overall index",0.5451,,
2018,096,"Brunei Darussalam",FTRI01,"ICT",0.7274,,
2018,096,"Brunei Darussalam",FTRI02,"Skills",0.6506,,
2018,096,"Brunei Darussalam",FTRI03,"Research and Development",0.1886,,
2018,096,"Brunei Darussalam",FTRI04,"Industry activity",0.3276,,
2018,096,"Brunei Darussalam",FTRI05,"Access to finance",0.8261,,
2018,100,"Bulgaria",FTRI00,"Overall index",0.7058,,
2018,100,"Bulgaria",FTRI01,"ICT",0.8297,,
2018,100,"Bulgaria",FTRI02,"Skills",0.5822,,
2018,100,"Bulgaria",FTRI03,"Research and Development",0.437,,
2018,100,"Bulgaria",FTRI04,"Industry activity",0.6447,,
2018,100,"Bulgaria",FTRI05,"Access to finance",0.8604,,
2018,854,"Burkina Faso",FTRI00,"Overall index",0.2089,,
2018,854,"Burkina Faso",FTRI01,"ICT",0.1377,,
2018,854,"Burkina Faso",FTRI02,"Skills",0.0834,,
2018,854,"Burkina Faso",FTRI03,"Research and Development",0.1618,,
2018,854,"Burkina Faso",FTRI04,"Industry activity",0.237,,
2018,854,"Burkina Faso",FTRI05,"Access to finance",0.8019,,
2018,108,"Burundi",FTRI00,"Overall index",0.1737,,
2018,108,"Burundi",FTRI01,"ICT",0.1262,,
2018,108,"Burundi",FTRI02,"Skills",0.1646,,
2018,108,"Burundi",FTRI03,"Research and Development",0,,
2018,108,"Burundi",FTRI04,"Industry activity",0.2671,,
2018,108,"Burundi",FTRI05,"Access to finance",0.7632,,
2018,132,"Cabo Verde",FTRI00,"Overall index",0.3746,,
2018,132,"Cabo Verde",FTRI01,"ICT",0.6199,,
2018,132,"Cabo Verde",FTRI02,"Skills",0.3457,,
2018,132,"Cabo Verde",FTRI03,"Research and Development",0.0318,,
2018,132,"Cabo Verde",FTRI04,"Industry activity",0.1889,,
2018,132,"Cabo Verde",FTRI05,"Access to finance",0.8664,,
2018,116,"Cambodia",FTRI00,"Overall index",0.3934,,
2018,116,"Cambodia",FTRI01,"ICT",0.5422,,
2018,116,"Cambodia",FTRI02,"Skills",0.2327,,
2018,116,"Cambodia",FTRI03,"Research and Development",0.1397,,
2018,116,"Cambodia",FTRI04,"Industry activity",0.3677,,
2018,116,"Cambodia",FTRI05,"Access to finance",0.925,,
2018,120,"Cameroon",FTRI00,"Overall index",0.3566,,
2018,120,"Cameroon",FTRI01,"ICT",0.4013,,
2018,120,"Cameroon",FTRI02,"Skills",0.3173,,
2018,120,"Cameroon",FTRI03,"Research and Development",0.1871,,
2018,120,"Cameroon",FTRI04,"Industry activity",0.3454,,
2018,120,"Cameroon",FTRI05,"Access to finance",0.7437,,
2018,124,"Canada",FTRI00,"Overall index",0.8989,,
2018,124,"Canada",FTRI01,"ICT",0.8917,,
2018,124,"Canada",FTRI02,"Skills",0.754,,
2018,124,"Canada",FTRI03,"Research and Development",0.7121,,
2018,124,"Canada",FTRI04,"Industry activity",0.7202,,
2018,124,"Canada",FTRI05,"Access to finance",0.9458,,
2018,136,"Cayman Islands",FTRI00,"Overall index",0.7484,,
2018,136,"Cayman Islands",FTRI01,"ICT",0.8243,,
2018,136,"Cayman Islands",FTRI02,"Skills",0.4918,,
2018,136,"Cayman Islands",FTRI03,"Research and Development",0.5403,,
2018,136,"Cayman Islands",FTRI04,"Industry activity",0.785,,
2018,136,"Cayman Islands",FTRI05,"Access to finance",0.9429,,
2018,140,"Central African Republic",FTRI00,"Overall index",0.262,,
2018,140,"Central African Republic",FTRI01,"ICT",0.3649,,
2018,140,"Central African Republic",FTRI02,"Skills",0.1503,,
2018,140,"Central African Republic",FTRI03,"Research and Development",0.0954,,
2018,140,"Central African Republic",FTRI04,"Industry activity",0.2485,,
2018,140,"Central African Republic",FTRI05,"Access to finance",0.7822,,
2018,148,"Chad",FTRI00,"Overall index",0.1847,,
2018,148,"Chad",FTRI01,"ICT",0.2096,,
2018,148,"Chad",FTRI02,"Skills",0.0559,,
2018,148,"Chad",FTRI03,"Research and Development",0.0738,,
2018,148,"Chad",FTRI04,"Industry activity",0.3087,,
2018,148,"Chad",FTRI05,"Access to finance",0.7185,,
2018,152,"Chile",FTRI00,"Overall index",0.6601,,
2018,152,"Chile",FTRI01,"ICT",0.722,,
2018,152,"Chile",FTRI02,"Skills",0.6207,,
2018,152,"Chile",FTRI03,"Research and Development",0.4671,,
2018,152,"Chile",FTRI04,"Industry activity",0.3475,,
2018,152,"Chile",FTRI05,"Access to finance",0.9412,,
2018,156,"China",FTRI00,"Overall index",0.8394,,
2018,156,"China",FTRI01,"ICT",0.5859,,
2018,156,"China",FTRI02,"Skills",0.4909,,
2018,156,"China",FTRI03,"Research and Development",1,,
2018,156,"China",FTRI04,"Industry activity",0.84,,
2018,156,"China",FTRI05,"Access to finance",0.9686,,
2018,344,"China, Hong Kong SAR",FTRI00,"Overall index",0.8916,,
2018,344,"China, Hong Kong SAR",FTRI01,"ICT",0.9165,,
2018,344,"China, Hong Kong SAR",FTRI02,"Skills",0.7391,,
2018,344,"China, Hong Kong SAR",FTRI03,"Research and Development",0.581,,
2018,344,"China, Hong Kong SAR",FTRI04,"Industry activity",0.852,,
2018,344,"China, Hong Kong SAR",FTRI05,"Access to finance",1,,
2018,158,"China, Taiwan Province of",FTRI00,"Overall index",0.3205,,
2018,158,"China, Taiwan Province of",FTRI01,"ICT",0.2885,,
2018,158,"China, Taiwan Province of",FTRI02,"Skills",0.0952,,
2018,158,"China, Taiwan Province of",FTRI03,"Research and Development",0.3381,,
2018,158,"China, Taiwan Province of",FTRI04,"Industry activity",0.4108,,
2018,158,"China, Taiwan Province of",FTRI05,"Access to finance",0.7555,,
2018,162,"Christmas Island",FTRI00,"Overall index",0.4827,,
2018,162,"Christmas Island",FTRI01,"ICT",0.6087,,
2018,162,"Christmas Island",FTRI02,"Skills",0.4278,,
2018,162,"Christmas Island",FTRI03,"Research and Development",0.3052,,
2018,162,"Christmas Island",FTRI04,"Industry activity",0.2576,,
2018,162,"Christmas Island",FTRI05,"Access to finance",0.8474,,
2018,166,"Cocos (Keeling) Islands",FTRI00,"Overall index",0.5236,,
2018,166,"Cocos (Keeling) Islands",FTRI01,"ICT",0.7263,,
2018,166,"Cocos (Keeling) Islands",FTRI02,"Skills",0.4001,,
2018,166,"Cocos (Keeling) Islands",FTRI03,"Research and Development",0.3234,,
2018,166,"Cocos (Keeling) Islands",FTRI04,"Industry activity",0.2772,,
2018,166,"Cocos (Keeling) Islands",FTRI05,"Access to finance",0.9048,,
2018,170,"Colombia",FTRI00,"Overall index",0.635,,
2018,170,"Colombia",FTRI01,"ICT",0.6332,,
2018,170,"Colombia",FTRI02,"Skills",0.6539,,
2018,170,"Colombia",FTRI03,"Research and Development",0.4821,,
2018,170,"Colombia",FTRI04,"Industry activity",0.4064,,
2018,170,"Colombia",FTRI05,"Access to finance",0.8589,,
2018,174,"Comoros",FTRI00,"Overall index",0.2358,,
2018,174,"Comoros",FTRI01,"ICT",0.2558,,
2018,174,"Comoros",FTRI02,"Skills",0.3245,,
2018,174,"Comoros",FTRI03,"Research and Development",0,,
2018,174,"Comoros",FTRI04,"Industry activity",0.1517,,
2018,174,"Comoros",FTRI05,"Access to finance",0.7505,,
2018,178,"Congo",FTRI00,"Overall index",0.2472,,
2018,178,"Congo",FTRI01,"ICT",0.1427,,
2018,178,"Congo",FTRI02,"Skills",0.2923,,
2018,178,"Congo",FTRI03,"Research and Development",0.1374,,
2018,178,"Congo",FTRI04,"Industry activity",0.278,,
2018,178,"Congo",FTRI05,"Access to finance",0.7322,,
2018,184,"Cook Islands",FTRI00,"Overall index",0,,
2018,184,"Cook Islands",FTRI01,"ICT",0,,
2018,184,"Cook Islands",FTRI02,"Skills",0,,
2018,184,"Cook Islands",FTRI03,"Research and Development",0,,
2018,184,"Cook Islands",FTRI04,"Industry activity",0.0344,,
2018,184,"Cook Islands",FTRI05,"Access to finance",0.5294,,
2018,188,"Costa Rica",FTRI00,"Overall index",0.5793,,
2018,188,"Costa Rica",FTRI01,"ICT",0.678,,
2018,188,"Costa Rica",FTRI02,"Skills",0.4939,,
2018,188,"Costa Rica",FTRI03,"Research and Development",0.1908,,
2018,188,"Costa Rica",FTRI04,"Industry activity",0.6429,,
2018,188,"Costa Rica",FTRI05,"Access to finance",0.8775,,
2018,384,"Cote d'Ivoire",FTRI00,"Overall index",0.3131,,
2018,384,"Cote d'Ivoire",FTRI01,"ICT",0.471,,
2018,384,"Cote d'Ivoire",FTRI02,"Skills",0.1905,,
2018,384,"Cote d'Ivoire",FTRI03,"Research and Development",0.1495,,
2018,384,"Cote d'Ivoire",FTRI04,"Industry activity",0.2508,,
2018,384,"Cote d'Ivoire",FTRI05,"Access to finance",0.7695,,
2018,191,"Croatia",FTRI00,"Overall index",0.6878,,
2018,191,"Croatia",FTRI01,"ICT",0.8283,,
2018,191,"Croatia",FTRI02,"Skills",0.6549,,
2018,191,"Croatia",FTRI03,"Research and Development",0.3595,,
2018,191,"Croatia",FTRI04,"Industry activity",0.5894,,
2018,191,"Croatia",FTRI05,"Access to finance",0.8672,,
2018,192,"Cuba",FTRI00,"Overall index",0.7098,,
2018,192,"Cuba",FTRI01,"ICT",0.7889,,
2018,192,"Cuba",FTRI02,"Skills",0.4961,,
2018,192,"Cuba",FTRI03,"Research and Development",0.4914,,
2018,192,"Cuba",FTRI04,"Industry activity",0.6811,,
2018,192,"Cuba",FTRI05,"Access to finance",0.96,,
2018,196,"Cyprus",FTRI00,"Overall index",0.7479,,
2018,196,"Cyprus",FTRI01,"ICT",0.8119,,
2018,196,"Cyprus",FTRI02,"Skills",0.6552,,
2018,196,"Cyprus",FTRI03,"Research and Development",0.3703,,
2018,196,"Cyprus",FTRI04,"Industry activity",0.7083,,
2018,196,"Cyprus",FTRI05,"Access to finance",0.9546,,
2018,203,"Czechia",FTRI00,"Overall index",0.8135,,
2018,203,"Czechia",FTRI01,"ICT",0.8849,,
2018,203,"Czechia",FTRI02,"Skills",0.7215,,
2018,203,"Czechia",FTRI03,"Research and Development",0.5383,,
2018,203,"Czechia",FTRI04,"Industry activity",0.7599,,
2018,203,"Czechia",FTRI05,"Access to finance",0.8622,,
2018,180,"Dem. Rep. of the Congo",FTRI00,"Overall index",0.16,,
2018,180,"Dem. Rep. of the Congo",FTRI01,"ICT",0.1963,,
2018,180,"Dem. Rep. of the Congo",FTRI02,"Skills",0.1826,,
2018,180,"Dem. Rep. of the Congo",FTRI03,"Research and Development",0.0893,,
2018,180,"Dem. Rep. of the Congo",FTRI04,"Industry activity",0.1166,,
2018,180,"Dem. Rep. of the Congo",FTRI05,"Access to finance",0.6559,,
2018,208,"Denmark",FTRI00,"Overall index",0.9237,,
2018,208,"Denmark",FTRI01,"ICT",0.9834,,
2018,208,"Denmark",FTRI02,"Skills",0.8928,,
2018,208,"Denmark",FTRI03,"Research and Development",0.6175,,
2018,208,"Denmark",FTRI04,"Industry activity",0.6978,,
2018,208,"Denmark",FTRI05,"Access to finance",0.9706,,
2018,262,"Djibouti",FTRI00,"Overall index",0.3525,,
2018,262,"Djibouti",FTRI01,"ICT",0.4816,,
2018,262,"Djibouti",FTRI02,"Skills",0.2892,,
2018,262,"Djibouti",FTRI03,"Research and Development",0.0504,,
2018,262,"Djibouti",FTRI04,"Industry activity",0.4641,,
2018,262,"Djibouti",FTRI05,"Access to finance",0.7804,,
2018,214,"Dominican Republic",FTRI00,"Overall index",0.4609,,
2018,214,"Dominican Republic",FTRI01,"ICT",0.6925,,
2018,214,"Dominican Republic",FTRI02,"Skills",0.45,,
2018,214,"Dominican Republic",FTRI03,"Research and Development",0.0504,,
2018,214,"Dominican Republic",FTRI04,"Industry activity",0.4802,,
2018,214,"Dominican Republic",FTRI05,"Access to finance",0.8021,,
2018,218,"Ecuador",FTRI00,"Overall index",0.4616,,
2018,218,"Ecuador",FTRI01,"ICT",0.5969,,
2018,218,"Ecuador",FTRI02,"Skills",0.4331,,
2018,218,"Ecuador",FTRI03,"Research and Development",0.2731,,
2018,218,"Ecuador",FTRI04,"Industry activity",0.2665,,
2018,218,"Ecuador",FTRI05,"Access to finance",0.8346,,
2018,818,"Egypt",FTRI00,"Overall index",0.4888,,
2018,818,"Egypt",FTRI01,"ICT",0.4839,,
2018,818,"Egypt",FTRI02,"Skills",0.4709,,
2018,818,"Egypt",FTRI03,"Research and Development",0.3898,,
2018,818,"Egypt",FTRI04,"Industry activity",0.4015,,
2018,818,"Egypt",FTRI05,"Access to finance",0.7914,,
2018,222,"El Salvador",FTRI00,"Overall index",0.4219,,
2018,222,"El Salvador",FTRI01,"ICT",0.5504,,
2018,222,"El Salvador",FTRI02,"Skills",0.286,,
2018,222,"El Salvador",FTRI03,"Research and Development",0.11,,
2018,222,"El Salvador",FTRI04,"Industry activity",0.5186,,
2018,222,"El Salvador",FTRI05,"Access to finance",0.8726,,
2018,226,"Equatorial Guinea",FTRI00,"Overall index",0.2097,,
2018,226,"Equatorial Guinea",FTRI01,"ICT",0.2802,,
2018,226,"Equatorial Guinea",FTRI02,"Skills",0.2622,,
2018,226,"Equatorial Guinea",FTRI03,"Research and Development",0,,
2018,226,"Equatorial Guinea",FTRI04,"Industry activity",0.117,,
2018,226,"Equatorial Guinea",FTRI05,"Access to finance",0.7405,,
2018,233,"Estonia",FTRI00,"Overall index",0.7667,,
2018,233,"Estonia",FTRI01,"ICT",0.92,,
2018,233,"Estonia",FTRI02,"Skills",0.7526,,
2018,233,"Estonia",FTRI03,"Research and Development",0.3479,,
2018,233,"Estonia",FTRI04,"Industry activity",0.6819,,
2018,233,"Estonia",FTRI05,"Access to finance",0.88,,
2018,748,"Eswatini",FTRI00,"Overall index",0.414,,
2018,748,"Eswatini",FTRI01,"ICT",0.4472,,
2018,748,"Eswatini",FTRI02,"Skills",0.4452,,
2018,748,"Eswatini",FTRI03,"Research and Development",0.0893,,
2018,748,"Eswatini",FTRI04,"Industry activity",0.4922,,
2018,748,"Eswatini",FTRI05,"Access to finance",0.7771,,
2018,231,"Ethiopia",FTRI00,"Overall index",0.2611,,
2018,231,"Ethiopia",FTRI01,"ICT",0.2781,,
2018,231,"Ethiopia",FTRI02,"Skills",0.1336,,
2018,231,"Ethiopia",FTRI03,"Research and Development",0.2361,,
2018,231,"Ethiopia",FTRI04,"Industry activity",0.2775,,
2018,231,"Ethiopia",FTRI05,"Access to finance",0.7615,,
2018,242,"Fiji",FTRI00,"Overall index",0.4675,,
2018,242,"Fiji",FTRI01,"ICT",0.624,,
2018,242,"Fiji",FTRI02,"Skills",0.4386,,
2018,242,"Fiji",FTRI03,"Research and Development",0.1458,,
2018,242,"Fiji",FTRI04,"Industry activity",0.3251,,
2018,242,"Fiji",FTRI05,"Access to finance",0.9183,,
2018,246,"Finland",FTRI00,"Overall index",0.9272,,
2018,246,"Finland",FTRI01,"ICT",0.903,,
2018,246,"Finland",FTRI02,"Skills",0.9103,,
2018,246,"Finland",FTRI03,"Research and Development",0.6227,,
2018,246,"Finland",FTRI04,"Industry activity",0.7642,,
2018,246,"Finland",FTRI05,"Access to finance",0.9198,,
2018,250,"France",FTRI00,"Overall index",0.916,,
2018,250,"France",FTRI01,"ICT",0.8902,,
2018,250,"France",FTRI02,"Skills",0.7458,,
2018,250,"France",FTRI03,"Research and Development",0.7596,,
2018,250,"France",FTRI04,"Industry activity",0.7957,,
2018,250,"France",FTRI05,"Access to finance",0.9293,,
2018,266,"Gabon",FTRI00,"Overall index",0.3506,,
2018,266,"Gabon",FTRI01,"ICT",0.5077,,
2018,266,"Gabon",FTRI02,"Skills",0.343,,
2018,266,"Gabon",FTRI03,"Research and Development",0.0954,,
2018,266,"Gabon",FTRI04,"Industry activity",0.3394,,
2018,266,"Gabon",FTRI05,"Access to finance",0.7328,,
2018,270,"Gambia",FTRI00,"Overall index",0.2329,,
2018,270,"Gambia",FTRI01,"ICT",0.4052,,
2018,270,"Gambia",FTRI02,"Skills",0.1512,,
2018,270,"Gambia",FTRI03,"Research and Development",0.0318,,
2018,270,"Gambia",FTRI04,"Industry activity",0.3351,,
2018,270,"Gambia",FTRI05,"Access to finance",0.6743,,
2018,268,"Georgia",FTRI00,"Overall index",0.5473,,
2018,268,"Georgia",FTRI01,"ICT",0.6991,,
2018,268,"Georgia",FTRI02,"Skills",0.5766,,
2018,268,"Georgia",FTRI03,"Research and Development",0.1855,,
2018,268,"Georgia",FTRI04,"Industry activity",0.4271,,
2018,268,"Georgia",FTRI05,"Access to finance",0.8762,,
2018,276,"Germany",FTRI00,"Overall index",0.949,,
2018,276,"Germany",FTRI01,"ICT",0.8994,,
2018,276,"Germany",FTRI02,"Skills",0.7911,,
2018,276,"Germany",FTRI03,"Research and Development",0.8145,,
2018,276,"Germany",FTRI04,"Industry activity",0.8289,,
2018,276,"Germany",FTRI05,"Access to finance",0.9021,,
2018,288,"Ghana",FTRI00,"Overall index",0.4364,,
2018,288,"Ghana",FTRI01,"ICT",0.551,,
2018,288,"Ghana",FTRI02,"Skills",0.2695,,
2018,288,"Ghana",FTRI03,"Research and Development",0.2126,,
2018,288,"Ghana",FTRI04,"Industry activity",0.4939,,
2018,288,"Ghana",FTRI05,"Access to finance",0.7373,,
2018,300,"Greece",FTRI00,"Overall index",0.7316,,
2018,300,"Greece",FTRI01,"ICT",0.7867,,
2018,300,"Greece",FTRI02,"Skills",0.7434,,
2018,300,"Greece",FTRI03,"Research and Development",0.4773,,
2018,300,"Greece",FTRI04,"Industry activity",0.5218,,
2018,300,"Greece",FTRI05,"Access to finance",0.9172,,
2018,320,"Guatemala",FTRI00,"Overall index",0.385,,
2018,320,"Guatemala",FTRI01,"ICT",0.5536,,
2018,320,"Guatemala",FTRI02,"Skills",0.2369,,
2018,320,"Guatemala",FTRI03,"Research and Development",0.0636,,
2018,320,"Guatemala",FTRI04,"Industry activity",0.4659,,
2018,320,"Guatemala",FTRI05,"Access to finance",0.8261,,
2018,324,"Guinea",FTRI00,"Overall index",0.2421,,
2018,324,"Guinea",FTRI01,"ICT",0.2747,,
2018,324,"Guinea",FTRI02,"Skills",0.1703,,
2018,324,"Guinea",FTRI03,"Research and Development",0.0504,,
2018,324,"Guinea",FTRI04,"Industry activity",0.3324,,
2018,324,"Guinea",FTRI05,"Access to finance",0.704,,
2018,624,"Guinea-Bissau",FTRI00,"Overall index",0.2339,,
2018,624,"Guinea-Bissau",FTRI01,"ICT",0.3142,,
2018,624,"Guinea-Bissau",FTRI02,"Skills",0.1874,,
2018,624,"Guinea-Bissau",FTRI03,"Research and Development",0,,
2018,624,"Guinea-Bissau",FTRI04,"Industry activity",0.2446,,
2018,624,"Guinea-Bissau",FTRI05,"Access to finance",0.7382,,
2018,328,"Guyana",FTRI00,"Overall index",0.3855,,
2018,328,"Guyana",FTRI01,"ICT",0.5716,,
2018,328,"Guyana",FTRI02,"Skills",0.3886,,
2018,328,"Guyana",FTRI03,"Research and Development",0,,
2018,328,"Guyana",FTRI04,"Industry activity",0.2974,,
2018,328,"Guyana",FTRI05,"Access to finance",0.8301,,
2018,332,"Haiti",FTRI00,"Overall index",0.2719,,
2018,332,"Haiti",FTRI01,"ICT",0.4835,,
2018,332,"Haiti",FTRI02,"Skills",0.24,,
2018,332,"Haiti",FTRI03,"Research and Development",0.0318,,
2018,332,"Haiti",FTRI04,"Industry activity",0.2123,,
2018,332,"Haiti",FTRI05,"Access to finance",0.7181,,
2018,340,"Honduras",FTRI00,"Overall index",0.3577,,
2018,340,"Honduras",FTRI01,"ICT",0.5173,,
2018,340,"Honduras",FTRI02,"Skills",0.2133,,
2018,340,"Honduras",FTRI03,"Research and Development",0.1242,,
2018,340,"Honduras",FTRI04,"Industry activity",0.2763,,
2018,340,"Honduras",FTRI05,"Access to finance",0.8815,,
2018,348,"Hungary",FTRI00,"Overall index",0.7709,,
2018,348,"Hungary",FTRI01,"ICT",0.9132,,
2018,348,"Hungary",FTRI02,"Skills",0.6304,,
2018,348,"Hungary",FTRI03,"Research and Development",0.486,,
2018,348,"Hungary",FTRI04,"Industry activity",0.7695,,
2018,348,"Hungary",FTRI05,"Access to finance",0.8186,,
2018,352,"Iceland",FTRI00,"Overall index",0.7413,,
2018,352,"Iceland",FTRI01,"ICT",0.896,,
2018,352,"Iceland",FTRI02,"Skills",0.9061,,
2018,352,"Iceland",FTRI03,"Research and Development",0.2855,,
2018,352,"Iceland",FTRI04,"Industry activity",0.4018,,
2018,352,"Iceland",FTRI05,"Access to finance",0.9164,,
2018,356,"India",FTRI00,"Overall index",0.6701,,
2018,356,"India",FTRI01,"ICT",0.4815,,
2018,356,"India",FTRI02,"Skills",0.3476,,
2018,356,"India",FTRI03,"Research and Development",0.7664,,
2018,356,"India",FTRI04,"Industry activity",0.7399,,
2018,356,"India",FTRI05,"Access to finance",0.8604,,
2018,360,"Indonesia",FTRI00,"Overall index",0.5648,,
2018,360,"Indonesia",FTRI01,"ICT",0.612,,
2018,360,"Indonesia",FTRI02,"Skills",0.3682,,
2018,360,"Indonesia",FTRI03,"Research and Development",0.4471,,
2018,360,"Indonesia",FTRI04,"Industry activity",0.5737,,
2018,360,"Indonesia",FTRI05,"Access to finance",0.8358,,
2018,364,"Iran (Islamic Republic of)",FTRI00,"Overall index",0.5388,,
2018,364,"Iran (Islamic Republic of)",FTRI01,"ICT",0.6074,,
2018,364,"Iran (Islamic Republic of)",FTRI02,"Skills",0.4693,,
2018,364,"Iran (Islamic Republic of)",FTRI03,"Research and Development",0.4926,,
2018,364,"Iran (Islamic Republic of)",FTRI04,"Industry activity",0.2143,,
2018,364,"Iran (Islamic Republic of)",FTRI05,"Access to finance",0.8775,,
2018,368,"Iraq",FTRI00,"Overall index",0.3471,,
2018,368,"Iraq",FTRI01,"ICT",0.417,,
2018,368,"Iraq",FTRI02,"Skills",0.3913,,
2018,368,"Iraq",FTRI03,"Research and Development",0.3543,,
2018,368,"Iraq",FTRI04,"Industry activity",0,,
2018,368,"Iraq",FTRI05,"Access to finance",0.6929,,
2018,372,"Ireland",FTRI00,"Overall index",0.9151,,
2018,372,"Ireland",FTRI01,"ICT",0.8699,,
2018,372,"Ireland",FTRI02,"Skills",0.853,,
2018,372,"Ireland",FTRI03,"Research and Development",0.5666,,
2018,372,"Ireland",FTRI04,"Industry activity",1,,
2018,372,"Ireland",FTRI05,"Access to finance",0.8402,,
2018,376,"Israel",FTRI00,"Overall index",0.8672,,
2018,376,"Israel",FTRI01,"ICT",0.7706,,
2018,376,"Israel",FTRI02,"Skills",0.7667,,
2018,376,"Israel",FTRI03,"Research and Development",0.6108,,
2018,376,"Israel",FTRI04,"Industry activity",0.9059,,
2018,376,"Israel",FTRI05,"Access to finance",0.8852,,
2018,380,"Italy",FTRI00,"Overall index",0.8323,,
2018,380,"Italy",FTRI01,"ICT",0.8227,,
2018,380,"Italy",FTRI02,"Skills",0.6845,,
2018,380,"Italy",FTRI03,"Research and Development",0.7054,,
2018,380,"Italy",FTRI04,"Industry activity",0.6995,,
2018,380,"Italy",FTRI05,"Access to finance",0.9003,,
2018,388,"Jamaica",FTRI00,"Overall index",0.4507,,
2018,388,"Jamaica",FTRI01,"ICT",0.7432,,
2018,388,"Jamaica",FTRI02,"Skills",0.4185,,
2018,388,"Jamaica",FTRI03,"Research and Development",0.1177,,
2018,388,"Jamaica",FTRI04,"Industry activity",0.213,,
2018,388,"Jamaica",FTRI05,"Access to finance",0.8458,,
2018,392,"Japan",FTRI00,"Overall index",0.8722,,
2018,392,"Japan",FTRI01,"ICT",0.9227,,
2018,392,"Japan",FTRI02,"Skills",0.5194,,
2018,392,"Japan",FTRI03,"Research and Development",0.7709,,
2018,392,"Japan",FTRI04,"Industry activity",0.7922,,
2018,392,"Japan",FTRI05,"Access to finance",0.9741,,
2018,400,"Jordan",FTRI00,"Overall index",0.5598,,
2018,400,"Jordan",FTRI01,"ICT",0.6611,,
2018,400,"Jordan",FTRI02,"Skills",0.4312,,
2018,400,"Jordan",FTRI03,"Research and Development",0.3415,,
2018,400,"Jordan",FTRI04,"Industry activity",0.5198,,
2018,400,"Jordan",FTRI05,"Access to finance",0.8989,,
2018,398,"Kazakhstan",FTRI00,"Overall index",0.5833,,
2018,398,"Kazakhstan",FTRI01,"ICT",0.7026,,
2018,398,"Kazakhstan",FTRI02,"Skills",0.5897,,
2018,398,"Kazakhstan",FTRI03,"Research and Development",0.348,,
2018,398,"Kazakhstan",FTRI04,"Industry activity",0.4531,,
2018,398,"Kazakhstan",FTRI05,"Access to finance",0.7976,,
2018,404,"Kenya",FTRI00,"Overall index",0.4308,,
2018,404,"Kenya",FTRI01,"ICT",0.5476,,
2018,404,"Kenya",FTRI02,"Skills",0.2736,,
2018,404,"Kenya",FTRI03,"Research and Development",0.2211,,
2018,404,"Kenya",FTRI04,"Industry activity",0.4518,,
2018,404,"Kenya",FTRI05,"Access to finance",0.8151,,
2018,414,"Kuwait",FTRI00,"Overall index",0.6086,,
2018,414,"Kuwait",FTRI01,"ICT",0.6923,,
2018,414,"Kuwait",FTRI02,"Skills",0.5263,,
2018,414,"Kuwait",FTRI03,"Research and Development",0.2084,,
2018,414,"Kuwait",FTRI04,"Industry activity",0.5776,,
2018,414,"Kuwait",FTRI05,"Access to finance",0.9164,,
2018,417,"Kyrgyzstan",FTRI00,"Overall index",0.3732,,
2018,417,"Kyrgyzstan",FTRI01,"ICT",0.5488,,
2018,417,"Kyrgyzstan",FTRI02,"Skills",0.3672,,
2018,417,"Kyrgyzstan",FTRI03,"Research and Development",0.0738,,
2018,417,"Kyrgyzstan",FTRI04,"Industry activity",0.3078,,
2018,417,"Kyrgyzstan",FTRI05,"Access to finance",0.7878,,
2018,418,"Lao People's Dem. Rep.",FTRI00,"Overall index",0.3985,,
2018,418,"Lao People's Dem. Rep.",FTRI01,"ICT",0.5639,,
2018,418,"Lao People's Dem. Rep.",FTRI02,"Skills",0.2814,,
2018,418,"Lao People's Dem. Rep.",FTRI03,"Research and Development",0.1056,,
2018,418,"Lao People's Dem. Rep.",FTRI04,"Industry activity",0.5523,,
2018,418,"Lao People's Dem. Rep.",FTRI05,"Access to finance",0.7773,,
2018,428,"Latvia",FTRI00,"Overall index",0.7527,,
2018,428,"Latvia",FTRI01,"ICT",0.9111,,
2018,428,"Latvia",FTRI02,"Skills",0.748,,
2018,428,"Latvia",FTRI03,"Research and Development",0.3584,,
2018,428,"Latvia",FTRI04,"Industry activity",0.669,,
2018,428,"Latvia",FTRI05,"Access to finance",0.8302,,
2018,422,"Lebanon",FTRI00,"Overall index",0.5702,,
2018,422,"Lebanon",FTRI01,"ICT",0.5981,,
2018,422,"Lebanon",FTRI02,"Skills",0.4649,,
2018,422,"Lebanon",FTRI03,"Research and Development",0.3168,,
2018,422,"Lebanon",FTRI04,"Industry activity",0.5076,,
2018,422,"Lebanon",FTRI05,"Access to finance",0.9314,,
2018,426,"Lesotho",FTRI00,"Overall index",0.357,,
2018,426,"Lesotho",FTRI01,"ICT",0.6428,,
2018,426,"Lesotho",FTRI02,"Skills",0.2746,,
2018,426,"Lesotho",FTRI03,"Research and Development",0.0318,,
2018,426,"Lesotho",FTRI04,"Industry activity",0.3196,,
2018,426,"Lesotho",FTRI05,"Access to finance",0.7736,,
2018,430,"Liberia",FTRI00,"Overall index",0.3355,,
2018,430,"Liberia",FTRI01,"ICT",0.346,,
2018,430,"Liberia",FTRI02,"Skills",0.2399,,
2018,430,"Liberia",FTRI03,"Research and Development",0.0318,,
2018,430,"Liberia",FTRI04,"Industry activity",0.4879,,
2018,430,"Liberia",FTRI05,"Access to finance",0.7575,,
2018,434,"Libya",FTRI00,"Overall index",0.3767,,
2018,434,"Libya",FTRI01,"ICT",0.3223,,
2018,434,"Libya",FTRI02,"Skills",0.5213,,
2018,434,"Libya",FTRI03,"Research and Development",0.1056,,
2018,434,"Libya",FTRI04,"Industry activity",0.2773,,
2018,434,"Libya",FTRI05,"Access to finance",0.7311,,
2018,440,"Lithuania",FTRI00,"Overall index",0.7411,,
2018,440,"Lithuania",FTRI01,"ICT",0.8974,,
2018,440,"Lithuania",FTRI02,"Skills",0.7599,,
2018,440,"Lithuania",FTRI03,"Research and Development",0.4023,,
2018,440,"Lithuania",FTRI04,"Industry activity",0.5758,,
2018,440,"Lithuania",FTRI05,"Access to finance",0.8395,,
2018,442,"Luxembourg",FTRI00,"Overall index",0.8879,,
2018,442,"Luxembourg",FTRI01,"ICT",0.9589,,
2018,442,"Luxembourg",FTRI02,"Skills",0.7922,,
2018,442,"Luxembourg",FTRI03,"Research and Development",0.4725,,
2018,442,"Luxembourg",FTRI04,"Industry activity",0.7793,,
2018,442,"Luxembourg",FTRI05,"Access to finance",0.9306,,
2018,450,"Madagascar",FTRI00,"Overall index",0.3002,,
2018,450,"Madagascar",FTRI01,"ICT",0.5034,,
2018,450,"Madagascar",FTRI02,"Skills",0.1562,,
2018,450,"Madagascar",FTRI03,"Research and Development",0.1242,,
2018,450,"Madagascar",FTRI04,"Industry activity",0.2677,,
2018,450,"Madagascar",FTRI05,"Access to finance",0.732,,
2018,454,"Malawi",FTRI00,"Overall index",0.237,,
2018,454,"Malawi",FTRI01,"ICT",0.1627,,
2018,454,"Malawi",FTRI02,"Skills",0.2121,,
2018,454,"Malawi",FTRI03,"Research and Development",0.1326,,
2018,454,"Malawi",FTRI04,"Industry activity",0.3116,,
2018,454,"Malawi",FTRI05,"Access to finance",0.6711,,
2018,458,"Malaysia",FTRI00,"Overall index",0.7484,,
2018,458,"Malaysia",FTRI01,"ICT",0.8243,,
2018,458,"Malaysia",FTRI02,"Skills",0.4918,,
2018,458,"Malaysia",FTRI03,"Research and Development",0.5403,,
2018,458,"Malaysia",FTRI04,"Industry activity",0.785,,
2018,458,"Malaysia",FTRI05,"Access to finance",0.9429,,
2018,462,"Maldives",FTRI00,"Overall index",0.4042,,
2018,462,"Maldives",FTRI01,"ICT",0.5976,,
2018,462,"Maldives",FTRI02,"Skills",0.5293,,
2018,462,"Maldives",FTRI03,"Research and Development",0.0504,,
2018,462,"Maldives",FTRI04,"Industry activity",0.149,,
2018,462,"Maldives",FTRI05,"Access to finance",0.8146,,
2018,466,"Mali",FTRI00,"Overall index",0.2541,,
2018,466,"Mali",FTRI01,"ICT",0.3111,,
2018,466,"Mali",FTRI02,"Skills",0.0392,,
2018,466,"Mali",FTRI03,"Research and Development",0.0954,,
2018,466,"Mali",FTRI04,"Industry activity",0.4046,,
2018,466,"Mali",FTRI05,"Access to finance",0.7963,,
2018,470,"Malta",FTRI00,"Overall index",0.7775,,
2018,470,"Malta",FTRI01,"ICT",0.8277,,
2018,470,"Malta",FTRI02,"Skills",0.7128,,
2018,470,"Malta",FTRI03,"Research and Development",0.3334,,
2018,470,"Malta",FTRI04,"Industry activity",0.843,,
2018,470,"Malta",FTRI05,"Access to finance",0.8949,,
2018,478,"Mauritania",FTRI00,"Overall index",0.262,,
2018,478,"Mauritania",FTRI01,"ICT",0.3649,,
2018,478,"Mauritania",FTRI02,"Skills",0.1503,,
2018,478,"Mauritania",FTRI03,"Research and Development",0.0954,,
2018,478,"Mauritania",FTRI04,"Industry activity",0.2485,,
2018,478,"Mauritania",FTRI05,"Access to finance",0.7822,,
2018,480,"Mauritius",FTRI00,"Overall index",0.5565,,
2018,480,"Mauritius",FTRI01,"ICT",0.5849,,
2018,480,"Mauritius",FTRI02,"Skills",0.5216,,
2018,480,"Mauritius",FTRI03,"Research and Development",0.2588,,
2018,480,"Mauritius",FTRI04,"Industry activity",0.5135,,
2018,480,"Mauritius",FTRI05,"Access to finance",0.8985,,
2018,175,"Mayotte",FTRI00,"Overall index",0.6444,,
2018,175,"Mayotte",FTRI01,"ICT",0.7228,,
2018,175,"Mayotte",FTRI02,"Skills",0.6388,,
2018,175,"Mayotte",FTRI03,"Research and Development",0.547,,
2018,175,"Mayotte",FTRI04,"Industry activity",0.2743,,
2018,175,"Mayotte",FTRI05,"Access to finance",0.8634,,
2018,484,"Mexico",FTRI00,"Overall index",0.6597,,
2018,484,"Mexico",FTRI01,"ICT",0.6714,,
2018,484,"Mexico",FTRI02,"Skills",0.4905,,
2018,484,"Mexico",FTRI03,"Research and Development",0.5502,,
2018,484,"Mexico",FTRI04,"Industry activity",0.6966,,
2018,484,"Mexico",FTRI05,"Access to finance",0.8222,,
2018,496,"Mongolia",FTRI00,"Overall index",0.4189,,
2018,496,"Mongolia",FTRI01,"ICT",0.5022,,
2018,496,"Mongolia",FTRI02,"Skills",0.5103,,
2018,496,"Mongolia",FTRI03,"Research and Development",0.13,,
2018,496,"Mongolia",FTRI04,"Industry activity",0.1773,,
2018,496,"Mongolia",FTRI05,"Access to finance",0.8695,,
2018,499,"Montenegro",FTRI00,"Overall index",0.5594,,
2018,499,"Montenegro",FTRI01,"ICT",0.7298,,
2018,499,"Montenegro",FTRI02,"Skills",0.6506,,
2018,499,"Montenegro",FTRI03,"Research and Development",0.1272,,
2018,499,"Montenegro",FTRI04,"Industry activity",0.4086,,
2018,499,"Montenegro",FTRI05,"Access to finance",0.8589,,
2018,504,"Morocco",FTRI00,"Overall index",0.564,,
2018,504,"Morocco",FTRI01,"ICT",0.6579,,
2018,504,"Morocco",FTRI02,"Skills",0.3171,,
2018,504,"Morocco",FTRI03,"Research and Development",0.4489,,
2018,504,"Morocco",FTRI04,"Industry activity",0.5207,,
2018,504,"Morocco",FTRI05,"Access to finance",0.903,,
2018,508,"Mozambique",FTRI00,"Overall index",0.2391,,
2018,508,"Mozambique",FTRI01,"ICT",0.2602,,
2018,508,"Mozambique",FTRI02,"Skills",0.1727,,
2018,508,"Mozambique",FTRI03,"Research and Development",0.1438,,
2018,508,"Mozambique",FTRI04,"Industry activity",0.2113,,
2018,508,"Mozambique",FTRI05,"Access to finance",0.7826,,
2018,104,"Myanmar",FTRI00,"Overall index",0.3735,,
2018,104,"Myanmar",FTRI01,"ICT",0.5476,,
2018,104,"Myanmar",FTRI02,"Skills",0.219,,
2018,104,"Myanmar",FTRI03,"Research and Development",0.159,,
2018,104,"Myanmar",FTRI04,"Industry activity",0.3911,,
2018,104,"Myanmar",FTRI05,"Access to finance",0.7986,,
2018,516,"Namibia",FTRI00,"Overall index",0.4547,,
2018,516,"Namibia",FTRI01,"ICT",0.5398,,
2018,516,"Namibia",FTRI02,"Skills",0.3557,,
2018,516,"Namibia",FTRI03,"Research and Development",0.1495,,
2018,516,"Namibia",FTRI04,"Industry activity",0.543,,
2018,516,"Namibia",FTRI05,"Access to finance",0.8858,,
2018,524,"Nepal",FTRI00,"Overall index",0.453,,
2018,524,"Nepal",FTRI01,"ICT",0.4589,,
2018,524,"Nepal",FTRI02,"Skills",0.3464,,
2018,524,"Nepal",FTRI03,"Research and Development",0.1901,,
2018,524,"Nepal",FTRI04,"Industry activity",0.51,,
2018,524,"Nepal",FTRI05,"Access to finance",0.8998,,
2018,528,"Netherlands (Kingdom of the)",FTRI00,"Overall index",0.9632,,
2018,528,"Netherlands (Kingdom of the)",FTRI01,"ICT",0.9519,,
2018,528,"Netherlands (Kingdom of the)",FTRI02,"Skills",0.8718,,
2018,528,"Netherlands (Kingdom of the)",FTRI03,"Research and Development",0.6801,,
2018,528,"Netherlands (Kingdom of the)",FTRI04,"Industry activity",0.8433,,
2018,528,"Netherlands (Kingdom of the)",FTRI05,"Access to finance",0.9304,,
2018,554,"New Zealand",FTRI00,"Overall index",0.826,,
2018,554,"New Zealand",FTRI01,"ICT",0.9022,,
2018,554,"New Zealand",FTRI02,"Skills",0.8714,,
2018,554,"New Zealand",FTRI03,"Research and Development",0.5191,,
2018,554,"New Zealand",FTRI04,"Industry activity",0.4835,,
2018,554,"New Zealand",FTRI05,"Access to finance",0.9658,,
2018,558,"Nicaragua",FTRI00,"Overall index",0.3632,,
2018,558,"Nicaragua",FTRI01,"ICT",0.5182,,
2018,558,"Nicaragua",FTRI02,"Skills",0.3297,,
2018,558,"Nicaragua",FTRI03,"Research and Development",0.0636,,
2018,558,"Nicaragua",FTRI04,"Industry activity",0.272,,
2018,558,"Nicaragua",FTRI05,"Access to finance",0.8383,,
2018,562,"Niger",FTRI00,"Overall index",0.2368,,
2018,562,"Niger",FTRI01,"ICT",0.1687,,
2018,562,"Niger",FTRI02,"Skills",0.1086,,
2018,562,"Niger",FTRI03,"Research and Development",0.1056,,
2018,562,"Niger",FTRI04,"Industry activity",0.5051,,
2018,562,"Niger",FTRI05,"Access to finance",0.7093,,
2018,566,"Nigeria",FTRI00,"Overall index",0.3663,,
2018,566,"Nigeria",FTRI01,"ICT",0.4278,,
2018,566,"Nigeria",FTRI02,"Skills",0.3783,,
2018,566,"Nigeria",FTRI03,"Research and Development",0.2743,,
2018,566,"Nigeria",FTRI04,"Industry activity",0.199,,
2018,566,"Nigeria",FTRI05,"Access to finance",0.7097,,
2018,807,"North Macedonia",FTRI00,"Overall index",0.5748,,
2018,807,"North Macedonia",FTRI01,"ICT",0.7762,,
2018,807,"North Macedonia",FTRI02,"Skills",0.5049,,
2018,807,"North Macedonia",FTRI03,"Research and Development",0.1838,,
2018,807,"North Macedonia",FTRI04,"Industry activity",0.5283,,
2018,807,"North Macedonia",FTRI05,"Access to finance",0.8602,,
2018,578,"Norway",FTRI00,"Overall index",0.8953,,
2018,578,"Norway",FTRI01,"ICT",0.9721,,
2018,578,"Norway",FTRI02,"Skills",0.9038,,
2018,578,"Norway",FTRI03,"Research and Development",0.5641,,
2018,578,"Norway",FTRI04,"Industry activity",0.5901,,
2018,578,"Norway",FTRI05,"Access to finance",0.9589,,
2018,512,"Oman",FTRI00,"Overall index",0.5364,,
2018,512,"Oman",FTRI01,"ICT",0.7006,,
2018,512,"Oman",FTRI02,"Skills",0.4602,,
2018,512,"Oman",FTRI03,"Research and Development",0.2759,,
2018,512,"Oman",FTRI04,"Industry activity",0.4036,,
2018,512,"Oman",FTRI05,"Access to finance",0.8787,,
2018,586,"Pakistan",FTRI00,"Overall index",0.3205,,
2018,586,"Pakistan",FTRI01,"ICT",0.2885,,
2018,586,"Pakistan",FTRI02,"Skills",0.0952,,
2018,586,"Pakistan",FTRI03,"Research and Development",0.3381,,
2018,586,"Pakistan",FTRI04,"Industry activity",0.4108,,
2018,586,"Pakistan",FTRI05,"Access to finance",0.7555,,
2018,591,"Panama",FTRI00,"Overall index",0.5849,,
2018,591,"Panama",FTRI01,"ICT",0.7093,,
2018,591,"Panama",FTRI02,"Skills",0.4589,,
2018,591,"Panama",FTRI03,"Research and Development",0.2412,,
2018,591,"Panama",FTRI04,"Industry activity",0.6429,,
2018,591,"Panama",FTRI05,"Access to finance",0.9089,,
2018,598,"Papua New Guinea",FTRI00,"Overall index",0.2759,,
2018,598,"Papua New Guinea",FTRI01,"ICT",0.2743,,
2018,598,"Papua New Guinea",FTRI02,"Skills",0.2359,,
2018,598,"Papua New Guinea",FTRI03,"Research and Development",0.1008,,
2018,598,"Papua New Guinea",FTRI04,"Industry activity",0.3282,,
2018,598,"Papua New Guinea",FTRI05,"Access to finance",0.7669,,
2018,600,"Paraguay",FTRI00,"Overall index",0.4095,,
2018,600,"Paraguay",FTRI01,"ICT",0.568,,
2018,600,"Paraguay",FTRI02,"Skills",0.4228,,
2018,600,"Paraguay",FTRI03,"Research and Development",0.1272,,
2018,600,"Paraguay",FTRI04,"Industry activity",0.2472,,
2018,600,"Paraguay",FTRI05,"Access to finance",0.8489,,
2018,604,"Peru",FTRI00,"Overall index",0.4827,,
2018,604,"Peru",FTRI01,"ICT",0.6087,,
2018,604,"Peru",FTRI02,"Skills",0.4278,,
2018,604,"Peru",FTRI03,"Research and Development",0.3052,,
2018,604,"Peru",FTRI04,"Industry activity",0.2576,,
2018,604,"Peru",FTRI05,"Access to finance",0.8474,,
2018,608,"Philippines",FTRI00,"Overall index",0.6472,,
2018,608,"Philippines",FTRI01,"ICT",0.618,,
2018,608,"Philippines",FTRI02,"Skills",0.454,,
2018,608,"Philippines",FTRI03,"Research and Development",0.4333,,
2018,608,"Philippines",FTRI04,"Industry activity",0.8387,,
2018,608,"Philippines",FTRI05,"Access to finance",0.855,,
2018,616,"Poland",FTRI00,"Overall index",0.808,,
2018,616,"Poland",FTRI01,"ICT",0.8584,,
2018,616,"Poland",FTRI02,"Skills",0.7026,,
2018,616,"Poland",FTRI03,"Research and Development",0.6076,,
2018,616,"Poland",FTRI04,"Industry activity",0.6899,,
2018,616,"Poland",FTRI05,"Access to finance",0.8642,,
2018,620,"Portugal",FTRI00,"Overall index",0.7657,,
2018,620,"Portugal",FTRI01,"ICT",0.8599,,
2018,620,"Portugal",FTRI02,"Skills",0.6915,,
2018,620,"Portugal",FTRI03,"Research and Development",0.5234,,
2018,620,"Portugal",FTRI04,"Industry activity",0.5669,,
2018,620,"Portugal",FTRI05,"Access to finance",0.9225,,
2018,634,"Qatar",FTRI00,"Overall index",0.5236,,
2018,634,"Qatar",FTRI01,"ICT",0.7263,,
2018,634,"Qatar",FTRI02,"Skills",0.4001,,
2018,634,"Qatar",FTRI03,"Research and Development",0.3234,,
2018,634,"Qatar",FTRI04,"Industry activity",0.2772,,
2018,634,"Qatar",FTRI05,"Access to finance",0.9048,,
2018,410,"Republic of Korea",FTRI00,"Overall index",0.9274,,
2018,410,"Republic of Korea",FTRI01,"ICT",0.9003,,
2018,410,"Republic of Korea",FTRI02,"Skills",0.716,,
2018,410,"Republic of Korea",FTRI03,"Research and Development",0.8164,,
2018,410,"Republic of Korea",FTRI04,"Industry activity",0.8063,,
2018,410,"Republic of Korea",FTRI05,"Access to finance",0.958,,
2018,498,"Republic of Moldova",FTRI00,"Overall index",0.5492,,
2018,498,"Republic of Moldova",FTRI01,"ICT",0.7458,,
2018,498,"Republic of Moldova",FTRI02,"Skills",0.4382,,
2018,498,"Republic of Moldova",FTRI03,"Research and Development",0.2918,,
2018,498,"Republic of Moldova",FTRI04,"Industry activity",0.4822,,
2018,498,"Republic of Moldova",FTRI05,"Access to finance",0.7888,,
2018,642,"Romania",FTRI00,"Overall index",0.7171,,
2018,642,"Romania",FTRI01,"ICT",0.9139,,
2018,642,"Romania",FTRI02,"Skills",0.4955,,
2018,642,"Romania",FTRI03,"Research and Development",0.5163,,
2018,642,"Romania",FTRI04,"Industry activity",0.6713,,
2018,642,"Romania",FTRI05,"Access to finance",0.7961,,
2018,643,"Russian Federation",FTRI00,"Overall index",0.7864,,
2018,643,"Russian Federation",FTRI01,"ICT",0.8254,,
2018,643,"Russian Federation",FTRI02,"Skills",0.6996,,
2018,643,"Russian Federation",FTRI03,"Research and Development",0.683,,
2018,643,"Russian Federation",FTRI04,"Industry activity",0.5183,,
2018,643,"Russian Federation",FTRI05,"Access to finance",0.8621,,
2018,646,"Rwanda",FTRI00,"Overall index",0.2994,,
2018,646,"Rwanda",FTRI01,"ICT",0.4015,,
2018,646,"Rwanda",FTRI02,"Skills",0.2254,,
2018,646,"Rwanda",FTRI03,"Research and Development",0.1458,,
2018,646,"Rwanda",FTRI04,"Industry activity",0.2605,,
2018,646,"Rwanda",FTRI05,"Access to finance",0.7794,,
2018,662,"Saint Lucia",FTRI00,"Overall index",0.4275,,
2018,662,"Saint Lucia",FTRI01,"ICT",0.6385,,
2018,662,"Saint Lucia",FTRI02,"Skills",0.4696,,
2018,662,"Saint Lucia",FTRI03,"Research and Development",0,,
2018,662,"Saint Lucia",FTRI04,"Industry activity",0.3135,,
2018,662,"Saint Lucia",FTRI05,"Access to finance",0.8703,,
2018,670,"Saint Vincent and the Grenadines",FTRI00,"Overall index",0.4125,,
2018,670,"Saint Vincent and the Grenadines",FTRI01,"ICT",0.5857,,
2018,670,"Saint Vincent and the Grenadines",FTRI02,"Skills",0.5832,,
2018,670,"Saint Vincent and the Grenadines",FTRI03,"Research and Development",0.0504,,
2018,670,"Saint Vincent and the Grenadines",FTRI04,"Industry activity",0.0612,,
2018,670,"Saint Vincent and the Grenadines",FTRI05,"Access to finance",0.8486,,
2018,882,"Samoa",FTRI00,"Overall index",0.3842,,
2018,882,"Samoa",FTRI01,"ICT",0.4462,,
2018,882,"Samoa",FTRI02,"Skills",0.4051,,
2018,882,"Samoa",FTRI03,"Research and Development",0.083,,
2018,882,"Samoa",FTRI04,"Industry activity",0.4221,,
2018,882,"Samoa",FTRI05,"Access to finance",0.7959,,
2018,678,"Sao Tome and Principe",FTRI00,"Overall index",0.2813,,
2018,678,"Sao Tome and Principe",FTRI01,"ICT",0.4294,,
2018,678,"Sao Tome and Principe",FTRI02,"Skills",0.3434,,
2018,678,"Sao Tome and Principe",FTRI03,"Research and Development",0,,
2018,678,"Sao Tome and Principe",FTRI04,"Industry activity",0.1363,,
2018,678,"Sao Tome and Principe",FTRI05,"Access to finance",0.7933,,
2018,682,"Saudi Arabia",FTRI00,"Overall index",0.6444,,
2018,682,"Saudi Arabia",FTRI01,"ICT",0.7228,,
2018,682,"Saudi Arabia",FTRI02,"Skills",0.6388,,
2018,682,"Saudi Arabia",FTRI03,"Research and Development",0.547,,
2018,682,"Saudi Arabia",FTRI04,"Industry activity",0.2743,,
2018,682,"Saudi Arabia",FTRI05,"Access to finance",0.8634,,
2018,686,"Senegal",FTRI00,"Overall index",0.3331,,
2018,686,"Senegal",FTRI01,"ICT",0.4395,,
2018,686,"Senegal",FTRI02,"Skills",0.135,,
2018,686,"Senegal",FTRI03,"Research and Development",0.1871,,
2018,686,"Senegal",FTRI04,"Industry activity",0.3693,,
2018,686,"Senegal",FTRI05,"Access to finance",0.81,,
2018,688,"Serbia",FTRI00,"Overall index",0.675,,
2018,688,"Serbia",FTRI01,"ICT",0.8043,,
2018,688,"Serbia",FTRI02,"Skills",0.5587,,
2018,688,"Serbia",FTRI03,"Research and Development",0.3638,,
2018,688,"Serbia",FTRI04,"Industry activity",0.6561,,
2018,688,"Serbia",FTRI05,"Access to finance",0.8419,,
2018,694,"Sierra Leone",FTRI00,"Overall index",0.046,,
2018,694,"Sierra Leone",FTRI01,"ICT",0.3149,,
2018,694,"Sierra Leone",FTRI02,"Skills",0.1348,,
2018,694,"Sierra Leone",FTRI03,"Research and Development",0.0504,,
2018,694,"Sierra Leone",FTRI04,"Industry activity",0.4158,,
2018,694,"Sierra Leone",FTRI05,"Access to finance",0,,
2018,702,"Singapore",FTRI00,"Overall index",0.9595,,
2018,702,"Singapore",FTRI01,"ICT",1,,
2018,702,"Singapore",FTRI02,"Skills",0.8899,,
2018,702,"Singapore",FTRI03,"Research and Development",0.5867,,
2018,702,"Singapore",FTRI04,"Industry activity",0.8745,,
2018,702,"Singapore",FTRI05,"Access to finance",0.9409,,
2018,703,"Slovakia",FTRI00,"Overall index",0.7507,,
2018,703,"Slovakia",FTRI01,"ICT",0.8914,,
2018,703,"Slovakia",FTRI02,"Skills",0.5838,,
2018,703,"Slovakia",FTRI03,"Research and Development",0.4595,,
2018,703,"Slovakia",FTRI04,"Industry activity",0.7275,,
2018,703,"Slovakia",FTRI05,"Access to finance",0.8797,,
2018,705,"Slovenia",FTRI00,"Overall index",0.7728,,
2018,705,"Slovenia",FTRI01,"ICT",0.872,,
2018,705,"Slovenia",FTRI02,"Skills",0.7995,,
2018,705,"Slovenia",FTRI03,"Research and Development",0.3967,,
2018,705,"Slovenia",FTRI04,"Industry activity",0.6995,,
2018,705,"Slovenia",FTRI05,"Access to finance",0.8462,,
2018,090,"Solomon Islands",FTRI00,"Overall index",0.2896,,
2018,090,"Solomon Islands",FTRI01,"ICT",0.4913,,
2018,090,"Solomon Islands",FTRI02,"Skills",0.2731,,
2018,090,"Solomon Islands",FTRI03,"Research and Development",0,,
2018,090,"Solomon Islands",FTRI04,"Industry activity",0.1431,,
2018,090,"Solomon Islands",FTRI05,"Access to finance",0.8136,,
2018,710,"South Africa",FTRI00,"Overall index",0.6647,,
2018,710,"South Africa",FTRI01,"ICT",0.7003,,
2018,710,"South Africa",FTRI02,"Skills",0.5013,,
2018,710,"South Africa",FTRI03,"Research and Development",0.4913,,
2018,710,"South Africa",FTRI04,"Industry activity",0.5313,,
2018,710,"South Africa",FTRI05,"Access to finance",0.9414,,
2018,728,"South Sudan",FTRI00,"Overall index",0,,
2018,728,"South Sudan",FTRI01,"ICT",0,,
2018,728,"South Sudan",FTRI02,"Skills",0,,
2018,728,"South Sudan",FTRI03,"Research and Development",0,,
2018,728,"South Sudan",FTRI04,"Industry activity",0.0344,,
2018,728,"South Sudan",FTRI05,"Access to finance",0.5294,,
2018,724,"Spain",FTRI00,"Overall index",0.846,,
2018,724,"Spain",FTRI01,"ICT",0.9108,,
2018,724,"Spain",FTRI02,"Skills",0.7115,,
2018,724,"Spain",FTRI03,"Research and Development",0.6818,,
2018,724,"Spain",FTRI04,"Industry activity",0.6305,,
2018,724,"Spain",FTRI05,"Access to finance",0.9249,,
2018,144,"Sri Lanka",FTRI00,"Overall index",0.4768,,
2018,144,"Sri Lanka",FTRI01,"ICT",0.5536,,
2018,144,"Sri Lanka",FTRI02,"Skills",0.4399,,
2018,144,"Sri Lanka",FTRI03,"Research and Development",0.228,,
2018,144,"Sri Lanka",FTRI04,"Industry activity",0.3984,,
2018,144,"Sri Lanka",FTRI05,"Access to finance",0.8533,,
2018,729,"Sudan",FTRI00,"Overall index",0.2236,,
2018,729,"Sudan",FTRI01,"ICT",0.3883,,
2018,729,"Sudan",FTRI02,"Skills",0.166,,
2018,729,"Sudan",FTRI03,"Research and Development",0.1776,,
2018,729,"Sudan",FTRI04,"Industry activity",0.0327,,
2018,729,"Sudan",FTRI05,"Access to finance",0.701,,
2018,736,"Sudan (...2011)",FTRI00,"Overall index",,,"Not applicable"
2018,736,"Sudan (...2011)",FTRI01,"ICT",,,"Not applicable"
2018,736,"Sudan (...2011)",FTRI02,"Skills",,,"Not applicable"
2018,736,"Sudan (...2011)",FTRI03,"Research and Development",,,"Not applicable"
2018,736,"Sudan (...2011)",FTRI04,"Industry activity",,,"Not applicable"
2018,736,"Sudan (...2011)",FTRI05,"Access to finance",,,"Not applicable"
2018,740,"Suriname",FTRI00,"Overall index",0.372,,
2018,740,"Suriname",FTRI01,"ICT",0.5775,,
2018,740,"Suriname",FTRI02,"Skills",0.4171,,
2018,740,"Suriname",FTRI03,"Research and Development",0,,
2018,740,"Suriname",FTRI04,"Industry activity",0.2485,,
2018,740,"Suriname",FTRI05,"Access to finance",0.7913,,
2018,752,"Sweden",FTRI00,"Overall index",0.9833,,
2018,752,"Sweden",FTRI01,"ICT",0.9731,,
2018,752,"Sweden",FTRI02,"Skills",0.9315,,
2018,752,"Sweden",FTRI03,"Research and Development",0.6606,,
2018,752,"Sweden",FTRI04,"Industry activity",0.815,,
2018,752,"Sweden",FTRI05,"Access to finance",0.9516,,
2018,756,"Switzerland",FTRI00,"Overall index",0.9594,,
2018,756,"Switzerland",FTRI01,"ICT",0.9321,,
2018,756,"Switzerland",FTRI02,"Skills",0.791,,
2018,756,"Switzerland",FTRI03,"Research and Development",0.6766,,
2018,756,"Switzerland",FTRI04,"Industry activity",0.9049,,
2018,756,"Switzerland",FTRI05,"Access to finance",0.9758,,
2018,762,"Tajikistan",FTRI00,"Overall index",0.2387,,
2018,762,"Tajikistan",FTRI01,"ICT",0.3153,,
2018,762,"Tajikistan",FTRI02,"Skills",0.3136,,
2018,762,"Tajikistan",FTRI03,"Research and Development",0,,
2018,762,"Tajikistan",FTRI04,"Industry activity",0.204,,
2018,762,"Tajikistan",FTRI05,"Access to finance",0.7242,,
2018,764,"Thailand",FTRI00,"Overall index",0.7098,,
2018,764,"Thailand",FTRI01,"ICT",0.7889,,
2018,764,"Thailand",FTRI02,"Skills",0.4961,,
2018,764,"Thailand",FTRI03,"Research and Development",0.4914,,
2018,764,"Thailand",FTRI04,"Industry activity",0.6811,,
2018,764,"Thailand",FTRI05,"Access to finance",0.96,,
2018,626,"Timor-Leste",FTRI00,"Overall index",0.2567,,
2018,626,"Timor-Leste",FTRI01,"ICT",0.2851,,
2018,626,"Timor-Leste",FTRI02,"Skills",0.3309,,
2018,626,"Timor-Leste",FTRI03,"Research and Development",0.0504,,
2018,626,"Timor-Leste",FTRI04,"Industry activity",0.2258,,
2018,626,"Timor-Leste",FTRI05,"Access to finance",0.7516,,
2018,768,"Togo",FTRI00,"Overall index",0.339,,
2018,768,"Togo",FTRI01,"ICT",0.2868,,
2018,768,"Togo",FTRI02,"Skills",0.3485,,
2018,768,"Togo",FTRI03,"Research and Development",0.1272,,
2018,768,"Togo",FTRI04,"Industry activity",0.3571,,
2018,768,"Togo",FTRI05,"Access to finance",0.8042,,
2018,780,"Trinidad and Tobago",FTRI00,"Overall index",0.5268,,
2018,780,"Trinidad and Tobago",FTRI01,"ICT",0.7887,,
2018,780,"Trinidad and Tobago",FTRI02,"Skills",0.5331,,
2018,780,"Trinidad and Tobago",FTRI03,"Research and Development",0.1326,,
2018,780,"Trinidad and Tobago",FTRI04,"Industry activity",0.3554,,
2018,780,"Trinidad and Tobago",FTRI05,"Access to finance",0.8334,,
2018,788,"Tunisia",FTRI00,"Overall index",0.6131,,
2018,788,"Tunisia",FTRI01,"ICT",0.6464,,
2018,788,"Tunisia",FTRI02,"Skills",0.4933,,
2018,788,"Tunisia",FTRI03,"Research and Development",0.4283,,
2018,788,"Tunisia",FTRI04,"Industry activity",0.5897,,
2018,788,"Tunisia",FTRI05,"Access to finance",0.8824,,
2018,792,"Turkiye",FTRI00,"Overall index",0.6906,,
2018,792,"Turkiye",FTRI01,"ICT",0.6948,,
2018,792,"Turkiye",FTRI02,"Skills",0.6542,,
2018,792,"Turkiye",FTRI03,"Research and Development",0.5749,,
2018,792,"Turkiye",FTRI04,"Industry activity",0.4702,,
2018,792,"Turkiye",FTRI05,"Access to finance",0.8882,,
2018,800,"Uganda",FTRI00,"Overall index",0.2598,,
2018,800,"Uganda",FTRI01,"ICT",0.1891,,
2018,800,"Uganda",FTRI02,"Skills",0.2253,,
2018,800,"Uganda",FTRI03,"Research and Development",0.1795,,
2018,800,"Uganda",FTRI04,"Industry activity",0.3335,,
2018,800,"Uganda",FTRI05,"Access to finance",0.7368,,
2018,804,"Ukraine",FTRI00,"Overall index",0.6562,,
2018,804,"Ukraine",FTRI01,"ICT",0.7615,,
2018,804,"Ukraine",FTRI02,"Skills",0.5878,,
2018,804,"Ukraine",FTRI03,"Research and Development",0.4131,,
2018,804,"Ukraine",FTRI04,"Industry activity",0.5415,,
2018,804,"Ukraine",FTRI05,"Access to finance",0.8247,,
2018,784,"United Arab Emirates",FTRI00,"Overall index",0.7001,,
2018,784,"United Arab Emirates",FTRI01,"ICT",0.7387,,
2018,784,"United Arab Emirates",FTRI02,"Skills",0.5706,,
2018,784,"United Arab Emirates",FTRI03,"Research and Development",0.4361,,
2018,784,"United Arab Emirates",FTRI04,"Industry activity",0.7076,,
2018,784,"United Arab Emirates",FTRI05,"Access to finance",0.8962,,
2018,826,"United Kingdom",FTRI00,"Overall index",0.9673,,
2018,826,"United Kingdom",FTRI01,"ICT",0.8791,,
2018,826,"United Kingdom",FTRI02,"Skills",0.8412,,
2018,826,"United Kingdom",FTRI03,"Research and Development",0.7556,,
2018,826,"United Kingdom",FTRI04,"Industry activity",0.8508,,
2018,826,"United Kingdom",FTRI05,"Access to finance",0.9531,,
2018,834,"United Republic of Tanzania",FTRI00,"Overall index",0.2722,,
2018,834,"United Republic of Tanzania",FTRI01,"ICT",0.3497,,
2018,834,"United Republic of Tanzania",FTRI02,"Skills",0.0704,,
2018,834,"United Republic of Tanzania",FTRI03,"Research and Development",0.1804,,
2018,834,"United Republic of Tanzania",FTRI04,"Industry activity",0.4569,,
2018,834,"United Republic of Tanzania",FTRI05,"Access to finance",0.73,,
2018,840,"United States",FTRI00,"Overall index",1,,
2018,840,"United States",FTRI01,"ICT",0.9102,,
2018,840,"United States",FTRI02,"Skills",0.7963,,
2018,840,"United States",FTRI03,"Research and Development",0.9339,,
2018,840,"United States",FTRI04,"Industry activity",0.7791,,
2018,840,"United States",FTRI05,"Access to finance",0.9826,,
2018,858,"Uruguay",FTRI00,"Overall index",0.5613,,
2018,858,"Uruguay",FTRI01,"ICT",0.7419,,
2018,858,"Uruguay",FTRI02,"Skills",0.5713,,
2018,858,"Uruguay",FTRI03,"Research and Development",0.2499,,
2018,858,"Uruguay",FTRI04,"Industry activity",0.4293,,
2018,858,"Uruguay",FTRI05,"Access to finance",0.7939,,
2018,860,"Uzbekistan",FTRI00,"Overall index",0.4067,,
2018,860,"Uzbekistan",FTRI01,"ICT",0.484,,
2018,860,"Uzbekistan",FTRI02,"Skills",0.3962,,
2018,860,"Uzbekistan",FTRI03,"Research and Development",0.1863,,
2018,860,"Uzbekistan",FTRI04,"Industry activity",0.3796,,
2018,860,"Uzbekistan",FTRI05,"Access to finance",0.7849,,
2018,548,"Vanuatu",FTRI00,"Overall index",0.3534,,
2018,548,"Vanuatu",FTRI01,"ICT",0.5086,,
2018,548,"Vanuatu",FTRI02,"Skills",0.2991,,
2018,548,"Vanuatu",FTRI03,"Research and Development",0.0318,,
2018,548,"Vanuatu",FTRI04,"Industry activity",0.3061,,
2018,548,"Vanuatu",FTRI05,"Access to finance",0.8794,,
2018,862,"Venezuela (Bolivarian Rep. of)",FTRI00,"Overall index",0.4302,,
2018,862,"Venezuela (Bolivarian Rep. of)",FTRI01,"ICT",0.5237,,
2018,862,"Venezuela (Bolivarian Rep. of)",FTRI02,"Skills",0.4778,,
2018,862,"Venezuela (Bolivarian Rep. of)",FTRI03,"Research and Development",0.1981,,
2018,862,"Venezuela (Bolivarian Rep. of)",FTRI04,"Industry activity",0.2741,,
2018,862,"Venezuela (Bolivarian Rep. of)",FTRI05,"Access to finance",0.8111,,
2018,704,"Viet Nam",FTRI00,"Overall index",0.609,,
2018,704,"Viet Nam",FTRI01,"ICT",0.7254,,
2018,704,"Viet Nam",FTRI02,"Skills",0.3402,,
2018,704,"Viet Nam",FTRI03,"Research and Development",0.4047,,
2018,704,"Viet Nam",FTRI04,"Industry activity",0.7005,,
2018,704,"Viet Nam",FTRI05,"Access to finance",0.9303,,
2018,887,"Yemen",FTRI00,"Overall index",0.2177,,
2018,887,"Yemen",FTRI01,"ICT",0.2301,,
2018,887,"Yemen",FTRI02,"Skills",0.1426,,
2018,887,"Yemen",FTRI03,"Research and Development",0.1397,,
2018,887,"Yemen",FTRI04,"Industry activity",0.3441,,
2018,887,"Yemen",FTRI05,"Access to finance",0.6531,,
2018,894,"Zambia",FTRI00,"Overall index",0.2714,,
2018,894,"Zambia",FTRI01,"ICT",0.3227,,
2018,894,"Zambia",FTRI02,"Skills",0.2484,,
2018,894,"Zambia",FTRI03,"Research and Development",0.1458,,
2018,894,"Zambia",FTRI04,"Industry activity",0.1982,,
2018,894,"Zambia",FTRI05,"Access to finance",0.7456,,
2018,716,"Zimbabwe",FTRI00,"Overall index",0.2841,,
2018,716,"Zimbabwe",FTRI01,"ICT",0.456,,
2018,716,"Zimbabwe",FTRI02,"Skills",0.2204,,
2018,716,"Zimbabwe",FTRI03,"Research and Development",0.1766,,
2018,716,"Zimbabwe",FTRI04,"Industry activity",0.2214,,
2018,716,"Zimbabwe",FTRI05,"Access to finance",0.6563,,
2019,004,"Afghanistan",FTRI00,"Overall index",0.1793,,
2019,004,"Afghanistan",FTRI01,"ICT",0.2662,,
2019,004,"Afghanistan",FTRI02,"Skills",0.2177,,
2019,004,"Afghanistan",FTRI03,"Research and Development",0.1211,,
2019,004,"Afghanistan",FTRI04,"Industry activity",0.1672,,
2019,004,"Afghanistan",FTRI05,"Access to finance",0.5931,,
2019,008,"Albania",FTRI00,"Overall index",0.4829,,
2019,008,"Albania",FTRI01,"ICT",0.7152,,
2019,008,"Albania",FTRI02,"Skills",0.5106,,
2019,008,"Albania",FTRI03,"Research and Development",0.1374,,
2019,008,"Albania",FTRI04,"Industry activity",0.3597,,
2019,008,"Albania",FTRI05,"Access to finance",0.8088,,
2019,012,"Algeria",FTRI00,"Overall index",0.4179,,
2019,012,"Algeria",FTRI01,"ICT",0.5055,,
2019,012,"Algeria",FTRI02,"Skills",0.5273,,
2019,012,"Algeria",FTRI03,"Research and Development",0.2903,,
2019,012,"Algeria",FTRI04,"Industry activity",0.1542,,
2019,012,"Algeria",FTRI05,"Access to finance",0.7787,,
2019,024,"Angola",FTRI00,"Overall index",0.2448,,
2019,024,"Angola",FTRI01,"ICT",0.377,,
2019,024,"Angola",FTRI02,"Skills",0.3114,,
2019,024,"Angola",FTRI03,"Research and Development",0.1008,,
2019,024,"Angola",FTRI04,"Industry activity",0.1064,,
2019,024,"Angola",FTRI05,"Access to finance",0.7348,,
2019,032,"Argentina",FTRI00,"Overall index",0.6048,,
2019,032,"Argentina",FTRI01,"ICT",0.6404,,
2019,032,"Argentina",FTRI02,"Skills",0.707,,
2019,032,"Argentina",FTRI03,"Research and Development",0.4326,,
2019,032,"Argentina",FTRI04,"Industry activity",0.4706,,
2019,032,"Argentina",FTRI05,"Access to finance",0.7234,,
2019,051,"Armenia",FTRI00,"Overall index",0.4707,,
2019,051,"Armenia",FTRI01,"ICT",0.6621,,
2019,051,"Armenia",FTRI02,"Skills",0.4447,,
2019,051,"Armenia",FTRI03,"Research and Development",0.1656,,
2019,051,"Armenia",FTRI04,"Industry activity",0.3723,,
2019,051,"Armenia",FTRI05,"Access to finance",0.8702,,
2019,036,"Australia",FTRI00,"Overall index",0.8847,,
2019,036,"Australia",FTRI01,"ICT",0.8553,,
2019,036,"Australia",FTRI02,"Skills",0.9986,,
2019,036,"Australia",FTRI03,"Research and Development",0.6877,,
2019,036,"Australia",FTRI04,"Industry activity",0.526,,
2019,036,"Australia",FTRI05,"Access to finance",0.9475,,
2019,040,"Austria",FTRI00,"Overall index",0.83,,
2019,040,"Austria",FTRI01,"ICT",0.8605,,
2019,040,"Austria",FTRI02,"Skills",0.7727,,
2019,040,"Austria",FTRI03,"Research and Development",0.6059,,
2019,040,"Austria",FTRI04,"Industry activity",0.7157,,
2019,040,"Austria",FTRI05,"Access to finance",0.904,,
2019,031,"Azerbaijan",FTRI00,"Overall index",0.433,,
2019,031,"Azerbaijan",FTRI01,"ICT",0.6528,,
2019,031,"Azerbaijan",FTRI02,"Skills",0.4868,,
2019,031,"Azerbaijan",FTRI03,"Research and Development",0.2068,,
2019,031,"Azerbaijan",FTRI04,"Industry activity",0.182,,
2019,031,"Azerbaijan",FTRI05,"Access to finance",0.7791,,
2019,044,"Bahamas",FTRI00,"Overall index",0.4759,,
2019,044,"Bahamas",FTRI01,"ICT",0.8087,,
2019,044,"Bahamas",FTRI02,"Skills",0.5646,,
2019,044,"Bahamas",FTRI03,"Research and Development",0.1134,,
2019,044,"Bahamas",FTRI04,"Industry activity",0.0896,,
2019,044,"Bahamas",FTRI05,"Access to finance",0.8472,,
2019,048,"Bahrain",FTRI00,"Overall index",0.5917,,
2019,048,"Bahrain",FTRI01,"ICT",0.7658,,
2019,048,"Bahrain",FTRI02,"Skills",0.5886,,
2019,048,"Bahrain",FTRI03,"Research and Development",0.1949,,
2019,048,"Bahrain",FTRI04,"Industry activity",0.4726,,
2019,048,"Bahrain",FTRI05,"Access to finance",0.8895,,
2019,050,"Bangladesh",FTRI00,"Overall index",0.4094,,
2019,050,"Bangladesh",FTRI01,"ICT",0.4513,,
2019,050,"Bangladesh",FTRI02,"Skills",0.2708,,
2019,050,"Bangladesh",FTRI03,"Research and Development",0.4132,,
2019,050,"Bangladesh",FTRI04,"Industry activity",0.3152,,
2019,050,"Bangladesh",FTRI05,"Access to finance",0.8292,,
2019,052,"Barbados",FTRI00,"Overall index",0.6398,,
2019,052,"Barbados",FTRI01,"ICT",0.8046,,
2019,052,"Barbados",FTRI02,"Skills",0.7096,,
2019,052,"Barbados",FTRI03,"Research and Development",0.269,,
2019,052,"Barbados",FTRI04,"Industry activity",0.4443,,
2019,052,"Barbados",FTRI05,"Access to finance",0.894,,
2019,112,"Belarus",FTRI00,"Overall index",0.6323,,
2019,112,"Belarus",FTRI01,"ICT",0.8092,,
2019,112,"Belarus",FTRI02,"Skills",0.7012,,
2019,112,"Belarus",FTRI03,"Research and Development",0.2241,,
2019,112,"Belarus",FTRI04,"Industry activity",0.5556,,
2019,112,"Belarus",FTRI05,"Access to finance",0.8003,,
2019,056,"Belgium",FTRI00,"Overall index",0.9228,,
2019,056,"Belgium",FTRI01,"ICT",0.9306,,
2019,056,"Belgium",FTRI02,"Skills",0.9745,,
2019,056,"Belgium",FTRI03,"Research and Development",0.5987,,
2019,056,"Belgium",FTRI04,"Industry activity",0.7703,,
2019,056,"Belgium",FTRI05,"Access to finance",0.8838,,
2019,084,"Belize",FTRI00,"Overall index",0.3959,,
2019,084,"Belize",FTRI01,"ICT",0.6552,,
2019,084,"Belize",FTRI02,"Skills",0.4173,,
2019,084,"Belize",FTRI03,"Research and Development",0,,
2019,084,"Belize",FTRI04,"Industry activity",0.2773,,
2019,084,"Belize",FTRI05,"Access to finance",0.8445,,
2019,204,"Benin",FTRI00,"Overall index",0.2507,,
2019,204,"Benin",FTRI01,"ICT",0.2646,,
2019,204,"Benin",FTRI02,"Skills",0.2433,,
2019,204,"Benin",FTRI03,"Research and Development",0.1692,,
2019,204,"Benin",FTRI04,"Industry activity",0.2658,,
2019,204,"Benin",FTRI05,"Access to finance",0.7538,,
2019,060,"Bermuda",FTRI00,"Overall index",0.3898,,
2019,060,"Bermuda",FTRI01,"ICT",0.4891,,
2019,060,"Bermuda",FTRI02,"Skills",0.4802,,
2019,060,"Bermuda",FTRI03,"Research and Development",0.1458,,
2019,060,"Bermuda",FTRI04,"Industry activity",0.1805,,
2019,060,"Bermuda",FTRI05,"Access to finance",0.8787,,
2019,064,"Bhutan",FTRI00,"Overall index",0.3691,,
2019,064,"Bhutan",FTRI01,"ICT",0.6776,,
2019,064,"Bhutan",FTRI02,"Skills",0.3976,,
2019,064,"Bhutan",FTRI03,"Research and Development",0.0738,,
2019,064,"Bhutan",FTRI04,"Industry activity",0.0213,,
2019,064,"Bhutan",FTRI05,"Access to finance",0.8689,,
2019,068,"Bolivia (Plurinational State of)",FTRI00,"Overall index",0.3898,,
2019,068,"Bolivia (Plurinational State of)",FTRI01,"ICT",0.4891,,
2019,068,"Bolivia (Plurinational State of)",FTRI02,"Skills",0.4802,,
2019,068,"Bolivia (Plurinational State of)",FTRI03,"Research and Development",0.1458,,
2019,068,"Bolivia (Plurinational State of)",FTRI04,"Industry activity",0.1805,,
2019,068,"Bolivia (Plurinational State of)",FTRI05,"Access to finance",0.8787,,
2019,070,"Bosnia and Herzegovina",FTRI00,"Overall index",0.5258,,
2019,070,"Bosnia and Herzegovina",FTRI01,"ICT",0.7179,,
2019,070,"Bosnia and Herzegovina",FTRI02,"Skills",0.4982,,
2019,070,"Bosnia and Herzegovina",FTRI03,"Research and Development",0.2074,,
2019,070,"Bosnia and Herzegovina",FTRI04,"Industry activity",0.4507,,
2019,070,"Bosnia and Herzegovina",FTRI05,"Access to finance",0.8654,,
2019,072,"Botswana",FTRI00,"Overall index",0.3967,,
2019,072,"Botswana",FTRI01,"ICT",0.5592,,
2019,072,"Botswana",FTRI02,"Skills",0.3854,,
2019,072,"Botswana",FTRI03,"Research and Development",0.1812,,
2019,072,"Botswana",FTRI04,"Industry activity",0.2697,,
2019,072,"Botswana",FTRI05,"Access to finance",0.8214,,
2019,074,"Bouvet Island",FTRI00,"Overall index",0.8322,,
2019,074,"Bouvet Island",FTRI01,"ICT",0.5927,,
2019,074,"Bouvet Island",FTRI02,"Skills",0.5361,,
2019,074,"Bouvet Island",FTRI03,"Research and Development",1,,
2019,074,"Bouvet Island",FTRI04,"Industry activity",0.8406,,
2019,074,"Bouvet Island",FTRI05,"Access to finance",0.966,,
2019,076,"Brazil",FTRI00,"Overall index",0.7191,,
2019,076,"Brazil",FTRI01,"ICT",0.6818,,
2019,076,"Brazil",FTRI02,"Skills",0.5805,,
2019,076,"Brazil",FTRI03,"Research and Development",0.6651,,
2019,076,"Brazil",FTRI04,"Industry activity",0.6348,,
2019,076,"Brazil",FTRI05,"Access to finance",0.8743,,
2019,080,"British Antarctic Territory",FTRI00,"Overall index",0.3015,,
2019,080,"British Antarctic Territory",FTRI01,"ICT",0.4436,,
2019,080,"British Antarctic Territory",FTRI02,"Skills",0.1989,,
2019,080,"British Antarctic Territory",FTRI03,"Research and Development",0.1692,,
2019,080,"British Antarctic Territory",FTRI04,"Industry activity",0.3179,,
2019,080,"British Antarctic Territory",FTRI05,"Access to finance",0.7612,,
2019,086,"British Indian Ocean Territory",FTRI00,"Overall index",0.3493,,
2019,086,"British Indian Ocean Territory",FTRI01,"ICT",0.4605,,
2019,086,"British Indian Ocean Territory",FTRI02,"Skills",0.3187,,
2019,086,"British Indian Ocean Territory",FTRI03,"Research and Development",0.0504,,
2019,086,"British Indian Ocean Territory",FTRI04,"Industry activity",0.5238,,
2019,086,"British Indian Ocean Territory",FTRI05,"Access to finance",0.7764,,
2019,092,"British Virgin Islands",FTRI00,"Overall index",0.7686,,
2019,092,"British Virgin Islands",FTRI01,"ICT",0.9175,,
2019,092,"British Virgin Islands",FTRI02,"Skills",0.8082,,
2019,092,"British Virgin Islands",FTRI03,"Research and Development",0.3502,,
2019,092,"British Virgin Islands",FTRI04,"Industry activity",0.6806,,
2019,092,"British Virgin Islands",FTRI05,"Access to finance",0.8689,,
2019,096,"Brunei Darussalam",FTRI00,"Overall index",0.5266,,
2019,096,"Brunei Darussalam",FTRI01,"ICT",0.7286,,
2019,096,"Brunei Darussalam",FTRI02,"Skills",0.6326,,
2019,096,"Brunei Darussalam",FTRI03,"Research and Development",0.1998,,
2019,096,"Brunei Darussalam",FTRI04,"Industry activity",0.333,,
2019,096,"Brunei Darussalam",FTRI05,"Access to finance",0.8208,,
2019,100,"Bulgaria",FTRI00,"Overall index",0.6922,,
2019,100,"Bulgaria",FTRI01,"ICT",0.7978,,
2019,100,"Bulgaria",FTRI02,"Skills",0.6145,,
2019,100,"Bulgaria",FTRI03,"Research and Development",0.4315,,
2019,100,"Bulgaria",FTRI04,"Industry activity",0.6568,,
2019,100,"Bulgaria",FTRI05,"Access to finance",0.8518,,
2019,854,"Burkina Faso",FTRI00,"Overall index",0.2047,,
2019,854,"Burkina Faso",FTRI01,"ICT",0.1211,,
2019,854,"Burkina Faso",FTRI02,"Skills",0.1057,,
2019,854,"Burkina Faso",FTRI03,"Research and Development",0.1692,,
2019,854,"Burkina Faso",FTRI04,"Industry activity",0.3347,,
2019,854,"Burkina Faso",FTRI05,"Access to finance",0.7989,,
2019,108,"Burundi",FTRI00,"Overall index",0.1615,,
2019,108,"Burundi",FTRI01,"ICT",0.1555,,
2019,108,"Burundi",FTRI02,"Skills",0.1675,,
2019,108,"Burundi",FTRI03,"Research and Development",0.0738,,
2019,108,"Burundi",FTRI04,"Industry activity",0.1469,,
2019,108,"Burundi",FTRI05,"Access to finance",0.7691,,
2019,132,"Cabo Verde",FTRI00,"Overall index",0.364,,
2019,132,"Cabo Verde",FTRI01,"ICT",0.608,,
2019,132,"Cabo Verde",FTRI02,"Skills",0.3731,,
2019,132,"Cabo Verde",FTRI03,"Research and Development",0,,
2019,132,"Cabo Verde",FTRI04,"Industry activity",0.2508,,
2019,132,"Cabo Verde",FTRI05,"Access to finance",0.8557,,
2019,116,"Cambodia",FTRI00,"Overall index",0.3905,,
2019,116,"Cambodia",FTRI01,"ICT",0.5964,,
2019,116,"Cambodia",FTRI02,"Skills",0.2623,,
2019,116,"Cambodia",FTRI03,"Research and Development",0.11,,
2019,116,"Cambodia",FTRI04,"Industry activity",0.3453,,
2019,116,"Cambodia",FTRI05,"Access to finance",0.9309,,
2019,120,"Cameroon",FTRI00,"Overall index",0.3302,,
2019,120,"Cameroon",FTRI01,"ICT",0.384,,
2019,120,"Cameroon",FTRI02,"Skills",0.3531,,
2019,120,"Cameroon",FTRI03,"Research and Development",0.1968,,
2019,120,"Cameroon",FTRI04,"Industry activity",0.2945,,
2019,120,"Cameroon",FTRI05,"Access to finance",0.7327,,
2019,124,"Canada",FTRI00,"Overall index",0.9017,,
2019,124,"Canada",FTRI01,"ICT",0.9113,,
2019,124,"Canada",FTRI02,"Skills",0.8014,,
2019,124,"Canada",FTRI03,"Research and Development",0.7153,,
2019,124,"Canada",FTRI04,"Industry activity",0.7205,,
2019,124,"Canada",FTRI05,"Access to finance",0.9388,,
2019,136,"Cayman Islands",FTRI00,"Overall index",0.7579,,
2019,136,"Cayman Islands",FTRI01,"ICT",0.8748,,
2019,136,"Cayman Islands",FTRI02,"Skills",0.5149,,
2019,136,"Cayman Islands",FTRI03,"Research and Development",0.5537,,
2019,136,"Cayman Islands",FTRI04,"Industry activity",0.7845,,
2019,136,"Cayman Islands",FTRI05,"Access to finance",0.9362,,
2019,140,"Central African Republic",FTRI00,"Overall index",0.2088,,
2019,140,"Central African Republic",FTRI01,"ICT",0.3531,,
2019,140,"Central African Republic",FTRI02,"Skills",0.1805,,
2019,140,"Central African Republic",FTRI03,"Research and Development",0.0738,,
2019,140,"Central African Republic",FTRI04,"Industry activity",0.1108,,
2019,140,"Central African Republic",FTRI05,"Access to finance",0.7779,,
2019,148,"Chad",FTRI00,"Overall index",0.1431,,
2019,148,"Chad",FTRI01,"ICT",0.1664,,
2019,148,"Chad",FTRI02,"Skills",0.0686,,
2019,148,"Chad",FTRI03,"Research and Development",0.0504,,
2019,148,"Chad",FTRI04,"Industry activity",0.3032,,
2019,148,"Chad",FTRI05,"Access to finance",0.6996,,
2019,152,"Chile",FTRI00,"Overall index",0.6507,,
2019,152,"Chile",FTRI01,"ICT",0.6856,,
2019,152,"Chile",FTRI02,"Skills",0.6688,,
2019,152,"Chile",FTRI03,"Research and Development",0.4756,,
2019,152,"Chile",FTRI04,"Industry activity",0.3638,,
2019,152,"Chile",FTRI05,"Access to finance",0.9394,,
2019,156,"China",FTRI00,"Overall index",0.8322,,
2019,156,"China",FTRI01,"ICT",0.5927,,
2019,156,"China",FTRI02,"Skills",0.5361,,
2019,156,"China",FTRI03,"Research and Development",1,,
2019,156,"China",FTRI04,"Industry activity",0.8406,,
2019,156,"China",FTRI05,"Access to finance",0.966,,
2019,344,"China, Hong Kong SAR",FTRI00,"Overall index",0.9022,,
2019,344,"China, Hong Kong SAR",FTRI01,"ICT",0.9201,,
2019,344,"China, Hong Kong SAR",FTRI02,"Skills",0.7934,,
2019,344,"China, Hong Kong SAR",FTRI03,"Research and Development",0.5939,,
2019,344,"China, Hong Kong SAR",FTRI04,"Industry activity",0.8586,,
2019,344,"China, Hong Kong SAR",FTRI05,"Access to finance",1,,
2019,158,"China, Taiwan Province of",FTRI00,"Overall index",0.3076,,
2019,158,"China, Taiwan Province of",FTRI01,"ICT",0.2737,,
2019,158,"China, Taiwan Province of",FTRI02,"Skills",0.1219,,
2019,158,"China, Taiwan Province of",FTRI03,"Research and Development",0.3552,,
2019,158,"China, Taiwan Province of",FTRI04,"Industry activity",0.4438,,
2019,158,"China, Taiwan Province of",FTRI05,"Access to finance",0.7428,,
2019,162,"Christmas Island",FTRI00,"Overall index",0.4714,,
2019,162,"Christmas Island",FTRI01,"ICT",0.5865,,
2019,162,"Christmas Island",FTRI02,"Skills",0.4682,,
2019,162,"Christmas Island",FTRI03,"Research and Development",0.3269,,
2019,162,"Christmas Island",FTRI04,"Industry activity",0.2536,,
2019,162,"Christmas Island",FTRI05,"Access to finance",0.8421,,
2019,166,"Cocos (Keeling) Islands",FTRI00,"Overall index",0.5344,,
2019,166,"Cocos (Keeling) Islands",FTRI01,"ICT",0.7495,,
2019,166,"Cocos (Keeling) Islands",FTRI02,"Skills",0.4316,,
2019,166,"Cocos (Keeling) Islands",FTRI03,"Research and Development",0.3556,,
2019,166,"Cocos (Keeling) Islands",FTRI04,"Industry activity",0.2764,,
2019,166,"Cocos (Keeling) Islands",FTRI05,"Access to finance",0.9189,,
2019,170,"Colombia",FTRI00,"Overall index",0.6164,,
2019,170,"Colombia",FTRI01,"ICT",0.6225,,
2019,170,"Colombia",FTRI02,"Skills",0.6844,,
2019,170,"Colombia",FTRI03,"Research and Development",0.4715,,
2019,170,"Colombia",FTRI04,"Industry activity",0.4051,,
2019,170,"Colombia",FTRI05,"Access to finance",0.8556,,
2019,174,"Comoros",FTRI00,"Overall index",0.2684,,
2019,174,"Comoros",FTRI01,"ICT",0.3261,,
2019,174,"Comoros",FTRI02,"Skills",0.3485,,
2019,174,"Comoros",FTRI03,"Research and Development",0,,
2019,174,"Comoros",FTRI04,"Industry activity",0.3246,,
2019,174,"Comoros",FTRI05,"Access to finance",0.7416,,
2019,178,"Congo",FTRI00,"Overall index",0.2275,,
2019,178,"Congo",FTRI01,"ICT",0.098,,
2019,178,"Congo",FTRI02,"Skills",0.3215,,
2019,178,"Congo",FTRI03,"Research and Development",0.1272,,
2019,178,"Congo",FTRI04,"Industry activity",0.3334,,
2019,178,"Congo",FTRI05,"Access to finance",0.7224,,
2019,184,"Cook Islands",FTRI00,"Overall index",0.0263,,
2019,184,"Cook Islands",FTRI01,"ICT",0,,
2019,184,"Cook Islands",FTRI02,"Skills",0,,
2019,184,"Cook Islands",FTRI03,"Research and Development",0.0318,,
2019,184,"Cook Islands",FTRI04,"Industry activity",0.1786,,
2019,184,"Cook Islands",FTRI05,"Access to finance",0.5325,,
2019,188,"Costa Rica",FTRI00,"Overall index",0.5782,,
2019,188,"Costa Rica",FTRI01,"ICT",0.6926,,
2019,188,"Costa Rica",FTRI02,"Skills",0.5317,,
2019,188,"Costa Rica",FTRI03,"Research and Development",0.2016,,
2019,188,"Costa Rica",FTRI04,"Industry activity",0.6393,,
2019,188,"Costa Rica",FTRI05,"Access to finance",0.8637,,
2019,384,"Cote d'Ivoire",FTRI00,"Overall index",0.3015,,
2019,384,"Cote d'Ivoire",FTRI01,"ICT",0.4436,,
2019,384,"Cote d'Ivoire",FTRI02,"Skills",0.1989,,
2019,384,"Cote d'Ivoire",FTRI03,"Research and Development",0.1692,,
2019,384,"Cote d'Ivoire",FTRI04,"Industry activity",0.3179,,
2019,384,"Cote d'Ivoire",FTRI05,"Access to finance",0.7612,,
2019,191,"Croatia",FTRI00,"Overall index",0.681,,
2019,191,"Croatia",FTRI01,"ICT",0.8285,,
2019,191,"Croatia",FTRI02,"Skills",0.7058,,
2019,191,"Croatia",FTRI03,"Research and Development",0.338,,
2019,191,"Croatia",FTRI04,"Industry activity",0.5911,,
2019,191,"Croatia",FTRI05,"Access to finance",0.8574,,
2019,192,"Cuba",FTRI00,"Overall index",0.6994,,
2019,192,"Cuba",FTRI01,"ICT",0.8017,,
2019,192,"Cuba",FTRI02,"Skills",0.5172,,
2019,192,"Cuba",FTRI03,"Research and Development",0.4932,,
2019,192,"Cuba",FTRI04,"Industry activity",0.6642,,
2019,192,"Cuba",FTRI05,"Access to finance",0.9525,,
2019,196,"Cyprus",FTRI00,"Overall index",0.7517,,
2019,196,"Cyprus",FTRI01,"ICT",0.7975,,
2019,196,"Cyprus",FTRI02,"Skills",0.7076,,
2019,196,"Cyprus",FTRI03,"Research and Development",0.4276,,
2019,196,"Cyprus",FTRI04,"Industry activity",0.6888,,
2019,196,"Cyprus",FTRI05,"Access to finance",0.9254,,
2019,203,"Czechia",FTRI00,"Overall index",0.8025,,
2019,203,"Czechia",FTRI01,"ICT",0.8645,,
2019,203,"Czechia",FTRI02,"Skills",0.7428,,
2019,203,"Czechia",FTRI03,"Research and Development",0.5485,,
2019,203,"Czechia",FTRI04,"Industry activity",0.7667,,
2019,203,"Czechia",FTRI05,"Access to finance",0.8532,,
2019,180,"Dem. Rep. of the Congo",FTRI00,"Overall index",0.1574,,
2019,180,"Dem. Rep. of the Congo",FTRI01,"ICT",0.2388,,
2019,180,"Dem. Rep. of the Congo",FTRI02,"Skills",0.2004,,
2019,180,"Dem. Rep. of the Congo",FTRI03,"Research and Development",0.1008,,
2019,180,"Dem. Rep. of the Congo",FTRI04,"Industry activity",0.1377,,
2019,180,"Dem. Rep. of the Congo",FTRI05,"Access to finance",0.6518,,
2019,208,"Denmark",FTRI00,"Overall index",0.9309,,
2019,208,"Denmark",FTRI01,"ICT",0.9802,,
2019,208,"Denmark",FTRI02,"Skills",0.9494,,
2019,208,"Denmark",FTRI03,"Research and Development",0.6212,,
2019,208,"Denmark",FTRI04,"Industry activity",0.7171,,
2019,208,"Denmark",FTRI05,"Access to finance",0.9637,,
2019,262,"Djibouti",FTRI00,"Overall index",0.3493,,
2019,262,"Djibouti",FTRI01,"ICT",0.4605,,
2019,262,"Djibouti",FTRI02,"Skills",0.3187,,
2019,262,"Djibouti",FTRI03,"Research and Development",0.0504,,
2019,262,"Djibouti",FTRI04,"Industry activity",0.5238,,
2019,262,"Djibouti",FTRI05,"Access to finance",0.7764,,
2019,214,"Dominican Republic",FTRI00,"Overall index",0.4657,,
2019,214,"Dominican Republic",FTRI01,"ICT",0.6785,,
2019,214,"Dominican Republic",FTRI02,"Skills",0.4796,,
2019,214,"Dominican Republic",FTRI03,"Research and Development",0.11,,
2019,214,"Dominican Republic",FTRI04,"Industry activity",0.4772,,
2019,214,"Dominican Republic",FTRI05,"Access to finance",0.7983,,
2019,218,"Ecuador",FTRI00,"Overall index",0.4537,,
2019,218,"Ecuador",FTRI01,"ICT",0.6041,,
2019,218,"Ecuador",FTRI02,"Skills",0.4592,,
2019,218,"Ecuador",FTRI03,"Research and Development",0.2792,,
2019,218,"Ecuador",FTRI04,"Industry activity",0.261,,
2019,218,"Ecuador",FTRI05,"Access to finance",0.8377,,
2019,818,"Egypt",FTRI00,"Overall index",0.5091,,
2019,818,"Egypt",FTRI01,"ICT",0.5178,,
2019,818,"Egypt",FTRI02,"Skills",0.5261,,
2019,818,"Egypt",FTRI03,"Research and Development",0.45,,
2019,818,"Egypt",FTRI04,"Industry activity",0.4136,,
2019,818,"Egypt",FTRI05,"Access to finance",0.7785,,
2019,222,"El Salvador",FTRI00,"Overall index",0.4126,,
2019,222,"El Salvador",FTRI01,"ICT",0.5563,,
2019,222,"El Salvador",FTRI02,"Skills",0.3328,,
2019,222,"El Salvador",FTRI03,"Research and Development",0.0893,,
2019,222,"El Salvador",FTRI04,"Industry activity",0.5023,,
2019,222,"El Salvador",FTRI05,"Access to finance",0.8685,,
2019,226,"Equatorial Guinea",FTRI00,"Overall index",0.2054,,
2019,226,"Equatorial Guinea",FTRI01,"ICT",0.3664,,
2019,226,"Equatorial Guinea",FTRI02,"Skills",0.2944,,
2019,226,"Equatorial Guinea",FTRI03,"Research and Development",0,,
2019,226,"Equatorial Guinea",FTRI04,"Industry activity",0.0615,,
2019,226,"Equatorial Guinea",FTRI05,"Access to finance",0.7401,,
2019,233,"Estonia",FTRI00,"Overall index",0.7686,,
2019,233,"Estonia",FTRI01,"ICT",0.9175,,
2019,233,"Estonia",FTRI02,"Skills",0.8082,,
2019,233,"Estonia",FTRI03,"Research and Development",0.3502,,
2019,233,"Estonia",FTRI04,"Industry activity",0.6806,,
2019,233,"Estonia",FTRI05,"Access to finance",0.8689,,
2019,748,"Eswatini",FTRI00,"Overall index",0.3992,,
2019,748,"Eswatini",FTRI01,"ICT",0.4552,,
2019,748,"Eswatini",FTRI02,"Skills",0.4892,,
2019,748,"Eswatini",FTRI03,"Research and Development",0.0822,,
2019,748,"Eswatini",FTRI04,"Industry activity",0.4359,,
2019,748,"Eswatini",FTRI05,"Access to finance",0.7694,,
2019,231,"Ethiopia",FTRI00,"Overall index",0.2248,,
2019,231,"Ethiopia",FTRI01,"ICT",0.2,,
2019,231,"Ethiopia",FTRI02,"Skills",0.1534,,
2019,231,"Ethiopia",FTRI03,"Research and Development",0.2461,,
2019,231,"Ethiopia",FTRI04,"Industry activity",0.292,,
2019,231,"Ethiopia",FTRI05,"Access to finance",0.7543,,
2019,242,"Fiji",FTRI00,"Overall index",0.4862,,
2019,242,"Fiji",FTRI01,"ICT",0.6852,,
2019,242,"Fiji",FTRI02,"Skills",0.4726,,
2019,242,"Fiji",FTRI03,"Research and Development",0.156,,
2019,242,"Fiji",FTRI04,"Industry activity",0.3484,,
2019,242,"Fiji",FTRI05,"Access to finance",0.9204,,
2019,246,"Finland",FTRI00,"Overall index",0.9344,,
2019,246,"Finland",FTRI01,"ICT",0.9085,,
2019,246,"Finland",FTRI02,"Skills",0.9741,,
2019,246,"Finland",FTRI03,"Research and Development",0.628,,
2019,246,"Finland",FTRI04,"Industry activity",0.7678,,
2019,246,"Finland",FTRI05,"Access to finance",0.9139,,
2019,250,"France",FTRI00,"Overall index",0.9149,,
2019,250,"France",FTRI01,"ICT",0.8986,,
2019,250,"France",FTRI02,"Skills",0.8019,,
2019,250,"France",FTRI03,"Research and Development",0.7516,,
2019,250,"France",FTRI04,"Industry activity",0.7922,,
2019,250,"France",FTRI05,"Access to finance",0.9245,,
2019,266,"Gabon",FTRI00,"Overall index",0.3323,,
2019,266,"Gabon",FTRI01,"ICT",0.5257,,
2019,266,"Gabon",FTRI02,"Skills",0.3693,,
2019,266,"Gabon",FTRI03,"Research and Development",0.1008,,
2019,266,"Gabon",FTRI04,"Industry activity",0.2607,,
2019,266,"Gabon",FTRI05,"Access to finance",0.7277,,
2019,270,"Gambia",FTRI00,"Overall index",0.2162,,
2019,270,"Gambia",FTRI01,"ICT",0.3959,,
2019,270,"Gambia",FTRI02,"Skills",0.171,,
2019,270,"Gambia",FTRI03,"Research and Development",0.0318,,
2019,270,"Gambia",FTRI04,"Industry activity",0.3141,,
2019,270,"Gambia",FTRI05,"Access to finance",0.6814,,
2019,268,"Georgia",FTRI00,"Overall index",0.554,,
2019,268,"Georgia",FTRI01,"ICT",0.7093,,
2019,268,"Georgia",FTRI02,"Skills",0.6245,,
2019,268,"Georgia",FTRI03,"Research and Development",0.1974,,
2019,268,"Georgia",FTRI04,"Industry activity",0.4332,,
2019,268,"Georgia",FTRI05,"Access to finance",0.8775,,
2019,276,"Germany",FTRI00,"Overall index",0.9415,,
2019,276,"Germany",FTRI01,"ICT",0.887,,
2019,276,"Germany",FTRI02,"Skills",0.8467,,
2019,276,"Germany",FTRI03,"Research and Development",0.8138,,
2019,276,"Germany",FTRI04,"Industry activity",0.8202,,
2019,276,"Germany",FTRI05,"Access to finance",0.8965,,
2019,288,"Ghana",FTRI00,"Overall index",0.3745,,
2019,288,"Ghana",FTRI01,"ICT",0.4073,,
2019,288,"Ghana",FTRI02,"Skills",0.2916,,
2019,288,"Ghana",FTRI03,"Research and Development",0.2257,,
2019,288,"Ghana",FTRI04,"Industry activity",0.4284,,
2019,288,"Ghana",FTRI05,"Access to finance",0.7316,,
2019,300,"Greece",FTRI00,"Overall index",0.7388,,
2019,300,"Greece",FTRI01,"ICT",0.7937,,
2019,300,"Greece",FTRI02,"Skills",0.8075,,
2019,300,"Greece",FTRI03,"Research and Development",0.4995,,
2019,300,"Greece",FTRI04,"Industry activity",0.5326,,
2019,300,"Greece",FTRI05,"Access to finance",0.8984,,
2019,320,"Guatemala",FTRI00,"Overall index",0.381,,
2019,320,"Guatemala",FTRI01,"ICT",0.5415,,
2019,320,"Guatemala",FTRI02,"Skills",0.2468,,
2019,320,"Guatemala",FTRI03,"Research and Development",0.1272,,
2019,320,"Guatemala",FTRI04,"Industry activity",0.4628,,
2019,320,"Guatemala",FTRI05,"Access to finance",0.8163,,
2019,324,"Guinea",FTRI00,"Overall index",0.2455,,
2019,324,"Guinea",FTRI01,"ICT",0.3192,,
2019,324,"Guinea",FTRI02,"Skills",0.1924,,
2019,324,"Guinea",FTRI03,"Research and Development",0,,
2019,324,"Guinea",FTRI04,"Industry activity",0.4091,,
2019,324,"Guinea",FTRI05,"Access to finance",0.7029,,
2019,624,"Guinea-Bissau",FTRI00,"Overall index",0.2421,,
2019,624,"Guinea-Bissau",FTRI01,"ICT",0.3423,,
2019,624,"Guinea-Bissau",FTRI02,"Skills",0.2058,,
2019,624,"Guinea-Bissau",FTRI03,"Research and Development",0,,
2019,624,"Guinea-Bissau",FTRI04,"Industry activity",0.3175,,
2019,624,"Guinea-Bissau",FTRI05,"Access to finance",0.7343,,
2019,328,"Guyana",FTRI00,"Overall index",0.4228,,
2019,328,"Guyana",FTRI01,"ICT",0.611,,
2019,328,"Guyana",FTRI02,"Skills",0.424,,
2019,328,"Guyana",FTRI03,"Research and Development",0.0738,,
2019,328,"Guyana",FTRI04,"Industry activity",0.3754,,
2019,328,"Guyana",FTRI05,"Access to finance",0.8244,,
2019,332,"Haiti",FTRI00,"Overall index",0.2756,,
2019,332,"Haiti",FTRI01,"ICT",0.5086,,
2019,332,"Haiti",FTRI02,"Skills",0.259,,
2019,332,"Haiti",FTRI03,"Research and Development",0.0504,,
2019,332,"Haiti",FTRI04,"Industry activity",0.2532,,
2019,332,"Haiti",FTRI05,"Access to finance",0.7036,,
2019,340,"Honduras",FTRI00,"Overall index",0.3492,,
2019,340,"Honduras",FTRI01,"ICT",0.5053,,
2019,340,"Honduras",FTRI02,"Skills",0.2369,,
2019,340,"Honduras",FTRI03,"Research and Development",0.1528,,
2019,340,"Honduras",FTRI04,"Industry activity",0.2798,,
2019,340,"Honduras",FTRI05,"Access to finance",0.8768,,
2019,348,"Hungary",FTRI00,"Overall index",0.7556,,
2019,348,"Hungary",FTRI01,"ICT",0.8939,,
2019,348,"Hungary",FTRI02,"Skills",0.6677,,
2019,348,"Hungary",FTRI03,"Research and Development",0.4688,,
2019,348,"Hungary",FTRI04,"Industry activity",0.7619,,
2019,348,"Hungary",FTRI05,"Access to finance",0.8143,,
2019,352,"Iceland",FTRI00,"Overall index",0.763,,
2019,352,"Iceland",FTRI01,"ICT",0.8988,,
2019,352,"Iceland",FTRI02,"Skills",0.9518,,
2019,352,"Iceland",FTRI03,"Research and Development",0.3024,,
2019,352,"Iceland",FTRI04,"Industry activity",0.4975,,
2019,352,"Iceland",FTRI05,"Access to finance",0.9071,,
2019,356,"India",FTRI00,"Overall index",0.6845,,
2019,356,"India",FTRI01,"ICT",0.5677,,
2019,356,"India",FTRI02,"Skills",0.3477,,
2019,356,"India",FTRI03,"Research and Development",0.7936,,
2019,356,"India",FTRI04,"Industry activity",0.77,,
2019,356,"India",FTRI05,"Access to finance",0.8541,,
2019,360,"Indonesia",FTRI00,"Overall index",0.5481,,
2019,360,"Indonesia",FTRI01,"ICT",0.6315,,
2019,360,"Indonesia",FTRI02,"Skills",0.3991,,
2019,360,"Indonesia",FTRI03,"Research and Development",0.4247,,
2019,360,"Indonesia",FTRI04,"Industry activity",0.5673,,
2019,360,"Indonesia",FTRI05,"Access to finance",0.8276,,
2019,364,"Iran (Islamic Republic of)",FTRI00,"Overall index",0.5544,,
2019,364,"Iran (Islamic Republic of)",FTRI01,"ICT",0.6677,,
2019,364,"Iran (Islamic Republic of)",FTRI02,"Skills",0.5056,,
2019,364,"Iran (Islamic Republic of)",FTRI03,"Research and Development",0.4756,,
2019,364,"Iran (Islamic Republic of)",FTRI04,"Industry activity",0.3028,,
2019,364,"Iran (Islamic Republic of)",FTRI05,"Access to finance",0.8704,,
2019,368,"Iraq",FTRI00,"Overall index",0.3257,,
2019,368,"Iraq",FTRI01,"ICT",0.4527,,
2019,368,"Iraq",FTRI02,"Skills",0.4213,,
2019,368,"Iraq",FTRI03,"Research and Development",0.3267,,
2019,368,"Iraq",FTRI04,"Industry activity",0,,
2019,368,"Iraq",FTRI05,"Access to finance",0.6882,,
2019,372,"Ireland",FTRI00,"Overall index",0.9362,,
2019,372,"Ireland",FTRI01,"ICT",0.8811,,
2019,372,"Ireland",FTRI02,"Skills",0.9494,,
2019,372,"Ireland",FTRI03,"Research and Development",0.5941,,
2019,372,"Ireland",FTRI04,"Industry activity",1,,
2019,372,"Ireland",FTRI05,"Access to finance",0.8236,,
2019,376,"Israel",FTRI00,"Overall index",0.863,,
2019,376,"Israel",FTRI01,"ICT",0.7761,,
2019,376,"Israel",FTRI02,"Skills",0.8192,,
2019,376,"Israel",FTRI03,"Research and Development",0.6071,,
2019,376,"Israel",FTRI04,"Industry activity",0.89,,
2019,376,"Israel",FTRI05,"Access to finance",0.8763,,
2019,380,"Italy",FTRI00,"Overall index",0.8207,,
2019,380,"Italy",FTRI01,"ICT",0.7997,,
2019,380,"Italy",FTRI02,"Skills",0.7362,,
2019,380,"Italy",FTRI03,"Research and Development",0.7085,,
2019,380,"Italy",FTRI04,"Industry activity",0.6955,,
2019,380,"Italy",FTRI05,"Access to finance",0.8895,,
2019,388,"Jamaica",FTRI00,"Overall index",0.4368,,
2019,388,"Jamaica",FTRI01,"ICT",0.74,,
2019,388,"Jamaica",FTRI02,"Skills",0.4451,,
2019,388,"Jamaica",FTRI03,"Research and Development",0.0738,,
2019,388,"Jamaica",FTRI04,"Industry activity",0.2355,,
2019,388,"Jamaica",FTRI05,"Access to finance",0.8494,,
2019,392,"Japan",FTRI00,"Overall index",0.8767,,
2019,392,"Japan",FTRI01,"ICT",0.9548,,
2019,392,"Japan",FTRI02,"Skills",0.5557,,
2019,392,"Japan",FTRI03,"Research and Development",0.7691,,
2019,392,"Japan",FTRI04,"Industry activity",0.7932,,
2019,392,"Japan",FTRI05,"Access to finance",0.9716,,
2019,400,"Jordan",FTRI00,"Overall index",0.5537,,
2019,400,"Jordan",FTRI01,"ICT",0.6793,,
2019,400,"Jordan",FTRI02,"Skills",0.4538,,
2019,400,"Jordan",FTRI03,"Research and Development",0.3453,,
2019,400,"Jordan",FTRI04,"Industry activity",0.5182,,
2019,400,"Jordan",FTRI05,"Access to finance",0.8935,,
2019,398,"Kazakhstan",FTRI00,"Overall index",0.5924,,
2019,398,"Kazakhstan",FTRI01,"ICT",0.6975,,
2019,398,"Kazakhstan",FTRI02,"Skills",0.6397,,
2019,398,"Kazakhstan",FTRI03,"Research and Development",0.3859,,
2019,398,"Kazakhstan",FTRI04,"Industry activity",0.4791,,
2019,398,"Kazakhstan",FTRI05,"Access to finance",0.7842,,
2019,404,"Kenya",FTRI00,"Overall index",0.4026,,
2019,404,"Kenya",FTRI01,"ICT",0.5038,,
2019,404,"Kenya",FTRI02,"Skills",0.3036,,
2019,404,"Kenya",FTRI03,"Research and Development",0.2322,,
2019,404,"Kenya",FTRI04,"Industry activity",0.4252,,
2019,404,"Kenya",FTRI05,"Access to finance",0.8069,,
2019,414,"Kuwait",FTRI00,"Overall index",0.6351,,
2019,414,"Kuwait",FTRI01,"ICT",0.7155,,
2019,414,"Kuwait",FTRI02,"Skills",0.5727,,
2019,414,"Kuwait",FTRI03,"Research and Development",0.2148,,
2019,414,"Kuwait",FTRI04,"Industry activity",0.7089,,
2019,414,"Kuwait",FTRI05,"Access to finance",0.9119,,
2019,417,"Kyrgyzstan",FTRI00,"Overall index",0.381,,
2019,417,"Kyrgyzstan",FTRI01,"ICT",0.5849,,
2019,417,"Kyrgyzstan",FTRI02,"Skills",0.3953,,
2019,417,"Kyrgyzstan",FTRI03,"Research and Development",0.1272,,
2019,417,"Kyrgyzstan",FTRI04,"Industry activity",0.2778,,
2019,417,"Kyrgyzstan",FTRI05,"Access to finance",0.7803,,
2019,418,"Lao People's Dem. Rep.",FTRI00,"Overall index",0.3719,,
2019,418,"Lao People's Dem. Rep.",FTRI01,"ICT",0.5422,,
2019,418,"Lao People's Dem. Rep.",FTRI02,"Skills",0.2903,,
2019,418,"Lao People's Dem. Rep.",FTRI03,"Research and Development",0.0954,,
2019,418,"Lao People's Dem. Rep.",FTRI04,"Industry activity",0.5282,,
2019,418,"Lao People's Dem. Rep.",FTRI05,"Access to finance",0.7701,,
2019,428,"Latvia",FTRI00,"Overall index",0.747,,
2019,428,"Latvia",FTRI01,"ICT",0.9125,,
2019,428,"Latvia",FTRI02,"Skills",0.7862,,
2019,428,"Latvia",FTRI03,"Research and Development",0.3482,,
2019,428,"Latvia",FTRI04,"Industry activity",0.6739,,
2019,428,"Latvia",FTRI05,"Access to finance",0.8176,,
2019,422,"Lebanon",FTRI00,"Overall index",0.5543,,
2019,422,"Lebanon",FTRI01,"ICT",0.6049,,
2019,422,"Lebanon",FTRI02,"Skills",0.4896,,
2019,422,"Lebanon",FTRI03,"Research and Development",0.3028,,
2019,422,"Lebanon",FTRI04,"Industry activity",0.506,,
2019,422,"Lebanon",FTRI05,"Access to finance",0.9244,,
2019,426,"Lesotho",FTRI00,"Overall index",0.3321,,
2019,426,"Lesotho",FTRI01,"ICT",0.6204,,
2019,426,"Lesotho",FTRI02,"Skills",0.2932,,
2019,426,"Lesotho",FTRI03,"Research and Development",0.0318,,
2019,426,"Lesotho",FTRI04,"Industry activity",0.2631,,
2019,426,"Lesotho",FTRI05,"Access to finance",0.7719,,
2019,430,"Liberia",FTRI00,"Overall index",0.3281,,
2019,430,"Liberia",FTRI01,"ICT",0.3752,,
2019,430,"Liberia",FTRI02,"Skills",0.2621,,
2019,430,"Liberia",FTRI03,"Research and Development",0.0738,,
2019,430,"Liberia",FTRI04,"Industry activity",0.4598,,
2019,430,"Liberia",FTRI05,"Access to finance",0.7341,,
2019,434,"Libya",FTRI00,"Overall index",0.3224,,
2019,434,"Libya",FTRI01,"ICT",0.3095,,
2019,434,"Libya",FTRI02,"Skills",0.5512,,
2019,434,"Libya",FTRI03,"Research and Development",0.1056,,
2019,434,"Libya",FTRI04,"Industry activity",0.1368,,
2019,434,"Libya",FTRI05,"Access to finance",0.7324,,
2019,440,"Lithuania",FTRI00,"Overall index",0.7375,,
2019,440,"Lithuania",FTRI01,"ICT",0.8952,,
2019,440,"Lithuania",FTRI02,"Skills",0.8073,,
2019,440,"Lithuania",FTRI03,"Research and Development",0.3913,,
2019,440,"Lithuania",FTRI04,"Industry activity",0.5837,,
2019,440,"Lithuania",FTRI05,"Access to finance",0.829,,
2019,442,"Luxembourg",FTRI00,"Overall index",0.8966,,
2019,442,"Luxembourg",FTRI01,"ICT",0.9609,,
2019,442,"Luxembourg",FTRI02,"Skills",0.8549,,
2019,442,"Luxembourg",FTRI03,"Research and Development",0.4769,,
2019,442,"Luxembourg",FTRI04,"Industry activity",0.7892,,
2019,442,"Luxembourg",FTRI05,"Access to finance",0.9265,,
2019,450,"Madagascar",FTRI00,"Overall index",0.2717,,
2019,450,"Madagascar",FTRI01,"ICT",0.4939,,
2019,450,"Madagascar",FTRI02,"Skills",0.1633,,
2019,450,"Madagascar",FTRI03,"Research and Development",0.1326,,
2019,450,"Madagascar",FTRI04,"Industry activity",0.2042,,
2019,450,"Madagascar",FTRI05,"Access to finance",0.7335,,
2019,454,"Malawi",FTRI00,"Overall index",0.2113,,
2019,454,"Malawi",FTRI01,"ICT",0.2543,,
2019,454,"Malawi",FTRI02,"Skills",0.2326,,
2019,454,"Malawi",FTRI03,"Research and Development",0.1272,,
2019,454,"Malawi",FTRI04,"Industry activity",0.2612,,
2019,454,"Malawi",FTRI05,"Access to finance",0.6691,,
2019,458,"Malaysia",FTRI00,"Overall index",0.7579,,
2019,458,"Malaysia",FTRI01,"ICT",0.8748,,
2019,458,"Malaysia",FTRI02,"Skills",0.5149,,
2019,458,"Malaysia",FTRI03,"Research and Development",0.5537,,
2019,458,"Malaysia",FTRI04,"Industry activity",0.7845,,
2019,458,"Malaysia",FTRI05,"Access to finance",0.9362,,
2019,462,"Maldives",FTRI00,"Overall index",0.4038,,
2019,462,"Maldives",FTRI01,"ICT",0.5873,,
2019,462,"Maldives",FTRI02,"Skills",0.5639,,
2019,462,"Maldives",FTRI03,"Research and Development",0.0954,,
2019,462,"Maldives",FTRI04,"Industry activity",0.1481,,
2019,462,"Maldives",FTRI05,"Access to finance",0.809,,
2019,466,"Mali",FTRI00,"Overall index",0.2306,,
2019,466,"Mali",FTRI01,"ICT",0.3336,,
2019,466,"Mali",FTRI02,"Skills",0.0474,,
2019,466,"Mali",FTRI03,"Research and Development",0.1272,,
2019,466,"Mali",FTRI04,"Industry activity",0.3288,,
2019,466,"Mali",FTRI05,"Access to finance",0.7851,,
2019,470,"Malta",FTRI00,"Overall index",0.7811,,
2019,470,"Malta",FTRI01,"ICT",0.8496,,
2019,470,"Malta",FTRI02,"Skills",0.777,,
2019,470,"Malta",FTRI03,"Research and Development",0.3171,,
2019,470,"Malta",FTRI04,"Industry activity",0.8297,,
2019,470,"Malta",FTRI05,"Access to finance",0.8859,,
2019,478,"Mauritania",FTRI00,"Overall index",0.2088,,
2019,478,"Mauritania",FTRI01,"ICT",0.3531,,
2019,478,"Mauritania",FTRI02,"Skills",0.1805,,
2019,478,"Mauritania",FTRI03,"Research and Development",0.0738,,
2019,478,"Mauritania",FTRI04,"Industry activity",0.1108,,
2019,478,"Mauritania",FTRI05,"Access to finance",0.7779,,
2019,480,"Mauritius",FTRI00,"Overall index",0.5604,,
2019,480,"Mauritius",FTRI01,"ICT",0.6512,,
2019,480,"Mauritius",FTRI02,"Skills",0.5661,,
2019,480,"Mauritius",FTRI03,"Research and Development",0.2305,,
2019,480,"Mauritius",FTRI04,"Industry activity",0.5051,,
2019,480,"Mauritius",FTRI05,"Access to finance",0.8949,,
2019,175,"Mayotte",FTRI00,"Overall index",0.6427,,
2019,175,"Mayotte",FTRI01,"ICT",0.7403,,
2019,175,"Mayotte",FTRI02,"Skills",0.6848,,
2019,175,"Mayotte",FTRI03,"Research and Development",0.5728,,
2019,175,"Mayotte",FTRI04,"Industry activity",0.2394,,
2019,175,"Mayotte",FTRI05,"Access to finance",0.8563,,
2019,484,"Mexico",FTRI00,"Overall index",0.6598,,
2019,484,"Mexico",FTRI01,"ICT",0.6935,,
2019,484,"Mexico",FTRI02,"Skills",0.5283,,
2019,484,"Mexico",FTRI03,"Research and Development",0.5608,,
2019,484,"Mexico",FTRI04,"Industry activity",0.6895,,
2019,484,"Mexico",FTRI05,"Access to finance",0.8204,,
2019,496,"Mongolia",FTRI00,"Overall index",0.421,,
2019,496,"Mongolia",FTRI01,"ICT",0.5235,,
2019,496,"Mongolia",FTRI02,"Skills",0.5556,,
2019,496,"Mongolia",FTRI03,"Research and Development",0.1351,,
2019,496,"Mongolia",FTRI04,"Industry activity",0.21,,
2019,496,"Mongolia",FTRI05,"Access to finance",0.8506,,
2019,499,"Montenegro",FTRI00,"Overall index",0.5611,,
2019,499,"Montenegro",FTRI01,"ICT",0.7473,,
2019,499,"Montenegro",FTRI02,"Skills",0.6848,,
2019,499,"Montenegro",FTRI03,"Research and Development",0.1374,,
2019,499,"Montenegro",FTRI04,"Industry activity",0.4095,,
2019,499,"Montenegro",FTRI05,"Access to finance",0.8508,,
2019,504,"Morocco",FTRI00,"Overall index",0.5773,,
2019,504,"Morocco",FTRI01,"ICT",0.7197,,
2019,504,"Morocco",FTRI02,"Skills",0.3491,,
2019,504,"Morocco",FTRI03,"Research and Development",0.4638,,
2019,504,"Morocco",FTRI04,"Industry activity",0.5337,,
2019,504,"Morocco",FTRI05,"Access to finance",0.8989,,
2019,508,"Mozambique",FTRI00,"Overall index",0.2065,,
2019,508,"Mozambique",FTRI01,"ICT",0.2874,,
2019,508,"Mozambique",FTRI02,"Skills",0.1917,,
2019,508,"Mozambique",FTRI03,"Research and Development",0.1397,,
2019,508,"Mozambique",FTRI04,"Industry activity",0.1028,,
2019,508,"Mozambique",FTRI05,"Access to finance",0.7717,,
2019,104,"Myanmar",FTRI00,"Overall index",0.3853,,
2019,104,"Myanmar",FTRI01,"ICT",0.6006,,
2019,104,"Myanmar",FTRI02,"Skills",0.2478,,
2019,104,"Myanmar",FTRI03,"Research and Development",0.1992,,
2019,104,"Myanmar",FTRI04,"Industry activity",0.3763,,
2019,104,"Myanmar",FTRI05,"Access to finance",0.793,,
2019,516,"Namibia",FTRI00,"Overall index",0.4453,,
2019,516,"Namibia",FTRI01,"ICT",0.569,,
2019,516,"Namibia",FTRI02,"Skills",0.3831,,
2019,516,"Namibia",FTRI03,"Research and Development",0.1418,,
2019,516,"Namibia",FTRI04,"Industry activity",0.4982,,
2019,516,"Namibia",FTRI05,"Access to finance",0.8858,,
2019,524,"Nepal",FTRI00,"Overall index",0.4141,,
2019,524,"Nepal",FTRI01,"ICT",0.5072,,
2019,524,"Nepal",FTRI02,"Skills",0.3801,,
2019,524,"Nepal",FTRI03,"Research and Development",0.2103,,
2019,524,"Nepal",FTRI04,"Industry activity",0.2491,,
2019,524,"Nepal",FTRI05,"Access to finance",0.8959,,
2019,528,"Netherlands (Kingdom of the)",FTRI00,"Overall index",0.9651,,
2019,528,"Netherlands (Kingdom of the)",FTRI01,"ICT",0.9494,,
2019,528,"Netherlands (Kingdom of the)",FTRI02,"Skills",0.9298,,
2019,528,"Netherlands (Kingdom of the)",FTRI03,"Research and Development",0.682,,
2019,528,"Netherlands (Kingdom of the)",FTRI04,"Industry activity",0.849,,
2019,528,"Netherlands (Kingdom of the)",FTRI05,"Access to finance",0.919,,
2019,554,"New Zealand",FTRI00,"Overall index",0.8319,,
2019,554,"New Zealand",FTRI01,"ICT",0.9205,,
2019,554,"New Zealand",FTRI02,"Skills",0.9232,,
2019,554,"New Zealand",FTRI03,"Research and Development",0.509,,
2019,554,"New Zealand",FTRI04,"Industry activity",0.4973,,
2019,554,"New Zealand",FTRI05,"Access to finance",0.9602,,
2019,558,"Nicaragua",FTRI00,"Overall index",0.3766,,
2019,558,"Nicaragua",FTRI01,"ICT",0.5188,,
2019,558,"Nicaragua",FTRI02,"Skills",0.3617,,
2019,558,"Nicaragua",FTRI03,"Research and Development",0.1056,,
2019,558,"Nicaragua",FTRI04,"Industry activity",0.3762,,
2019,558,"Nicaragua",FTRI05,"Access to finance",0.811,,
2019,562,"Niger",FTRI00,"Overall index",0.2247,,
2019,562,"Niger",FTRI01,"ICT",0.1939,,
2019,562,"Niger",FTRI02,"Skills",0.13,,
2019,562,"Niger",FTRI03,"Research and Development",0.0954,,
2019,562,"Niger",FTRI04,"Industry activity",0.5093,,
2019,562,"Niger",FTRI05,"Access to finance",0.7111,,
2019,566,"Nigeria",FTRI00,"Overall index",0.3507,,
2019,566,"Nigeria",FTRI01,"ICT",0.388,,
2019,566,"Nigeria",FTRI02,"Skills",0.4162,,
2019,566,"Nigeria",FTRI03,"Research and Development",0.2955,,
2019,566,"Nigeria",FTRI04,"Industry activity",0.2148,,
2019,566,"Nigeria",FTRI05,"Access to finance",0.7106,,
2019,807,"North Macedonia",FTRI00,"Overall index",0.566,,
2019,807,"North Macedonia",FTRI01,"ICT",0.7529,,
2019,807,"North Macedonia",FTRI02,"Skills",0.5289,,
2019,807,"North Macedonia",FTRI03,"Research and Development",0.1949,,
2019,807,"North Macedonia",FTRI04,"Industry activity",0.5372,,
2019,807,"North Macedonia",FTRI05,"Access to finance",0.855,,
2019,578,"Norway",FTRI00,"Overall index",0.8933,,
2019,578,"Norway",FTRI01,"ICT",0.9542,,
2019,578,"Norway",FTRI02,"Skills",0.9589,,
2019,578,"Norway",FTRI03,"Research and Development",0.5681,,
2019,578,"Norway",FTRI04,"Industry activity",0.5966,,
2019,578,"Norway",FTRI05,"Access to finance",0.9564,,
2019,512,"Oman",FTRI00,"Overall index",0.5272,,
2019,512,"Oman",FTRI01,"ICT",0.7249,,
2019,512,"Oman",FTRI02,"Skills",0.4909,,
2019,512,"Oman",FTRI03,"Research and Development",0.2538,,
2019,512,"Oman",FTRI04,"Industry activity",0.3976,,
2019,512,"Oman",FTRI05,"Access to finance",0.8777,,
2019,586,"Pakistan",FTRI00,"Overall index",0.3076,,
2019,586,"Pakistan",FTRI01,"ICT",0.2737,,
2019,586,"Pakistan",FTRI02,"Skills",0.1219,,
2019,586,"Pakistan",FTRI03,"Research and Development",0.3552,,
2019,586,"Pakistan",FTRI04,"Industry activity",0.4438,,
2019,586,"Pakistan",FTRI05,"Access to finance",0.7428,,
2019,591,"Panama",FTRI00,"Overall index",0.5867,,
2019,591,"Panama",FTRI01,"ICT",0.7073,,
2019,591,"Panama",FTRI02,"Skills",0.4847,,
2019,591,"Panama",FTRI03,"Research and Development",0.2993,,
2019,591,"Panama",FTRI04,"Industry activity",0.6119,,
2019,591,"Panama",FTRI05,"Access to finance",0.9011,,
2019,598,"Papua New Guinea",FTRI00,"Overall index",0.2962,,
2019,598,"Papua New Guinea",FTRI01,"ICT",0.3609,,
2019,598,"Papua New Guinea",FTRI02,"Skills",0.2673,,
2019,598,"Papua New Guinea",FTRI03,"Research and Development",0.13,,
2019,598,"Papua New Guinea",FTRI04,"Industry activity",0.3194,,
2019,598,"Papua New Guinea",FTRI05,"Access to finance",0.7562,,
2019,600,"Paraguay",FTRI00,"Overall index",0.4235,,
2019,600,"Paraguay",FTRI01,"ICT",0.6349,,
2019,600,"Paraguay",FTRI02,"Skills",0.4629,,
2019,600,"Paraguay",FTRI03,"Research and Development",0.1242,,
2019,600,"Paraguay",FTRI04,"Industry activity",0.2527,,
2019,600,"Paraguay",FTRI05,"Access to finance",0.8483,,
2019,604,"Peru",FTRI00,"Overall index",0.4714,,
2019,604,"Peru",FTRI01,"ICT",0.5865,,
2019,604,"Peru",FTRI02,"Skills",0.4682,,
2019,604,"Peru",FTRI03,"Research and Development",0.3269,,
2019,604,"Peru",FTRI04,"Industry activity",0.2536,,
2019,604,"Peru",FTRI05,"Access to finance",0.8421,,
2019,608,"Philippines",FTRI00,"Overall index",0.6356,,
2019,608,"Philippines",FTRI01,"ICT",0.6019,,
2019,608,"Philippines",FTRI02,"Skills",0.4866,,
2019,608,"Philippines",FTRI03,"Research and Development",0.4488,,
2019,608,"Philippines",FTRI04,"Industry activity",0.8301,,
2019,608,"Philippines",FTRI05,"Access to finance",0.8487,,
2019,616,"Poland",FTRI00,"Overall index",0.803,,
2019,616,"Poland",FTRI01,"ICT",0.8684,,
2019,616,"Poland",FTRI02,"Skills",0.7498,,
2019,616,"Poland",FTRI03,"Research and Development",0.5951,,
2019,616,"Poland",FTRI04,"Industry activity",0.6868,,
2019,616,"Poland",FTRI05,"Access to finance",0.8541,,
2019,620,"Portugal",FTRI00,"Overall index",0.7621,,
2019,620,"Portugal",FTRI01,"ICT",0.8486,,
2019,620,"Portugal",FTRI02,"Skills",0.7377,,
2019,620,"Portugal",FTRI03,"Research and Development",0.5394,,
2019,620,"Portugal",FTRI04,"Industry activity",0.566,,
2019,620,"Portugal",FTRI05,"Access to finance",0.9119,,
2019,634,"Qatar",FTRI00,"Overall index",0.5344,,
2019,634,"Qatar",FTRI01,"ICT",0.7495,,
2019,634,"Qatar",FTRI02,"Skills",0.4316,,
2019,634,"Qatar",FTRI03,"Research and Development",0.3556,,
2019,634,"Qatar",FTRI04,"Industry activity",0.2764,,
2019,634,"Qatar",FTRI05,"Access to finance",0.9189,,
2019,410,"Republic of Korea",FTRI00,"Overall index",0.9218,,
2019,410,"Republic of Korea",FTRI01,"ICT",0.8772,,
2019,410,"Republic of Korea",FTRI02,"Skills",0.7659,,
2019,410,"Republic of Korea",FTRI03,"Research and Development",0.824,,
2019,410,"Republic of Korea",FTRI04,"Industry activity",0.7972,,
2019,410,"Republic of Korea",FTRI05,"Access to finance",0.9576,,
2019,498,"Republic of Moldova",FTRI00,"Overall index",0.5451,,
2019,498,"Republic of Moldova",FTRI01,"ICT",0.7264,,
2019,498,"Republic of Moldova",FTRI02,"Skills",0.48,,
2019,498,"Republic of Moldova",FTRI03,"Research and Development",0.2855,,
2019,498,"Republic of Moldova",FTRI04,"Industry activity",0.512,,
2019,498,"Republic of Moldova",FTRI05,"Access to finance",0.7882,,
2019,642,"Romania",FTRI00,"Overall index",0.6915,,
2019,642,"Romania",FTRI01,"ICT",0.8398,,
2019,642,"Romania",FTRI02,"Skills",0.5334,,
2019,642,"Romania",FTRI03,"Research and Development",0.5212,,
2019,642,"Romania",FTRI04,"Industry activity",0.6753,,
2019,642,"Romania",FTRI05,"Access to finance",0.7856,,
2019,643,"Russian Federation",FTRI00,"Overall index",0.7913,,
2019,643,"Russian Federation",FTRI01,"ICT",0.8216,,
2019,643,"Russian Federation",FTRI02,"Skills",0.7687,,
2019,643,"Russian Federation",FTRI03,"Research and Development",0.6927,,
2019,643,"Russian Federation",FTRI04,"Industry activity",0.5286,,
2019,643,"Russian Federation",FTRI05,"Access to finance",0.8574,,
2019,646,"Rwanda",FTRI00,"Overall index",0.2843,,
2019,646,"Rwanda",FTRI01,"ICT",0.4055,,
2019,646,"Rwanda",FTRI02,"Skills",0.2341,,
2019,646,"Rwanda",FTRI03,"Research and Development",0.1528,,
2019,646,"Rwanda",FTRI04,"Industry activity",0.2663,,
2019,646,"Rwanda",FTRI05,"Access to finance",0.7725,,
2019,662,"Saint Lucia",FTRI00,"Overall index",0.4443,,
2019,662,"Saint Lucia",FTRI01,"ICT",0.7022,,
2019,662,"Saint Lucia",FTRI02,"Skills",0.503,,
2019,662,"Saint Lucia",FTRI03,"Research and Development",0,,
2019,662,"Saint Lucia",FTRI04,"Industry activity",0.3373,,
2019,662,"Saint Lucia",FTRI05,"Access to finance",0.86,,
2019,670,"Saint Vincent and the Grenadines",FTRI00,"Overall index",0.4282,,
2019,670,"Saint Vincent and the Grenadines",FTRI01,"ICT",0.6567,,
2019,670,"Saint Vincent and the Grenadines",FTRI02,"Skills",0.6322,,
2019,670,"Saint Vincent and the Grenadines",FTRI03,"Research and Development",0,,
2019,670,"Saint Vincent and the Grenadines",FTRI04,"Industry activity",0.137,,
2019,670,"Saint Vincent and the Grenadines",FTRI05,"Access to finance",0.8397,,
2019,882,"Samoa",FTRI00,"Overall index",0.3797,,
2019,882,"Samoa",FTRI01,"ICT",0.436,,
2019,882,"Samoa",FTRI02,"Skills",0.4189,,
2019,882,"Samoa",FTRI03,"Research and Development",0.0794,,
2019,882,"Samoa",FTRI04,"Industry activity",0.3668,,
2019,882,"Samoa",FTRI05,"Access to finance",0.8139,,
2019,678,"Sao Tome and Principe",FTRI00,"Overall index",0.3003,,
2019,678,"Sao Tome and Principe",FTRI01,"ICT",0.4027,,
2019,678,"Sao Tome and Principe",FTRI02,"Skills",0.3678,,
2019,678,"Sao Tome and Principe",FTRI03,"Research and Development",0,,
2019,678,"Sao Tome and Principe",FTRI04,"Industry activity",0.3648,,
2019,678,"Sao Tome and Principe",FTRI05,"Access to finance",0.777,,
2019,682,"Saudi Arabia",FTRI00,"Overall index",0.6427,,
2019,682,"Saudi Arabia",FTRI01,"ICT",0.7403,,
2019,682,"Saudi Arabia",FTRI02,"Skills",0.6848,,
2019,682,"Saudi Arabia",FTRI03,"Research and Development",0.5728,,
2019,682,"Saudi Arabia",FTRI04,"Industry activity",0.2394,,
2019,682,"Saudi Arabia",FTRI05,"Access to finance",0.8563,,
2019,686,"Senegal",FTRI00,"Overall index",0.3144,,
2019,686,"Senegal",FTRI01,"ICT",0.4994,,
2019,686,"Senegal",FTRI02,"Skills",0.1423,,
2019,686,"Senegal",FTRI03,"Research and Development",0.1804,,
2019,686,"Senegal",FTRI04,"Industry activity",0.3016,,
2019,686,"Senegal",FTRI05,"Access to finance",0.8027,,
2019,688,"Serbia",FTRI00,"Overall index",0.6903,,
2019,688,"Serbia",FTRI01,"ICT",0.8357,,
2019,688,"Serbia",FTRI02,"Skills",0.5981,,
2019,688,"Serbia",FTRI03,"Research and Development",0.3839,,
2019,688,"Serbia",FTRI04,"Industry activity",0.6734,,
2019,688,"Serbia",FTRI05,"Access to finance",0.8361,,
2019,694,"Sierra Leone",FTRI00,"Overall index",0,,
2019,694,"Sierra Leone",FTRI01,"ICT",0.2926,,
2019,694,"Sierra Leone",FTRI02,"Skills",0.1527,,
2019,694,"Sierra Leone",FTRI03,"Research and Development",0.0504,,
2019,694,"Sierra Leone",FTRI04,"Industry activity",0.2937,,
2019,694,"Sierra Leone",FTRI05,"Access to finance",0,,
2019,702,"Singapore",FTRI00,"Overall index",0.9693,,
2019,702,"Singapore",FTRI01,"ICT",1,,
2019,702,"Singapore",FTRI02,"Skills",0.9539,,
2019,702,"Singapore",FTRI03,"Research and Development",0.6018,,
2019,702,"Singapore",FTRI04,"Industry activity",0.8715,,
2019,702,"Singapore",FTRI05,"Access to finance",0.935,,
2019,703,"Slovakia",FTRI00,"Overall index",0.7474,,
2019,703,"Slovakia",FTRI01,"ICT",0.8939,,
2019,703,"Slovakia",FTRI02,"Skills",0.6251,,
2019,703,"Slovakia",FTRI03,"Research and Development",0.4627,,
2019,703,"Slovakia",FTRI04,"Industry activity",0.7153,,
2019,703,"Slovakia",FTRI05,"Access to finance",0.8739,,
2019,705,"Slovenia",FTRI00,"Overall index",0.776,,
2019,705,"Slovenia",FTRI01,"ICT",0.8886,,
2019,705,"Slovenia",FTRI02,"Skills",0.8445,,
2019,705,"Slovenia",FTRI03,"Research and Development",0.3921,,
2019,705,"Slovenia",FTRI04,"Industry activity",0.7087,,
2019,705,"Slovenia",FTRI05,"Access to finance",0.8369,,
2019,090,"Solomon Islands",FTRI00,"Overall index",0.2892,,
2019,090,"Solomon Islands",FTRI01,"ICT",0.5112,,
2019,090,"Solomon Islands",FTRI02,"Skills",0.2906,,
2019,090,"Solomon Islands",FTRI03,"Research and Development",0,,
2019,090,"Solomon Islands",FTRI04,"Industry activity",0.1804,,
2019,090,"Solomon Islands",FTRI05,"Access to finance",0.8066,,
2019,710,"South Africa",FTRI00,"Overall index",0.659,,
2019,710,"South Africa",FTRI01,"ICT",0.7288,,
2019,710,"South Africa",FTRI02,"Skills",0.5211,,
2019,710,"South Africa",FTRI03,"Research and Development",0.5003,,
2019,710,"South Africa",FTRI04,"Industry activity",0.528,,
2019,710,"South Africa",FTRI05,"Access to finance",0.9334,,
2019,728,"South Sudan",FTRI00,"Overall index",0.0263,,
2019,728,"South Sudan",FTRI01,"ICT",0,,
2019,728,"South Sudan",FTRI02,"Skills",0,,
2019,728,"South Sudan",FTRI03,"Research and Development",0.0318,,
2019,728,"South Sudan",FTRI04,"Industry activity",0.1786,,
2019,728,"South Sudan",FTRI05,"Access to finance",0.5325,,
2019,724,"Spain",FTRI00,"Overall index",0.849,,
2019,724,"Spain",FTRI01,"ICT",0.9326,,
2019,724,"Spain",FTRI02,"Skills",0.7597,,
2019,724,"Spain",FTRI03,"Research and Development",0.6809,,
2019,724,"Spain",FTRI04,"Industry activity",0.6365,,
2019,724,"Spain",FTRI05,"Access to finance",0.9135,,
2019,144,"Sri Lanka",FTRI00,"Overall index",0.4891,,
2019,144,"Sri Lanka",FTRI01,"ICT",0.5704,,
2019,144,"Sri Lanka",FTRI02,"Skills",0.5013,,
2019,144,"Sri Lanka",FTRI03,"Research and Development",0.2506,,
2019,144,"Sri Lanka",FTRI04,"Industry activity",0.4111,,
2019,144,"Sri Lanka",FTRI05,"Access to finance",0.8468,,
2019,729,"Sudan",FTRI00,"Overall index",0.206,,
2019,729,"Sudan",FTRI01,"ICT",0.3847,,
2019,729,"Sudan",FTRI02,"Skills",0.1823,,
2019,729,"Sudan",FTRI03,"Research and Development",0.1714,,
2019,729,"Sudan",FTRI04,"Industry activity",0.0583,,
2019,729,"Sudan",FTRI05,"Access to finance",0.692,,
2019,736,"Sudan (...2011)",FTRI00,"Overall index",,,"Not applicable"
2019,736,"Sudan (...2011)",FTRI01,"ICT",,,"Not applicable"
2019,736,"Sudan (...2011)",FTRI02,"Skills",,,"Not applicable"
2019,736,"Sudan (...2011)",FTRI03,"Research and Development",,,"Not applicable"
2019,736,"Sudan (...2011)",FTRI04,"Industry activity",,,"Not applicable"
2019,736,"Sudan (...2011)",FTRI05,"Access to finance",,,"Not applicable"
2019,740,"Suriname",FTRI00,"Overall index",0.3761,,
2019,740,"Suriname",FTRI01,"ICT",0.6111,,
2019,740,"Suriname",FTRI02,"Skills",0.4474,,
2019,740,"Suriname",FTRI03,"Research and Development",0.0636,,
2019,740,"Suriname",FTRI04,"Industry activity",0.1898,,
2019,740,"Suriname",FTRI05,"Access to finance",0.7795,,
2019,752,"Sweden",FTRI00,"Overall index",0.9969,,
2019,752,"Sweden",FTRI01,"ICT",0.9852,,
2019,752,"Sweden",FTRI02,"Skills",1,,
2019,752,"Sweden",FTRI03,"Research and Development",0.6619,,
2019,752,"Sweden",FTRI04,"Industry activity",0.8351,,
2019,752,"Sweden",FTRI05,"Access to finance",0.944,,
2019,756,"Switzerland",FTRI00,"Overall index",0.9648,,
2019,756,"Switzerland",FTRI01,"ICT",0.9455,,
2019,756,"Switzerland",FTRI02,"Skills",0.8528,,
2019,756,"Switzerland",FTRI03,"Research and Development",0.6719,,
2019,756,"Switzerland",FTRI04,"Industry activity",0.9063,,
2019,756,"Switzerland",FTRI05,"Access to finance",0.9688,,
2019,762,"Tajikistan",FTRI00,"Overall index",0.2383,,
2019,762,"Tajikistan",FTRI01,"ICT",0.2888,,
2019,762,"Tajikistan",FTRI02,"Skills",0.3341,,
2019,762,"Tajikistan",FTRI03,"Research and Development",0.1056,,
2019,762,"Tajikistan",FTRI04,"Industry activity",0.189,,
2019,762,"Tajikistan",FTRI05,"Access to finance",0.7141,,
2019,764,"Thailand",FTRI00,"Overall index",0.6994,,
2019,764,"Thailand",FTRI01,"ICT",0.8017,,
2019,764,"Thailand",FTRI02,"Skills",0.5172,,
2019,764,"Thailand",FTRI03,"Research and Development",0.4932,,
2019,764,"Thailand",FTRI04,"Industry activity",0.6642,,
2019,764,"Thailand",FTRI05,"Access to finance",0.9525,,
2019,626,"Timor-Leste",FTRI00,"Overall index",0.2235,,
2019,626,"Timor-Leste",FTRI01,"ICT",0.2456,,
2019,626,"Timor-Leste",FTRI02,"Skills",0.3732,,
2019,626,"Timor-Leste",FTRI03,"Research and Development",0.0318,,
2019,626,"Timor-Leste",FTRI04,"Industry activity",0.2161,,
2019,626,"Timor-Leste",FTRI05,"Access to finance",0.7251,,
2019,768,"Togo",FTRI00,"Overall index",0.3433,,
2019,768,"Togo",FTRI01,"ICT",0.3435,,
2019,768,"Togo",FTRI02,"Skills",0.3826,,
2019,768,"Togo",FTRI03,"Research and Development",0.1177,,
2019,768,"Togo",FTRI04,"Industry activity",0.3787,,
2019,768,"Togo",FTRI05,"Access to finance",0.7963,,
2019,780,"Trinidad and Tobago",FTRI00,"Overall index",0.5202,,
2019,780,"Trinidad and Tobago",FTRI01,"ICT",0.7879,,
2019,780,"Trinidad and Tobago",FTRI02,"Skills",0.5739,,
2019,780,"Trinidad and Tobago",FTRI03,"Research and Development",0.1374,,
2019,780,"Trinidad and Tobago",FTRI04,"Industry activity",0.3114,,
2019,780,"Trinidad and Tobago",FTRI05,"Access to finance",0.8337,,
2019,788,"Tunisia",FTRI00,"Overall index",0.5905,,
2019,788,"Tunisia",FTRI01,"ICT",0.6577,,
2019,788,"Tunisia",FTRI02,"Skills",0.5297,,
2019,788,"Tunisia",FTRI03,"Research and Development",0.3996,,
2019,788,"Tunisia",FTRI04,"Industry activity",0.5679,,
2019,788,"Tunisia",FTRI05,"Access to finance",0.8688,,
2019,792,"Turkiye",FTRI00,"Overall index",0.6896,,
2019,792,"Turkiye",FTRI01,"ICT",0.6911,,
2019,792,"Turkiye",FTRI02,"Skills",0.7158,,
2019,792,"Turkiye",FTRI03,"Research and Development",0.5864,,
2019,792,"Turkiye",FTRI04,"Industry activity",0.477,,
2019,792,"Turkiye",FTRI05,"Access to finance",0.8783,,
2019,800,"Uganda",FTRI00,"Overall index",0.2273,,
2019,800,"Uganda",FTRI01,"ICT",0.1594,,
2019,800,"Uganda",FTRI02,"Skills",0.2417,,
2019,800,"Uganda",FTRI03,"Research and Development",0.1886,,
2019,800,"Uganda",FTRI04,"Industry activity",0.295,,
2019,800,"Uganda",FTRI05,"Access to finance",0.7307,,
2019,804,"Ukraine",FTRI00,"Overall index",0.6423,,
2019,804,"Ukraine",FTRI01,"ICT",0.721,,
2019,804,"Ukraine",FTRI02,"Skills",0.6303,,
2019,804,"Ukraine",FTRI03,"Research and Development",0.4453,,
2019,804,"Ukraine",FTRI04,"Industry activity",0.5295,,
2019,804,"Ukraine",FTRI05,"Access to finance",0.8044,,
2019,784,"United Arab Emirates",FTRI00,"Overall index",0.7262,,
2019,784,"United Arab Emirates",FTRI01,"ICT",0.8104,,
2019,784,"United Arab Emirates",FTRI02,"Skills",0.6657,,
2019,784,"United Arab Emirates",FTRI03,"Research and Development",0.4635,,
2019,784,"United Arab Emirates",FTRI04,"Industry activity",0.6603,,
2019,784,"United Arab Emirates",FTRI05,"Access to finance",0.8917,,
2019,826,"United Kingdom",FTRI00,"Overall index",0.9614,,
2019,826,"United Kingdom",FTRI01,"ICT",0.8861,,
2019,826,"United Kingdom",FTRI02,"Skills",0.8876,,
2019,826,"United Kingdom",FTRI03,"Research and Development",0.7597,,
2019,826,"United Kingdom",FTRI04,"Industry activity",0.8346,,
2019,826,"United Kingdom",FTRI05,"Access to finance",0.9451,,
2019,834,"United Republic of Tanzania",FTRI00,"Overall index",0.2053,,
2019,834,"United Republic of Tanzania",FTRI01,"ICT",0.3384,,
2019,834,"United Republic of Tanzania",FTRI02,"Skills",0.0929,,
2019,834,"United Republic of Tanzania",FTRI03,"Research and Development",0.1942,,
2019,834,"United Republic of Tanzania",FTRI04,"Industry activity",0.1723,,
2019,834,"United Republic of Tanzania",FTRI05,"Access to finance",0.7224,,
2019,840,"United States",FTRI00,"Overall index",1,,
2019,840,"United States",FTRI01,"ICT",0.9202,,
2019,840,"United States",FTRI02,"Skills",0.8473,,
2019,840,"United States",FTRI03,"Research and Development",0.9296,,
2019,840,"United States",FTRI04,"Industry activity",0.7811,,
2019,840,"United States",FTRI05,"Access to finance",0.9816,,
2019,858,"Uruguay",FTRI00,"Overall index",0.6183,,
2019,858,"Uruguay",FTRI01,"ICT",0.772,,
2019,858,"Uruguay",FTRI02,"Skills",0.6045,,
2019,858,"Uruguay",FTRI03,"Research and Development",0.2938,,
2019,858,"Uruguay",FTRI04,"Industry activity",0.5634,,
2019,858,"Uruguay",FTRI05,"Access to finance",0.7882,,
2019,860,"Uzbekistan",FTRI00,"Overall index",0.4364,,
2019,860,"Uzbekistan",FTRI01,"ICT",0.5397,,
2019,860,"Uzbekistan",FTRI02,"Skills",0.4304,,
2019,860,"Uzbekistan",FTRI03,"Research and Development",0.2726,,
2019,860,"Uzbekistan",FTRI04,"Industry activity",0.356,,
2019,860,"Uzbekistan",FTRI05,"Access to finance",0.8006,,
2019,548,"Vanuatu",FTRI00,"Overall index",0.3513,,
2019,548,"Vanuatu",FTRI01,"ICT",0.528,,
2019,548,"Vanuatu",FTRI02,"Skills",0.3363,,
2019,548,"Vanuatu",FTRI03,"Research and Development",0.0738,,
2019,548,"Vanuatu",FTRI04,"Industry activity",0.2555,,
2019,548,"Vanuatu",FTRI05,"Access to finance",0.8685,,
2019,862,"Venezuela (Bolivarian Rep. of)",FTRI00,"Overall index",0.4052,,
2019,862,"Venezuela (Bolivarian Rep. of)",FTRI01,"ICT",0.5137,,
2019,862,"Venezuela (Bolivarian Rep. of)",FTRI02,"Skills",0.5073,,
2019,862,"Venezuela (Bolivarian Rep. of)",FTRI03,"Research and Development",0.1821,,
2019,862,"Venezuela (Bolivarian Rep. of)",FTRI04,"Industry activity",0.2443,,
2019,862,"Venezuela (Bolivarian Rep. of)",FTRI05,"Access to finance",0.8039,,
2019,704,"Viet Nam",FTRI00,"Overall index",0.591,,
2019,704,"Viet Nam",FTRI01,"ICT",0.7069,,
2019,704,"Viet Nam",FTRI02,"Skills",0.3663,,
2019,704,"Viet Nam",FTRI03,"Research and Development",0.3935,,
2019,704,"Viet Nam",FTRI04,"Industry activity",0.6966,,
2019,704,"Viet Nam",FTRI05,"Access to finance",0.9257,,
2019,887,"Yemen",FTRI00,"Overall index",0.199,,
2019,887,"Yemen",FTRI01,"ICT",0.219,,
2019,887,"Yemen",FTRI02,"Skills",0.1538,,
2019,887,"Yemen",FTRI03,"Research and Development",0.1821,,
2019,887,"Yemen",FTRI04,"Industry activity",0.3221,,
2019,887,"Yemen",FTRI05,"Access to finance",0.6459,,
2019,894,"Zambia",FTRI00,"Overall index",0.2744,,
2019,894,"Zambia",FTRI01,"ICT",0.3733,,
2019,894,"Zambia",FTRI02,"Skills",0.2704,,
2019,894,"Zambia",FTRI03,"Research and Development",0.1528,,
2019,894,"Zambia",FTRI04,"Industry activity",0.22,,
2019,894,"Zambia",FTRI05,"Access to finance",0.7425,,
2019,716,"Zimbabwe",FTRI00,"Overall index",0.268,,
2019,716,"Zimbabwe",FTRI01,"ICT",0.4262,,
2019,716,"Zimbabwe",FTRI02,"Skills",0.2405,,
2019,716,"Zimbabwe",FTRI03,"Research and Development",0.1725,,
2019,716,"Zimbabwe",FTRI04,"Industry activity",0.2805,,
2019,716,"Zimbabwe",FTRI05,"Access to finance",0.6389,,
2020,004,"Afghanistan",FTRI00,"Overall index",0.1502,,
2020,004,"Afghanistan",FTRI01,"ICT",0.2243,,
2020,004,"Afghanistan",FTRI02,"Skills",0.2158,,
2020,004,"Afghanistan",FTRI03,"Research and Development",0.1193,,
2020,004,"Afghanistan",FTRI04,"Industry activity",0.2243,,
2020,004,"Afghanistan",FTRI05,"Access to finance",0.5855,,
2020,008,"Albania",FTRI00,"Overall index",0.48,,
2020,008,"Albania",FTRI01,"ICT",0.7186,,
2020,008,"Albania",FTRI02,"Skills",0.504,,
2020,008,"Albania",FTRI03,"Research and Development",0.1567,,
2020,008,"Albania",FTRI04,"Industry activity",0.3779,,
2020,008,"Albania",FTRI05,"Access to finance",0.8132,,
2020,012,"Algeria",FTRI00,"Overall index",0.4051,,
2020,012,"Algeria",FTRI01,"ICT",0.4999,,
2020,012,"Algeria",FTRI02,"Skills",0.5133,,
2020,012,"Algeria",FTRI03,"Research and Development",0.287,,
2020,012,"Algeria",FTRI04,"Industry activity",0.2039,,
2020,012,"Algeria",FTRI05,"Access to finance",0.7852,,
2020,024,"Angola",FTRI00,"Overall index",0.2574,,
2020,024,"Angola",FTRI01,"ICT",0.4733,,
2020,024,"Angola",FTRI02,"Skills",0.3008,,
2020,024,"Angola",FTRI03,"Research and Development",0.094,,
2020,024,"Angola",FTRI04,"Industry activity",0.1342,,
2020,024,"Angola",FTRI05,"Access to finance",0.7179,,
2020,032,"Argentina",FTRI00,"Overall index",0.6176,,
2020,032,"Argentina",FTRI01,"ICT",0.6878,,
2020,032,"Argentina",FTRI02,"Skills",0.6954,,
2020,032,"Argentina",FTRI03,"Research and Development",0.4346,,
2020,032,"Argentina",FTRI04,"Industry activity",0.5193,,
2020,032,"Argentina",FTRI05,"Access to finance",0.7231,,
2020,051,"Armenia",FTRI00,"Overall index",0.5025,,
2020,051,"Armenia",FTRI01,"ICT",0.7266,,
2020,051,"Armenia",FTRI02,"Skills",0.4581,,
2020,051,"Armenia",FTRI03,"Research and Development",0.1718,,
2020,051,"Armenia",FTRI04,"Industry activity",0.3972,,
2020,051,"Armenia",FTRI05,"Access to finance",0.8804,,
2020,036,"Australia",FTRI00,"Overall index",0.8833,,
2020,036,"Australia",FTRI01,"ICT",0.8447,,
2020,036,"Australia",FTRI02,"Skills",1,,
2020,036,"Australia",FTRI03,"Research and Development",0.6817,,
2020,036,"Australia",FTRI04,"Industry activity",0.5294,,
2020,036,"Australia",FTRI05,"Access to finance",0.9438,,
2020,040,"Austria",FTRI00,"Overall index",0.8062,,
2020,040,"Austria",FTRI01,"ICT",0.8358,,
2020,040,"Austria",FTRI02,"Skills",0.7454,,
2020,040,"Austria",FTRI03,"Research and Development",0.5956,,
2020,040,"Austria",FTRI04,"Industry activity",0.7185,,
2020,040,"Austria",FTRI05,"Access to finance",0.904,,
2020,031,"Azerbaijan",FTRI00,"Overall index",0.4381,,
2020,031,"Azerbaijan",FTRI01,"ICT",0.6628,,
2020,031,"Azerbaijan",FTRI02,"Skills",0.4738,,
2020,031,"Azerbaijan",FTRI03,"Research and Development",0.229,,
2020,031,"Azerbaijan",FTRI04,"Industry activity",0.2357,,
2020,031,"Azerbaijan",FTRI05,"Access to finance",0.7849,,
2020,044,"Bahamas",FTRI00,"Overall index",0.4776,,
2020,044,"Bahamas",FTRI01,"ICT",0.8776,,
2020,044,"Bahamas",FTRI02,"Skills",0.5451,,
2020,044,"Bahamas",FTRI03,"Research and Development",0.03,,
2020,044,"Bahamas",FTRI04,"Industry activity",0.0988,,
2020,044,"Bahamas",FTRI05,"Access to finance",0.864,,
2020,048,"Bahrain",FTRI00,"Overall index",0.591,,
2020,048,"Bahrain",FTRI01,"ICT",0.7733,,
2020,048,"Bahrain",FTRI02,"Skills",0.5836,,
2020,048,"Bahrain",FTRI03,"Research and Development",0.2141,,
2020,048,"Bahrain",FTRI04,"Industry activity",0.5074,,
2020,048,"Bahrain",FTRI05,"Access to finance",0.8824,,
2020,050,"Bangladesh",FTRI00,"Overall index",0.3718,,
2020,050,"Bangladesh",FTRI01,"ICT",0.4464,,
2020,050,"Bangladesh",FTRI02,"Skills",0.2741,,
2020,050,"Bangladesh",FTRI03,"Research and Development",0.3923,,
2020,050,"Bangladesh",FTRI04,"Industry activity",0.2832,,
2020,050,"Bangladesh",FTRI05,"Access to finance",0.8231,,
2020,052,"Barbados",FTRI00,"Overall index",0.6334,,
2020,052,"Barbados",FTRI01,"ICT",0.8658,,
2020,052,"Barbados",FTRI02,"Skills",0.6681,,
2020,052,"Barbados",FTRI03,"Research and Development",0.2321,,
2020,052,"Barbados",FTRI04,"Industry activity",0.4323,,
2020,052,"Barbados",FTRI05,"Access to finance",0.8966,,
2020,112,"Belarus",FTRI00,"Overall index",0.6264,,
2020,112,"Belarus",FTRI01,"ICT",0.7778,,
2020,112,"Belarus",FTRI02,"Skills",0.6644,,
2020,112,"Belarus",FTRI03,"Research and Development",0.279,,
2020,112,"Belarus",FTRI04,"Industry activity",0.5844,,
2020,112,"Belarus",FTRI05,"Access to finance",0.8057,,
2020,056,"Belgium",FTRI00,"Overall index",0.9095,,
2020,056,"Belgium",FTRI01,"ICT",0.9286,,
2020,056,"Belgium",FTRI02,"Skills",0.9373,,
2020,056,"Belgium",FTRI03,"Research and Development",0.6025,,
2020,056,"Belgium",FTRI04,"Industry activity",0.7753,,
2020,056,"Belgium",FTRI05,"Access to finance",0.886,,
2020,084,"Belize",FTRI00,"Overall index",0.4093,,
2020,084,"Belize",FTRI01,"ICT",0.6978,,
2020,084,"Belize",FTRI02,"Skills",0.3969,,
2020,084,"Belize",FTRI03,"Research and Development",0.0728,,
2020,084,"Belize",FTRI04,"Industry activity",0.2438,,
2020,084,"Belize",FTRI05,"Access to finance",0.8551,,
2020,204,"Benin",FTRI00,"Overall index",0.2173,,
2020,204,"Benin",FTRI01,"ICT",0.2816,,
2020,204,"Benin",FTRI02,"Skills",0.2167,,
2020,204,"Benin",FTRI03,"Research and Development",0.1507,,
2020,204,"Benin",FTRI04,"Industry activity",0.3138,,
2020,204,"Benin",FTRI05,"Access to finance",0.7366,,
2020,060,"Bermuda",FTRI00,"Overall index",0.4138,,
2020,060,"Bermuda",FTRI01,"ICT",0.5944,,
2020,060,"Bermuda",FTRI02,"Skills",0.462,,
2020,060,"Bermuda",FTRI03,"Research and Development",0.1224,,
2020,060,"Bermuda",FTRI04,"Industry activity",0.2285,,
2020,060,"Bermuda",FTRI05,"Access to finance",0.8902,,
2020,064,"Bhutan",FTRI00,"Overall index",0.359,,
2020,064,"Bhutan",FTRI01,"ICT",0.6374,,
2020,064,"Bhutan",FTRI02,"Skills",0.4031,,
2020,064,"Bhutan",FTRI03,"Research and Development",0.094,,
2020,064,"Bhutan",FTRI04,"Industry activity",0.0374,,
2020,064,"Bhutan",FTRI05,"Access to finance",0.8742,,
2020,068,"Bolivia (Plurinational State of)",FTRI00,"Overall index",0.4138,,
2020,068,"Bolivia (Plurinational State of)",FTRI01,"ICT",0.5944,,
2020,068,"Bolivia (Plurinational State of)",FTRI02,"Skills",0.462,,
2020,068,"Bolivia (Plurinational State of)",FTRI03,"Research and Development",0.1224,,
2020,068,"Bolivia (Plurinational State of)",FTRI04,"Industry activity",0.2285,,
2020,068,"Bolivia (Plurinational State of)",FTRI05,"Access to finance",0.8902,,
2020,070,"Bosnia and Herzegovina",FTRI00,"Overall index",0.5249,,
2020,070,"Bosnia and Herzegovina",FTRI01,"ICT",0.744,,
2020,070,"Bosnia and Herzegovina",FTRI02,"Skills",0.461,,
2020,070,"Bosnia and Herzegovina",FTRI03,"Research and Development",0.2204,,
2020,070,"Bosnia and Herzegovina",FTRI04,"Industry activity",0.4887,,
2020,070,"Bosnia and Herzegovina",FTRI05,"Access to finance",0.8594,,
2020,072,"Botswana",FTRI00,"Overall index",0.4174,,
2020,072,"Botswana",FTRI01,"ICT",0.5619,,
2020,072,"Botswana",FTRI02,"Skills",0.3735,,
2020,072,"Botswana",FTRI03,"Research and Development",0.1778,,
2020,072,"Botswana",FTRI04,"Industry activity",0.4024,,
2020,072,"Botswana",FTRI05,"Access to finance",0.8245,,
2020,074,"Bouvet Island",FTRI00,"Overall index",0.7946,,
2020,074,"Bouvet Island",FTRI01,"ICT",0.5422,,
2020,074,"Bouvet Island",FTRI02,"Skills",0.5281,,
2020,074,"Bouvet Island",FTRI03,"Research and Development",1,,
2020,074,"Bouvet Island",FTRI04,"Industry activity",0.8313,,
2020,074,"Bouvet Island",FTRI05,"Access to finance",0.9674,,
2020,076,"Brazil",FTRI00,"Overall index",0.7216,,
2020,076,"Brazil",FTRI01,"ICT",0.7787,,
2020,076,"Brazil",FTRI02,"Skills",0.5591,,
2020,076,"Brazil",FTRI03,"Research and Development",0.6606,,
2020,076,"Brazil",FTRI04,"Industry activity",0.6031,,
2020,076,"Brazil",FTRI05,"Access to finance",0.8758,,
2020,080,"British Antarctic Territory",FTRI00,"Overall index",0.2742,,
2020,080,"British Antarctic Territory",FTRI01,"ICT",0.4974,,
2020,080,"British Antarctic Territory",FTRI02,"Skills",0.19,,
2020,080,"British Antarctic Territory",FTRI03,"Research and Development",0.162,,
2020,080,"British Antarctic Territory",FTRI04,"Industry activity",0.2216,,
2020,080,"British Antarctic Territory",FTRI05,"Access to finance",0.7629,,
2020,086,"British Indian Ocean Territory",FTRI00,"Overall index",0.3223,,
2020,086,"British Indian Ocean Territory",FTRI01,"ICT",0.4871,,
2020,086,"British Indian Ocean Territory",FTRI02,"Skills",0.3177,,
2020,086,"British Indian Ocean Territory",FTRI03,"Research and Development",0.0313,,
2020,086,"British Indian Ocean Territory",FTRI04,"Industry activity",0.4921,,
2020,086,"British Indian Ocean Territory",FTRI05,"Access to finance",0.7643,,
2020,092,"British Virgin Islands",FTRI00,"Overall index",0.7807,,
2020,092,"British Virgin Islands",FTRI01,"ICT",0.9291,,
2020,092,"British Virgin Islands",FTRI02,"Skills",0.7705,,
2020,092,"British Virgin Islands",FTRI03,"Research and Development",0.3978,,
2020,092,"British Virgin Islands",FTRI04,"Industry activity",0.7197,,
2020,092,"British Virgin Islands",FTRI05,"Access to finance",0.8683,,
2020,096,"Brunei Darussalam",FTRI00,"Overall index",0.4975,,
2020,096,"Brunei Darussalam",FTRI01,"ICT",0.7451,,
2020,096,"Brunei Darussalam",FTRI02,"Skills",0.6242,,
2020,096,"Brunei Darussalam",FTRI03,"Research and Development",0.1992,,
2020,096,"Brunei Darussalam",FTRI04,"Industry activity",0.1836,,
2020,096,"Brunei Darussalam",FTRI05,"Access to finance",0.8244,,
2020,100,"Bulgaria",FTRI00,"Overall index",0.7012,,
2020,100,"Bulgaria",FTRI01,"ICT",0.8386,,
2020,100,"Bulgaria",FTRI02,"Skills",0.5758,,
2020,100,"Bulgaria",FTRI03,"Research and Development",0.4596,,
2020,100,"Bulgaria",FTRI04,"Industry activity",0.6956,,
2020,100,"Bulgaria",FTRI05,"Access to finance",0.8488,,
2020,854,"Burkina Faso",FTRI00,"Overall index",0.1945,,
2020,854,"Burkina Faso",FTRI01,"ICT",0.2966,,
2020,854,"Burkina Faso",FTRI02,"Skills",0.1018,,
2020,854,"Burkina Faso",FTRI03,"Research and Development",0.1668,,
2020,854,"Burkina Faso",FTRI04,"Industry activity",0.1844,,
2020,854,"Burkina Faso",FTRI05,"Access to finance",0.794,,
2020,108,"Burundi",FTRI00,"Overall index",0.1374,,
2020,108,"Burundi",FTRI01,"ICT",0.1827,,
2020,108,"Burundi",FTRI02,"Skills",0.1575,,
2020,108,"Burundi",FTRI03,"Research and Development",0.081,,
2020,108,"Burundi",FTRI04,"Industry activity",0.1302,,
2020,108,"Burundi",FTRI05,"Access to finance",0.7759,,
2020,132,"Cabo Verde",FTRI00,"Overall index",0.3929,,
2020,132,"Cabo Verde",FTRI01,"ICT",0.6508,,
2020,132,"Cabo Verde",FTRI02,"Skills",0.348,,
2020,132,"Cabo Verde",FTRI03,"Research and Development",0.0728,,
2020,132,"Cabo Verde",FTRI04,"Industry activity",0.3075,,
2020,132,"Cabo Verde",FTRI05,"Access to finance",0.8754,,
2020,116,"Cambodia",FTRI00,"Overall index",0.3864,,
2020,116,"Cambodia",FTRI01,"ICT",0.5742,,
2020,116,"Cambodia",FTRI02,"Skills",0.269,,
2020,116,"Cambodia",FTRI03,"Research and Development",0.1281,,
2020,116,"Cambodia",FTRI04,"Industry activity",0.3703,,
2020,116,"Cambodia",FTRI05,"Access to finance",0.9422,,
2020,120,"Cameroon",FTRI00,"Overall index",0.3372,,
2020,120,"Cameroon",FTRI01,"ICT",0.4593,,
2020,120,"Cameroon",FTRI02,"Skills",0.354,,
2020,120,"Cameroon",FTRI03,"Research and Development",0.1921,,
2020,120,"Cameroon",FTRI04,"Industry activity",0.3504,,
2020,120,"Cameroon",FTRI05,"Access to finance",0.7274,,
2020,124,"Canada",FTRI00,"Overall index",0.8916,,
2020,124,"Canada",FTRI01,"ICT",0.908,,
2020,124,"Canada",FTRI02,"Skills",0.773,,
2020,124,"Canada",FTRI03,"Research and Development",0.7144,,
2020,124,"Canada",FTRI04,"Industry activity",0.7456,,
2020,124,"Canada",FTRI05,"Access to finance",0.9311,,
2020,136,"Cayman Islands",FTRI00,"Overall index",0.7697,,
2020,136,"Cayman Islands",FTRI01,"ICT",0.8906,,
2020,136,"Cayman Islands",FTRI02,"Skills",0.4953,,
2020,136,"Cayman Islands",FTRI03,"Research and Development",0.5546,,
2020,136,"Cayman Islands",FTRI04,"Industry activity",0.8552,,
2020,136,"Cayman Islands",FTRI05,"Access to finance",0.9382,,
2020,140,"Central African Republic",FTRI00,"Overall index",0.2076,,
2020,140,"Central African Republic",FTRI01,"ICT",0.3978,,
2020,140,"Central African Republic",FTRI02,"Skills",0.1838,,
2020,140,"Central African Republic",FTRI03,"Research and Development",0.094,,
2020,140,"Central African Republic",FTRI04,"Industry activity",0.1288,,
2020,140,"Central African Republic",FTRI05,"Access to finance",0.7722,,
2020,148,"Chad",FTRI00,"Overall index",0.0805,,
2020,148,"Chad",FTRI01,"ICT",0.1072,,
2020,148,"Chad",FTRI02,"Skills",0.0741,,
2020,148,"Chad",FTRI03,"Research and Development",0.0728,,
2020,148,"Chad",FTRI04,"Industry activity",0.2182,,
2020,148,"Chad",FTRI05,"Access to finance",0.696,,
2020,152,"Chile",FTRI00,"Overall index",0.6888,,
2020,152,"Chile",FTRI01,"ICT",0.7837,,
2020,152,"Chile",FTRI02,"Skills",0.6471,,
2020,152,"Chile",FTRI03,"Research and Development",0.4697,,
2020,152,"Chile",FTRI04,"Industry activity",0.4855,,
2020,152,"Chile",FTRI05,"Access to finance",0.9312,,
2020,156,"China",FTRI00,"Overall index",0.7946,,
2020,156,"China",FTRI01,"ICT",0.5422,,
2020,156,"China",FTRI02,"Skills",0.5281,,
2020,156,"China",FTRI03,"Research and Development",1,,
2020,156,"China",FTRI04,"Industry activity",0.8313,,
2020,156,"China",FTRI05,"Access to finance",0.9674,,
2020,344,"China, Hong Kong SAR",FTRI00,"Overall index",0.9329,,
2020,344,"China, Hong Kong SAR",FTRI01,"ICT",0.9746,,
2020,344,"China, Hong Kong SAR",FTRI02,"Skills",0.7829,,
2020,344,"China, Hong Kong SAR",FTRI03,"Research and Development",0.6163,,
2020,344,"China, Hong Kong SAR",FTRI04,"Industry activity",0.9016,,
2020,344,"China, Hong Kong SAR",FTRI05,"Access to finance",1,,
2020,158,"China, Taiwan Province of",FTRI00,"Overall index",0.293,,
2020,158,"China, Taiwan Province of",FTRI01,"ICT",0.2726,,
2020,158,"China, Taiwan Province of",FTRI02,"Skills",0.1332,,
2020,158,"China, Taiwan Province of",FTRI03,"Research and Development",0.3887,,
2020,158,"China, Taiwan Province of",FTRI04,"Industry activity",0.479,,
2020,158,"China, Taiwan Province of",FTRI05,"Access to finance",0.7335,,
2020,162,"Christmas Island",FTRI00,"Overall index",0.4676,,
2020,162,"Christmas Island",FTRI01,"ICT",0.6557,,
2020,162,"Christmas Island",FTRI02,"Skills",0.4525,,
2020,162,"Christmas Island",FTRI03,"Research and Development",0.3035,,
2020,162,"Christmas Island",FTRI04,"Industry activity",0.2356,,
2020,162,"Christmas Island",FTRI05,"Access to finance",0.8555,,
2020,166,"Cocos (Keeling) Islands",FTRI00,"Overall index",0.5782,,
2020,166,"Cocos (Keeling) Islands",FTRI01,"ICT",0.8488,,
2020,166,"Cocos (Keeling) Islands",FTRI02,"Skills",0.4187,,
2020,166,"Cocos (Keeling) Islands",FTRI03,"Research and Development",0.3724,,
2020,166,"Cocos (Keeling) Islands",FTRI04,"Industry activity",0.3464,,
2020,166,"Cocos (Keeling) Islands",FTRI05,"Access to finance",0.9417,,
2020,170,"Colombia",FTRI00,"Overall index",0.6231,,
2020,170,"Colombia",FTRI01,"ICT",0.679,,
2020,170,"Colombia",FTRI02,"Skills",0.6462,,
2020,170,"Colombia",FTRI03,"Research and Development",0.4643,,
2020,170,"Colombia",FTRI04,"Industry activity",0.4566,,
2020,170,"Colombia",FTRI05,"Access to finance",0.8538,,
2020,174,"Comoros",FTRI00,"Overall index",0.232,,
2020,174,"Comoros",FTRI01,"ICT",0.374,,
2020,174,"Comoros",FTRI02,"Skills",0.3385,,
2020,174,"Comoros",FTRI03,"Research and Development",0,,
2020,174,"Comoros",FTRI04,"Industry activity",0.1543,,
2020,174,"Comoros",FTRI05,"Access to finance",0.7332,,
2020,178,"Congo",FTRI00,"Overall index",0.2795,,
2020,178,"Congo",FTRI01,"ICT",0.3225,,
2020,178,"Congo",FTRI02,"Skills",0.3206,,
2020,178,"Congo",FTRI03,"Research and Development",0.1377,,
2020,178,"Congo",FTRI04,"Industry activity",0.3574,,
2020,178,"Congo",FTRI05,"Access to finance",0.7367,,
2020,184,"Cook Islands",FTRI00,"Overall index",0,,
2020,184,"Cook Islands",FTRI01,"ICT",0,,
2020,184,"Cook Islands",FTRI02,"Skills",0,,
2020,184,"Cook Islands",FTRI03,"Research and Development",0.0313,,
2020,184,"Cook Islands",FTRI04,"Industry activity",0.2358,,
2020,184,"Cook Islands",FTRI05,"Access to finance",0.541,,
2020,188,"Costa Rica",FTRI00,"Overall index",0.6292,,
2020,188,"Costa Rica",FTRI01,"ICT",0.7684,,
2020,188,"Costa Rica",FTRI02,"Skills",0.5606,,
2020,188,"Costa Rica",FTRI03,"Research and Development",0.21,,
2020,188,"Costa Rica",FTRI04,"Industry activity",0.7573,,
2020,188,"Costa Rica",FTRI05,"Access to finance",0.8633,,
2020,384,"Cote d'Ivoire",FTRI00,"Overall index",0.2742,,
2020,384,"Cote d'Ivoire",FTRI01,"ICT",0.4974,,
2020,384,"Cote d'Ivoire",FTRI02,"Skills",0.19,,
2020,384,"Cote d'Ivoire",FTRI03,"Research and Development",0.162,,
2020,384,"Cote d'Ivoire",FTRI04,"Industry activity",0.2216,,
2020,384,"Cote d'Ivoire",FTRI05,"Access to finance",0.7629,,
2020,191,"Croatia",FTRI00,"Overall index",0.685,,
2020,191,"Croatia",FTRI01,"ICT",0.8316,,
2020,191,"Croatia",FTRI02,"Skills",0.679,,
2020,191,"Croatia",FTRI03,"Research and Development",0.37,,
2020,191,"Croatia",FTRI04,"Industry activity",0.6127,,
2020,191,"Croatia",FTRI05,"Access to finance",0.8613,,
2020,192,"Cuba",FTRI00,"Overall index",0.6786,,
2020,192,"Cuba",FTRI01,"ICT",0.8209,,
2020,192,"Cuba",FTRI02,"Skills",0.4895,,
2020,192,"Cuba",FTRI03,"Research and Development",0.4658,,
2020,192,"Cuba",FTRI04,"Industry activity",0.6576,,
2020,192,"Cuba",FTRI05,"Access to finance",0.955,,
2020,196,"Cyprus",FTRI00,"Overall index",0.7498,,
2020,196,"Cyprus",FTRI01,"ICT",0.7886,,
2020,196,"Cyprus",FTRI02,"Skills",0.6913,,
2020,196,"Cyprus",FTRI03,"Research and Development",0.4293,,
2020,196,"Cyprus",FTRI04,"Industry activity",0.7492,,
2020,196,"Cyprus",FTRI05,"Access to finance",0.918,,
2020,203,"Czechia",FTRI00,"Overall index",0.7711,,
2020,203,"Czechia",FTRI01,"ICT",0.8219,,
2020,203,"Czechia",FTRI02,"Skills",0.7084,,
2020,203,"Czechia",FTRI03,"Research and Development",0.5395,,
2020,203,"Czechia",FTRI04,"Industry activity",0.7753,,
2020,203,"Czechia",FTRI05,"Access to finance",0.8516,,
2020,180,"Dem. Rep. of the Congo",FTRI00,"Overall index",0.1495,,
2020,180,"Dem. Rep. of the Congo",FTRI01,"ICT",0.2786,,
2020,180,"Dem. Rep. of the Congo",FTRI02,"Skills",0.198,,
2020,180,"Dem. Rep. of the Congo",FTRI03,"Research and Development",0.149,,
2020,180,"Dem. Rep. of the Congo",FTRI04,"Industry activity",0.0943,,
2020,180,"Dem. Rep. of the Congo",FTRI05,"Access to finance",0.6678,,
2020,208,"Denmark",FTRI00,"Overall index",0.9094,,
2020,208,"Denmark",FTRI01,"ICT",0.9633,,
2020,208,"Denmark",FTRI02,"Skills",0.9113,,
2020,208,"Denmark",FTRI03,"Research and Development",0.6127,,
2020,208,"Denmark",FTRI04,"Industry activity",0.7057,,
2020,208,"Denmark",FTRI05,"Access to finance",0.9572,,
2020,262,"Djibouti",FTRI00,"Overall index",0.3223,,
2020,262,"Djibouti",FTRI01,"ICT",0.4871,,
2020,262,"Djibouti",FTRI02,"Skills",0.3177,,
2020,262,"Djibouti",FTRI03,"Research and Development",0.0313,,
2020,262,"Djibouti",FTRI04,"Industry activity",0.4921,,
2020,262,"Djibouti",FTRI05,"Access to finance",0.7643,,
2020,214,"Dominican Republic",FTRI00,"Overall index",0.4803,,
2020,214,"Dominican Republic",FTRI01,"ICT",0.7302,,
2020,214,"Dominican Republic",FTRI02,"Skills",0.4608,,
2020,214,"Dominican Republic",FTRI03,"Research and Development",0.116,,
2020,214,"Dominican Republic",FTRI04,"Industry activity",0.5159,,
2020,214,"Dominican Republic",FTRI05,"Access to finance",0.7998,,
2020,218,"Ecuador",FTRI00,"Overall index",0.4585,,
2020,218,"Ecuador",FTRI01,"ICT",0.6782,,
2020,218,"Ecuador",FTRI02,"Skills",0.4286,,
2020,218,"Ecuador",FTRI03,"Research and Development",0.284,,
2020,218,"Ecuador",FTRI04,"Industry activity",0.2524,,
2020,218,"Ecuador",FTRI05,"Access to finance",0.8442,,
2020,818,"Egypt",FTRI00,"Overall index",0.5218,,
2020,818,"Egypt",FTRI01,"ICT",0.6256,,
2020,818,"Egypt",FTRI02,"Skills",0.4957,,
2020,818,"Egypt",FTRI03,"Research and Development",0.4425,,
2020,818,"Egypt",FTRI04,"Industry activity",0.4339,,
2020,818,"Egypt",FTRI05,"Access to finance",0.784,,
2020,222,"El Salvador",FTRI00,"Overall index",0.4134,,
2020,222,"El Salvador",FTRI01,"ICT",0.5934,,
2020,222,"El Salvador",FTRI02,"Skills",0.3146,,
2020,222,"El Salvador",FTRI03,"Research and Development",0.1041,,
2020,222,"El Salvador",FTRI04,"Industry activity",0.5232,,
2020,222,"El Salvador",FTRI05,"Access to finance",0.8711,,
2020,226,"Equatorial Guinea",FTRI00,"Overall index",0.1968,,
2020,226,"Equatorial Guinea",FTRI01,"ICT",0.3938,,
2020,226,"Equatorial Guinea",FTRI02,"Skills",0.2974,,
2020,226,"Equatorial Guinea",FTRI03,"Research and Development",0,,
2020,226,"Equatorial Guinea",FTRI04,"Industry activity",0.0764,,
2020,226,"Equatorial Guinea",FTRI05,"Access to finance",0.7189,,
2020,233,"Estonia",FTRI00,"Overall index",0.7807,,
2020,233,"Estonia",FTRI01,"ICT",0.9291,,
2020,233,"Estonia",FTRI02,"Skills",0.7705,,
2020,233,"Estonia",FTRI03,"Research and Development",0.3978,,
2020,233,"Estonia",FTRI04,"Industry activity",0.7197,,
2020,233,"Estonia",FTRI05,"Access to finance",0.8683,,
2020,748,"Eswatini",FTRI00,"Overall index",0.3951,,
2020,748,"Eswatini",FTRI01,"ICT",0.5417,,
2020,748,"Eswatini",FTRI02,"Skills",0.4846,,
2020,748,"Eswatini",FTRI03,"Research and Development",0.0497,,
2020,748,"Eswatini",FTRI04,"Industry activity",0.4299,,
2020,748,"Eswatini",FTRI05,"Access to finance",0.7681,,
2020,231,"Ethiopia",FTRI00,"Overall index",0.23,,
2020,231,"Ethiopia",FTRI01,"ICT",0.1766,,
2020,231,"Ethiopia",FTRI02,"Skills",0.1579,,
2020,231,"Ethiopia",FTRI03,"Research and Development",0.3759,,
2020,231,"Ethiopia",FTRI04,"Industry activity",0.3285,,
2020,231,"Ethiopia",FTRI05,"Access to finance",0.7488,,
2020,242,"Fiji",FTRI00,"Overall index",0.4898,,
2020,242,"Fiji",FTRI01,"ICT",0.7154,,
2020,242,"Fiji",FTRI02,"Skills",0.4594,,
2020,242,"Fiji",FTRI03,"Research and Development",0.1701,,
2020,242,"Fiji",FTRI04,"Industry activity",0.3457,,
2020,242,"Fiji",FTRI05,"Access to finance",0.9305,,
2020,246,"Finland",FTRI00,"Overall index",0.917,,
2020,246,"Finland",FTRI01,"ICT",0.8908,,
2020,246,"Finland",FTRI02,"Skills",0.9265,,
2020,246,"Finland",FTRI03,"Research and Development",0.6267,,
2020,246,"Finland",FTRI04,"Industry activity",0.7944,,
2020,246,"Finland",FTRI05,"Access to finance",0.9119,,
2020,250,"France",FTRI00,"Overall index",0.8914,,
2020,250,"France",FTRI01,"ICT",0.8878,,
2020,250,"France",FTRI02,"Skills",0.7773,,
2020,250,"France",FTRI03,"Research and Development",0.737,,
2020,250,"France",FTRI04,"Industry activity",0.7705,,
2020,250,"France",FTRI05,"Access to finance",0.9321,,
2020,266,"Gabon",FTRI00,"Overall index",0.3386,,
2020,266,"Gabon",FTRI01,"ICT",0.6194,,
2020,266,"Gabon",FTRI02,"Skills",0.3588,,
2020,266,"Gabon",FTRI03,"Research and Development",0.116,,
2020,266,"Gabon",FTRI04,"Industry activity",0.2501,,
2020,266,"Gabon",FTRI05,"Access to finance",0.7226,,
2020,270,"Gambia",FTRI00,"Overall index",0.1847,,
2020,270,"Gambia",FTRI01,"ICT",0.4238,,
2020,270,"Gambia",FTRI02,"Skills",0.1735,,
2020,270,"Gambia",FTRI03,"Research and Development",0.0728,,
2020,270,"Gambia",FTRI04,"Industry activity",0.1706,,
2020,270,"Gambia",FTRI05,"Access to finance",0.6762,,
2020,268,"Georgia",FTRI00,"Overall index",0.5536,,
2020,268,"Georgia",FTRI01,"ICT",0.7279,,
2020,268,"Georgia",FTRI02,"Skills",0.6176,,
2020,268,"Georgia",FTRI03,"Research and Development",0.188,,
2020,268,"Georgia",FTRI04,"Industry activity",0.4229,,
2020,268,"Georgia",FTRI05,"Access to finance",0.8889,,
2020,276,"Germany",FTRI00,"Overall index",0.9236,,
2020,276,"Germany",FTRI01,"ICT",0.8816,,
2020,276,"Germany",FTRI02,"Skills",0.8281,,
2020,276,"Germany",FTRI03,"Research and Development",0.8024,,
2020,276,"Germany",FTRI04,"Industry activity",0.817,,
2020,276,"Germany",FTRI05,"Access to finance",0.8957,,
2020,288,"Ghana",FTRI00,"Overall index",0.4212,,
2020,288,"Ghana",FTRI01,"ICT",0.6105,,
2020,288,"Ghana",FTRI02,"Skills",0.2982,,
2020,288,"Ghana",FTRI03,"Research and Development",0.2343,,
2020,288,"Ghana",FTRI04,"Industry activity",0.4886,,
2020,288,"Ghana",FTRI05,"Access to finance",0.7203,,
2020,300,"Greece",FTRI00,"Overall index",0.7439,,
2020,300,"Greece",FTRI01,"ICT",0.806,,
2020,300,"Greece",FTRI02,"Skills",0.7962,,
2020,300,"Greece",FTRI03,"Research and Development",0.5047,,
2020,300,"Greece",FTRI04,"Industry activity",0.5666,,
2020,300,"Greece",FTRI05,"Access to finance",0.8929,,
2020,320,"Guatemala",FTRI00,"Overall index",0.3883,,
2020,320,"Guatemala",FTRI01,"ICT",0.5852,,
2020,320,"Guatemala",FTRI02,"Skills",0.2436,,
2020,320,"Guatemala",FTRI03,"Research and Development",0.1354,,
2020,320,"Guatemala",FTRI04,"Industry activity",0.5112,,
2020,320,"Guatemala",FTRI05,"Access to finance",0.8149,,
2020,324,"Guinea",FTRI00,"Overall index",0.2018,,
2020,324,"Guinea",FTRI01,"ICT",0.3975,,
2020,324,"Guinea",FTRI02,"Skills",0.1952,,
2020,324,"Guinea",FTRI03,"Research and Development",0.081,,
2020,324,"Guinea",FTRI04,"Industry activity",0.1967,,
2020,324,"Guinea",FTRI05,"Access to finance",0.6949,,
2020,624,"Guinea-Bissau",FTRI00,"Overall index",0.2252,,
2020,624,"Guinea-Bissau",FTRI01,"ICT",0.3283,,
2020,624,"Guinea-Bissau",FTRI02,"Skills",0.2042,,
2020,624,"Guinea-Bissau",FTRI03,"Research and Development",0,,
2020,624,"Guinea-Bissau",FTRI04,"Industry activity",0.3508,,
2020,624,"Guinea-Bissau",FTRI05,"Access to finance",0.7349,,
2020,328,"Guyana",FTRI00,"Overall index",0.405,,
2020,328,"Guyana",FTRI01,"ICT",0.6232,,
2020,328,"Guyana",FTRI02,"Skills",0.4207,,
2020,328,"Guyana",FTRI03,"Research and Development",0.0993,,
2020,328,"Guyana",FTRI04,"Industry activity",0.3022,,
2020,328,"Guyana",FTRI05,"Access to finance",0.8232,,
2020,332,"Haiti",FTRI00,"Overall index",0.2411,,
2020,332,"Haiti",FTRI01,"ICT",0.503,,
2020,332,"Haiti",FTRI02,"Skills",0.2516,,
2020,332,"Haiti",FTRI03,"Research and Development",0,,
2020,332,"Haiti",FTRI04,"Industry activity",0.2797,,
2020,332,"Haiti",FTRI05,"Access to finance",0.6813,,
2020,340,"Honduras",FTRI00,"Overall index",0.3602,,
2020,340,"Honduras",FTRI01,"ICT",0.5512,,
2020,340,"Honduras",FTRI02,"Skills",0.245,,
2020,340,"Honduras",FTRI03,"Research and Development",0.1787,,
2020,340,"Honduras",FTRI04,"Industry activity",0.3042,,
2020,340,"Honduras",FTRI05,"Access to finance",0.8793,,
2020,348,"Hungary",FTRI00,"Overall index",0.7664,,
2020,348,"Hungary",FTRI01,"ICT",0.9515,,
2020,348,"Hungary",FTRI02,"Skills",0.6416,,
2020,348,"Hungary",FTRI03,"Research and Development",0.4747,,
2020,348,"Hungary",FTRI04,"Industry activity",0.7827,,
2020,348,"Hungary",FTRI05,"Access to finance",0.8201,,
2020,352,"Iceland",FTRI00,"Overall index",0.7884,,
2020,352,"Iceland",FTRI01,"ICT",1,,
2020,352,"Iceland",FTRI02,"Skills",0.9048,,
2020,352,"Iceland",FTRI03,"Research and Development",0.3022,,
2020,352,"Iceland",FTRI04,"Industry activity",0.4766,,
2020,352,"Iceland",FTRI05,"Access to finance",0.9112,,
2020,356,"India",FTRI00,"Overall index",0.681,,
2020,356,"India",FTRI01,"ICT",0.6209,,
2020,356,"India",FTRI02,"Skills",0.3389,,
2020,356,"India",FTRI03,"Research and Development",0.8023,,
2020,356,"India",FTRI04,"Industry activity",0.8008,,
2020,356,"India",FTRI05,"Access to finance",0.8541,,
2020,360,"Indonesia",FTRI00,"Overall index",0.522,,
2020,360,"Indonesia",FTRI01,"ICT",0.6049,,
2020,360,"Indonesia",FTRI02,"Skills",0.3917,,
2020,360,"Indonesia",FTRI03,"Research and Development",0.3578,,
2020,360,"Indonesia",FTRI04,"Industry activity",0.6442,,
2020,360,"Indonesia",FTRI05,"Access to finance",0.822,,
2020,364,"Iran (Islamic Republic of)",FTRI00,"Overall index",0.5503,,
2020,364,"Iran (Islamic Republic of)",FTRI01,"ICT",0.6314,,
2020,364,"Iran (Islamic Republic of)",FTRI02,"Skills",0.4794,,
2020,364,"Iran (Islamic Republic of)",FTRI03,"Research and Development",0.4974,,
2020,364,"Iran (Islamic Republic of)",FTRI04,"Industry activity",0.4028,,
2020,364,"Iran (Islamic Republic of)",FTRI05,"Access to finance",0.8636,,
2020,368,"Iraq",FTRI00,"Overall index",0.3406,,
2020,368,"Iraq",FTRI01,"ICT",0.5112,,
2020,368,"Iraq",FTRI02,"Skills",0.4106,,
2020,368,"Iraq",FTRI03,"Research and Development",0.3532,,
2020,368,"Iraq",FTRI04,"Industry activity",0,,
2020,368,"Iraq",FTRI05,"Access to finance",0.7221,,
2020,372,"Ireland",FTRI00,"Overall index",0.8959,,
2020,372,"Ireland",FTRI01,"ICT",0.868,,
2020,372,"Ireland",FTRI02,"Skills",0.8799,,
2020,372,"Ireland",FTRI03,"Research and Development",0.59,,
2020,372,"Ireland",FTRI04,"Industry activity",1,,
2020,372,"Ireland",FTRI05,"Access to finance",0.8068,,
2020,376,"Israel",FTRI00,"Overall index",0.8676,,
2020,376,"Israel",FTRI01,"ICT",0.8375,,
2020,376,"Israel",FTRI02,"Skills",0.8013,,
2020,376,"Israel",FTRI03,"Research and Development",0.6095,,
2020,376,"Israel",FTRI04,"Industry activity",0.8971,,
2020,376,"Israel",FTRI05,"Access to finance",0.8742,,
2020,380,"Italy",FTRI00,"Overall index",0.8085,,
2020,380,"Italy",FTRI01,"ICT",0.7736,,
2020,380,"Italy",FTRI02,"Skills",0.7113,,
2020,380,"Italy",FTRI03,"Research and Development",0.7061,,
2020,380,"Italy",FTRI04,"Industry activity",0.737,,
2020,380,"Italy",FTRI05,"Access to finance",0.8936,,
2020,388,"Jamaica",FTRI00,"Overall index",0.4546,,
2020,388,"Jamaica",FTRI01,"ICT",0.7763,,
2020,388,"Jamaica",FTRI02,"Skills",0.4277,,
2020,388,"Jamaica",FTRI03,"Research and Development",0.1307,,
2020,388,"Jamaica",FTRI04,"Industry activity",0.248,,
2020,388,"Jamaica",FTRI05,"Access to finance",0.8581,,
2020,392,"Japan",FTRI00,"Overall index",0.8571,,
2020,392,"Japan",FTRI01,"ICT",0.9069,,
2020,392,"Japan",FTRI02,"Skills",0.5401,,
2020,392,"Japan",FTRI03,"Research and Development",0.7628,,
2020,392,"Japan",FTRI04,"Industry activity",0.8275,,
2020,392,"Japan",FTRI05,"Access to finance",0.9727,,
2020,400,"Jordan",FTRI00,"Overall index",0.5549,,
2020,400,"Jordan",FTRI01,"ICT",0.7512,,
2020,400,"Jordan",FTRI02,"Skills",0.4187,,
2020,400,"Jordan",FTRI03,"Research and Development",0.3614,,
2020,400,"Jordan",FTRI04,"Industry activity",0.4891,,
2020,400,"Jordan",FTRI05,"Access to finance",0.8936,,
2020,398,"Kazakhstan",FTRI00,"Overall index",0.5647,,
2020,398,"Kazakhstan",FTRI01,"ICT",0.6684,,
2020,398,"Kazakhstan",FTRI02,"Skills",0.6319,,
2020,398,"Kazakhstan",FTRI03,"Research and Development",0.3626,,
2020,398,"Kazakhstan",FTRI04,"Industry activity",0.4759,,
2020,398,"Kazakhstan",FTRI05,"Access to finance",0.7835,,
2020,404,"Kenya",FTRI00,"Overall index",0.3794,,
2020,404,"Kenya",FTRI01,"ICT",0.4793,,
2020,404,"Kenya",FTRI02,"Skills",0.3031,,
2020,404,"Kenya",FTRI03,"Research and Development",0.2432,,
2020,404,"Kenya",FTRI04,"Industry activity",0.4378,,
2020,404,"Kenya",FTRI05,"Access to finance",0.8047,,
2020,414,"Kuwait",FTRI00,"Overall index",0.6336,,
2020,414,"Kuwait",FTRI01,"ICT",0.782,,
2020,414,"Kuwait",FTRI02,"Skills",0.5641,,
2020,414,"Kuwait",FTRI03,"Research and Development",0.2266,,
2020,414,"Kuwait",FTRI04,"Industry activity",0.66,,
2020,414,"Kuwait",FTRI05,"Access to finance",0.9045,,
2020,417,"Kyrgyzstan",FTRI00,"Overall index",0.3938,,
2020,417,"Kyrgyzstan",FTRI01,"ICT",0.64,,
2020,417,"Kyrgyzstan",FTRI02,"Skills",0.3806,,
2020,417,"Kyrgyzstan",FTRI03,"Research and Development",0.1437,,
2020,417,"Kyrgyzstan",FTRI04,"Industry activity",0.314,,
2020,417,"Kyrgyzstan",FTRI05,"Access to finance",0.787,,
2020,418,"Lao People's Dem. Rep.",FTRI00,"Overall index",0.3505,,
2020,418,"Lao People's Dem. Rep.",FTRI01,"ICT",0.5609,,
2020,418,"Lao People's Dem. Rep.",FTRI02,"Skills",0.2767,,
2020,418,"Lao People's Dem. Rep.",FTRI03,"Research and Development",0.0993,,
2020,418,"Lao People's Dem. Rep.",FTRI04,"Industry activity",0.494,,
2020,418,"Lao People's Dem. Rep.",FTRI05,"Access to finance",0.7644,,
2020,428,"Latvia",FTRI00,"Overall index",0.7324,,
2020,428,"Latvia",FTRI01,"ICT",0.8997,,
2020,428,"Latvia",FTRI02,"Skills",0.7636,,
2020,428,"Latvia",FTRI03,"Research and Development",0.3452,,
2020,428,"Latvia",FTRI04,"Industry activity",0.6898,,
2020,428,"Latvia",FTRI05,"Access to finance",0.8091,,
2020,422,"Lebanon",FTRI00,"Overall index",0.5299,,
2020,422,"Lebanon",FTRI01,"ICT",0.6003,,
2020,422,"Lebanon",FTRI02,"Skills",0.4654,,
2020,422,"Lebanon",FTRI03,"Research and Development",0.2568,,
2020,422,"Lebanon",FTRI04,"Industry activity",0.5548,,
2020,422,"Lebanon",FTRI05,"Access to finance",0.9169,,
2020,426,"Lesotho",FTRI00,"Overall index",0.2936,,
2020,426,"Lesotho",FTRI01,"ICT",0.5493,,
2020,426,"Lesotho",FTRI02,"Skills",0.2832,,
2020,426,"Lesotho",FTRI03,"Research and Development",0.088,,
2020,426,"Lesotho",FTRI04,"Industry activity",0.2041,,
2020,426,"Lesotho",FTRI05,"Access to finance",0.7689,,
2020,430,"Liberia",FTRI00,"Overall index",0.2606,,
2020,430,"Liberia",FTRI01,"ICT",0.4609,,
2020,430,"Liberia",FTRI02,"Skills",0.2571,,
2020,430,"Liberia",FTRI03,"Research and Development",0,,
2020,430,"Liberia",FTRI04,"Industry activity",0.2881,,
2020,430,"Liberia",FTRI05,"Access to finance",0.7228,,
2020,434,"Libya",FTRI00,"Overall index",0.4054,,
2020,434,"Libya",FTRI01,"ICT",0.6098,,
2020,434,"Libya",FTRI02,"Skills",0.5286,,
2020,434,"Libya",FTRI03,"Research and Development",0.1522,,
2020,434,"Libya",FTRI04,"Industry activity",0.1798,,
2020,434,"Libya",FTRI05,"Access to finance",0.7368,,
2020,440,"Lithuania",FTRI00,"Overall index",0.7215,,
2020,440,"Lithuania",FTRI01,"ICT",0.8931,,
2020,440,"Lithuania",FTRI02,"Skills",0.7667,,
2020,440,"Lithuania",FTRI03,"Research and Development",0.3984,,
2020,440,"Lithuania",FTRI04,"Industry activity",0.5877,,
2020,440,"Lithuania",FTRI05,"Access to finance",0.8186,,
2020,442,"Luxembourg",FTRI00,"Overall index",0.8834,,
2020,442,"Luxembourg",FTRI01,"ICT",0.9987,,
2020,442,"Luxembourg",FTRI02,"Skills",0.8446,,
2020,442,"Luxembourg",FTRI03,"Research and Development",0.4743,,
2020,442,"Luxembourg",FTRI04,"Industry activity",0.7427,,
2020,442,"Luxembourg",FTRI05,"Access to finance",0.92,,
2020,450,"Madagascar",FTRI00,"Overall index",0.2591,,
2020,450,"Madagascar",FTRI01,"ICT",0.4389,,
2020,450,"Madagascar",FTRI02,"Skills",0.1377,,
2020,450,"Madagascar",FTRI03,"Research and Development",0.149,,
2020,450,"Madagascar",FTRI04,"Industry activity",0.3218,,
2020,450,"Madagascar",FTRI05,"Access to finance",0.7417,,
2020,454,"Malawi",FTRI00,"Overall index",0.225,,
2020,454,"Malawi",FTRI01,"ICT",0.3676,,
2020,454,"Malawi",FTRI02,"Skills",0.2295,,
2020,454,"Malawi",FTRI03,"Research and Development",0.1594,,
2020,454,"Malawi",FTRI04,"Industry activity",0.2176,,
2020,454,"Malawi",FTRI05,"Access to finance",0.6705,,
2020,458,"Malaysia",FTRI00,"Overall index",0.7697,,
2020,458,"Malaysia",FTRI01,"ICT",0.8906,,
2020,458,"Malaysia",FTRI02,"Skills",0.4953,,
2020,458,"Malaysia",FTRI03,"Research and Development",0.5546,,
2020,458,"Malaysia",FTRI04,"Industry activity",0.8552,,
2020,458,"Malaysia",FTRI05,"Access to finance",0.9382,,
2020,462,"Maldives",FTRI00,"Overall index",0.4269,,
2020,462,"Maldives",FTRI01,"ICT",0.6665,,
2020,462,"Maldives",FTRI02,"Skills",0.5425,,
2020,462,"Maldives",FTRI03,"Research and Development",0.081,,
2020,462,"Maldives",FTRI04,"Industry activity",0.1827,,
2020,462,"Maldives",FTRI05,"Access to finance",0.8521,,
2020,466,"Mali",FTRI00,"Overall index",0.2594,,
2020,466,"Mali",FTRI01,"ICT",0.402,,
2020,466,"Mali",FTRI02,"Skills",0.0428,,
2020,466,"Mali",FTRI03,"Research and Development",0.1377,,
2020,466,"Mali",FTRI04,"Industry activity",0.4833,,
2020,466,"Mali",FTRI05,"Access to finance",0.7847,,
2020,470,"Malta",FTRI00,"Overall index",0.8052,,
2020,470,"Malta",FTRI01,"ICT",0.9439,,
2020,470,"Malta",FTRI02,"Skills",0.7501,,
2020,470,"Malta",FTRI03,"Research and Development",0.3485,,
2020,470,"Malta",FTRI04,"Industry activity",0.8475,,
2020,470,"Malta",FTRI05,"Access to finance",0.891,,
2020,478,"Mauritania",FTRI00,"Overall index",0.2076,,
2020,478,"Mauritania",FTRI01,"ICT",0.3978,,
2020,478,"Mauritania",FTRI02,"Skills",0.1838,,
2020,478,"Mauritania",FTRI03,"Research and Development",0.094,,
2020,478,"Mauritania",FTRI04,"Industry activity",0.1288,,
2020,478,"Mauritania",FTRI05,"Access to finance",0.7722,,
2020,480,"Mauritius",FTRI00,"Overall index",0.5733,,
2020,480,"Mauritius",FTRI01,"ICT",0.6547,,
2020,480,"Mauritius",FTRI02,"Skills",0.5416,,
2020,480,"Mauritius",FTRI03,"Research and Development",0.2642,,
2020,480,"Mauritius",FTRI04,"Industry activity",0.5455,,
2020,480,"Mauritius",FTRI05,"Access to finance",0.9029,,
2020,175,"Mayotte",FTRI00,"Overall index",0.6657,,
2020,175,"Mayotte",FTRI01,"ICT",0.7841,,
2020,175,"Mayotte",FTRI02,"Skills",0.6467,,
2020,175,"Mayotte",FTRI03,"Research and Development",0.5873,,
2020,175,"Mayotte",FTRI04,"Industry activity",0.352,,
2020,175,"Mayotte",FTRI05,"Access to finance",0.8497,,
2020,484,"Mexico",FTRI00,"Overall index",0.6561,,
2020,484,"Mexico",FTRI01,"ICT",0.7423,,
2020,484,"Mexico",FTRI02,"Skills",0.5056,,
2020,484,"Mexico",FTRI03,"Research and Development",0.5396,,
2020,484,"Mexico",FTRI04,"Industry activity",0.7144,,
2020,484,"Mexico",FTRI05,"Access to finance",0.8177,,
2020,496,"Mongolia",FTRI00,"Overall index",0.4125,,
2020,496,"Mongolia",FTRI01,"ICT",0.6068,,
2020,496,"Mongolia",FTRI02,"Skills",0.5384,,
2020,496,"Mongolia",FTRI03,"Research and Development",0.1668,,
2020,496,"Mongolia",FTRI04,"Industry activity",0.0873,,
2020,496,"Mongolia",FTRI05,"Access to finance",0.8378,,
2020,499,"Montenegro",FTRI00,"Overall index",0.592,,
2020,499,"Montenegro",FTRI01,"ICT",0.8011,,
2020,499,"Montenegro",FTRI02,"Skills",0.6538,,
2020,499,"Montenegro",FTRI03,"Research and Development",0.1608,,
2020,499,"Montenegro",FTRI04,"Industry activity",0.482,,
2020,499,"Montenegro",FTRI05,"Access to finance",0.863,,
2020,504,"Morocco",FTRI00,"Overall index",0.5671,,
2020,504,"Morocco",FTRI01,"ICT",0.6895,,
2020,504,"Morocco",FTRI02,"Skills",0.3482,,
2020,504,"Morocco",FTRI03,"Research and Development",0.4769,,
2020,504,"Morocco",FTRI04,"Industry activity",0.5547,,
2020,504,"Morocco",FTRI05,"Access to finance",0.902,,
2020,508,"Mozambique",FTRI00,"Overall index",0.1905,,
2020,508,"Mozambique",FTRI01,"ICT",0.3065,,
2020,508,"Mozambique",FTRI02,"Skills",0.191,,
2020,508,"Mozambique",FTRI03,"Research and Development",0.1633,,
2020,508,"Mozambique",FTRI04,"Industry activity",0.0868,,
2020,508,"Mozambique",FTRI05,"Access to finance",0.7768,,
2020,104,"Myanmar",FTRI00,"Overall index",0.3638,,
2020,104,"Myanmar",FTRI01,"ICT",0.5528,,
2020,104,"Myanmar",FTRI02,"Skills",0.2458,,
2020,104,"Myanmar",FTRI03,"Research and Development",0.1914,,
2020,104,"Myanmar",FTRI04,"Industry activity",0.4336,,
2020,104,"Myanmar",FTRI05,"Access to finance",0.795,,
2020,516,"Namibia",FTRI00,"Overall index",0.4546,,
2020,516,"Namibia",FTRI01,"ICT",0.5625,,
2020,516,"Namibia",FTRI02,"Skills",0.3725,,
2020,516,"Namibia",FTRI03,"Research and Development",0.169,,
2020,516,"Namibia",FTRI04,"Industry activity",0.589,,
2020,516,"Namibia",FTRI05,"Access to finance",0.8812,,
2020,524,"Nepal",FTRI00,"Overall index",0.4168,,
2020,524,"Nepal",FTRI01,"ICT",0.501,,
2020,524,"Nepal",FTRI02,"Skills",0.3749,,
2020,524,"Nepal",FTRI03,"Research and Development",0.2176,,
2020,524,"Nepal",FTRI04,"Industry activity",0.3374,,
2020,524,"Nepal",FTRI05,"Access to finance",0.8994,,
2020,528,"Netherlands (Kingdom of the)",FTRI00,"Overall index",0.9468,,
2020,528,"Netherlands (Kingdom of the)",FTRI01,"ICT",0.9629,,
2020,528,"Netherlands (Kingdom of the)",FTRI02,"Skills",0.9018,,
2020,528,"Netherlands (Kingdom of the)",FTRI03,"Research and Development",0.6727,,
2020,528,"Netherlands (Kingdom of the)",FTRI04,"Industry activity",0.8317,,
2020,528,"Netherlands (Kingdom of the)",FTRI05,"Access to finance",0.9136,,
2020,554,"New Zealand",FTRI00,"Overall index",0.8487,,
2020,554,"New Zealand",FTRI01,"ICT",0.9371,,
2020,554,"New Zealand",FTRI02,"Skills",0.9376,,
2020,554,"New Zealand",FTRI03,"Research and Development",0.5041,,
2020,554,"New Zealand",FTRI04,"Industry activity",0.5309,,
2020,554,"New Zealand",FTRI05,"Access to finance",0.9548,,
2020,558,"Nicaragua",FTRI00,"Overall index",0.3517,,
2020,558,"Nicaragua",FTRI01,"ICT",0.6022,,
2020,558,"Nicaragua",FTRI02,"Skills",0.3568,,
2020,558,"Nicaragua",FTRI03,"Research and Development",0.0728,,
2020,558,"Nicaragua",FTRI04,"Industry activity",0.2525,,
2020,558,"Nicaragua",FTRI05,"Access to finance",0.7979,,
2020,562,"Niger",FTRI00,"Overall index",0.2066,,
2020,562,"Niger",FTRI01,"ICT",0.2323,,
2020,562,"Niger",FTRI02,"Skills",0.139,,
2020,562,"Niger",FTRI03,"Research and Development",0.1193,,
2020,562,"Niger",FTRI04,"Industry activity",0.5051,,
2020,562,"Niger",FTRI05,"Access to finance",0.71,,
2020,566,"Nigeria",FTRI00,"Overall index",0.3583,,
2020,566,"Nigeria",FTRI01,"ICT",0.4237,,
2020,566,"Nigeria",FTRI02,"Skills",0.4122,,
2020,566,"Nigeria",FTRI03,"Research and Development",0.3499,,
2020,566,"Nigeria",FTRI04,"Industry activity",0.2289,,
2020,566,"Nigeria",FTRI05,"Access to finance",0.7134,,
2020,807,"North Macedonia",FTRI00,"Overall index",0.5414,,
2020,807,"North Macedonia",FTRI01,"ICT",0.7364,,
2020,807,"North Macedonia",FTRI02,"Skills",0.488,,
2020,807,"North Macedonia",FTRI03,"Research and Development",0.1992,,
2020,807,"North Macedonia",FTRI04,"Industry activity",0.5467,,
2020,807,"North Macedonia",FTRI05,"Access to finance",0.8562,,
2020,578,"Norway",FTRI00,"Overall index",0.8804,,
2020,578,"Norway",FTRI01,"ICT",0.9367,,
2020,578,"Norway",FTRI02,"Skills",0.9188,,
2020,578,"Norway",FTRI03,"Research and Development",0.5639,,
2020,578,"Norway",FTRI04,"Industry activity",0.6102,,
2020,578,"Norway",FTRI05,"Access to finance",0.957,,
2020,512,"Oman",FTRI00,"Overall index",0.5673,,
2020,512,"Oman",FTRI01,"ICT",0.7752,,
2020,512,"Oman",FTRI02,"Skills",0.4688,,
2020,512,"Oman",FTRI03,"Research and Development",0.3532,,
2020,512,"Oman",FTRI04,"Industry activity",0.4301,,
2020,512,"Oman",FTRI05,"Access to finance",0.8859,,
2020,586,"Pakistan",FTRI00,"Overall index",0.293,,
2020,586,"Pakistan",FTRI01,"ICT",0.2726,,
2020,586,"Pakistan",FTRI02,"Skills",0.1332,,
2020,586,"Pakistan",FTRI03,"Research and Development",0.3887,,
2020,586,"Pakistan",FTRI04,"Industry activity",0.479,,
2020,586,"Pakistan",FTRI05,"Access to finance",0.7335,,
2020,591,"Panama",FTRI00,"Overall index",0.6005,,
2020,591,"Panama",FTRI01,"ICT",0.8233,,
2020,591,"Panama",FTRI02,"Skills",0.4675,,
2020,591,"Panama",FTRI03,"Research and Development",0.2521,,
2020,591,"Panama",FTRI04,"Industry activity",0.6296,,
2020,591,"Panama",FTRI05,"Access to finance",0.911,,
2020,598,"Papua New Guinea",FTRI00,"Overall index",0.2588,,
2020,598,"Papua New Guinea",FTRI01,"ICT",0.3467,,
2020,598,"Papua New Guinea",FTRI02,"Skills",0.2738,,
2020,598,"Papua New Guinea",FTRI03,"Research and Development",0.1377,,
2020,598,"Papua New Guinea",FTRI04,"Industry activity",0.2787,,
2020,598,"Papua New Guinea",FTRI05,"Access to finance",0.7545,,
2020,600,"Paraguay",FTRI00,"Overall index",0.4477,,
2020,600,"Paraguay",FTRI01,"ICT",0.7511,,
2020,600,"Paraguay",FTRI02,"Skills",0.4637,,
2020,600,"Paraguay",FTRI03,"Research and Development",0.1124,,
2020,600,"Paraguay",FTRI04,"Industry activity",0.2556,,
2020,600,"Paraguay",FTRI05,"Access to finance",0.8473,,
2020,604,"Peru",FTRI00,"Overall index",0.4676,,
2020,604,"Peru",FTRI01,"ICT",0.6557,,
2020,604,"Peru",FTRI02,"Skills",0.4525,,
2020,604,"Peru",FTRI03,"Research and Development",0.3035,,
2020,604,"Peru",FTRI04,"Industry activity",0.2356,,
2020,604,"Peru",FTRI05,"Access to finance",0.8555,,
2020,608,"Philippines",FTRI00,"Overall index",0.6214,,
2020,608,"Philippines",FTRI01,"ICT",0.6244,,
2020,608,"Philippines",FTRI02,"Skills",0.4383,,
2020,608,"Philippines",FTRI03,"Research and Development",0.4669,,
2020,608,"Philippines",FTRI04,"Industry activity",0.8526,,
2020,608,"Philippines",FTRI05,"Access to finance",0.8498,,
2020,616,"Poland",FTRI00,"Overall index",0.7927,,
2020,616,"Poland",FTRI01,"ICT",0.8914,,
2020,616,"Poland",FTRI02,"Skills",0.7216,,
2020,616,"Poland",FTRI03,"Research and Development",0.5918,,
2020,616,"Poland",FTRI04,"Industry activity",0.6926,,
2020,616,"Poland",FTRI05,"Access to finance",0.8456,,
2020,620,"Portugal",FTRI00,"Overall index",0.757,,
2020,620,"Portugal",FTRI01,"ICT",0.8426,,
2020,620,"Portugal",FTRI02,"Skills",0.7175,,
2020,620,"Portugal",FTRI03,"Research and Development",0.5316,,
2020,620,"Portugal",FTRI04,"Industry activity",0.593,,
2020,620,"Portugal",FTRI05,"Access to finance",0.9149,,
2020,634,"Qatar",FTRI00,"Overall index",0.5782,,
2020,634,"Qatar",FTRI01,"ICT",0.8488,,
2020,634,"Qatar",FTRI02,"Skills",0.4187,,
2020,634,"Qatar",FTRI03,"Research and Development",0.3724,,
2020,634,"Qatar",FTRI04,"Industry activity",0.3464,,
2020,634,"Qatar",FTRI05,"Access to finance",0.9417,,
2020,410,"Republic of Korea",FTRI00,"Overall index",0.913,,
2020,410,"Republic of Korea",FTRI01,"ICT",0.893,,
2020,410,"Republic of Korea",FTRI02,"Skills",0.7338,,
2020,410,"Republic of Korea",FTRI03,"Research and Development",0.8183,,
2020,410,"Republic of Korea",FTRI04,"Industry activity",0.8091,,
2020,410,"Republic of Korea",FTRI05,"Access to finance",0.9573,,
2020,498,"Republic of Moldova",FTRI00,"Overall index",0.5532,,
2020,498,"Republic of Moldova",FTRI01,"ICT",0.7502,,
2020,498,"Republic of Moldova",FTRI02,"Skills",0.4737,,
2020,498,"Republic of Moldova",FTRI03,"Research and Development",0.3497,,
2020,498,"Republic of Moldova",FTRI04,"Industry activity",0.4892,,
2020,498,"Republic of Moldova",FTRI05,"Access to finance",0.794,,
2020,642,"Romania",FTRI00,"Overall index",0.6955,,
2020,642,"Romania",FTRI01,"ICT",0.8885,,
2020,642,"Romania",FTRI02,"Skills",0.5214,,
2020,642,"Romania",FTRI03,"Research and Development",0.5301,,
2020,642,"Romania",FTRI04,"Industry activity",0.6828,,
2020,642,"Romania",FTRI05,"Access to finance",0.784,,
2020,643,"Russian Federation",FTRI00,"Overall index",0.7714,,
2020,643,"Russian Federation",FTRI01,"ICT",0.8197,,
2020,643,"Russian Federation",FTRI02,"Skills",0.7446,,
2020,643,"Russian Federation",FTRI03,"Research and Development",0.6801,,
2020,643,"Russian Federation",FTRI04,"Industry activity",0.505,,
2020,643,"Russian Federation",FTRI05,"Access to finance",0.8624,,
2020,646,"Rwanda",FTRI00,"Overall index",0.2605,,
2020,646,"Rwanda",FTRI01,"ICT",0.375,,
2020,646,"Rwanda",FTRI02,"Skills",0.2305,,
2020,646,"Rwanda",FTRI03,"Research and Development",0.176,,
2020,646,"Rwanda",FTRI04,"Industry activity",0.2699,,
2020,646,"Rwanda",FTRI05,"Access to finance",0.7813,,
2020,662,"Saint Lucia",FTRI00,"Overall index",0.4373,,
2020,662,"Saint Lucia",FTRI01,"ICT",0.7554,,
2020,662,"Saint Lucia",FTRI02,"Skills",0.4364,,
2020,662,"Saint Lucia",FTRI03,"Research and Development",0,,
2020,662,"Saint Lucia",FTRI04,"Industry activity",0.3137,,
2020,662,"Saint Lucia",FTRI05,"Access to finance",0.8885,,
2020,670,"Saint Vincent and the Grenadines",FTRI00,"Overall index",0.4576,,
2020,670,"Saint Vincent and the Grenadines",FTRI01,"ICT",0.7559,,
2020,670,"Saint Vincent and the Grenadines",FTRI02,"Skills",0.6189,,
2020,670,"Saint Vincent and the Grenadines",FTRI03,"Research and Development",0.0313,,
2020,670,"Saint Vincent and the Grenadines",FTRI04,"Industry activity",0.1228,,
2020,670,"Saint Vincent and the Grenadines",FTRI05,"Access to finance",0.8408,,
2020,882,"Samoa",FTRI00,"Overall index",0.3779,,
2020,882,"Samoa",FTRI01,"ICT",0.3878,,
2020,882,"Samoa",FTRI02,"Skills",0.4205,,
2020,882,"Samoa",FTRI03,"Research and Development",0.1063,,
2020,882,"Samoa",FTRI04,"Industry activity",0.4876,,
2020,882,"Samoa",FTRI05,"Access to finance",0.8022,,
2020,678,"Sao Tome and Principe",FTRI00,"Overall index",0.3022,,
2020,678,"Sao Tome and Principe",FTRI01,"ICT",0.4741,,
2020,678,"Sao Tome and Principe",FTRI02,"Skills",0.3549,,
2020,678,"Sao Tome and Principe",FTRI03,"Research and Development",0,,
2020,678,"Sao Tome and Principe",FTRI04,"Industry activity",0.3917,,
2020,678,"Sao Tome and Principe",FTRI05,"Access to finance",0.7597,,
2020,682,"Saudi Arabia",FTRI00,"Overall index",0.6657,,
2020,682,"Saudi Arabia",FTRI01,"ICT",0.7841,,
2020,682,"Saudi Arabia",FTRI02,"Skills",0.6467,,
2020,682,"Saudi Arabia",FTRI03,"Research and Development",0.5873,,
2020,682,"Saudi Arabia",FTRI04,"Industry activity",0.352,,
2020,682,"Saudi Arabia",FTRI05,"Access to finance",0.8497,,
2020,686,"Senegal",FTRI00,"Overall index",0.3296,,
2020,686,"Senegal",FTRI01,"ICT",0.5853,,
2020,686,"Senegal",FTRI02,"Skills",0.1347,,
2020,686,"Senegal",FTRI03,"Research and Development",0.1964,,
2020,686,"Senegal",FTRI04,"Industry activity",0.3478,,
2020,686,"Senegal",FTRI05,"Access to finance",0.796,,
2020,688,"Serbia",FTRI00,"Overall index",0.6616,,
2020,688,"Serbia",FTRI01,"ICT",0.8019,,
2020,688,"Serbia",FTRI02,"Skills",0.5681,,
2020,688,"Serbia",FTRI03,"Research and Development",0.3808,,
2020,688,"Serbia",FTRI04,"Industry activity",0.682,,
2020,688,"Serbia",FTRI05,"Access to finance",0.8372,,
2020,694,"Sierra Leone",FTRI00,"Overall index",0.0004,,
2020,694,"Sierra Leone",FTRI01,"ICT",0.4064,,
2020,694,"Sierra Leone",FTRI02,"Skills",0.1526,,
2020,694,"Sierra Leone",FTRI03,"Research and Development",0.0993,,
2020,694,"Sierra Leone",FTRI04,"Industry activity",0.2416,,
2020,694,"Sierra Leone",FTRI05,"Access to finance",0,,
2020,702,"Singapore",FTRI00,"Overall index",0.9442,,
2020,702,"Singapore",FTRI01,"ICT",0.9383,,
2020,702,"Singapore",FTRI02,"Skills",0.9249,,
2020,702,"Singapore",FTRI03,"Research and Development",0.614,,
2020,702,"Singapore",FTRI04,"Industry activity",0.8806,,
2020,702,"Singapore",FTRI05,"Access to finance",0.9348,,
2020,703,"Slovakia",FTRI00,"Overall index",0.751,,
2020,703,"Slovakia",FTRI01,"ICT",0.9329,,
2020,703,"Slovakia",FTRI02,"Skills",0.6126,,
2020,703,"Slovakia",FTRI03,"Research and Development",0.4656,,
2020,703,"Slovakia",FTRI04,"Industry activity",0.7191,,
2020,703,"Slovakia",FTRI05,"Access to finance",0.8724,,
2020,705,"Slovenia",FTRI00,"Overall index",0.777,,
2020,705,"Slovenia",FTRI01,"ICT",0.9157,,
2020,705,"Slovenia",FTRI02,"Skills",0.81,,
2020,705,"Slovenia",FTRI03,"Research and Development",0.4038,,
2020,705,"Slovenia",FTRI04,"Industry activity",0.7271,,
2020,705,"Slovenia",FTRI05,"Access to finance",0.8325,,
2020,090,"Solomon Islands",FTRI00,"Overall index",0.2793,,
2020,090,"Solomon Islands",FTRI01,"ICT",0.513,,
2020,090,"Solomon Islands",FTRI02,"Skills",0.279,,
2020,090,"Solomon Islands",FTRI03,"Research and Development",0,,
2020,090,"Solomon Islands",FTRI04,"Industry activity",0.228,,
2020,090,"Solomon Islands",FTRI05,"Access to finance",0.8059,,
2020,710,"South Africa",FTRI00,"Overall index",0.6553,,
2020,710,"South Africa",FTRI01,"ICT",0.7305,,
2020,710,"South Africa",FTRI02,"Skills",0.5092,,
2020,710,"South Africa",FTRI03,"Research and Development",0.482,,
2020,710,"South Africa",FTRI04,"Industry activity",0.5943,,
2020,710,"South Africa",FTRI05,"Access to finance",0.919,,
2020,728,"South Sudan",FTRI00,"Overall index",0,,
2020,728,"South Sudan",FTRI01,"ICT",0,,
2020,728,"South Sudan",FTRI02,"Skills",0,,
2020,728,"South Sudan",FTRI03,"Research and Development",0.0313,,
2020,728,"South Sudan",FTRI04,"Industry activity",0.2358,,
2020,728,"South Sudan",FTRI05,"Access to finance",0.541,,
2020,724,"Spain",FTRI00,"Overall index",0.8477,,
2020,724,"Spain",FTRI01,"ICT",0.9157,,
2020,724,"Spain",FTRI02,"Skills",0.7334,,
2020,724,"Spain",FTRI03,"Research and Development",0.6741,,
2020,724,"Spain",FTRI04,"Industry activity",0.6907,,
2020,724,"Spain",FTRI05,"Access to finance",0.9186,,
2020,144,"Sri Lanka",FTRI00,"Overall index",0.5067,,
2020,144,"Sri Lanka",FTRI01,"ICT",0.6244,,
2020,144,"Sri Lanka",FTRI02,"Skills",0.4938,,
2020,144,"Sri Lanka",FTRI03,"Research and Development",0.2649,,
2020,144,"Sri Lanka",FTRI04,"Industry activity",0.4667,,
2020,144,"Sri Lanka",FTRI05,"Access to finance",0.8402,,
2020,729,"Sudan",FTRI00,"Overall index",0.1448,,
2020,729,"Sudan",FTRI01,"ICT",0.2984,,
2020,729,"Sudan",FTRI02,"Skills",0.1804,,
2020,729,"Sudan",FTRI03,"Research and Development",0.1778,,
2020,729,"Sudan",FTRI04,"Industry activity",0.0281,,
2020,729,"Sudan",FTRI05,"Access to finance",0.6731,,
2020,736,"Sudan (...2011)",FTRI00,"Overall index",,,"Not applicable"
2020,736,"Sudan (...2011)",FTRI01,"ICT",,,"Not applicable"
2020,736,"Sudan (...2011)",FTRI02,"Skills",,,"Not applicable"
2020,736,"Sudan (...2011)",FTRI03,"Research and Development",,,"Not applicable"
2020,736,"Sudan (...2011)",FTRI04,"Industry activity",,,"Not applicable"
2020,736,"Sudan (...2011)",FTRI05,"Access to finance",,,"Not applicable"
2020,740,"Suriname",FTRI00,"Overall index",0.3587,,
2020,740,"Suriname",FTRI01,"ICT",0.6134,,
2020,740,"Suriname",FTRI02,"Skills",0.4338,,
2020,740,"Suriname",FTRI03,"Research and Development",0.0313,,
2020,740,"Suriname",FTRI04,"Industry activity",0.2239,,
2020,740,"Suriname",FTRI05,"Access to finance",0.7781,,
2020,752,"Sweden",FTRI00,"Overall index",0.971,,
2020,752,"Sweden",FTRI01,"ICT",0.9546,,
2020,752,"Sweden",FTRI02,"Skills",0.9521,,
2020,752,"Sweden",FTRI03,"Research and Development",0.6629,,
2020,752,"Sweden",FTRI04,"Industry activity",0.8406,,
2020,752,"Sweden",FTRI05,"Access to finance",0.9409,,
2020,756,"Switzerland",FTRI00,"Overall index",0.9592,,
2020,756,"Switzerland",FTRI01,"ICT",0.9835,,
2020,756,"Switzerland",FTRI02,"Skills",0.8309,,
2020,756,"Switzerland",FTRI03,"Research and Development",0.6695,,
2020,756,"Switzerland",FTRI04,"Industry activity",0.8954,,
2020,756,"Switzerland",FTRI05,"Access to finance",0.9608,,
2020,762,"Tajikistan",FTRI00,"Overall index",0.1807,,
2020,762,"Tajikistan",FTRI01,"ICT",0.2788,,
2020,762,"Tajikistan",FTRI02,"Skills",0.3215,,
2020,762,"Tajikistan",FTRI03,"Research and Development",0.1124,,
2020,762,"Tajikistan",FTRI04,"Industry activity",0.0245,,
2020,762,"Tajikistan",FTRI05,"Access to finance",0.7201,,
2020,764,"Thailand",FTRI00,"Overall index",0.6786,,
2020,764,"Thailand",FTRI01,"ICT",0.8209,,
2020,764,"Thailand",FTRI02,"Skills",0.4895,,
2020,764,"Thailand",FTRI03,"Research and Development",0.4658,,
2020,764,"Thailand",FTRI04,"Industry activity",0.6576,,
2020,764,"Thailand",FTRI05,"Access to finance",0.955,,
2020,626,"Timor-Leste",FTRI00,"Overall index",0.1921,,
2020,626,"Timor-Leste",FTRI01,"ICT",0.2985,,
2020,626,"Timor-Leste",FTRI02,"Skills",0.3823,,
2020,626,"Timor-Leste",FTRI03,"Research and Development",0,,
2020,626,"Timor-Leste",FTRI04,"Industry activity",0.1016,,
2020,626,"Timor-Leste",FTRI05,"Access to finance",0.7229,,
2020,768,"Togo",FTRI00,"Overall index",0.3425,,
2020,768,"Togo",FTRI01,"ICT",0.4219,,
2020,768,"Togo",FTRI02,"Skills",0.3776,,
2020,768,"Togo",FTRI03,"Research and Development",0.081,,
2020,768,"Togo",FTRI04,"Industry activity",0.4273,,
2020,768,"Togo",FTRI05,"Access to finance",0.789,,
2020,780,"Trinidad and Tobago",FTRI00,"Overall index",0.5357,,
2020,780,"Trinidad and Tobago",FTRI01,"ICT",0.8165,,
2020,780,"Trinidad and Tobago",FTRI02,"Skills",0.5588,,
2020,780,"Trinidad and Tobago",FTRI03,"Research and Development",0.1307,,
2020,780,"Trinidad and Tobago",FTRI04,"Industry activity",0.3865,,
2020,780,"Trinidad and Tobago",FTRI05,"Access to finance",0.8395,,
2020,788,"Tunisia",FTRI00,"Overall index",0.5618,,
2020,788,"Tunisia",FTRI01,"ICT",0.633,,
2020,788,"Tunisia",FTRI02,"Skills",0.5137,,
2020,788,"Tunisia",FTRI03,"Research and Development",0.3932,,
2020,788,"Tunisia",FTRI04,"Industry activity",0.5482,,
2020,788,"Tunisia",FTRI05,"Access to finance",0.8743,,
2020,792,"Turkiye",FTRI00,"Overall index",0.6851,,
2020,792,"Turkiye",FTRI01,"ICT",0.7018,,
2020,792,"Turkiye",FTRI02,"Skills",0.7074,,
2020,792,"Turkiye",FTRI03,"Research and Development",0.5774,,
2020,792,"Turkiye",FTRI04,"Industry activity",0.4764,,
2020,792,"Turkiye",FTRI05,"Access to finance",0.8842,,
2020,800,"Uganda",FTRI00,"Overall index",0.2027,,
2020,800,"Uganda",FTRI01,"ICT",0.1615,,
2020,800,"Uganda",FTRI02,"Skills",0.2339,,
2020,800,"Uganda",FTRI03,"Research and Development",0.2044,,
2020,800,"Uganda",FTRI04,"Industry activity",0.3142,,
2020,800,"Uganda",FTRI05,"Access to finance",0.7283,,
2020,804,"Ukraine",FTRI00,"Overall index",0.6352,,
2020,804,"Ukraine",FTRI01,"ICT",0.7456,,
2020,804,"Ukraine",FTRI02,"Skills",0.6062,,
2020,804,"Ukraine",FTRI03,"Research and Development",0.4528,,
2020,804,"Ukraine",FTRI04,"Industry activity",0.5492,,
2020,804,"Ukraine",FTRI05,"Access to finance",0.7923,,
2020,784,"United Arab Emirates",FTRI00,"Overall index",0.7663,,
2020,784,"United Arab Emirates",FTRI01,"ICT",0.8655,,
2020,784,"United Arab Emirates",FTRI02,"Skills",0.7235,,
2020,784,"United Arab Emirates",FTRI03,"Research and Development",0.4748,,
2020,784,"United Arab Emirates",FTRI04,"Industry activity",0.6878,,
2020,784,"United Arab Emirates",FTRI05,"Access to finance",0.8989,,
2020,826,"United Kingdom",FTRI00,"Overall index",0.9465,,
2020,826,"United Kingdom",FTRI01,"ICT",0.8821,,
2020,826,"United Kingdom",FTRI02,"Skills",0.8636,,
2020,826,"United Kingdom",FTRI03,"Research and Development",0.7532,,
2020,826,"United Kingdom",FTRI04,"Industry activity",0.8367,,
2020,826,"United Kingdom",FTRI05,"Access to finance",0.947,,
2020,834,"United Republic of Tanzania",FTRI00,"Overall index",0.2008,,
2020,834,"United Republic of Tanzania",FTRI01,"ICT",0.4076,,
2020,834,"United Republic of Tanzania",FTRI02,"Skills",0.106,,
2020,834,"United Republic of Tanzania",FTRI03,"Research and Development",0.203,,
2020,834,"United Republic of Tanzania",FTRI04,"Industry activity",0.161,,
2020,834,"United Republic of Tanzania",FTRI05,"Access to finance",0.7157,,
2020,840,"United States",FTRI00,"Overall index",1,,
2020,840,"United States",FTRI01,"ICT",0.9465,,
2020,840,"United States",FTRI02,"Skills",0.8172,,
2020,840,"United States",FTRI03,"Research and Development",0.9164,,
2020,840,"United States",FTRI04,"Industry activity",0.8134,,
2020,840,"United States",FTRI05,"Access to finance",0.9842,,
2020,858,"Uruguay",FTRI00,"Overall index",0.6309,,
2020,858,"Uruguay",FTRI01,"ICT",0.8094,,
2020,858,"Uruguay",FTRI02,"Skills",0.5933,,
2020,858,"Uruguay",FTRI03,"Research and Development",0.2909,,
2020,858,"Uruguay",FTRI04,"Industry activity",0.6235,,
2020,858,"Uruguay",FTRI05,"Access to finance",0.7911,,
2020,860,"Uzbekistan",FTRI00,"Overall index",0.4503,,
2020,860,"Uzbekistan",FTRI01,"ICT",0.546,,
2020,860,"Uzbekistan",FTRI02,"Skills",0.4245,,
2020,860,"Uzbekistan",FTRI03,"Research and Development",0.3208,,
2020,860,"Uzbekistan",FTRI04,"Industry activity",0.4132,,
2020,860,"Uzbekistan",FTRI05,"Access to finance",0.8139,,
2020,548,"Vanuatu",FTRI00,"Overall index",0.3314,,
2020,548,"Vanuatu",FTRI01,"ICT",0.5305,,
2020,548,"Vanuatu",FTRI02,"Skills",0.3413,,
2020,548,"Vanuatu",FTRI03,"Research and Development",0.0313,,
2020,548,"Vanuatu",FTRI04,"Industry activity",0.2682,,
2020,548,"Vanuatu",FTRI05,"Access to finance",0.8634,,
2020,862,"Venezuela (Bolivarian Rep. of)",FTRI00,"Overall index",0.3663,,
2020,862,"Venezuela (Bolivarian Rep. of)",FTRI01,"ICT",0.4909,,
2020,862,"Venezuela (Bolivarian Rep. of)",FTRI02,"Skills",0.4861,,
2020,862,"Venezuela (Bolivarian Rep. of)",FTRI03,"Research and Development",0.1887,,
2020,862,"Venezuela (Bolivarian Rep. of)",FTRI04,"Industry activity",0.1827,,
2020,862,"Venezuela (Bolivarian Rep. of)",FTRI05,"Access to finance",0.7979,,
2020,704,"Viet Nam",FTRI00,"Overall index",0.6152,,
2020,704,"Viet Nam",FTRI01,"ICT",0.7208,,
2020,704,"Viet Nam",FTRI02,"Skills",0.3626,,
2020,704,"Viet Nam",FTRI03,"Research and Development",0.4319,,
2020,704,"Viet Nam",FTRI04,"Industry activity",0.7726,,
2020,704,"Viet Nam",FTRI05,"Access to finance",0.9244,,
2020,887,"Yemen",FTRI00,"Overall index",0.1202,,
2020,887,"Yemen",FTRI01,"ICT",0.094,,
2020,887,"Yemen",FTRI02,"Skills",0.1494,,
2020,887,"Yemen",FTRI03,"Research and Development",0.1701,,
2020,887,"Yemen",FTRI04,"Industry activity",0.2828,,
2020,887,"Yemen",FTRI05,"Access to finance",0.6416,,
2020,894,"Zambia",FTRI00,"Overall index",0.2427,,
2020,894,"Zambia",FTRI01,"ICT",0.3823,,
2020,894,"Zambia",FTRI02,"Skills",0.2534,,
2020,894,"Zambia",FTRI03,"Research and Development",0.1741,,
2020,894,"Zambia",FTRI04,"Industry activity",0.1773,,
2020,894,"Zambia",FTRI05,"Access to finance",0.7343,,
2020,716,"Zimbabwe",FTRI00,"Overall index",0.2546,,
2020,716,"Zimbabwe",FTRI01,"ICT",0.4757,,
2020,716,"Zimbabwe",FTRI02,"Skills",0.236,,
2020,716,"Zimbabwe",FTRI03,"Research and Development",0.1981,,
2020,716,"Zimbabwe",FTRI04,"Industry activity",0.2198,,
2020,716,"Zimbabwe",FTRI05,"Access to finance",0.6379,,
2021,004,"Afghanistan",FTRI00,"Overall index",0.1288,,
2021,004,"Afghanistan",FTRI01,"ICT",0.1437,,
2021,004,"Afghanistan",FTRI02,"Skills",0.2247,,
2021,004,"Afghanistan",FTRI03,"Research and Development",0.1537,,
2021,004,"Afghanistan",FTRI04,"Industry activity",0.2693,,
2021,004,"Afghanistan",FTRI05,"Access to finance",0.5784,,
2021,008,"Albania",FTRI00,"Overall index",0.4632,,
2021,008,"Albania",FTRI01,"ICT",0.7243,,
2021,008,"Albania",FTRI02,"Skills",0.4925,,
2021,008,"Albania",FTRI03,"Research and Development",0.1625,,
2021,008,"Albania",FTRI04,"Industry activity",0.3796,,
2021,008,"Albania",FTRI05,"Access to finance",0.8063,,
2021,012,"Algeria",FTRI00,"Overall index",0.3808,,
2021,012,"Algeria",FTRI01,"ICT",0.504,,
2021,012,"Algeria",FTRI02,"Skills",0.5226,,
2021,012,"Algeria",FTRI03,"Research and Development",0.2971,,
2021,012,"Algeria",FTRI04,"Industry activity",0.1363,,
2021,012,"Algeria",FTRI05,"Access to finance",0.7679,,
2021,024,"Angola",FTRI00,"Overall index",0.2456,,
2021,024,"Angola",FTRI01,"ICT",0.4434,,
2021,024,"Angola",FTRI02,"Skills",0.2982,,
2021,024,"Angola",FTRI03,"Research and Development",0.1021,,
2021,024,"Angola",FTRI04,"Industry activity",0.2165,,
2021,024,"Angola",FTRI05,"Access to finance",0.6858,,
2021,032,"Argentina",FTRI00,"Overall index",0.6032,,
2021,032,"Argentina",FTRI01,"ICT",0.6664,,
2021,032,"Argentina",FTRI02,"Skills",0.7153,,
2021,032,"Argentina",FTRI03,"Research and Development",0.4456,,
2021,032,"Argentina",FTRI04,"Industry activity",0.4812,,
2021,032,"Argentina",FTRI05,"Access to finance",0.7012,,
2021,051,"Armenia",FTRI00,"Overall index",0.4831,,
2021,051,"Armenia",FTRI01,"ICT",0.7154,,
2021,051,"Armenia",FTRI02,"Skills",0.4696,,
2021,051,"Armenia",FTRI03,"Research and Development",0.2004,,
2021,051,"Armenia",FTRI04,"Industry activity",0.377,,
2021,051,"Armenia",FTRI05,"Access to finance",0.8633,,
2021,036,"Australia",FTRI00,"Overall index",0.8804,,
2021,036,"Australia",FTRI01,"ICT",0.8367,,
2021,036,"Australia",FTRI02,"Skills",1,,
2021,036,"Australia",FTRI03,"Research and Development",0.6813,,
2021,036,"Australia",FTRI04,"Industry activity",0.544,,
2021,036,"Australia",FTRI05,"Access to finance",0.9403,,
2021,040,"Austria",FTRI00,"Overall index",0.8043,,
2021,040,"Austria",FTRI01,"ICT",0.8246,,
2021,040,"Austria",FTRI02,"Skills",0.7612,,
2021,040,"Austria",FTRI03,"Research and Development",0.5965,,
2021,040,"Austria",FTRI04,"Industry activity",0.7351,,
2021,040,"Austria",FTRI05,"Access to finance",0.9027,,
2021,031,"Azerbaijan",FTRI00,"Overall index",0.4027,,
2021,031,"Azerbaijan",FTRI01,"ICT",0.637,,
2021,031,"Azerbaijan",FTRI02,"Skills",0.4413,,
2021,031,"Azerbaijan",FTRI03,"Research and Development",0.2363,,
2021,031,"Azerbaijan",FTRI04,"Industry activity",0.2356,,
2021,031,"Azerbaijan",FTRI05,"Access to finance",0.769,,
2021,044,"Bahamas",FTRI00,"Overall index",0.4722,,
2021,044,"Bahamas",FTRI01,"ICT",0.8319,,
2021,044,"Bahamas",FTRI02,"Skills",0.5565,,
2021,044,"Bahamas",FTRI03,"Research and Development",0.1441,,
2021,044,"Bahamas",FTRI04,"Industry activity",0.1017,,
2021,044,"Bahamas",FTRI05,"Access to finance",0.8472,,
2021,048,"Bahrain",FTRI00,"Overall index",0.5783,,
2021,048,"Bahrain",FTRI01,"ICT",0.7591,,
2021,048,"Bahrain",FTRI02,"Skills",0.5952,,
2021,048,"Bahrain",FTRI03,"Research and Development",0.2283,,
2021,048,"Bahrain",FTRI04,"Industry activity",0.5039,,
2021,048,"Bahrain",FTRI05,"Access to finance",0.8803,,
2021,050,"Bangladesh",FTRI00,"Overall index",0.3421,,
2021,050,"Bangladesh",FTRI01,"ICT",0.3804,,
2021,050,"Bangladesh",FTRI02,"Skills",0.2912,,
2021,050,"Bangladesh",FTRI03,"Research and Development",0.3945,,
2021,050,"Bangladesh",FTRI04,"Industry activity",0.2947,,
2021,050,"Bangladesh",FTRI05,"Access to finance",0.8198,,
2021,052,"Barbados",FTRI00,"Overall index",0.6009,,
2021,052,"Barbados",FTRI01,"ICT",0.8156,,
2021,052,"Barbados",FTRI02,"Skills",0.6845,,
2021,052,"Barbados",FTRI03,"Research and Development",0.1977,,
2021,052,"Barbados",FTRI04,"Industry activity",0.4481,,
2021,052,"Barbados",FTRI05,"Access to finance",0.8909,,
2021,112,"Belarus",FTRI00,"Overall index",0.6051,,
2021,112,"Belarus",FTRI01,"ICT",0.747,,
2021,112,"Belarus",FTRI02,"Skills",0.6622,,
2021,112,"Belarus",FTRI03,"Research and Development",0.2797,,
2021,112,"Belarus",FTRI04,"Industry activity",0.6035,,
2021,112,"Belarus",FTRI05,"Access to finance",0.792,,
2021,056,"Belgium",FTRI00,"Overall index",0.8953,,
2021,056,"Belgium",FTRI01,"ICT",0.8964,,
2021,056,"Belgium",FTRI02,"Skills",0.9433,,
2021,056,"Belgium",FTRI03,"Research and Development",0.5925,,
2021,056,"Belgium",FTRI04,"Industry activity",0.7941,,
2021,056,"Belgium",FTRI05,"Access to finance",0.8812,,
2021,084,"Belize",FTRI00,"Overall index",0.4137,,
2021,084,"Belize",FTRI01,"ICT",0.6977,,
2021,084,"Belize",FTRI02,"Skills",0.4075,,
2021,084,"Belize",FTRI03,"Research and Development",0.0615,,
2021,084,"Belize",FTRI04,"Industry activity",0.3693,,
2021,084,"Belize",FTRI05,"Access to finance",0.8388,,
2021,204,"Benin",FTRI00,"Overall index",0.1842,,
2021,204,"Benin",FTRI01,"ICT",0.317,,
2021,204,"Benin",FTRI02,"Skills",0.2,,
2021,204,"Benin",FTRI03,"Research and Development",0.1735,,
2021,204,"Benin",FTRI04,"Industry activity",0.1831,,
2021,204,"Benin",FTRI05,"Access to finance",0.7323,,
2021,060,"Bermuda",FTRI00,"Overall index",0.3897,,
2021,060,"Bermuda",FTRI01,"ICT",0.5887,,
2021,060,"Bermuda",FTRI02,"Skills",0.4713,,
2021,060,"Bermuda",FTRI03,"Research and Development",0.1391,,
2021,060,"Bermuda",FTRI04,"Industry activity",0.178,,
2021,060,"Bermuda",FTRI05,"Access to finance",0.8832,,
2021,064,"Bhutan",FTRI00,"Overall index",0.4058,,
2021,064,"Bhutan",FTRI01,"ICT",0.6332,,
2021,064,"Bhutan",FTRI02,"Skills",0.4082,,
2021,064,"Bhutan",FTRI03,"Research and Development",0.1102,,
2021,064,"Bhutan",FTRI04,"Industry activity",0.2097,,
2021,064,"Bhutan",FTRI05,"Access to finance",0.8683,,
2021,068,"Bolivia (Plurinational State of)",FTRI00,"Overall index",0.3897,,
2021,068,"Bolivia (Plurinational State of)",FTRI01,"ICT",0.5887,,
2021,068,"Bolivia (Plurinational State of)",FTRI02,"Skills",0.4713,,
2021,068,"Bolivia (Plurinational State of)",FTRI03,"Research and Development",0.1391,,
2021,068,"Bolivia (Plurinational State of)",FTRI04,"Industry activity",0.178,,
2021,068,"Bolivia (Plurinational State of)",FTRI05,"Access to finance",0.8832,,
2021,070,"Bosnia and Herzegovina",FTRI00,"Overall index",0.521,,
2021,070,"Bosnia and Herzegovina",FTRI01,"ICT",0.7624,,
2021,070,"Bosnia and Herzegovina",FTRI02,"Skills",0.4928,,
2021,070,"Bosnia and Herzegovina",FTRI03,"Research and Development",0.2257,,
2021,070,"Bosnia and Herzegovina",FTRI04,"Industry activity",0.4769,,
2021,070,"Bosnia and Herzegovina",FTRI05,"Access to finance",0.8494,,
2021,072,"Botswana",FTRI00,"Overall index",0.3892,,
2021,072,"Botswana",FTRI01,"ICT",0.5489,,
2021,072,"Botswana",FTRI02,"Skills",0.3646,,
2021,072,"Botswana",FTRI03,"Research and Development",0.1938,,
2021,072,"Botswana",FTRI04,"Industry activity",0.384,,
2021,072,"Botswana",FTRI05,"Access to finance",0.8081,,
2021,074,"Bouvet Island",FTRI00,"Overall index",0.771,,
2021,074,"Bouvet Island",FTRI01,"ICT",0.4859,,
2021,074,"Bouvet Island",FTRI02,"Skills",0.5448,,
2021,074,"Bouvet Island",FTRI03,"Research and Development",1,,
2021,074,"Bouvet Island",FTRI04,"Industry activity",0.8274,,
2021,074,"Bouvet Island",FTRI05,"Access to finance",0.9638,,
2021,076,"Brazil",FTRI00,"Overall index",0.7206,,
2021,076,"Brazil",FTRI01,"ICT",0.7814,,
2021,076,"Brazil",FTRI02,"Skills",0.5784,,
2021,076,"Brazil",FTRI03,"Research and Development",0.6553,,
2021,076,"Brazil",FTRI04,"Industry activity",0.5948,,
2021,076,"Brazil",FTRI05,"Access to finance",0.8737,,
2021,080,"British Antarctic Territory",FTRI00,"Overall index",0.2661,,
2021,080,"British Antarctic Territory",FTRI01,"ICT",0.4963,,
2021,080,"British Antarctic Territory",FTRI02,"Skills",0.2008,,
2021,080,"British Antarctic Territory",FTRI03,"Research and Development",0.1726,,
2021,080,"British Antarctic Territory",FTRI04,"Industry activity",0.2297,,
2021,080,"British Antarctic Territory",FTRI05,"Access to finance",0.7607,,
2021,086,"British Indian Ocean Territory",FTRI00,"Overall index",0.2842,,
2021,086,"British Indian Ocean Territory",FTRI01,"ICT",0.4234,,
2021,086,"British Indian Ocean Territory",FTRI02,"Skills",0.3286,,
2021,086,"British Indian Ocean Territory",FTRI03,"Research and Development",0.0307,,
2021,086,"British Indian Ocean Territory",FTRI04,"Industry activity",0.5067,,
2021,086,"British Indian Ocean Territory",FTRI05,"Access to finance",0.7493,,
2021,092,"British Virgin Islands",FTRI00,"Overall index",0.7659,,
2021,092,"British Virgin Islands",FTRI01,"ICT",0.8996,,
2021,092,"British Virgin Islands",FTRI02,"Skills",0.7859,,
2021,092,"British Virgin Islands",FTRI03,"Research and Development",0.3735,,
2021,092,"British Virgin Islands",FTRI04,"Industry activity",0.7445,,
2021,092,"British Virgin Islands",FTRI05,"Access to finance",0.8604,,
2021,096,"Brunei Darussalam",FTRI00,"Overall index",0.4885,,
2021,096,"Brunei Darussalam",FTRI01,"ICT",0.7457,,
2021,096,"Brunei Darussalam",FTRI02,"Skills",0.5889,,
2021,096,"Brunei Darussalam",FTRI03,"Research and Development",0.2131,,
2021,096,"Brunei Darussalam",FTRI04,"Industry activity",0.275,,
2021,096,"Brunei Darussalam",FTRI05,"Access to finance",0.8127,,
2021,100,"Bulgaria",FTRI00,"Overall index",0.6855,,
2021,100,"Bulgaria",FTRI01,"ICT",0.8292,,
2021,100,"Bulgaria",FTRI02,"Skills",0.5817,,
2021,100,"Bulgaria",FTRI03,"Research and Development",0.4453,,
2021,100,"Bulgaria",FTRI04,"Industry activity",0.6964,,
2021,100,"Bulgaria",FTRI05,"Access to finance",0.8401,,
2021,854,"Burkina Faso",FTRI00,"Overall index",0.1996,,
2021,854,"Burkina Faso",FTRI01,"ICT",0.3395,,
2021,854,"Burkina Faso",FTRI02,"Skills",0.0996,,
2021,854,"Burkina Faso",FTRI03,"Research and Development",0.1658,,
2021,854,"Burkina Faso",FTRI04,"Industry activity",0.2326,,
2021,854,"Burkina Faso",FTRI05,"Access to finance",0.7933,,
2021,108,"Burundi",FTRI00,"Overall index",0.0891,,
2021,108,"Burundi",FTRI01,"ICT",0.0808,,
2021,108,"Burundi",FTRI02,"Skills",0.1577,,
2021,108,"Burundi",FTRI03,"Research and Development",0.0487,,
2021,108,"Burundi",FTRI04,"Industry activity",0.1347,,
2021,108,"Burundi",FTRI05,"Access to finance",0.8097,,
2021,132,"Cabo Verde",FTRI00,"Overall index",0.3449,,
2021,132,"Cabo Verde",FTRI01,"ICT",0.6134,,
2021,132,"Cabo Verde",FTRI02,"Skills",0.3414,,
2021,132,"Cabo Verde",FTRI03,"Research and Development",0,,
2021,132,"Cabo Verde",FTRI04,"Industry activity",0.3116,,
2021,132,"Cabo Verde",FTRI05,"Access to finance",0.872,,
2021,116,"Cambodia",FTRI00,"Overall index",0.3898,,
2021,116,"Cambodia",FTRI01,"ICT",0.5647,,
2021,116,"Cambodia",FTRI02,"Skills",0.2619,,
2021,116,"Cambodia",FTRI03,"Research and Development",0.1478,,
2021,116,"Cambodia",FTRI04,"Industry activity",0.4328,,
2021,116,"Cambodia",FTRI05,"Access to finance",0.9577,,
2021,120,"Cameroon",FTRI00,"Overall index",0.2996,,
2021,120,"Cameroon",FTRI01,"ICT",0.4046,,
2021,120,"Cameroon",FTRI02,"Skills",0.3731,,
2021,120,"Cameroon",FTRI03,"Research and Development",0.2105,,
2021,120,"Cameroon",FTRI04,"Industry activity",0.2892,,
2021,120,"Cameroon",FTRI05,"Access to finance",0.7227,,
2021,124,"Canada",FTRI00,"Overall index",0.8872,,
2021,124,"Canada",FTRI01,"ICT",0.8994,,
2021,124,"Canada",FTRI02,"Skills",0.7844,,
2021,124,"Canada",FTRI03,"Research and Development",0.7128,,
2021,124,"Canada",FTRI04,"Industry activity",0.738,,
2021,124,"Canada",FTRI05,"Access to finance",0.9299,,
2021,136,"Cayman Islands",FTRI00,"Overall index",0.7577,,
2021,136,"Cayman Islands",FTRI01,"ICT",0.8462,,
2021,136,"Cayman Islands",FTRI02,"Skills",0.4973,,
2021,136,"Cayman Islands",FTRI03,"Research and Development",0.5735,,
2021,136,"Cayman Islands",FTRI04,"Industry activity",0.8777,,
2021,136,"Cayman Islands",FTRI05,"Access to finance",0.9323,,
2021,140,"Central African Republic",FTRI00,"Overall index",0.1825,,
2021,140,"Central African Republic",FTRI01,"ICT",0.3934,,
2021,140,"Central African Republic",FTRI02,"Skills",0.1551,,
2021,140,"Central African Republic",FTRI03,"Research and Development",0.1138,,
2021,140,"Central African Republic",FTRI04,"Industry activity",0.1214,,
2021,140,"Central African Republic",FTRI05,"Access to finance",0.7682,,
2021,148,"Chad",FTRI00,"Overall index",0.0501,,
2021,148,"Chad",FTRI01,"ICT",0.0817,,
2021,148,"Chad",FTRI02,"Skills",0.0834,,
2021,148,"Chad",FTRI03,"Research and Development",0.0714,,
2021,148,"Chad",FTRI04,"Industry activity",0.1657,,
2021,148,"Chad",FTRI05,"Access to finance",0.7068,,
2021,152,"Chile",FTRI00,"Overall index",0.6562,,
2021,152,"Chile",FTRI01,"ICT",0.7158,,
2021,152,"Chile",FTRI02,"Skills",0.6707,,
2021,152,"Chile",FTRI03,"Research and Development",0.488,,
2021,152,"Chile",FTRI04,"Industry activity",0.431,,
2021,152,"Chile",FTRI05,"Access to finance",0.9177,,
2021,156,"China",FTRI00,"Overall index",0.771,,
2021,156,"China",FTRI01,"ICT",0.4859,,
2021,156,"China",FTRI02,"Skills",0.5448,,
2021,156,"China",FTRI03,"Research and Development",1,,
2021,156,"China",FTRI04,"Industry activity",0.8274,,
2021,156,"China",FTRI05,"Access to finance",0.9638,,
2021,344,"China, Hong Kong SAR",FTRI00,"Overall index",0.8973,,
2021,344,"China, Hong Kong SAR",FTRI01,"ICT",0.9117,,
2021,344,"China, Hong Kong SAR",FTRI02,"Skills",0.8156,,
2021,344,"China, Hong Kong SAR",FTRI03,"Research and Development",0.5548,,
2021,344,"China, Hong Kong SAR",FTRI04,"Industry activity",0.9064,,
2021,344,"China, Hong Kong SAR",FTRI05,"Access to finance",1,,
2021,158,"China, Taiwan Province of",FTRI00,"Overall index",0.2997,,
2021,158,"China, Taiwan Province of",FTRI01,"ICT",0.2795,,
2021,158,"China, Taiwan Province of",FTRI02,"Skills",0.1424,,
2021,158,"China, Taiwan Province of",FTRI03,"Research and Development",0.4523,,
2021,158,"China, Taiwan Province of",FTRI04,"Industry activity",0.4464,,
2021,158,"China, Taiwan Province of",FTRI05,"Access to finance",0.7308,,
2021,162,"Christmas Island",FTRI00,"Overall index",0.4567,,
2021,162,"Christmas Island",FTRI01,"ICT",0.6477,,
2021,162,"Christmas Island",FTRI02,"Skills",0.4448,,
2021,162,"Christmas Island",FTRI03,"Research and Development",0.3583,,
2021,162,"Christmas Island",FTRI04,"Industry activity",0.225,,
2021,162,"Christmas Island",FTRI05,"Access to finance",0.8377,,
2021,166,"Cocos (Keeling) Islands",FTRI00,"Overall index",0.5513,,
2021,166,"Cocos (Keeling) Islands",FTRI01,"ICT",0.7973,,
2021,166,"Cocos (Keeling) Islands",FTRI02,"Skills",0.4574,,
2021,166,"Cocos (Keeling) Islands",FTRI03,"Research and Development",0.4132,,
2021,166,"Cocos (Keeling) Islands",FTRI04,"Industry activity",0.2632,,
2021,166,"Cocos (Keeling) Islands",FTRI05,"Access to finance",0.9293,,
2021,170,"Colombia",FTRI00,"Overall index",0.6045,,
2021,170,"Colombia",FTRI01,"ICT",0.6679,,
2021,170,"Colombia",FTRI02,"Skills",0.6476,,
2021,170,"Colombia",FTRI03,"Research and Development",0.4794,,
2021,170,"Colombia",FTRI04,"Industry activity",0.4322,,
2021,170,"Colombia",FTRI05,"Access to finance",0.8454,,
2021,174,"Comoros",FTRI00,"Overall index",0.1847,,
2021,174,"Comoros",FTRI01,"ICT",0.3335,,
2021,174,"Comoros",FTRI02,"Skills",0.3452,,
2021,174,"Comoros",FTRI03,"Research and Development",0,,
2021,174,"Comoros",FTRI04,"Industry activity",0.1271,,
2021,174,"Comoros",FTRI05,"Access to finance",0.7353,,
2021,178,"Congo",FTRI00,"Overall index",0.3164,,
2021,178,"Congo",FTRI01,"ICT",0.4821,,
2021,178,"Congo",FTRI02,"Skills",0.3369,,
2021,178,"Congo",FTRI03,"Research and Development",0.1428,,
2021,178,"Congo",FTRI04,"Industry activity",0.3499,,
2021,178,"Congo",FTRI05,"Access to finance",0.7214,,
2021,184,"Cook Islands",FTRI00,"Overall index",0.0059,,
2021,184,"Cook Islands",FTRI01,"ICT",0,,
2021,184,"Cook Islands",FTRI02,"Skills",0,,
2021,184,"Cook Islands",FTRI03,"Research and Development",0,,
2021,184,"Cook Islands",FTRI04,"Industry activity",0.3291,,
2021,184,"Cook Islands",FTRI05,"Access to finance",0.5671,,
2021,188,"Costa Rica",FTRI00,"Overall index",0.6125,,
2021,188,"Costa Rica",FTRI01,"ICT",0.732,,
2021,188,"Costa Rica",FTRI02,"Skills",0.5754,,
2021,188,"Costa Rica",FTRI03,"Research and Development",0.2127,,
2021,188,"Costa Rica",FTRI04,"Industry activity",0.7732,,
2021,188,"Costa Rica",FTRI05,"Access to finance",0.8551,,
2021,384,"Cote d'Ivoire",FTRI00,"Overall index",0.2661,,
2021,384,"Cote d'Ivoire",FTRI01,"ICT",0.4963,,
2021,384,"Cote d'Ivoire",FTRI02,"Skills",0.2008,,
2021,384,"Cote d'Ivoire",FTRI03,"Research and Development",0.1726,,
2021,384,"Cote d'Ivoire",FTRI04,"Industry activity",0.2297,,
2021,384,"Cote d'Ivoire",FTRI05,"Access to finance",0.7607,,
2021,191,"Croatia",FTRI00,"Overall index",0.6709,,
2021,191,"Croatia",FTRI01,"ICT",0.8223,,
2021,191,"Croatia",FTRI02,"Skills",0.6896,,
2021,191,"Croatia",FTRI03,"Research and Development",0.3968,,
2021,191,"Croatia",FTRI04,"Industry activity",0.5938,,
2021,191,"Croatia",FTRI05,"Access to finance",0.8478,,
2021,192,"Cuba",FTRI00,"Overall index",0.6858,,
2021,192,"Cuba",FTRI01,"ICT",0.8409,,
2021,192,"Cuba",FTRI02,"Skills",0.4993,,
2021,192,"Cuba",FTRI03,"Research and Development",0.4903,,
2021,192,"Cuba",FTRI04,"Industry activity",0.672,,
2021,192,"Cuba",FTRI05,"Access to finance",0.9565,,
2021,196,"Cyprus",FTRI00,"Overall index",0.745,,
2021,196,"Cyprus",FTRI01,"ICT",0.7914,,
2021,196,"Cyprus",FTRI02,"Skills",0.7067,,
2021,196,"Cyprus",FTRI03,"Research and Development",0.4513,,
2021,196,"Cyprus",FTRI04,"Industry activity",0.7314,,
2021,196,"Cyprus",FTRI05,"Access to finance",0.8993,,
2021,203,"Czechia",FTRI00,"Overall index",0.7637,,
2021,203,"Czechia",FTRI01,"ICT",0.7977,,
2021,203,"Czechia",FTRI02,"Skills",0.7216,,
2021,203,"Czechia",FTRI03,"Research and Development",0.5408,,
2021,203,"Czechia",FTRI04,"Industry activity",0.7901,,
2021,203,"Czechia",FTRI05,"Access to finance",0.8502,,
2021,180,"Dem. Rep. of the Congo",FTRI00,"Overall index",0.1377,,
2021,180,"Dem. Rep. of the Congo",FTRI01,"ICT",0.3145,,
2021,180,"Dem. Rep. of the Congo",FTRI02,"Skills",0.2039,,
2021,180,"Dem. Rep. of the Congo",FTRI03,"Research and Development",0.1428,,
2021,180,"Dem. Rep. of the Congo",FTRI04,"Industry activity",0.0808,,
2021,180,"Dem. Rep. of the Congo",FTRI05,"Access to finance",0.659,,
2021,208,"Denmark",FTRI00,"Overall index",0.8666,,
2021,208,"Denmark",FTRI01,"ICT",0.8647,,
2021,208,"Denmark",FTRI02,"Skills",0.9201,,
2021,208,"Denmark",FTRI03,"Research and Development",0.6099,,
2021,208,"Denmark",FTRI04,"Industry activity",0.7035,,
2021,208,"Denmark",FTRI05,"Access to finance",0.9513,,
2021,262,"Djibouti",FTRI00,"Overall index",0.2842,,
2021,262,"Djibouti",FTRI01,"ICT",0.4234,,
2021,262,"Djibouti",FTRI02,"Skills",0.3286,,
2021,262,"Djibouti",FTRI03,"Research and Development",0.0307,,
2021,262,"Djibouti",FTRI04,"Industry activity",0.5067,,
2021,262,"Djibouti",FTRI05,"Access to finance",0.7493,,
2021,214,"Dominican Republic",FTRI00,"Overall index",0.4369,,
2021,214,"Dominican Republic",FTRI01,"ICT",0.6922,,
2021,214,"Dominican Republic",FTRI02,"Skills",0.453,,
2021,214,"Dominican Republic",FTRI03,"Research and Development",0.1064,,
2021,214,"Dominican Republic",FTRI04,"Industry activity",0.4933,,
2021,214,"Dominican Republic",FTRI05,"Access to finance",0.7879,,
2021,218,"Ecuador",FTRI00,"Overall index",0.4337,,
2021,218,"Ecuador",FTRI01,"ICT",0.6349,,
2021,218,"Ecuador",FTRI02,"Skills",0.4592,,
2021,218,"Ecuador",FTRI03,"Research and Development",0.2791,,
2021,218,"Ecuador",FTRI04,"Industry activity",0.2377,,
2021,218,"Ecuador",FTRI05,"Access to finance",0.8426,,
2021,818,"Egypt",FTRI00,"Overall index",0.4993,,
2021,818,"Egypt",FTRI01,"ICT",0.6023,,
2021,818,"Egypt",FTRI02,"Skills",0.4834,,
2021,818,"Egypt",FTRI03,"Research and Development",0.4379,,
2021,818,"Egypt",FTRI04,"Industry activity",0.4508,,
2021,818,"Egypt",FTRI05,"Access to finance",0.7889,,
2021,222,"El Salvador",FTRI00,"Overall index",0.3981,,
2021,222,"El Salvador",FTRI01,"ICT",0.592,,
2021,222,"El Salvador",FTRI02,"Skills",0.3201,,
2021,222,"El Salvador",FTRI03,"Research and Development",0.1021,,
2021,222,"El Salvador",FTRI04,"Industry activity",0.5412,,
2021,222,"El Salvador",FTRI05,"Access to finance",0.8625,,
2021,226,"Equatorial Guinea",FTRI00,"Overall index",0.1852,,
2021,226,"Equatorial Guinea",FTRI01,"ICT",0.3993,,
2021,226,"Equatorial Guinea",FTRI02,"Skills",0.3148,,
2021,226,"Equatorial Guinea",FTRI03,"Research and Development",0,,
2021,226,"Equatorial Guinea",FTRI04,"Industry activity",0.1026,,
2021,226,"Equatorial Guinea",FTRI05,"Access to finance",0.6943,,
2021,233,"Estonia",FTRI00,"Overall index",0.7659,,
2021,233,"Estonia",FTRI01,"ICT",0.8996,,
2021,233,"Estonia",FTRI02,"Skills",0.7859,,
2021,233,"Estonia",FTRI03,"Research and Development",0.3735,,
2021,233,"Estonia",FTRI04,"Industry activity",0.7445,,
2021,233,"Estonia",FTRI05,"Access to finance",0.8604,,
2021,748,"Eswatini",FTRI00,"Overall index",0.378,,
2021,748,"Eswatini",FTRI01,"ICT",0.4864,,
2021,748,"Eswatini",FTRI02,"Skills",0.5053,,
2021,748,"Eswatini",FTRI03,"Research and Development",0.1282,,
2021,748,"Eswatini",FTRI04,"Industry activity",0.396,,
2021,748,"Eswatini",FTRI05,"Access to finance",0.759,,
2021,231,"Ethiopia",FTRI00,"Overall index",0.2099,,
2021,231,"Ethiopia",FTRI01,"ICT",0.1062,,
2021,231,"Ethiopia",FTRI02,"Skills",0.1702,,
2021,231,"Ethiopia",FTRI03,"Research and Development",0.4264,,
2021,231,"Ethiopia",FTRI04,"Industry activity",0.3441,,
2021,231,"Ethiopia",FTRI05,"Access to finance",0.7445,,
2021,242,"Fiji",FTRI00,"Overall index",0.4651,,
2021,242,"Fiji",FTRI01,"ICT",0.6605,,
2021,242,"Fiji",FTRI02,"Skills",0.4658,,
2021,242,"Fiji",FTRI03,"Research and Development",0.1801,,
2021,242,"Fiji",FTRI04,"Industry activity",0.3603,,
2021,242,"Fiji",FTRI05,"Access to finance",0.9375,,
2021,246,"Finland",FTRI00,"Overall index",0.9072,,
2021,246,"Finland",FTRI01,"ICT",0.8617,,
2021,246,"Finland",FTRI02,"Skills",0.9505,,
2021,246,"Finland",FTRI03,"Research and Development",0.6144,,
2021,246,"Finland",FTRI04,"Industry activity",0.7939,,
2021,246,"Finland",FTRI05,"Access to finance",0.9087,,
2021,250,"France",FTRI00,"Overall index",0.884,,
2021,250,"France",FTRI01,"ICT",0.8888,,
2021,250,"France",FTRI02,"Skills",0.7926,,
2021,250,"France",FTRI03,"Research and Development",0.7286,,
2021,250,"France",FTRI04,"Industry activity",0.7591,,
2021,250,"France",FTRI05,"Access to finance",0.9275,,
2021,266,"Gabon",FTRI00,"Overall index",0.3153,,
2021,266,"Gabon",FTRI01,"ICT",0.5732,,
2021,266,"Gabon",FTRI02,"Skills",0.3641,,
2021,266,"Gabon",FTRI03,"Research and Development",0.1064,,
2021,266,"Gabon",FTRI04,"Industry activity",0.2902,,
2021,266,"Gabon",FTRI05,"Access to finance",0.7177,,
2021,270,"Gambia",FTRI00,"Overall index",0.1517,,
2021,270,"Gambia",FTRI01,"ICT",0.3998,,
2021,270,"Gambia",FTRI02,"Skills",0.1814,,
2021,270,"Gambia",FTRI03,"Research and Development",0.0863,,
2021,270,"Gambia",FTRI04,"Industry activity",0.1091,,
2021,270,"Gambia",FTRI05,"Access to finance",0.6787,,
2021,268,"Georgia",FTRI00,"Overall index",0.5239,,
2021,268,"Georgia",FTRI01,"ICT",0.6831,,
2021,268,"Georgia",FTRI02,"Skills",0.61,,
2021,268,"Georgia",FTRI03,"Research and Development",0.1991,,
2021,268,"Georgia",FTRI04,"Industry activity",0.4389,,
2021,268,"Georgia",FTRI05,"Access to finance",0.8792,,
2021,276,"Germany",FTRI00,"Overall index",0.9121,,
2021,276,"Germany",FTRI01,"ICT",0.8677,,
2021,276,"Germany",FTRI02,"Skills",0.8297,,
2021,276,"Germany",FTRI03,"Research and Development",0.7914,,
2021,276,"Germany",FTRI04,"Industry activity",0.8191,,
2021,276,"Germany",FTRI05,"Access to finance",0.8929,,
2021,288,"Ghana",FTRI00,"Overall index",0.3989,,
2021,288,"Ghana",FTRI01,"ICT",0.6194,,
2021,288,"Ghana",FTRI02,"Skills",0.3091,,
2021,288,"Ghana",FTRI03,"Research and Development",0.2433,,
2021,288,"Ghana",FTRI04,"Industry activity",0.3987,,
2021,288,"Ghana",FTRI05,"Access to finance",0.7154,,
2021,300,"Greece",FTRI00,"Overall index",0.7177,,
2021,300,"Greece",FTRI01,"ICT",0.7642,,
2021,300,"Greece",FTRI02,"Skills",0.8184,,
2021,300,"Greece",FTRI03,"Research and Development",0.5201,,
2021,300,"Greece",FTRI04,"Industry activity",0.5613,,
2021,300,"Greece",FTRI05,"Access to finance",0.856,,
2021,320,"Guatemala",FTRI00,"Overall index",0.3492,,
2021,320,"Guatemala",FTRI01,"ICT",0.5595,,
2021,320,"Guatemala",FTRI02,"Skills",0.2444,,
2021,320,"Guatemala",FTRI03,"Research and Development",0.0922,,
2021,320,"Guatemala",FTRI04,"Industry activity",0.4853,,
2021,320,"Guatemala",FTRI05,"Access to finance",0.8116,,
2021,324,"Guinea",FTRI00,"Overall index",0.1563,,
2021,324,"Guinea",FTRI01,"ICT",0.3131,,
2021,324,"Guinea",FTRI02,"Skills",0.2074,,
2021,324,"Guinea",FTRI03,"Research and Development",0.0795,,
2021,324,"Guinea",FTRI04,"Industry activity",0.2,,
2021,324,"Guinea",FTRI05,"Access to finance",0.6823,,
2021,624,"Guinea-Bissau",FTRI00,"Overall index",0.1488,,
2021,624,"Guinea-Bissau",FTRI01,"ICT",0.2284,,
2021,624,"Guinea-Bissau",FTRI02,"Skills",0.2119,,
2021,624,"Guinea-Bissau",FTRI03,"Research and Development",0,,
2021,624,"Guinea-Bissau",FTRI04,"Industry activity",0.2529,,
2021,624,"Guinea-Bissau",FTRI05,"Access to finance",0.7267,,
2021,328,"Guyana",FTRI00,"Overall index",0.3935,,
2021,328,"Guyana",FTRI01,"ICT",0.6568,,
2021,328,"Guyana",FTRI02,"Skills",0.4278,,
2021,328,"Guyana",FTRI03,"Research and Development",0.0615,,
2021,328,"Guyana",FTRI04,"Industry activity",0.3026,,
2021,328,"Guyana",FTRI05,"Access to finance",0.7973,,
2021,332,"Haiti",FTRI00,"Overall index",0.2275,,
2021,332,"Haiti",FTRI01,"ICT",0.5209,,
2021,332,"Haiti",FTRI02,"Skills",0.2538,,
2021,332,"Haiti",FTRI03,"Research and Development",0,,
2021,332,"Haiti",FTRI04,"Industry activity",0.2821,,
2021,332,"Haiti",FTRI05,"Access to finance",0.6727,,
2021,340,"Honduras",FTRI00,"Overall index",0.3186,,
2021,340,"Honduras",FTRI01,"ICT",0.5332,,
2021,340,"Honduras",FTRI02,"Skills",0.2373,,
2021,340,"Honduras",FTRI03,"Research and Development",0.1717,,
2021,340,"Honduras",FTRI04,"Industry activity",0.2556,,
2021,340,"Honduras",FTRI05,"Access to finance",0.8722,,
2021,348,"Hungary",FTRI00,"Overall index",0.7531,,
2021,348,"Hungary",FTRI01,"ICT",0.914,,
2021,348,"Hungary",FTRI02,"Skills",0.6627,,
2021,348,"Hungary",FTRI03,"Research and Development",0.4756,,
2021,348,"Hungary",FTRI04,"Industry activity",0.7873,,
2021,348,"Hungary",FTRI05,"Access to finance",0.8188,,
2021,352,"Iceland",FTRI00,"Overall index",0.7864,,
2021,352,"Iceland",FTRI01,"ICT",1,,
2021,352,"Iceland",FTRI02,"Skills",0.9206,,
2021,352,"Iceland",FTRI03,"Research and Development",0.3337,,
2021,352,"Iceland",FTRI04,"Industry activity",0.4683,,
2021,352,"Iceland",FTRI05,"Access to finance",0.9105,,
2021,356,"India",FTRI00,"Overall index",0.6745,,
2021,356,"India",FTRI01,"ICT",0.6057,,
2021,356,"India",FTRI02,"Skills",0.3508,,
2021,356,"India",FTRI03,"Research and Development",0.8165,,
2021,356,"India",FTRI04,"Industry activity",0.7794,,
2021,356,"India",FTRI05,"Access to finance",0.8436,,
2021,360,"Indonesia",FTRI00,"Overall index",0.5442,,
2021,360,"Indonesia",FTRI01,"ICT",0.6011,,
2021,360,"Indonesia",FTRI02,"Skills",0.3996,,
2021,360,"Indonesia",FTRI03,"Research and Development",0.434,,
2021,360,"Indonesia",FTRI04,"Industry activity",0.6769,,
2021,360,"Indonesia",FTRI05,"Access to finance",0.8146,,
2021,364,"Iran (Islamic Republic of)",FTRI00,"Overall index",0.5429,,
2021,364,"Iran (Islamic Republic of)",FTRI01,"ICT",0.6231,,
2021,364,"Iran (Islamic Republic of)",FTRI02,"Skills",0.479,,
2021,364,"Iran (Islamic Republic of)",FTRI03,"Research and Development",0.5168,,
2021,364,"Iran (Islamic Republic of)",FTRI04,"Industry activity",0.4287,,
2021,364,"Iran (Islamic Republic of)",FTRI05,"Access to finance",0.8611,,
2021,368,"Iraq",FTRI00,"Overall index",0.3574,,
2021,368,"Iraq",FTRI01,"ICT",0.5582,,
2021,368,"Iraq",FTRI02,"Skills",0.4173,,
2021,368,"Iraq",FTRI03,"Research and Development",0.4245,,
2021,368,"Iraq",FTRI04,"Industry activity",0,,
2021,368,"Iraq",FTRI05,"Access to finance",0.7008,,
2021,372,"Ireland",FTRI00,"Overall index",0.8878,,
2021,372,"Ireland",FTRI01,"ICT",0.8588,,
2021,372,"Ireland",FTRI02,"Skills",0.8964,,
2021,372,"Ireland",FTRI03,"Research and Development",0.585,,
2021,372,"Ireland",FTRI04,"Industry activity",1,,
2021,372,"Ireland",FTRI05,"Access to finance",0.7859,,
2021,376,"Israel",FTRI00,"Overall index",0.8559,,
2021,376,"Israel",FTRI01,"ICT",0.811,,
2021,376,"Israel",FTRI02,"Skills",0.8158,,
2021,376,"Israel",FTRI03,"Research and Development",0.6106,,
2021,376,"Israel",FTRI04,"Industry activity",0.8839,,
2021,376,"Israel",FTRI05,"Access to finance",0.8745,,
2021,380,"Italy",FTRI00,"Overall index",0.8025,,
2021,380,"Italy",FTRI01,"ICT",0.7742,,
2021,380,"Italy",FTRI02,"Skills",0.7256,,
2021,380,"Italy",FTRI03,"Research and Development",0.7072,,
2021,380,"Italy",FTRI04,"Industry activity",0.7272,,
2021,380,"Italy",FTRI05,"Access to finance",0.8843,,
2021,388,"Jamaica",FTRI00,"Overall index",0.4085,,
2021,388,"Jamaica",FTRI01,"ICT",0.7404,,
2021,388,"Jamaica",FTRI02,"Skills",0.4284,,
2021,388,"Jamaica",FTRI03,"Research and Development",0.0922,,
2021,388,"Jamaica",FTRI04,"Industry activity",0.2155,,
2021,388,"Jamaica",FTRI05,"Access to finance",0.8515,,
2021,392,"Japan",FTRI00,"Overall index",0.8503,,
2021,392,"Japan",FTRI01,"ICT",0.8916,,
2021,392,"Japan",FTRI02,"Skills",0.5544,,
2021,392,"Japan",FTRI03,"Research and Development",0.7473,,
2021,392,"Japan",FTRI04,"Industry activity",0.8321,,
2021,392,"Japan",FTRI05,"Access to finance",0.9723,,
2021,400,"Jordan",FTRI00,"Overall index",0.5272,,
2021,400,"Jordan",FTRI01,"ICT",0.7188,,
2021,400,"Jordan",FTRI02,"Skills",0.423,,
2021,400,"Jordan",FTRI03,"Research and Development",0.3537,,
2021,400,"Jordan",FTRI04,"Industry activity",0.4919,,
2021,400,"Jordan",FTRI05,"Access to finance",0.8904,,
2021,398,"Kazakhstan",FTRI00,"Overall index",0.5443,,
2021,398,"Kazakhstan",FTRI01,"ICT",0.6368,,
2021,398,"Kazakhstan",FTRI02,"Skills",0.6522,,
2021,398,"Kazakhstan",FTRI03,"Research and Development",0.3539,,
2021,398,"Kazakhstan",FTRI04,"Industry activity",0.4797,,
2021,398,"Kazakhstan",FTRI05,"Access to finance",0.7811,,
2021,404,"Kenya",FTRI00,"Overall index",0.3778,,
2021,404,"Kenya",FTRI01,"ICT",0.5098,,
2021,404,"Kenya",FTRI02,"Skills",0.3102,,
2021,404,"Kenya",FTRI03,"Research and Development",0.2481,,
2021,404,"Kenya",FTRI04,"Industry activity",0.4462,,
2021,404,"Kenya",FTRI05,"Access to finance",0.7982,,
2021,414,"Kuwait",FTRI00,"Overall index",0.5886,,
2021,414,"Kuwait",FTRI01,"ICT",0.7681,,
2021,414,"Kuwait",FTRI02,"Skills",0.5871,,
2021,414,"Kuwait",FTRI03,"Research and Development",0.2359,,
2021,414,"Kuwait",FTRI04,"Industry activity",0.453,,
2021,414,"Kuwait",FTRI05,"Access to finance",0.9028,,
2021,417,"Kyrgyzstan",FTRI00,"Overall index",0.3819,,
2021,417,"Kyrgyzstan",FTRI01,"ICT",0.617,,
2021,417,"Kyrgyzstan",FTRI02,"Skills",0.4118,,
2021,417,"Kyrgyzstan",FTRI03,"Research and Development",0.1523,,
2021,417,"Kyrgyzstan",FTRI04,"Industry activity",0.3423,,
2021,417,"Kyrgyzstan",FTRI05,"Access to finance",0.7741,,
2021,418,"Lao People's Dem. Rep.",FTRI00,"Overall index",0.3545,,
2021,418,"Lao People's Dem. Rep.",FTRI01,"ICT",0.5533,,
2021,418,"Lao People's Dem. Rep.",FTRI02,"Skills",0.2651,,
2021,418,"Lao People's Dem. Rep.",FTRI03,"Research and Development",0.0975,,
2021,418,"Lao People's Dem. Rep.",FTRI04,"Industry activity",0.5768,,
2021,418,"Lao People's Dem. Rep.",FTRI05,"Access to finance",0.7603,,
2021,428,"Latvia",FTRI00,"Overall index",0.73,,
2021,428,"Latvia",FTRI01,"ICT",0.8714,,
2021,428,"Latvia",FTRI02,"Skills",0.7807,,
2021,428,"Latvia",FTRI03,"Research and Development",0.3816,,
2021,428,"Latvia",FTRI04,"Industry activity",0.6976,,
2021,428,"Latvia",FTRI05,"Access to finance",0.7991,,
2021,422,"Lebanon",FTRI00,"Overall index",0.5209,,
2021,422,"Lebanon",FTRI01,"ICT",0.6264,,
2021,422,"Lebanon",FTRI02,"Skills",0.4618,,
2021,422,"Lebanon",FTRI03,"Research and Development",0.2826,,
2021,422,"Lebanon",FTRI04,"Industry activity",0.5215,,
2021,422,"Lebanon",FTRI05,"Access to finance",0.9154,,
2021,426,"Lesotho",FTRI00,"Overall index",0.2922,,
2021,426,"Lesotho",FTRI01,"ICT",0.5111,,
2021,426,"Lesotho",FTRI02,"Skills",0.2855,,
2021,426,"Lesotho",FTRI03,"Research and Development",0.1257,,
2021,426,"Lesotho",FTRI04,"Industry activity",0.2692,,
2021,426,"Lesotho",FTRI05,"Access to finance",0.7667,,
2021,430,"Liberia",FTRI00,"Overall index",0.2213,,
2021,430,"Liberia",FTRI01,"ICT",0.3639,,
2021,430,"Liberia",FTRI02,"Skills",0.2547,,
2021,430,"Liberia",FTRI03,"Research and Development",0.0615,,
2021,430,"Liberia",FTRI04,"Industry activity",0.2574,,
2021,430,"Liberia",FTRI05,"Access to finance",0.7143,,
2021,434,"Libya",FTRI00,"Overall index",0.418,,
2021,434,"Libya",FTRI01,"ICT",0.5762,,
2021,434,"Libya",FTRI02,"Skills",0.5322,,
2021,434,"Libya",FTRI03,"Research and Development",0.1647,,
2021,434,"Libya",FTRI04,"Industry activity",0.3134,,
2021,434,"Libya",FTRI05,"Access to finance",0.6704,,
2021,440,"Lithuania",FTRI00,"Overall index",0.7093,,
2021,440,"Lithuania",FTRI01,"ICT",0.8491,,
2021,440,"Lithuania",FTRI02,"Skills",0.7744,,
2021,440,"Lithuania",FTRI03,"Research and Development",0.401,,
2021,440,"Lithuania",FTRI04,"Industry activity",0.623,,
2021,440,"Lithuania",FTRI05,"Access to finance",0.8155,,
2021,442,"Luxembourg",FTRI00,"Overall index",0.8523,,
2021,442,"Luxembourg",FTRI01,"ICT",0.9413,,
2021,442,"Luxembourg",FTRI02,"Skills",0.8516,,
2021,442,"Luxembourg",FTRI03,"Research and Development",0.46,,
2021,442,"Luxembourg",FTRI04,"Industry activity",0.7171,,
2021,442,"Luxembourg",FTRI05,"Access to finance",0.913,,
2021,450,"Madagascar",FTRI00,"Overall index",0.2393,,
2021,450,"Madagascar",FTRI01,"ICT",0.3806,,
2021,450,"Madagascar",FTRI02,"Skills",0.1342,,
2021,450,"Madagascar",FTRI03,"Research and Development",0.1509,,
2021,450,"Madagascar",FTRI04,"Industry activity",0.3511,,
2021,450,"Madagascar",FTRI05,"Access to finance",0.7439,,
2021,454,"Malawi",FTRI00,"Overall index",0.223,,
2021,454,"Malawi",FTRI01,"ICT",0.3515,,
2021,454,"Malawi",FTRI02,"Skills",0.2391,,
2021,454,"Malawi",FTRI03,"Research and Development",0.1625,,
2021,454,"Malawi",FTRI04,"Industry activity",0.2981,,
2021,454,"Malawi",FTRI05,"Access to finance",0.6701,,
2021,458,"Malaysia",FTRI00,"Overall index",0.7577,,
2021,458,"Malaysia",FTRI01,"ICT",0.8462,,
2021,458,"Malaysia",FTRI02,"Skills",0.4973,,
2021,458,"Malaysia",FTRI03,"Research and Development",0.5735,,
2021,458,"Malaysia",FTRI04,"Industry activity",0.8777,,
2021,458,"Malaysia",FTRI05,"Access to finance",0.9323,,
2021,462,"Maldives",FTRI00,"Overall index",0.3745,,
2021,462,"Maldives",FTRI01,"ICT",0.6465,,
2021,462,"Maldives",FTRI02,"Skills",0.5423,,
2021,462,"Maldives",FTRI03,"Research and Development",0.0487,,
2021,462,"Maldives",FTRI04,"Industry activity",0.1244,,
2021,462,"Maldives",FTRI05,"Access to finance",0.8204,,
2021,466,"Mali",FTRI00,"Overall index",0.2104,,
2021,466,"Mali",FTRI01,"ICT",0.3739,,
2021,466,"Mali",FTRI02,"Skills",0.04,,
2021,466,"Mali",FTRI03,"Research and Development",0.1257,,
2021,466,"Mali",FTRI04,"Industry activity",0.3907,,
2021,466,"Mali",FTRI05,"Access to finance",0.789,,
2021,470,"Malta",FTRI00,"Overall index",0.7778,,
2021,470,"Malta",FTRI01,"ICT",0.8914,,
2021,470,"Malta",FTRI02,"Skills",0.7601,,
2021,470,"Malta",FTRI03,"Research and Development",0.3416,,
2021,470,"Malta",FTRI04,"Industry activity",0.8346,,
2021,470,"Malta",FTRI05,"Access to finance",0.8813,,
2021,478,"Mauritania",FTRI00,"Overall index",0.1825,,
2021,478,"Mauritania",FTRI01,"ICT",0.3934,,
2021,478,"Mauritania",FTRI02,"Skills",0.1551,,
2021,478,"Mauritania",FTRI03,"Research and Development",0.1138,,
2021,478,"Mauritania",FTRI04,"Industry activity",0.1214,,
2021,478,"Mauritania",FTRI05,"Access to finance",0.7682,,
2021,480,"Mauritius",FTRI00,"Overall index",0.5575,,
2021,480,"Mauritius",FTRI01,"ICT",0.6212,,
2021,480,"Mauritius",FTRI02,"Skills",0.5279,,
2021,480,"Mauritius",FTRI03,"Research and Development",0.2824,,
2021,480,"Mauritius",FTRI04,"Industry activity",0.5644,,
2021,480,"Mauritius",FTRI05,"Access to finance",0.8954,,
2021,175,"Mayotte",FTRI00,"Overall index",0.6853,,
2021,175,"Mayotte",FTRI01,"ICT",0.769,,
2021,175,"Mayotte",FTRI02,"Skills",0.7096,,
2021,175,"Mayotte",FTRI03,"Research and Development",0.6123,,
2021,175,"Mayotte",FTRI04,"Industry activity",0.3818,,
2021,175,"Mayotte",FTRI05,"Access to finance",0.847,,
2021,484,"Mexico",FTRI00,"Overall index",0.6292,,
2021,484,"Mexico",FTRI01,"ICT",0.711,,
2021,484,"Mexico",FTRI02,"Skills",0.5112,,
2021,484,"Mexico",FTRI03,"Research and Development",0.5372,,
2021,484,"Mexico",FTRI04,"Industry activity",0.6985,,
2021,484,"Mexico",FTRI05,"Access to finance",0.8097,,
2021,496,"Mongolia",FTRI00,"Overall index",0.4449,,
2021,496,"Mongolia",FTRI01,"ICT",0.7051,,
2021,496,"Mongolia",FTRI02,"Skills",0.5575,,
2021,496,"Mongolia",FTRI03,"Research and Development",0.1708,,
2021,496,"Mongolia",FTRI04,"Industry activity",0.1573,,
2021,496,"Mongolia",FTRI05,"Access to finance",0.8384,,
2021,499,"Montenegro",FTRI00,"Overall index",0.5638,,
2021,499,"Montenegro",FTRI01,"ICT",0.8038,,
2021,499,"Montenegro",FTRI02,"Skills",0.6649,,
2021,499,"Montenegro",FTRI03,"Research and Development",0.1564,,
2021,499,"Montenegro",FTRI04,"Industry activity",0.4393,,
2021,499,"Montenegro",FTRI05,"Access to finance",0.8475,,
2021,504,"Morocco",FTRI00,"Overall index",0.5565,,
2021,504,"Morocco",FTRI01,"ICT",0.686,,
2021,504,"Morocco",FTRI02,"Skills",0.3639,,
2021,504,"Morocco",FTRI03,"Research and Development",0.472,,
2021,504,"Morocco",FTRI04,"Industry activity",0.5601,,
2021,504,"Morocco",FTRI05,"Access to finance",0.8951,,
2021,508,"Mozambique",FTRI00,"Overall index",0.1786,,
2021,508,"Mozambique",FTRI01,"ICT",0.3216,,
2021,508,"Mozambique",FTRI02,"Skills",0.2004,,
2021,508,"Mozambique",FTRI03,"Research and Development",0.1726,,
2021,508,"Mozambique",FTRI04,"Industry activity",0.079,,
2021,508,"Mozambique",FTRI05,"Access to finance",0.7694,,
2021,104,"Myanmar",FTRI00,"Overall index",0.3228,,
2021,104,"Myanmar",FTRI01,"ICT",0.4525,,
2021,104,"Myanmar",FTRI02,"Skills",0.2668,,
2021,104,"Myanmar",FTRI03,"Research and Development",0.1769,,
2021,104,"Myanmar",FTRI04,"Industry activity",0.4853,,
2021,104,"Myanmar",FTRI05,"Access to finance",0.7914,,
2021,516,"Namibia",FTRI00,"Overall index",0.4384,,
2021,516,"Namibia",FTRI01,"ICT",0.5215,,
2021,516,"Namibia",FTRI02,"Skills",0.3758,,
2021,516,"Namibia",FTRI03,"Research and Development",0.1831,,
2021,516,"Namibia",FTRI04,"Industry activity",0.6326,,
2021,516,"Namibia",FTRI05,"Access to finance",0.8738,,
2021,524,"Nepal",FTRI00,"Overall index",0.3916,,
2021,524,"Nepal",FTRI01,"ICT",0.4794,,
2021,524,"Nepal",FTRI02,"Skills",0.3679,,
2021,524,"Nepal",FTRI03,"Research and Development",0.2201,,
2021,524,"Nepal",FTRI04,"Industry activity",0.2932,,
2021,524,"Nepal",FTRI05,"Access to finance",0.9127,,
2021,528,"Netherlands (Kingdom of the)",FTRI00,"Overall index",0.9279,,
2021,528,"Netherlands (Kingdom of the)",FTRI01,"ICT",0.9253,,
2021,528,"Netherlands (Kingdom of the)",FTRI02,"Skills",0.919,,
2021,528,"Netherlands (Kingdom of the)",FTRI03,"Research and Development",0.6668,,
2021,528,"Netherlands (Kingdom of the)",FTRI04,"Industry activity",0.8144,,
2021,528,"Netherlands (Kingdom of the)",FTRI05,"Access to finance",0.9056,,
2021,554,"New Zealand",FTRI00,"Overall index",0.8423,,
2021,554,"New Zealand",FTRI01,"ICT",0.9122,,
2021,554,"New Zealand",FTRI02,"Skills",0.9379,,
2021,554,"New Zealand",FTRI03,"Research and Development",0.4783,,
2021,554,"New Zealand",FTRI04,"Industry activity",0.582,,
2021,554,"New Zealand",FTRI05,"Access to finance",0.9515,,
2021,558,"Nicaragua",FTRI00,"Overall index",0.3297,,
2021,558,"Nicaragua",FTRI01,"ICT",0.5751,,
2021,558,"Nicaragua",FTRI02,"Skills",0.3682,,
2021,558,"Nicaragua",FTRI03,"Research and Development",0,,
2021,558,"Nicaragua",FTRI04,"Industry activity",0.3564,,
2021,558,"Nicaragua",FTRI05,"Access to finance",0.7886,,
2021,562,"Niger",FTRI00,"Overall index",0.1778,,
2021,562,"Niger",FTRI01,"ICT",0.1844,,
2021,562,"Niger",FTRI02,"Skills",0.1467,,
2021,562,"Niger",FTRI03,"Research and Development",0.1021,,
2021,562,"Niger",FTRI04,"Industry activity",0.5277,,
2021,562,"Niger",FTRI05,"Access to finance",0.7152,,
2021,566,"Nigeria",FTRI00,"Overall index",0.3562,,
2021,566,"Nigeria",FTRI01,"ICT",0.4469,,
2021,566,"Nigeria",FTRI02,"Skills",0.4173,,
2021,566,"Nigeria",FTRI03,"Research and Development",0.362,,
2021,566,"Nigeria",FTRI04,"Industry activity",0.2223,,
2021,566,"Nigeria",FTRI05,"Access to finance",0.7183,,
2021,807,"North Macedonia",FTRI00,"Overall index",0.531,,
2021,807,"North Macedonia",FTRI01,"ICT",0.7118,,
2021,807,"North Macedonia",FTRI02,"Skills",0.5074,,
2021,807,"North Macedonia",FTRI03,"Research and Development",0.1991,,
2021,807,"North Macedonia",FTRI04,"Industry activity",0.5671,,
2021,807,"North Macedonia",FTRI05,"Access to finance",0.8532,,
2021,578,"Norway",FTRI00,"Overall index",0.8671,,
2021,578,"Norway",FTRI01,"ICT",0.9227,,
2021,578,"Norway",FTRI02,"Skills",0.9325,,
2021,578,"Norway",FTRI03,"Research and Development",0.5844,,
2021,578,"Norway",FTRI04,"Industry activity",0.5774,,
2021,578,"Norway",FTRI05,"Access to finance",0.9397,,
2021,512,"Oman",FTRI00,"Overall index",0.5551,,
2021,512,"Oman",FTRI01,"ICT",0.7517,,
2021,512,"Oman",FTRI02,"Skills",0.4472,,
2021,512,"Oman",FTRI03,"Research and Development",0.4157,,
2021,512,"Oman",FTRI04,"Industry activity",0.4259,,
2021,512,"Oman",FTRI05,"Access to finance",0.8719,,
2021,586,"Pakistan",FTRI00,"Overall index",0.2997,,
2021,586,"Pakistan",FTRI01,"ICT",0.2795,,
2021,586,"Pakistan",FTRI02,"Skills",0.1424,,
2021,586,"Pakistan",FTRI03,"Research and Development",0.4523,,
2021,586,"Pakistan",FTRI04,"Industry activity",0.4464,,
2021,586,"Pakistan",FTRI05,"Access to finance",0.7308,,
2021,591,"Panama",FTRI00,"Overall index",0.5349,,
2021,591,"Panama",FTRI01,"ICT",0.751,,
2021,591,"Panama",FTRI02,"Skills",0.4756,,
2021,591,"Panama",FTRI03,"Research and Development",0.2357,,
2021,591,"Panama",FTRI04,"Industry activity",0.4997,,
2021,591,"Panama",FTRI05,"Access to finance",0.9094,,
2021,598,"Papua New Guinea",FTRI00,"Overall index",0.2402,,
2021,598,"Papua New Guinea",FTRI01,"ICT",0.3442,,
2021,598,"Papua New Guinea",FTRI02,"Skills",0.2943,,
2021,598,"Papua New Guinea",FTRI03,"Research and Development",0.1636,,
2021,598,"Papua New Guinea",FTRI04,"Industry activity",0.2466,,
2021,598,"Papua New Guinea",FTRI05,"Access to finance",0.7428,,
2021,600,"Paraguay",FTRI00,"Overall index",0.423,,
2021,600,"Paraguay",FTRI01,"ICT",0.7181,,
2021,600,"Paraguay",FTRI02,"Skills",0.4581,,
2021,600,"Paraguay",FTRI03,"Research and Development",0.1306,,
2021,600,"Paraguay",FTRI04,"Industry activity",0.2653,,
2021,600,"Paraguay",FTRI05,"Access to finance",0.8423,,
2021,604,"Peru",FTRI00,"Overall index",0.4567,,
2021,604,"Peru",FTRI01,"ICT",0.6477,,
2021,604,"Peru",FTRI02,"Skills",0.4448,,
2021,604,"Peru",FTRI03,"Research and Development",0.3583,,
2021,604,"Peru",FTRI04,"Industry activity",0.225,,
2021,604,"Peru",FTRI05,"Access to finance",0.8377,,
2021,608,"Philippines",FTRI00,"Overall index",0.6108,,
2021,608,"Philippines",FTRI01,"ICT",0.661,,
2021,608,"Philippines",FTRI02,"Skills",0.4087,,
2021,608,"Philippines",FTRI03,"Research and Development",0.454,,
2021,608,"Philippines",FTRI04,"Industry activity",0.8617,,
2021,608,"Philippines",FTRI05,"Access to finance",0.8432,,
2021,616,"Poland",FTRI00,"Overall index",0.7766,,
2021,616,"Poland",FTRI01,"ICT",0.8577,,
2021,616,"Poland",FTRI02,"Skills",0.727,,
2021,616,"Poland",FTRI03,"Research and Development",0.5948,,
2021,616,"Poland",FTRI04,"Industry activity",0.7025,,
2021,616,"Poland",FTRI05,"Access to finance",0.8359,,
2021,620,"Portugal",FTRI00,"Overall index",0.7632,,
2021,620,"Portugal",FTRI01,"ICT",0.8483,,
2021,620,"Portugal",FTRI02,"Skills",0.7451,,
2021,620,"Portugal",FTRI03,"Research and Development",0.5538,,
2021,620,"Portugal",FTRI04,"Industry activity",0.5936,,
2021,620,"Portugal",FTRI05,"Access to finance",0.9084,,
2021,634,"Qatar",FTRI00,"Overall index",0.5513,,
2021,634,"Qatar",FTRI01,"ICT",0.7973,,
2021,634,"Qatar",FTRI02,"Skills",0.4574,,
2021,634,"Qatar",FTRI03,"Research and Development",0.4132,,
2021,634,"Qatar",FTRI04,"Industry activity",0.2632,,
2021,634,"Qatar",FTRI05,"Access to finance",0.9293,,
2021,410,"Republic of Korea",FTRI00,"Overall index",0.9059,,
2021,410,"Republic of Korea",FTRI01,"ICT",0.884,,
2021,410,"Republic of Korea",FTRI02,"Skills",0.7347,,
2021,410,"Republic of Korea",FTRI03,"Research and Development",0.8173,,
2021,410,"Republic of Korea",FTRI04,"Industry activity",0.8159,,
2021,410,"Republic of Korea",FTRI05,"Access to finance",0.9603,,
2021,498,"Republic of Moldova",FTRI00,"Overall index",0.5278,,
2021,498,"Republic of Moldova",FTRI01,"ICT",0.7264,,
2021,498,"Republic of Moldova",FTRI02,"Skills",0.475,,
2021,498,"Republic of Moldova",FTRI03,"Research and Development",0.3045,,
2021,498,"Republic of Moldova",FTRI04,"Industry activity",0.5098,,
2021,498,"Republic of Moldova",FTRI05,"Access to finance",0.7899,,
2021,642,"Romania",FTRI00,"Overall index",0.6811,,
2021,642,"Romania",FTRI01,"ICT",0.8584,,
2021,642,"Romania",FTRI02,"Skills",0.5298,,
2021,642,"Romania",FTRI03,"Research and Development",0.5314,,
2021,642,"Romania",FTRI04,"Industry activity",0.681,,
2021,642,"Romania",FTRI05,"Access to finance",0.7826,,
2021,643,"Russian Federation",FTRI00,"Overall index",0.7622,,
2021,643,"Russian Federation",FTRI01,"ICT",0.808,,
2021,643,"Russian Federation",FTRI02,"Skills",0.7594,,
2021,643,"Russian Federation",FTRI03,"Research and Development",0.6639,,
2021,643,"Russian Federation",FTRI04,"Industry activity",0.5264,,
2021,643,"Russian Federation",FTRI05,"Access to finance",0.851,,
2021,646,"Rwanda",FTRI00,"Overall index",0.2625,,
2021,646,"Rwanda",FTRI01,"ICT",0.3945,,
2021,646,"Rwanda",FTRI02,"Skills",0.2353,,
2021,646,"Rwanda",FTRI03,"Research and Development",0.2064,,
2021,646,"Rwanda",FTRI04,"Industry activity",0.2983,,
2021,646,"Rwanda",FTRI05,"Access to finance",0.7787,,
2021,662,"Saint Lucia",FTRI00,"Overall index",0.387,,
2021,662,"Saint Lucia",FTRI01,"ICT",0.6874,,
2021,662,"Saint Lucia",FTRI02,"Skills",0.4282,,
2021,662,"Saint Lucia",FTRI03,"Research and Development",0,,
2021,662,"Saint Lucia",FTRI04,"Industry activity",0.3088,,
2021,662,"Saint Lucia",FTRI05,"Access to finance",0.867,,
2021,670,"Saint Vincent and the Grenadines",FTRI00,"Overall index",0.4151,,
2021,670,"Saint Vincent and the Grenadines",FTRI01,"ICT",0.693,,
2021,670,"Saint Vincent and the Grenadines",FTRI02,"Skills",0.6332,,
2021,670,"Saint Vincent and the Grenadines",FTRI03,"Research and Development",0,,
2021,670,"Saint Vincent and the Grenadines",FTRI04,"Industry activity",0.1022,,
2021,670,"Saint Vincent and the Grenadines",FTRI05,"Access to finance",0.8376,,
2021,882,"Samoa",FTRI00,"Overall index",0.3569,,
2021,882,"Samoa",FTRI01,"ICT",0.3085,,
2021,882,"Samoa",FTRI02,"Skills",0.4312,,
2021,882,"Samoa",FTRI03,"Research and Development",0.0933,,
2021,882,"Samoa",FTRI04,"Industry activity",0.4291,,
2021,882,"Samoa",FTRI05,"Access to finance",0.7925,,
2021,678,"Sao Tome and Principe",FTRI00,"Overall index",0.2683,,
2021,678,"Sao Tome and Principe",FTRI01,"ICT",0.4441,,
2021,678,"Sao Tome and Principe",FTRI02,"Skills",0.3667,,
2021,678,"Sao Tome and Principe",FTRI03,"Research and Development",0,,
2021,678,"Sao Tome and Principe",FTRI04,"Industry activity",0.3677,,
2021,678,"Sao Tome and Principe",FTRI05,"Access to finance",0.7444,,
2021,682,"Saudi Arabia",FTRI00,"Overall index",0.6853,,
2021,682,"Saudi Arabia",FTRI01,"ICT",0.769,,
2021,682,"Saudi Arabia",FTRI02,"Skills",0.7096,,
2021,682,"Saudi Arabia",FTRI03,"Research and Development",0.6123,,
2021,682,"Saudi Arabia",FTRI04,"Industry activity",0.3818,,
2021,682,"Saudi Arabia",FTRI05,"Access to finance",0.847,,
2021,686,"Senegal",FTRI00,"Overall index",0.2938,,
2021,686,"Senegal",FTRI01,"ICT",0.5436,,
2021,686,"Senegal",FTRI02,"Skills",0.1436,,
2021,686,"Senegal",FTRI03,"Research and Development",0.196,,
2021,686,"Senegal",FTRI04,"Industry activity",0.302,,
2021,686,"Senegal",FTRI05,"Access to finance",0.7943,,
2021,688,"Serbia",FTRI00,"Overall index",0.6485,,
2021,688,"Serbia",FTRI01,"ICT",0.7919,,
2021,688,"Serbia",FTRI02,"Skills",0.5612,,
2021,688,"Serbia",FTRI03,"Research and Development",0.3984,,
2021,688,"Serbia",FTRI04,"Industry activity",0.6743,,
2021,688,"Serbia",FTRI05,"Access to finance",0.8299,,
2021,694,"Sierra Leone",FTRI00,"Overall index",0,,
2021,694,"Sierra Leone",FTRI01,"ICT",0.2767,,
2021,694,"Sierra Leone",FTRI02,"Skills",0.1565,,
2021,694,"Sierra Leone",FTRI03,"Research and Development",0.0975,,
2021,694,"Sierra Leone",FTRI04,"Industry activity",0.4185,,
2021,694,"Sierra Leone",FTRI05,"Access to finance",0,,
2021,702,"Singapore",FTRI00,"Overall index",0.9374,,
2021,702,"Singapore",FTRI01,"ICT",0.9275,,
2021,702,"Singapore",FTRI02,"Skills",0.9372,,
2021,702,"Singapore",FTRI03,"Research and Development",0.6187,,
2021,702,"Singapore",FTRI04,"Industry activity",0.877,,
2021,702,"Singapore",FTRI05,"Access to finance",0.9336,,
2021,703,"Slovakia",FTRI00,"Overall index",0.726,,
2021,703,"Slovakia",FTRI01,"ICT",0.8519,,
2021,703,"Slovakia",FTRI02,"Skills",0.631,,
2021,703,"Slovakia",FTRI03,"Research and Development",0.4757,,
2021,703,"Slovakia",FTRI04,"Industry activity",0.7257,,
2021,703,"Slovakia",FTRI05,"Access to finance",0.87,,
2021,705,"Slovenia",FTRI00,"Overall index",0.7655,,
2021,705,"Slovenia",FTRI01,"ICT",0.872,,
2021,705,"Slovenia",FTRI02,"Skills",0.8312,,
2021,705,"Slovenia",FTRI03,"Research and Development",0.4152,,
2021,705,"Slovenia",FTRI04,"Industry activity",0.7498,,
2021,705,"Slovenia",FTRI05,"Access to finance",0.8242,,
2021,090,"Solomon Islands",FTRI00,"Overall index",0.2604,,
2021,090,"Solomon Islands",FTRI01,"ICT",0.4834,,
2021,090,"Solomon Islands",FTRI02,"Skills",0.2791,,
2021,090,"Solomon Islands",FTRI03,"Research and Development",0,,
2021,090,"Solomon Islands",FTRI04,"Industry activity",0.2849,,
2021,090,"Solomon Islands",FTRI05,"Access to finance",0.8054,,
2021,710,"South Africa",FTRI00,"Overall index",0.6531,,
2021,710,"South Africa",FTRI01,"ICT",0.7123,,
2021,710,"South Africa",FTRI02,"Skills",0.5124,,
2021,710,"South Africa",FTRI03,"Research and Development",0.4996,,
2021,710,"South Africa",FTRI04,"Industry activity",0.6198,,
2021,710,"South Africa",FTRI05,"Access to finance",0.9026,,
2021,728,"South Sudan",FTRI00,"Overall index",0.0059,,
2021,728,"South Sudan",FTRI01,"ICT",0,,
2021,728,"South Sudan",FTRI02,"Skills",0,,
2021,728,"South Sudan",FTRI03,"Research and Development",0,,
2021,728,"South Sudan",FTRI04,"Industry activity",0.3291,,
2021,728,"South Sudan",FTRI05,"Access to finance",0.5671,,
2021,724,"Spain",FTRI00,"Overall index",0.838,,
2021,724,"Spain",FTRI01,"ICT",0.912,,
2021,724,"Spain",FTRI02,"Skills",0.748,,
2021,724,"Spain",FTRI03,"Research and Development",0.669,,
2021,724,"Spain",FTRI04,"Industry activity",0.6854,,
2021,724,"Spain",FTRI05,"Access to finance",0.9088,,
2021,144,"Sri Lanka",FTRI00,"Overall index",0.4758,,
2021,144,"Sri Lanka",FTRI01,"ICT",0.5308,,
2021,144,"Sri Lanka",FTRI02,"Skills",0.4773,,
2021,144,"Sri Lanka",FTRI03,"Research and Development",0.2664,,
2021,144,"Sri Lanka",FTRI04,"Industry activity",0.5244,,
2021,144,"Sri Lanka",FTRI05,"Access to finance",0.8374,,
2021,729,"Sudan",FTRI00,"Overall index",0.1137,,
2021,729,"Sudan",FTRI01,"ICT",0.2578,,
2021,729,"Sudan",FTRI02,"Skills",0.1847,,
2021,729,"Sudan",FTRI03,"Research and Development",0.2038,,
2021,729,"Sudan",FTRI04,"Industry activity",0.0195,,
2021,729,"Sudan",FTRI05,"Access to finance",0.6508,,
2021,736,"Sudan (...2011)",FTRI00,"Overall index",,,"Not applicable"
2021,736,"Sudan (...2011)",FTRI01,"ICT",,,"Not applicable"
2021,736,"Sudan (...2011)",FTRI02,"Skills",,,"Not applicable"
2021,736,"Sudan (...2011)",FTRI03,"Research and Development",,,"Not applicable"
2021,736,"Sudan (...2011)",FTRI04,"Industry activity",,,"Not applicable"
2021,736,"Sudan (...2011)",FTRI05,"Access to finance",,,"Not applicable"
2021,740,"Suriname",FTRI00,"Overall index",0.3492,,
2021,740,"Suriname",FTRI01,"ICT",0.609,,
2021,740,"Suriname",FTRI02,"Skills",0.4311,,
2021,740,"Suriname",FTRI03,"Research and Development",0.0307,,
2021,740,"Suriname",FTRI04,"Industry activity",0.302,,
2021,740,"Suriname",FTRI05,"Access to finance",0.7474,,
2021,752,"Sweden",FTRI00,"Overall index",0.9577,,
2021,752,"Sweden",FTRI01,"ICT",0.9132,,
2021,752,"Sweden",FTRI02,"Skills",0.9729,,
2021,752,"Sweden",FTRI03,"Research and Development",0.658,,
2021,752,"Sweden",FTRI04,"Industry activity",0.8323,,
2021,752,"Sweden",FTRI05,"Access to finance",0.9379,,
2021,756,"Switzerland",FTRI00,"Overall index",0.9189,,
2021,756,"Switzerland",FTRI01,"ICT",0.8603,,
2021,756,"Switzerland",FTRI02,"Skills",0.8391,,
2021,756,"Switzerland",FTRI03,"Research and Development",0.6699,,
2021,756,"Switzerland",FTRI04,"Industry activity",0.9009,,
2021,756,"Switzerland",FTRI05,"Access to finance",0.9601,,
2021,762,"Tajikistan",FTRI00,"Overall index",0.1694,,
2021,762,"Tajikistan",FTRI01,"ICT",0.2643,,
2021,762,"Tajikistan",FTRI02,"Skills",0.3216,,
2021,762,"Tajikistan",FTRI03,"Research and Development",0.1021,,
2021,762,"Tajikistan",FTRI04,"Industry activity",0.1497,,
2021,762,"Tajikistan",FTRI05,"Access to finance",0.6933,,
2021,764,"Thailand",FTRI00,"Overall index",0.6858,,
2021,764,"Thailand",FTRI01,"ICT",0.8409,,
2021,764,"Thailand",FTRI02,"Skills",0.4993,,
2021,764,"Thailand",FTRI03,"Research and Development",0.4903,,
2021,764,"Thailand",FTRI04,"Industry activity",0.672,,
2021,764,"Thailand",FTRI05,"Access to finance",0.9565,,
2021,626,"Timor-Leste",FTRI00,"Overall index",0.2169,,
2021,626,"Timor-Leste",FTRI01,"ICT",0.2839,,
2021,626,"Timor-Leste",FTRI02,"Skills",0.4165,,
2021,626,"Timor-Leste",FTRI03,"Research and Development",0.0975,,
2021,626,"Timor-Leste",FTRI04,"Industry activity",0.2282,,
2021,626,"Timor-Leste",FTRI05,"Access to finance",0.6732,,
2021,768,"Togo",FTRI00,"Overall index",0.3011,,
2021,768,"Togo",FTRI01,"ICT",0.3601,,
2021,768,"Togo",FTRI02,"Skills",0.3873,,
2021,768,"Togo",FTRI03,"Research and Development",0.1021,,
2021,768,"Togo",FTRI04,"Industry activity",0.3551,,
2021,768,"Togo",FTRI05,"Access to finance",0.7841,,
2021,780,"Trinidad and Tobago",FTRI00,"Overall index",0.518,,
2021,780,"Trinidad and Tobago",FTRI01,"ICT",0.7838,,
2021,780,"Trinidad and Tobago",FTRI02,"Skills",0.5728,,
2021,780,"Trinidad and Tobago",FTRI03,"Research and Development",0.1391,,
2021,780,"Trinidad and Tobago",FTRI04,"Industry activity",0.3832,,
2021,780,"Trinidad and Tobago",FTRI05,"Access to finance",0.8228,,
2021,788,"Tunisia",FTRI00,"Overall index",0.5456,,
2021,788,"Tunisia",FTRI01,"ICT",0.5977,,
2021,788,"Tunisia",FTRI02,"Skills",0.5177,,
2021,788,"Tunisia",FTRI03,"Research and Development",0.4088,,
2021,788,"Tunisia",FTRI04,"Industry activity",0.5715,,
2021,788,"Tunisia",FTRI05,"Access to finance",0.8683,,
2021,792,"Turkiye",FTRI00,"Overall index",0.6839,,
2021,792,"Turkiye",FTRI01,"ICT",0.6797,,
2021,792,"Turkiye",FTRI02,"Skills",0.7317,,
2021,792,"Turkiye",FTRI03,"Research and Development",0.6265,,
2021,792,"Turkiye",FTRI04,"Industry activity",0.4737,,
2021,792,"Turkiye",FTRI05,"Access to finance",0.8785,,
2021,800,"Uganda",FTRI00,"Overall index",0.191,,
2021,800,"Uganda",FTRI01,"ICT",0.1854,,
2021,800,"Uganda",FTRI02,"Skills",0.239,,
2021,800,"Uganda",FTRI03,"Research and Development",0.206,,
2021,800,"Uganda",FTRI04,"Industry activity",0.3033,,
2021,800,"Uganda",FTRI05,"Access to finance",0.7273,,
2021,804,"Ukraine",FTRI00,"Overall index",0.618,,
2021,804,"Ukraine",FTRI01,"ICT",0.7501,,
2021,804,"Ukraine",FTRI02,"Skills",0.6025,,
2021,804,"Ukraine",FTRI03,"Research and Development",0.4368,,
2021,804,"Ukraine",FTRI04,"Industry activity",0.5437,,
2021,804,"Ukraine",FTRI05,"Access to finance",0.7716,,
2021,784,"United Arab Emirates",FTRI00,"Overall index",0.7613,,
2021,784,"United Arab Emirates",FTRI01,"ICT",0.8183,,
2021,784,"United Arab Emirates",FTRI02,"Skills",0.7939,,
2021,784,"United Arab Emirates",FTRI03,"Research and Development",0.5045,,
2021,784,"United Arab Emirates",FTRI04,"Industry activity",0.6649,,
2021,784,"United Arab Emirates",FTRI05,"Access to finance",0.8821,,
2021,826,"United Kingdom",FTRI00,"Overall index",0.9383,,
2021,826,"United Kingdom",FTRI01,"ICT",0.8608,,
2021,826,"United Kingdom",FTRI02,"Skills",0.8753,,
2021,826,"United Kingdom",FTRI03,"Research and Development",0.7502,,
2021,826,"United Kingdom",FTRI04,"Industry activity",0.8347,,
2021,826,"United Kingdom",FTRI05,"Access to finance",0.9403,,
2021,834,"United Republic of Tanzania",FTRI00,"Overall index",0.1981,,
2021,834,"United Republic of Tanzania",FTRI01,"ICT",0.4273,,
2021,834,"United Republic of Tanzania",FTRI02,"Skills",0.1235,,
2021,834,"United Republic of Tanzania",FTRI03,"Research and Development",0.2105,,
2021,834,"United Republic of Tanzania",FTRI04,"Industry activity",0.1669,,
2021,834,"United Republic of Tanzania",FTRI05,"Access to finance",0.7149,,
2021,840,"United States",FTRI00,"Overall index",1,,
2021,840,"United States",FTRI01,"ICT",0.9218,,
2021,840,"United States",FTRI02,"Skills",0.8513,,
2021,840,"United States",FTRI03,"Research and Development",0.903,,
2021,840,"United States",FTRI04,"Industry activity",0.8185,,
2021,840,"United States",FTRI05,"Access to finance",0.9849,,
2021,858,"Uruguay",FTRI00,"Overall index",0.6143,,
2021,858,"Uruguay",FTRI01,"ICT",0.7577,,
2021,858,"Uruguay",FTRI02,"Skills",0.6161,,
2021,858,"Uruguay",FTRI03,"Research and Development",0.3137,,
2021,858,"Uruguay",FTRI04,"Industry activity",0.6004,,
2021,858,"Uruguay",FTRI05,"Access to finance",0.7836,,
2021,860,"Uzbekistan",FTRI00,"Overall index",0.4493,,
2021,860,"Uzbekistan",FTRI01,"ICT",0.6116,,
2021,860,"Uzbekistan",FTRI02,"Skills",0.4117,,
2021,860,"Uzbekistan",FTRI03,"Research and Development",0.3028,,
2021,860,"Uzbekistan",FTRI04,"Industry activity",0.4409,,
2021,860,"Uzbekistan",FTRI05,"Access to finance",0.811,,
2021,548,"Vanuatu",FTRI00,"Overall index",0.3243,,
2021,548,"Vanuatu",FTRI01,"ICT",0.5058,,
2021,548,"Vanuatu",FTRI02,"Skills",0.3382,,
2021,548,"Vanuatu",FTRI03,"Research and Development",0,,
2021,548,"Vanuatu",FTRI04,"Industry activity",0.3677,,
2021,548,"Vanuatu",FTRI05,"Access to finance",0.8621,,
2021,862,"Venezuela (Bolivarian Rep. of)",FTRI00,"Overall index",0.3329,,
2021,862,"Venezuela (Bolivarian Rep. of)",FTRI01,"ICT",0.4719,,
2021,862,"Venezuela (Bolivarian Rep. of)",FTRI02,"Skills",0.4864,,
2021,862,"Venezuela (Bolivarian Rep. of)",FTRI03,"Research and Development",0.1793,,
2021,862,"Venezuela (Bolivarian Rep. of)",FTRI04,"Industry activity",0.1439,,
2021,862,"Venezuela (Bolivarian Rep. of)",FTRI05,"Access to finance",0.7943,,
2021,704,"Viet Nam",FTRI00,"Overall index",0.6476,,
2021,704,"Viet Nam",FTRI01,"ICT",0.716,,
2021,704,"Viet Nam",FTRI02,"Skills",0.3692,,
2021,704,"Viet Nam",FTRI03,"Research and Development",0.4596,,
2021,704,"Viet Nam",FTRI04,"Industry activity",0.8855,,
2021,704,"Viet Nam",FTRI05,"Access to finance",0.93,,
2021,887,"Yemen",FTRI00,"Overall index",0.0979,,
2021,887,"Yemen",FTRI01,"ICT",0.025,,
2021,887,"Yemen",FTRI02,"Skills",0.1503,,
2021,887,"Yemen",FTRI03,"Research and Development",0.2172,,
2021,887,"Yemen",FTRI04,"Industry activity",0.3151,,
2021,887,"Yemen",FTRI05,"Access to finance",0.6354,,
2021,894,"Zambia",FTRI00,"Overall index",0.2062,,
2021,894,"Zambia",FTRI01,"ICT",0.3614,,
2021,894,"Zambia",FTRI02,"Skills",0.2652,,
2021,894,"Zambia",FTRI03,"Research and Development",0.1625,,
2021,894,"Zambia",FTRI04,"Industry activity",0.1597,,
2021,894,"Zambia",FTRI05,"Access to finance",0.7022,,
2021,716,"Zimbabwe",FTRI00,"Overall index",0.2336,,
2021,716,"Zimbabwe",FTRI01,"ICT",0.4389,,
2021,716,"Zimbabwe",FTRI02,"Skills",0.248,,
2021,716,"Zimbabwe",FTRI03,"Research and Development",0.1932,,
2021,716,"Zimbabwe",FTRI04,"Industry activity",0.2056,,
2021,716,"Zimbabwe",FTRI05,"Access to finance",0.6559,,
2022,004,"Afghanistan",FTRI00,"Overall index",0.1178,,
2022,004,"Afghanistan",FTRI01,"ICT",0.0107,,
2022,004,"Afghanistan",FTRI02,"Skills",0.215,,
2022,004,"Afghanistan",FTRI03,"Research and Development",0.1821,,
2022,004,"Afghanistan",FTRI04,"Industry activity",0.2907,,
2022,004,"Afghanistan",FTRI05,"Access to finance",0.5831,,
2022,008,"Albania",FTRI00,"Overall index",0.4437,,
2022,008,"Albania",FTRI01,"ICT",0.6419,,
2022,008,"Albania",FTRI02,"Skills",0.4683,,
2022,008,"Albania",FTRI03,"Research and Development",0.1781,,
2022,008,"Albania",FTRI04,"Industry activity",0.3907,,
2022,008,"Albania",FTRI05,"Access to finance",0.8006,,
2022,012,"Algeria",FTRI00,"Overall index",0.4089,,
2022,012,"Algeria",FTRI01,"ICT",0.5413,,
2022,012,"Algeria",FTRI02,"Skills",0.5088,,
2022,012,"Algeria",FTRI03,"Research and Development",0.3094,,
2022,012,"Algeria",FTRI04,"Industry activity",0.1895,,
2022,012,"Algeria",FTRI05,"Access to finance",0.7494,,
2022,024,"Angola",FTRI00,"Overall index",0.2382,,
2022,024,"Angola",FTRI01,"ICT",0.401,,
2022,024,"Angola",FTRI02,"Skills",0.2786,,
2022,024,"Angola",FTRI03,"Research and Development",0.16,,
2022,024,"Angola",FTRI04,"Industry activity",0.1755,,
2022,024,"Angola",FTRI05,"Access to finance",0.6694,,
2022,032,"Argentina",FTRI00,"Overall index",0.6247,,
2022,032,"Argentina",FTRI01,"ICT",0.7192,,
2022,032,"Argentina",FTRI02,"Skills",0.7013,,
2022,032,"Argentina",FTRI03,"Research and Development",0.4384,,
2022,032,"Argentina",FTRI04,"Industry activity",0.475,,
2022,032,"Argentina",FTRI05,"Access to finance",0.6993,,
2022,051,"Armenia",FTRI00,"Overall index",0.5003,,
2022,051,"Armenia",FTRI01,"ICT",0.7021,,
2022,051,"Armenia",FTRI02,"Skills",0.4619,,
2022,051,"Armenia",FTRI03,"Research and Development",0.1472,,
2022,051,"Armenia",FTRI04,"Industry activity",0.5611,,
2022,051,"Armenia",FTRI05,"Access to finance",0.8485,,
2022,036,"Australia",FTRI00,"Overall index",0.8922,,
2022,036,"Australia",FTRI01,"ICT",0.826,,
2022,036,"Australia",FTRI02,"Skills",1,,
2022,036,"Australia",FTRI03,"Research and Development",0.6777,,
2022,036,"Australia",FTRI04,"Industry activity",0.5316,,
2022,036,"Australia",FTRI05,"Access to finance",0.9362,,
2022,040,"Austria",FTRI00,"Overall index",0.8132,,
2022,040,"Austria",FTRI01,"ICT",0.8189,,
2022,040,"Austria",FTRI02,"Skills",0.7468,,
2022,040,"Austria",FTRI03,"Research and Development",0.603,,
2022,040,"Austria",FTRI04,"Industry activity",0.7211,,
2022,040,"Austria",FTRI05,"Access to finance",0.8986,,
2022,031,"Azerbaijan",FTRI00,"Overall index",0.3813,,
2022,031,"Azerbaijan",FTRI01,"ICT",0.599,,
2022,031,"Azerbaijan",FTRI02,"Skills",0.4275,,
2022,031,"Azerbaijan",FTRI03,"Research and Development",0.2125,,
2022,031,"Azerbaijan",FTRI04,"Industry activity",0.208,,
2022,031,"Azerbaijan",FTRI05,"Access to finance",0.7497,,
2022,044,"Bahamas",FTRI00,"Overall index",0.479,,
2022,044,"Bahamas",FTRI01,"ICT",0.8213,,
2022,044,"Bahamas",FTRI02,"Skills",0.5443,,
2022,044,"Bahamas",FTRI03,"Research and Development",0.078,,
2022,044,"Bahamas",FTRI04,"Industry activity",0.2661,,
2022,044,"Bahamas",FTRI05,"Access to finance",0.8356,,
2022,048,"Bahrain",FTRI00,"Overall index",0.5879,,
2022,048,"Bahrain",FTRI01,"ICT",0.7388,,
2022,048,"Bahrain",FTRI02,"Skills",0.5735,,
2022,048,"Bahrain",FTRI03,"Research and Development",0.2497,,
2022,048,"Bahrain",FTRI04,"Industry activity",0.5103,,
2022,048,"Bahrain",FTRI05,"Access to finance",0.8803,,
2022,050,"Bangladesh",FTRI00,"Overall index",0.36,,
2022,050,"Bangladesh",FTRI01,"ICT",0.354,,
2022,050,"Bangladesh",FTRI02,"Skills",0.2803,,
2022,050,"Bangladesh",FTRI03,"Research and Development",0.4296,,
2022,050,"Bangladesh",FTRI04,"Industry activity",0.3044,,
2022,050,"Bangladesh",FTRI05,"Access to finance",0.8205,,
2022,052,"Barbados",FTRI00,"Overall index",0.6127,,
2022,052,"Barbados",FTRI01,"ICT",0.7597,,
2022,052,"Barbados",FTRI02,"Skills",0.6632,,
2022,052,"Barbados",FTRI03,"Research and Development",0.2778,,
2022,052,"Barbados",FTRI04,"Industry activity",0.4953,,
2022,052,"Barbados",FTRI05,"Access to finance",0.8781,,
2022,112,"Belarus",FTRI00,"Overall index",0.6175,,
2022,112,"Belarus",FTRI01,"ICT",0.755,,
2022,112,"Belarus",FTRI02,"Skills",0.6394,,
2022,112,"Belarus",FTRI03,"Research and Development",0.2802,,
2022,112,"Belarus",FTRI04,"Industry activity",0.609,,
2022,112,"Belarus",FTRI05,"Access to finance",0.7934,,
2022,056,"Belgium",FTRI00,"Overall index",0.9042,,
2022,056,"Belgium",FTRI01,"ICT",0.8941,,
2022,056,"Belgium",FTRI02,"Skills",0.8976,,
2022,056,"Belgium",FTRI03,"Research and Development",0.6024,,
2022,056,"Belgium",FTRI04,"Industry activity",0.7849,,
2022,056,"Belgium",FTRI05,"Access to finance",0.88,,
2022,084,"Belize",FTRI00,"Overall index",0.411,,
2022,084,"Belize",FTRI01,"ICT",0.6934,,
2022,084,"Belize",FTRI02,"Skills",0.3962,,
2022,084,"Belize",FTRI03,"Research and Development",0.0491,,
2022,084,"Belize",FTRI04,"Industry activity",0.3744,,
2022,084,"Belize",FTRI05,"Access to finance",0.8291,,
2022,204,"Benin",FTRI00,"Overall index",0.1993,,
2022,204,"Benin",FTRI01,"ICT",0.2838,,
2022,204,"Benin",FTRI02,"Skills",0.1926,,
2022,204,"Benin",FTRI03,"Research and Development",0.1747,,
2022,204,"Benin",FTRI04,"Industry activity",0.2593,,
2022,204,"Benin",FTRI05,"Access to finance",0.7433,,
2022,060,"Bermuda",FTRI00,"Overall index",0.3831,,
2022,060,"Bermuda",FTRI01,"ICT",0.6045,,
2022,060,"Bermuda",FTRI02,"Skills",0.4474,,
2022,060,"Bermuda",FTRI03,"Research and Development",0.1534,,
2022,060,"Bermuda",FTRI04,"Industry activity",0.1125,,
2022,060,"Bermuda",FTRI05,"Access to finance",0.8809,,
2022,064,"Bhutan",FTRI00,"Overall index",0.431,,
2022,064,"Bhutan",FTRI01,"ICT",0.651,,
2022,064,"Bhutan",FTRI02,"Skills",0.3935,,
2022,064,"Bhutan",FTRI03,"Research and Development",0.1315,,
2022,064,"Bhutan",FTRI04,"Industry activity",0.2096,,
2022,064,"Bhutan",FTRI05,"Access to finance",0.8725,,
2022,068,"Bolivia (Plurinational State of)",FTRI00,"Overall index",0.3831,,
2022,068,"Bolivia (Plurinational State of)",FTRI01,"ICT",0.6045,,
2022,068,"Bolivia (Plurinational State of)",FTRI02,"Skills",0.4474,,
2022,068,"Bolivia (Plurinational State of)",FTRI03,"Research and Development",0.1534,,
2022,068,"Bolivia (Plurinational State of)",FTRI04,"Industry activity",0.1125,,
2022,068,"Bolivia (Plurinational State of)",FTRI05,"Access to finance",0.8809,,
2022,070,"Bosnia and Herzegovina",FTRI00,"Overall index",0.4669,,
2022,070,"Bosnia and Herzegovina",FTRI01,"ICT",0.5943,,
2022,070,"Bosnia and Herzegovina",FTRI02,"Skills",0.4679,,
2022,070,"Bosnia and Herzegovina",FTRI03,"Research and Development",0.2223,,
2022,070,"Bosnia and Herzegovina",FTRI04,"Industry activity",0.4834,,
2022,070,"Bosnia and Herzegovina",FTRI05,"Access to finance",0.8402,,
2022,072,"Botswana",FTRI00,"Overall index",0.4097,,
2022,072,"Botswana",FTRI01,"ICT",0.604,,
2022,072,"Botswana",FTRI02,"Skills",0.3586,,
2022,072,"Botswana",FTRI03,"Research and Development",0.2,,
2022,072,"Botswana",FTRI04,"Industry activity",0.3793,,
2022,072,"Botswana",FTRI05,"Access to finance",0.7956,,
2022,074,"Bouvet Island",FTRI00,"Overall index",0.7895,,
2022,074,"Bouvet Island",FTRI01,"ICT",0.4698,,
2022,074,"Bouvet Island",FTRI02,"Skills",0.5267,,
2022,074,"Bouvet Island",FTRI03,"Research and Development",1,,
2022,074,"Bouvet Island",FTRI04,"Industry activity",0.834,,
2022,074,"Bouvet Island",FTRI05,"Access to finance",0.9671,,
2022,076,"Brazil",FTRI00,"Overall index",0.7427,,
2022,076,"Brazil",FTRI01,"ICT",0.7995,,
2022,076,"Brazil",FTRI02,"Skills",0.5598,,
2022,076,"Brazil",FTRI03,"Research and Development",0.6593,,
2022,076,"Brazil",FTRI04,"Industry activity",0.5983,,
2022,076,"Brazil",FTRI05,"Access to finance",0.8762,,
2022,080,"British Antarctic Territory",FTRI00,"Overall index",0.2571,,
2022,080,"British Antarctic Territory",FTRI01,"ICT",0.4399,,
2022,080,"British Antarctic Territory",FTRI02,"Skills",0.1934,,
2022,080,"British Antarctic Territory",FTRI03,"Research and Development",0.1624,,
2022,080,"British Antarctic Territory",FTRI04,"Industry activity",0.2528,,
2022,080,"British Antarctic Territory",FTRI05,"Access to finance",0.7629,,
2022,086,"British Indian Ocean Territory",FTRI00,"Overall index",0.3112,,
2022,086,"British Indian Ocean Territory",FTRI01,"ICT",0.4144,,
2022,086,"British Indian Ocean Territory",FTRI02,"Skills",0.3218,,
2022,086,"British Indian Ocean Territory",FTRI03,"Research and Development",0.08,,
2022,086,"British Indian Ocean Territory",FTRI04,"Industry activity",0.54,,
2022,086,"British Indian Ocean Territory",FTRI05,"Access to finance",0.7543,,
2022,092,"British Virgin Islands",FTRI00,"Overall index",0.7802,,
2022,092,"British Virgin Islands",FTRI01,"ICT",0.8852,,
2022,092,"British Virgin Islands",FTRI02,"Skills",0.7663,,
2022,092,"British Virgin Islands",FTRI03,"Research and Development",0.4026,,
2022,092,"British Virgin Islands",FTRI04,"Industry activity",0.7327,,
2022,092,"British Virgin Islands",FTRI05,"Access to finance",0.8573,,
2022,096,"Brunei Darussalam",FTRI00,"Overall index",0.4867,,
2022,096,"Brunei Darussalam",FTRI01,"ICT",0.7236,,
2022,096,"Brunei Darussalam",FTRI02,"Skills",0.5527,,
2022,096,"Brunei Darussalam",FTRI03,"Research and Development",0.2348,,
2022,096,"Brunei Darussalam",FTRI04,"Industry activity",0.3067,,
2022,096,"Brunei Darussalam",FTRI05,"Access to finance",0.8007,,
2022,100,"Bulgaria",FTRI00,"Overall index",0.6573,,
2022,100,"Bulgaria",FTRI01,"ICT",0.7128,,
2022,100,"Bulgaria",FTRI02,"Skills",0.5604,,
2022,100,"Bulgaria",FTRI03,"Research and Development",0.4507,,
2022,100,"Bulgaria",FTRI04,"Industry activity",0.6849,,
2022,100,"Bulgaria",FTRI05,"Access to finance",0.8337,,
2022,854,"Burkina Faso",FTRI00,"Overall index",0.217,,
2022,854,"Burkina Faso",FTRI01,"ICT",0.3078,,
2022,854,"Burkina Faso",FTRI02,"Skills",0.0929,,
2022,854,"Burkina Faso",FTRI03,"Research and Development",0.1669,,
2022,854,"Burkina Faso",FTRI04,"Industry activity",0.3093,,
2022,854,"Burkina Faso",FTRI05,"Access to finance",0.8,,
2022,108,"Burundi",FTRI00,"Overall index",0.1136,,
2022,108,"Burundi",FTRI01,"ICT",0.023,,
2022,108,"Burundi",FTRI02,"Skills",0.1515,,
2022,108,"Burundi",FTRI03,"Research and Development",0.08,,
2022,108,"Burundi",FTRI04,"Industry activity",0.1963,,
2022,108,"Burundi",FTRI05,"Access to finance",0.8281,,
2022,132,"Cabo Verde",FTRI00,"Overall index",0.3361,,
2022,132,"Cabo Verde",FTRI01,"ICT",0.5835,,
2022,132,"Cabo Verde",FTRI02,"Skills",0.33,,
2022,132,"Cabo Verde",FTRI03,"Research and Development",0.0619,,
2022,132,"Cabo Verde",FTRI04,"Industry activity",0.2551,,
2022,132,"Cabo Verde",FTRI05,"Access to finance",0.8553,,
2022,116,"Cambodia",FTRI00,"Overall index",0.3891,,
2022,116,"Cambodia",FTRI01,"ICT",0.5347,,
2022,116,"Cambodia",FTRI02,"Skills",0.2412,,
2022,116,"Cambodia",FTRI03,"Research and Development",0.1624,,
2022,116,"Cambodia",FTRI04,"Industry activity",0.4719,,
2022,116,"Cambodia",FTRI05,"Access to finance",0.964,,
2022,120,"Cameroon",FTRI00,"Overall index",0.3128,,
2022,120,"Cameroon",FTRI01,"ICT",0.3553,,
2022,120,"Cameroon",FTRI02,"Skills",0.359,,
2022,120,"Cameroon",FTRI03,"Research and Development",0.2177,,
2022,120,"Cameroon",FTRI04,"Industry activity",0.3674,,
2022,120,"Cameroon",FTRI05,"Access to finance",0.7252,,
2022,124,"Canada",FTRI00,"Overall index",0.9023,,
2022,124,"Canada",FTRI01,"ICT",0.9102,,
2022,124,"Canada",FTRI02,"Skills",0.7623,,
2022,124,"Canada",FTRI03,"Research and Development",0.7201,,
2022,124,"Canada",FTRI04,"Industry activity",0.7196,,
2022,124,"Canada",FTRI05,"Access to finance",0.9291,,
2022,136,"Cayman Islands",FTRI00,"Overall index",0.7506,,
2022,136,"Cayman Islands",FTRI01,"ICT",0.8394,,
2022,136,"Cayman Islands",FTRI02,"Skills",0.4817,,
2022,136,"Cayman Islands",FTRI03,"Research and Development",0.5735,,
2022,136,"Cayman Islands",FTRI04,"Industry activity",0.8399,,
2022,136,"Cayman Islands",FTRI05,"Access to finance",0.9206,,
2022,140,"Central African Republic",FTRI00,"Overall index",0.1741,,
2022,140,"Central African Republic",FTRI01,"ICT",0.3763,,
2022,140,"Central African Republic",FTRI02,"Skills",0.1505,,
2022,140,"Central African Republic",FTRI03,"Research and Development",0.08,,
2022,140,"Central African Republic",FTRI04,"Industry activity",0.109,,
2022,140,"Central African Republic",FTRI05,"Access to finance",0.77,,
2022,148,"Chad",FTRI00,"Overall index",0.0609,,
2022,148,"Chad",FTRI01,"ICT",0.0437,,
2022,148,"Chad",FTRI02,"Skills",0.0793,,
2022,148,"Chad",FTRI03,"Research and Development",0.0869,,
2022,148,"Chad",FTRI04,"Industry activity",0.186,,
2022,148,"Chad",FTRI05,"Access to finance",0.7095,,
2022,152,"Chile",FTRI00,"Overall index",0.7164,,
2022,152,"Chile",FTRI01,"ICT",0.8822,,
2022,152,"Chile",FTRI02,"Skills",0.6635,,
2022,152,"Chile",FTRI03,"Research and Development",0.4969,,
2022,152,"Chile",FTRI04,"Industry activity",0.3911,,
2022,152,"Chile",FTRI05,"Access to finance",0.9197,,
2022,156,"China",FTRI00,"Overall index",0.7895,,
2022,156,"China",FTRI01,"ICT",0.4698,,
2022,156,"China",FTRI02,"Skills",0.5267,,
2022,156,"China",FTRI03,"Research and Development",1,,
2022,156,"China",FTRI04,"Industry activity",0.834,,
2022,156,"China",FTRI05,"Access to finance",0.9671,,
2022,344,"China, Hong Kong SAR",FTRI00,"Overall index",0.9101,,
2022,344,"China, Hong Kong SAR",FTRI01,"ICT",0.9083,,
2022,344,"China, Hong Kong SAR",FTRI02,"Skills",0.7802,,
2022,344,"China, Hong Kong SAR",FTRI03,"Research and Development",0.5611,,
2022,344,"China, Hong Kong SAR",FTRI04,"Industry activity",0.914,,
2022,344,"China, Hong Kong SAR",FTRI05,"Access to finance",1,,
2022,158,"China, Taiwan Province of",FTRI00,"Overall index",0.3359,,
2022,158,"China, Taiwan Province of",FTRI01,"ICT",0.2908,,
2022,158,"China, Taiwan Province of",FTRI02,"Skills",0.1365,,
2022,158,"China, Taiwan Province of",FTRI03,"Research and Development",0.4916,,
2022,158,"China, Taiwan Province of",FTRI04,"Industry activity",0.4682,,
2022,158,"China, Taiwan Province of",FTRI05,"Access to finance",0.73,,
2022,162,"Christmas Island",FTRI00,"Overall index",0.5124,,
2022,162,"Christmas Island",FTRI01,"ICT",0.7257,,
2022,162,"Christmas Island",FTRI02,"Skills",0.4394,,
2022,162,"Christmas Island",FTRI03,"Research and Development",0.4095,,
2022,162,"Christmas Island",FTRI04,"Industry activity",0.2649,,
2022,162,"Christmas Island",FTRI05,"Access to finance",0.8352,,
2022,166,"Cocos (Keeling) Islands",FTRI00,"Overall index",0.5568,,
2022,166,"Cocos (Keeling) Islands",FTRI01,"ICT",0.7716,,
2022,166,"Cocos (Keeling) Islands",FTRI02,"Skills",0.44,,
2022,166,"Cocos (Keeling) Islands",FTRI03,"Research and Development",0.4832,,
2022,166,"Cocos (Keeling) Islands",FTRI04,"Industry activity",0.2358,,
2022,166,"Cocos (Keeling) Islands",FTRI05,"Access to finance",0.9098,,
2022,170,"Colombia",FTRI00,"Overall index",0.6296,,
2022,170,"Colombia",FTRI01,"ICT",0.7207,,
2022,170,"Colombia",FTRI02,"Skills",0.6191,,
2022,170,"Colombia",FTRI03,"Research and Development",0.5038,,
2022,170,"Colombia",FTRI04,"Industry activity",0.4318,,
2022,170,"Colombia",FTRI05,"Access to finance",0.8318,,
2022,174,"Comoros",FTRI00,"Overall index",0.1965,,
2022,174,"Comoros",FTRI01,"ICT",0.2571,,
2022,174,"Comoros",FTRI02,"Skills",0.3259,,
2022,174,"Comoros",FTRI03,"Research and Development",0,,
2022,174,"Comoros",FTRI04,"Industry activity",0.2762,,
2022,174,"Comoros",FTRI05,"Access to finance",0.7416,,
2022,178,"Congo",FTRI00,"Overall index",0.3246,,
2022,178,"Congo",FTRI01,"ICT",0.3831,,
2022,178,"Congo",FTRI02,"Skills",0.3238,,
2022,178,"Congo",FTRI03,"Research and Development",0.14,,
2022,178,"Congo",FTRI04,"Industry activity",0.5157,,
2022,178,"Congo",FTRI05,"Access to finance",0.7159,,
2022,184,"Cook Islands",FTRI00,"Overall index",0.0195,,
2022,184,"Cook Islands",FTRI01,"ICT",0.0498,,
2022,184,"Cook Islands",FTRI02,"Skills",0,,
2022,184,"Cook Islands",FTRI03,"Research and Development",0,,
2022,184,"Cook Islands",FTRI04,"Industry activity",0.2345,,
2022,184,"Cook Islands",FTRI05,"Access to finance",0.5849,,
2022,188,"Costa Rica",FTRI00,"Overall index",0.6165,,
2022,188,"Costa Rica",FTRI01,"ICT",0.7226,,
2022,188,"Costa Rica",FTRI02,"Skills",0.5639,,
2022,188,"Costa Rica",FTRI03,"Research and Development",0.2123,,
2022,188,"Costa Rica",FTRI04,"Industry activity",0.7654,,
2022,188,"Costa Rica",FTRI05,"Access to finance",0.8487,,
2022,384,"Cote d'Ivoire",FTRI00,"Overall index",0.2571,,
2022,384,"Cote d'Ivoire",FTRI01,"ICT",0.4399,,
2022,384,"Cote d'Ivoire",FTRI02,"Skills",0.1934,,
2022,384,"Cote d'Ivoire",FTRI03,"Research and Development",0.1624,,
2022,384,"Cote d'Ivoire",FTRI04,"Industry activity",0.2528,,
2022,384,"Cote d'Ivoire",FTRI05,"Access to finance",0.7629,,
2022,191,"Croatia",FTRI00,"Overall index",0.6378,,
2022,191,"Croatia",FTRI01,"ICT",0.703,,
2022,191,"Croatia",FTRI02,"Skills",0.6559,,
2022,191,"Croatia",FTRI03,"Research and Development",0.4094,,
2022,191,"Croatia",FTRI04,"Industry activity",0.5883,,
2022,191,"Croatia",FTRI05,"Access to finance",0.8438,,
2022,192,"Cuba",FTRI00,"Overall index",0.6947,,
2022,192,"Cuba",FTRI01,"ICT",0.8384,,
2022,192,"Cuba",FTRI02,"Skills",0.4695,,
2022,192,"Cuba",FTRI03,"Research and Development",0.5059,,
2022,192,"Cuba",FTRI04,"Industry activity",0.6903,,
2022,192,"Cuba",FTRI05,"Access to finance",0.9507,,
2022,196,"Cyprus",FTRI00,"Overall index",0.7572,,
2022,196,"Cyprus",FTRI01,"ICT",0.7903,,
2022,196,"Cyprus",FTRI02,"Skills",0.6974,,
2022,196,"Cyprus",FTRI03,"Research and Development",0.4525,,
2022,196,"Cyprus",FTRI04,"Industry activity",0.7197,,
2022,196,"Cyprus",FTRI05,"Access to finance",0.8826,,
2022,203,"Czechia",FTRI00,"Overall index",0.7754,,
2022,203,"Czechia",FTRI01,"ICT",0.7777,,
2022,203,"Czechia",FTRI02,"Skills",0.7168,,
2022,203,"Czechia",FTRI03,"Research and Development",0.5461,,
2022,203,"Czechia",FTRI04,"Industry activity",0.7916,,
2022,203,"Czechia",FTRI05,"Access to finance",0.8449,,
2022,180,"Dem. Rep. of the Congo",FTRI00,"Overall index",0.1304,,
2022,180,"Dem. Rep. of the Congo",FTRI01,"ICT",0.2781,,
2022,180,"Dem. Rep. of the Congo",FTRI02,"Skills",0.1971,,
2022,180,"Dem. Rep. of the Congo",FTRI03,"Research and Development",0.1548,,
2022,180,"Dem. Rep. of the Congo",FTRI04,"Industry activity",0.0363,,
2022,180,"Dem. Rep. of the Congo",FTRI05,"Access to finance",0.6625,,
2022,208,"Denmark",FTRI00,"Overall index",0.8639,,
2022,208,"Denmark",FTRI01,"ICT",0.845,,
2022,208,"Denmark",FTRI02,"Skills",0.8914,,
2022,208,"Denmark",FTRI03,"Research and Development",0.6116,,
2022,208,"Denmark",FTRI04,"Industry activity",0.694,,
2022,208,"Denmark",FTRI05,"Access to finance",0.9426,,
2022,262,"Djibouti",FTRI00,"Overall index",0.3112,,
2022,262,"Djibouti",FTRI01,"ICT",0.4144,,
2022,262,"Djibouti",FTRI02,"Skills",0.3218,,
2022,262,"Djibouti",FTRI03,"Research and Development",0.08,,
2022,262,"Djibouti",FTRI04,"Industry activity",0.54,,
2022,262,"Djibouti",FTRI05,"Access to finance",0.7543,,
2022,214,"Dominican Republic",FTRI00,"Overall index",0.4221,,
2022,214,"Dominican Republic",FTRI01,"ICT",0.6575,,
2022,214,"Dominican Republic",FTRI02,"Skills",0.3979,,
2022,214,"Dominican Republic",FTRI03,"Research and Development",0.1209,,
2022,214,"Dominican Republic",FTRI04,"Industry activity",0.5064,,
2022,214,"Dominican Republic",FTRI05,"Access to finance",0.7894,,
2022,218,"Ecuador",FTRI00,"Overall index",0.442,,
2022,218,"Ecuador",FTRI01,"ICT",0.617,,
2022,218,"Ecuador",FTRI02,"Skills",0.4292,,
2022,218,"Ecuador",FTRI03,"Research and Development",0.2832,,
2022,218,"Ecuador",FTRI04,"Industry activity",0.2963,,
2022,218,"Ecuador",FTRI05,"Access to finance",0.8479,,
2022,818,"Egypt",FTRI00,"Overall index",0.5068,,
2022,818,"Egypt",FTRI01,"ICT",0.5679,,
2022,818,"Egypt",FTRI02,"Skills",0.4332,,
2022,818,"Egypt",FTRI03,"Research and Development",0.4976,,
2022,818,"Egypt",FTRI04,"Industry activity",0.4586,,
2022,818,"Egypt",FTRI05,"Access to finance",0.7986,,
2022,222,"El Salvador",FTRI00,"Overall index",0.4092,,
2022,222,"El Salvador",FTRI01,"ICT",0.5839,,
2022,222,"El Salvador",FTRI02,"Skills",0.3108,,
2022,222,"El Salvador",FTRI03,"Research and Development",0.1338,,
2022,222,"El Salvador",FTRI04,"Industry activity",0.537,,
2022,222,"El Salvador",FTRI05,"Access to finance",0.8646,,
2022,226,"Equatorial Guinea",FTRI00,"Overall index",0.1521,,
2022,226,"Equatorial Guinea",FTRI01,"ICT",0.362,,
2022,226,"Equatorial Guinea",FTRI02,"Skills",0.3026,,
2022,226,"Equatorial Guinea",FTRI03,"Research and Development",0,,
2022,226,"Equatorial Guinea",FTRI04,"Industry activity",0,,
2022,226,"Equatorial Guinea",FTRI05,"Access to finance",0.6744,,
2022,233,"Estonia",FTRI00,"Overall index",0.7802,,
2022,233,"Estonia",FTRI01,"ICT",0.8852,,
2022,233,"Estonia",FTRI02,"Skills",0.7663,,
2022,233,"Estonia",FTRI03,"Research and Development",0.4026,,
2022,233,"Estonia",FTRI04,"Industry activity",0.7327,,
2022,233,"Estonia",FTRI05,"Access to finance",0.8573,,
2022,748,"Eswatini",FTRI00,"Overall index",0.376,,
2022,748,"Eswatini",FTRI01,"ICT",0.4625,,
2022,748,"Eswatini",FTRI02,"Skills",0.4884,,
2022,748,"Eswatini",FTRI03,"Research and Development",0.0981,,
2022,748,"Eswatini",FTRI04,"Industry activity",0.4254,,
2022,748,"Eswatini",FTRI05,"Access to finance",0.7632,,
2022,231,"Ethiopia",FTRI00,"Overall index",0.2156,,
2022,231,"Ethiopia",FTRI01,"ICT",0.0806,,
2022,231,"Ethiopia",FTRI02,"Skills",0.1625,,
2022,231,"Ethiopia",FTRI03,"Research and Development",0.4743,,
2022,231,"Ethiopia",FTRI04,"Industry activity",0.273,,
2022,231,"Ethiopia",FTRI05,"Access to finance",0.7466,,
2022,242,"Fiji",FTRI00,"Overall index",0.4503,,
2022,242,"Fiji",FTRI01,"ICT",0.6365,,
2022,242,"Fiji",FTRI02,"Skills",0.4536,,
2022,242,"Fiji",FTRI03,"Research and Development",0.179,,
2022,242,"Fiji",FTRI04,"Industry activity",0.3293,,
2022,242,"Fiji",FTRI05,"Access to finance",0.9246,,
2022,246,"Finland",FTRI00,"Overall index",0.9015,,
2022,246,"Finland",FTRI01,"ICT",0.8396,,
2022,246,"Finland",FTRI02,"Skills",0.8978,,
2022,246,"Finland",FTRI03,"Research and Development",0.6132,,
2022,246,"Finland",FTRI04,"Industry activity",0.7759,,
2022,246,"Finland",FTRI05,"Access to finance",0.9047,,
2022,250,"France",FTRI00,"Overall index",0.8961,,
2022,250,"France",FTRI01,"ICT",0.8987,,
2022,250,"France",FTRI02,"Skills",0.7721,,
2022,250,"France",FTRI03,"Research and Development",0.7279,,
2022,250,"France",FTRI04,"Industry activity",0.7446,,
2022,250,"France",FTRI05,"Access to finance",0.9259,,
2022,266,"Gabon",FTRI00,"Overall index",0.333,,
2022,266,"Gabon",FTRI01,"ICT",0.5416,,
2022,266,"Gabon",FTRI02,"Skills",0.3514,,
2022,266,"Gabon",FTRI03,"Research and Development",0.1534,,
2022,266,"Gabon",FTRI04,"Industry activity",0.3431,,
2022,266,"Gabon",FTRI05,"Access to finance",0.7203,,
2022,270,"Gambia",FTRI00,"Overall index",0.152,,
2022,270,"Gambia",FTRI01,"ICT",0.3865,,
2022,270,"Gambia",FTRI02,"Skills",0.1759,,
2022,270,"Gambia",FTRI03,"Research and Development",0.0619,,
2022,270,"Gambia",FTRI04,"Industry activity",0.1342,,
2022,270,"Gambia",FTRI05,"Access to finance",0.6901,,
2022,268,"Georgia",FTRI00,"Overall index",0.523,,
2022,268,"Georgia",FTRI01,"ICT",0.6598,,
2022,268,"Georgia",FTRI02,"Skills",0.6,,
2022,268,"Georgia",FTRI03,"Research and Development",0.1871,,
2022,268,"Georgia",FTRI04,"Industry activity",0.4568,,
2022,268,"Georgia",FTRI05,"Access to finance",0.8656,,
2022,276,"Germany",FTRI00,"Overall index",0.924,,
2022,276,"Germany",FTRI01,"ICT",0.8635,,
2022,276,"Germany",FTRI02,"Skills",0.8064,,
2022,276,"Germany",FTRI03,"Research and Development",0.7942,,
2022,276,"Germany",FTRI04,"Industry activity",0.8079,,
2022,276,"Germany",FTRI05,"Access to finance",0.8919,,
2022,288,"Ghana",FTRI00,"Overall index",0.4171,,
2022,288,"Ghana",FTRI01,"ICT",0.5983,,
2022,288,"Ghana",FTRI02,"Skills",0.3064,,
2022,288,"Ghana",FTRI03,"Research and Development",0.265,,
2022,288,"Ghana",FTRI04,"Industry activity",0.4,,
2022,288,"Ghana",FTRI05,"Access to finance",0.7197,,
2022,300,"Greece",FTRI00,"Overall index",0.7264,,
2022,300,"Greece",FTRI01,"ICT",0.7741,,
2022,300,"Greece",FTRI02,"Skills",0.802,,
2022,300,"Greece",FTRI03,"Research and Development",0.5172,,
2022,300,"Greece",FTRI04,"Industry activity",0.5541,,
2022,300,"Greece",FTRI05,"Access to finance",0.8486,,
2022,320,"Guatemala",FTRI00,"Overall index",0.3563,,
2022,320,"Guatemala",FTRI01,"ICT",0.555,,
2022,320,"Guatemala",FTRI02,"Skills",0.2343,,
2022,320,"Guatemala",FTRI03,"Research and Development",0.1071,,
2022,320,"Guatemala",FTRI04,"Industry activity",0.476,,
2022,320,"Guatemala",FTRI05,"Access to finance",0.8153,,
2022,324,"Guinea",FTRI00,"Overall index",0.1702,,
2022,324,"Guinea",FTRI01,"ICT",0.3024,,
2022,324,"Guinea",FTRI02,"Skills",0.2,,
2022,324,"Guinea",FTRI03,"Research and Development",0.0491,,
2022,324,"Guinea",FTRI04,"Industry activity",0.2383,,
2022,324,"Guinea",FTRI05,"Access to finance",0.6854,,
2022,624,"Guinea-Bissau",FTRI00,"Overall index",0.1317,,
2022,624,"Guinea-Bissau",FTRI01,"ICT",0.1439,,
2022,624,"Guinea-Bissau",FTRI02,"Skills",0.2038,,
2022,624,"Guinea-Bissau",FTRI03,"Research and Development",0,,
2022,624,"Guinea-Bissau",FTRI04,"Industry activity",0.2382,,
2022,624,"Guinea-Bissau",FTRI05,"Access to finance",0.7359,,
2022,328,"Guyana",FTRI00,"Overall index",0.4075,,
2022,328,"Guyana",FTRI01,"ICT",0.6769,,
2022,328,"Guyana",FTRI02,"Skills",0.4142,,
2022,328,"Guyana",FTRI03,"Research and Development",0.0619,,
2022,328,"Guyana",FTRI04,"Industry activity",0.3207,,
2022,328,"Guyana",FTRI05,"Access to finance",0.7589,,
2022,332,"Haiti",FTRI00,"Overall index",0.2353,,
2022,332,"Haiti",FTRI01,"ICT",0.4368,,
2022,332,"Haiti",FTRI02,"Skills",0.2443,,
2022,332,"Haiti",FTRI03,"Research and Development",0.0719,,
2022,332,"Haiti",FTRI04,"Industry activity",0.3264,,
2022,332,"Haiti",FTRI05,"Access to finance",0.6749,,
2022,340,"Honduras",FTRI00,"Overall index",0.3372,,
2022,340,"Honduras",FTRI01,"ICT",0.5562,,
2022,340,"Honduras",FTRI02,"Skills",0.2299,,
2022,340,"Honduras",FTRI03,"Research and Development",0.1756,,
2022,340,"Honduras",FTRI04,"Industry activity",0.2821,,
2022,340,"Honduras",FTRI05,"Access to finance",0.8755,,
2022,348,"Hungary",FTRI00,"Overall index",0.7305,,
2022,348,"Hungary",FTRI01,"ICT",0.8006,,
2022,348,"Hungary",FTRI02,"Skills",0.6507,,
2022,348,"Hungary",FTRI03,"Research and Development",0.4862,,
2022,348,"Hungary",FTRI04,"Industry activity",0.7851,,
2022,348,"Hungary",FTRI05,"Access to finance",0.8132,,
2022,352,"Iceland",FTRI00,"Overall index",0.7915,,
2022,352,"Iceland",FTRI01,"ICT",1,,
2022,352,"Iceland",FTRI02,"Skills",0.9296,,
2022,352,"Iceland",FTRI03,"Research and Development",0.3137,,
2022,352,"Iceland",FTRI04,"Industry activity",0.4701,,
2022,352,"Iceland",FTRI05,"Access to finance",0.9036,,
2022,356,"India",FTRI00,"Overall index",0.7065,,
2022,356,"India",FTRI01,"ICT",0.5933,,
2022,356,"India",FTRI02,"Skills",0.3486,,
2022,356,"India",FTRI03,"Research and Development",0.8514,,
2022,356,"India",FTRI04,"Industry activity",0.7799,,
2022,356,"India",FTRI05,"Access to finance",0.8441,,
2022,360,"Indonesia",FTRI00,"Overall index",0.5418,,
2022,360,"Indonesia",FTRI01,"ICT",0.5893,,
2022,360,"Indonesia",FTRI02,"Skills",0.3805,,
2022,360,"Indonesia",FTRI03,"Research and Development",0.4612,,
2022,360,"Indonesia",FTRI04,"Industry activity",0.6313,,
2022,360,"Indonesia",FTRI05,"Access to finance",0.8112,,
2022,364,"Iran (Islamic Republic of)",FTRI00,"Overall index",0.5532,,
2022,364,"Iran (Islamic Republic of)",FTRI01,"ICT",0.6291,,
2022,364,"Iran (Islamic Republic of)",FTRI02,"Skills",0.4593,,
2022,364,"Iran (Islamic Republic of)",FTRI03,"Research and Development",0.5377,,
2022,364,"Iran (Islamic Republic of)",FTRI04,"Industry activity",0.397,,
2022,364,"Iran (Islamic Republic of)",FTRI05,"Access to finance",0.8614,,
2022,368,"Iraq",FTRI00,"Overall index",0.4058,,
2022,368,"Iraq",FTRI01,"ICT",0.5694,,
2022,368,"Iraq",FTRI02,"Skills",0.4024,,
2022,368,"Iraq",FTRI03,"Research and Development",0.4665,,
2022,368,"Iraq",FTRI04,"Industry activity",0.19,,
2022,368,"Iraq",FTRI05,"Access to finance",0.6889,,
2022,372,"Ireland",FTRI00,"Overall index",0.9164,,
2022,372,"Ireland",FTRI01,"ICT",0.8702,,
2022,372,"Ireland",FTRI02,"Skills",0.8874,,
2022,372,"Ireland",FTRI03,"Research and Development",0.5814,,
2022,372,"Ireland",FTRI04,"Industry activity",1,,
2022,372,"Ireland",FTRI05,"Access to finance",0.7832,,
2022,376,"Israel",FTRI00,"Overall index",0.8759,,
2022,376,"Israel",FTRI01,"ICT",0.8176,,
2022,376,"Israel",FTRI02,"Skills",0.8107,,
2022,376,"Israel",FTRI03,"Research and Development",0.6176,,
2022,376,"Israel",FTRI04,"Industry activity",0.8592,,
2022,376,"Israel",FTRI05,"Access to finance",0.8756,,
2022,380,"Italy",FTRI00,"Overall index",0.8132,,
2022,380,"Italy",FTRI01,"ICT",0.798,,
2022,380,"Italy",FTRI02,"Skills",0.6953,,
2022,380,"Italy",FTRI03,"Research and Development",0.7133,,
2022,380,"Italy",FTRI04,"Industry activity",0.713,,
2022,380,"Italy",FTRI05,"Access to finance",0.8765,,
2022,388,"Jamaica",FTRI00,"Overall index",0.4056,,
2022,388,"Jamaica",FTRI01,"ICT",0.7378,,
2022,388,"Jamaica",FTRI02,"Skills",0.4142,,
2022,388,"Jamaica",FTRI03,"Research and Development",0.0869,,
2022,388,"Jamaica",FTRI04,"Industry activity",0.2208,,
2022,388,"Jamaica",FTRI05,"Access to finance",0.8454,,
2022,392,"Japan",FTRI00,"Overall index",0.8655,,
2022,392,"Japan",FTRI01,"ICT",0.8995,,
2022,392,"Japan",FTRI02,"Skills",0.5424,,
2022,392,"Japan",FTRI03,"Research and Development",0.748,,
2022,392,"Japan",FTRI04,"Industry activity",0.8128,,
2022,392,"Japan",FTRI05,"Access to finance",0.9714,,
2022,400,"Jordan",FTRI00,"Overall index",0.5419,,
2022,400,"Jordan",FTRI01,"ICT",0.7103,,
2022,400,"Jordan",FTRI02,"Skills",0.4232,,
2022,400,"Jordan",FTRI03,"Research and Development",0.3888,,
2022,400,"Jordan",FTRI04,"Industry activity",0.4872,,
2022,400,"Jordan",FTRI05,"Access to finance",0.893,,
2022,398,"Kazakhstan",FTRI00,"Overall index",0.5697,,
2022,398,"Kazakhstan",FTRI01,"ICT",0.6535,,
2022,398,"Kazakhstan",FTRI02,"Skills",0.6341,,
2022,398,"Kazakhstan",FTRI03,"Research and Development",0.3441,,
2022,398,"Kazakhstan",FTRI04,"Industry activity",0.5533,,
2022,398,"Kazakhstan",FTRI05,"Access to finance",0.779,,
2022,404,"Kenya",FTRI00,"Overall index",0.3812,,
2022,404,"Kenya",FTRI01,"ICT",0.4764,,
2022,404,"Kenya",FTRI02,"Skills",0.2998,,
2022,404,"Kenya",FTRI03,"Research and Development",0.2532,,
2022,404,"Kenya",FTRI04,"Industry activity",0.4546,,
2022,404,"Kenya",FTRI05,"Access to finance",0.8007,,
2022,414,"Kuwait",FTRI00,"Overall index",0.6135,,
2022,414,"Kuwait",FTRI01,"ICT",0.7935,,
2022,414,"Kuwait",FTRI02,"Skills",0.568,,
2022,414,"Kuwait",FTRI03,"Research and Development",0.2556,,
2022,414,"Kuwait",FTRI04,"Industry activity",0.4797,,
2022,414,"Kuwait",FTRI05,"Access to finance",0.9024,,
2022,417,"Kyrgyzstan",FTRI00,"Overall index",0.4049,,
2022,417,"Kyrgyzstan",FTRI01,"ICT",0.636,,
2022,417,"Kyrgyzstan",FTRI02,"Skills",0.3983,,
2022,417,"Kyrgyzstan",FTRI03,"Research and Development",0.1647,,
2022,417,"Kyrgyzstan",FTRI04,"Industry activity",0.4105,,
2022,417,"Kyrgyzstan",FTRI05,"Access to finance",0.7617,,
2022,418,"Lao People's Dem. Rep.",FTRI00,"Overall index",0.3351,,
2022,418,"Lao People's Dem. Rep.",FTRI01,"ICT",0.5686,,
2022,418,"Lao People's Dem. Rep.",FTRI02,"Skills",0.2547,,
2022,418,"Lao People's Dem. Rep.",FTRI03,"Research and Development",0.1209,,
2022,418,"Lao People's Dem. Rep.",FTRI04,"Industry activity",0.4693,,
2022,418,"Lao People's Dem. Rep.",FTRI05,"Access to finance",0.7622,,
2022,428,"Latvia",FTRI00,"Overall index",0.7326,,
2022,428,"Latvia",FTRI01,"ICT",0.8456,,
2022,428,"Latvia",FTRI02,"Skills",0.7626,,
2022,428,"Latvia",FTRI03,"Research and Development",0.386,,
2022,428,"Latvia",FTRI04,"Industry activity",0.6884,,
2022,428,"Latvia",FTRI05,"Access to finance",0.7933,,
2022,422,"Lebanon",FTRI00,"Overall index",0.4998,,
2022,422,"Lebanon",FTRI01,"ICT",0.5477,,
2022,422,"Lebanon",FTRI02,"Skills",0.4472,,
2022,422,"Lebanon",FTRI03,"Research and Development",0.2962,,
2022,422,"Lebanon",FTRI04,"Industry activity",0.498,,
2022,422,"Lebanon",FTRI05,"Access to finance",0.9148,,
2022,426,"Lesotho",FTRI00,"Overall index",0.2669,,
2022,426,"Lesotho",FTRI01,"ICT",0.4954,,
2022,426,"Lesotho",FTRI02,"Skills",0.2769,,
2022,426,"Lesotho",FTRI03,"Research and Development",0.0929,,
2022,426,"Lesotho",FTRI04,"Industry activity",0.2144,,
2022,426,"Lesotho",FTRI05,"Access to finance",0.7683,,
2022,430,"Liberia",FTRI00,"Overall index",0.2319,,
2022,430,"Liberia",FTRI01,"ICT",0.2863,,
2022,430,"Liberia",FTRI02,"Skills",0.2446,,
2022,430,"Liberia",FTRI03,"Research and Development",0.1028,,
2022,430,"Liberia",FTRI04,"Industry activity",0.3014,,
2022,430,"Liberia",FTRI05,"Access to finance",0.7297,,
2022,434,"Libya",FTRI00,"Overall index",0.4409,,
2022,434,"Libya",FTRI01,"ICT",0.5762,,
2022,434,"Libya",FTRI02,"Skills",0.5135,,
2022,434,"Libya",FTRI03,"Research and Development",0.179,,
2022,434,"Libya",FTRI04,"Industry activity",0.3172,,
2022,434,"Libya",FTRI05,"Access to finance",0.6754,,
2022,440,"Lithuania",FTRI00,"Overall index",0.7224,,
2022,440,"Lithuania",FTRI01,"ICT",0.8687,,
2022,440,"Lithuania",FTRI02,"Skills",0.7608,,
2022,440,"Lithuania",FTRI03,"Research and Development",0.3962,,
2022,440,"Lithuania",FTRI04,"Industry activity",0.6137,,
2022,440,"Lithuania",FTRI05,"Access to finance",0.8123,,
2022,442,"Luxembourg",FTRI00,"Overall index",0.871,,
2022,442,"Luxembourg",FTRI01,"ICT",0.9435,,
2022,442,"Luxembourg",FTRI02,"Skills",0.831,,
2022,442,"Luxembourg",FTRI03,"Research and Development",0.4751,,
2022,442,"Luxembourg",FTRI04,"Industry activity",0.7046,,
2022,442,"Luxembourg",FTRI05,"Access to finance",0.9102,,
2022,450,"Madagascar",FTRI00,"Overall index",0.2193,,
2022,450,"Madagascar",FTRI01,"ICT",0.3541,,
2022,450,"Madagascar",FTRI02,"Skills",0.1283,,
2022,450,"Madagascar",FTRI03,"Research and Development",0.1238,,
2022,450,"Madagascar",FTRI04,"Industry activity",0.3077,,
2022,450,"Madagascar",FTRI05,"Access to finance",0.7515,,
2022,454,"Malawi",FTRI00,"Overall index",0.258,,
2022,454,"Malawi",FTRI01,"ICT",0.34,,
2022,454,"Malawi",FTRI02,"Skills",0.2294,,
2022,454,"Malawi",FTRI03,"Research and Development",0.168,,
2022,454,"Malawi",FTRI04,"Industry activity",0.4261,,
2022,454,"Malawi",FTRI05,"Access to finance",0.6743,,
2022,458,"Malaysia",FTRI00,"Overall index",0.7506,,
2022,458,"Malaysia",FTRI01,"ICT",0.8394,,
2022,458,"Malaysia",FTRI02,"Skills",0.4817,,
2022,458,"Malaysia",FTRI03,"Research and Development",0.5735,,
2022,458,"Malaysia",FTRI04,"Industry activity",0.8399,,
2022,458,"Malaysia",FTRI05,"Access to finance",0.9206,,
2022,462,"Maldives",FTRI00,"Overall index",0.4706,,
2022,462,"Maldives",FTRI01,"ICT",0.6635,,
2022,462,"Maldives",FTRI02,"Skills",0.527,,
2022,462,"Maldives",FTRI03,"Research and Development",0.1071,,
2022,462,"Maldives",FTRI04,"Industry activity",0.5372,,
2022,462,"Maldives",FTRI05,"Access to finance",0.8111,,
2022,466,"Mali",FTRI00,"Overall index",0.2226,,
2022,466,"Mali",FTRI01,"ICT",0.3211,,
2022,466,"Mali",FTRI02,"Skills",0.0381,,
2022,466,"Mali",FTRI03,"Research and Development",0.14,,
2022,466,"Mali",FTRI04,"Industry activity",0.4429,,
2022,466,"Mali",FTRI05,"Access to finance",0.7951,,
2022,470,"Malta",FTRI00,"Overall index",0.8085,,
2022,470,"Malta",FTRI01,"ICT",0.9045,,
2022,470,"Malta",FTRI02,"Skills",0.7462,,
2022,470,"Malta",FTRI03,"Research and Development",0.3725,,
2022,470,"Malta",FTRI04,"Industry activity",0.8482,,
2022,470,"Malta",FTRI05,"Access to finance",0.8769,,
2022,478,"Mauritania",FTRI00,"Overall index",0.1741,,
2022,478,"Mauritania",FTRI01,"ICT",0.3763,,
2022,478,"Mauritania",FTRI02,"Skills",0.1505,,
2022,478,"Mauritania",FTRI03,"Research and Development",0.08,,
2022,478,"Mauritania",FTRI04,"Industry activity",0.109,,
2022,478,"Mauritania",FTRI05,"Access to finance",0.77,,
2022,480,"Mauritius",FTRI00,"Overall index",0.5428,,
2022,480,"Mauritius",FTRI01,"ICT",0.6364,,
2022,480,"Mauritius",FTRI02,"Skills",0.506,,
2022,480,"Mauritius",FTRI03,"Research and Development",0.3079,,
2022,480,"Mauritius",FTRI04,"Industry activity",0.4836,,
2022,480,"Mauritius",FTRI05,"Access to finance",0.8786,,
2022,175,"Mayotte",FTRI00,"Overall index",0.6657,,
2022,175,"Mayotte",FTRI01,"ICT",0.76,,
2022,175,"Mayotte",FTRI02,"Skills",0.6809,,
2022,175,"Mayotte",FTRI03,"Research and Development",0.6356,,
2022,175,"Mayotte",FTRI04,"Industry activity",0.2869,,
2022,175,"Mayotte",FTRI05,"Access to finance",0.8475,,
2022,484,"Mexico",FTRI00,"Overall index",0.637,,
2022,484,"Mexico",FTRI01,"ICT",0.7228,,
2022,484,"Mexico",FTRI02,"Skills",0.4787,,
2022,484,"Mexico",FTRI03,"Research and Development",0.5346,,
2022,484,"Mexico",FTRI04,"Industry activity",0.7039,,
2022,484,"Mexico",FTRI05,"Access to finance",0.8086,,
2022,496,"Mongolia",FTRI00,"Overall index",0.4621,,
2022,496,"Mongolia",FTRI01,"ICT",0.6908,,
2022,496,"Mongolia",FTRI02,"Skills",0.5379,,
2022,496,"Mongolia",FTRI03,"Research and Development",0.1738,,
2022,496,"Mongolia",FTRI04,"Industry activity",0.2651,,
2022,496,"Mongolia",FTRI05,"Access to finance",0.8252,,
2022,499,"Montenegro",FTRI00,"Overall index",0.5655,,
2022,499,"Montenegro",FTRI01,"ICT",0.7868,,
2022,499,"Montenegro",FTRI02,"Skills",0.6442,,
2022,499,"Montenegro",FTRI03,"Research and Development",0.16,,
2022,499,"Montenegro",FTRI04,"Industry activity",0.4636,,
2022,499,"Montenegro",FTRI05,"Access to finance",0.8387,,
2022,504,"Morocco",FTRI00,"Overall index",0.5687,,
2022,504,"Morocco",FTRI01,"ICT",0.6762,,
2022,504,"Morocco",FTRI02,"Skills",0.3541,,
2022,504,"Morocco",FTRI03,"Research and Development",0.4978,,
2022,504,"Morocco",FTRI04,"Industry activity",0.5637,,
2022,504,"Morocco",FTRI05,"Access to finance",0.8965,,
2022,508,"Mozambique",FTRI00,"Overall index",0.1769,,
2022,508,"Mozambique",FTRI01,"ICT",0.2732,,
2022,508,"Mozambique",FTRI02,"Skills",0.192,,
2022,508,"Mozambique",FTRI03,"Research and Development",0.1504,,
2022,508,"Mozambique",FTRI04,"Industry activity",0.1555,,
2022,508,"Mozambique",FTRI05,"Access to finance",0.7637,,
2022,104,"Myanmar",FTRI00,"Overall index",0.3163,,
2022,104,"Myanmar",FTRI01,"ICT",0.4293,,
2022,104,"Myanmar",FTRI02,"Skills",0.2558,,
2022,104,"Myanmar",FTRI03,"Research and Development",0.1575,,
2022,104,"Myanmar",FTRI04,"Industry activity",0.464,,
2022,104,"Myanmar",FTRI05,"Access to finance",0.7928,,
2022,516,"Namibia",FTRI00,"Overall index",0.4414,,
2022,516,"Namibia",FTRI01,"ICT",0.5495,,
2022,516,"Namibia",FTRI02,"Skills",0.3627,,
2022,516,"Namibia",FTRI03,"Research and Development",0.1781,,
2022,516,"Namibia",FTRI04,"Industry activity",0.5803,,
2022,516,"Namibia",FTRI05,"Access to finance",0.8626,,
2022,524,"Nepal",FTRI00,"Overall index",0.4143,,
2022,524,"Nepal",FTRI01,"ICT",0.5187,,
2022,524,"Nepal",FTRI02,"Skills",0.3569,,
2022,524,"Nepal",FTRI03,"Research and Development",0.2409,,
2022,524,"Nepal",FTRI04,"Industry activity",0.2953,,
2022,524,"Nepal",FTRI05,"Access to finance",0.9035,,
2022,528,"Netherlands (Kingdom of the)",FTRI00,"Overall index",0.9419,,
2022,528,"Netherlands (Kingdom of the)",FTRI01,"ICT",0.9132,,
2022,528,"Netherlands (Kingdom of the)",FTRI02,"Skills",0.9095,,
2022,528,"Netherlands (Kingdom of the)",FTRI03,"Research and Development",0.6664,,
2022,528,"Netherlands (Kingdom of the)",FTRI04,"Industry activity",0.8024,,
2022,528,"Netherlands (Kingdom of the)",FTRI05,"Access to finance",0.9011,,
2022,554,"New Zealand",FTRI00,"Overall index",0.8488,,
2022,554,"New Zealand",FTRI01,"ICT",0.9016,,
2022,554,"New Zealand",FTRI02,"Skills",0.9293,,
2022,554,"New Zealand",FTRI03,"Research and Development",0.4984,,
2022,554,"New Zealand",FTRI04,"Industry activity",0.5592,,
2022,554,"New Zealand",FTRI05,"Access to finance",0.9454,,
2022,558,"Nicaragua",FTRI00,"Overall index",0.3596,,
2022,558,"Nicaragua",FTRI01,"ICT",0.5983,,
2022,558,"Nicaragua",FTRI02,"Skills",0.3557,,
2022,558,"Nicaragua",FTRI03,"Research and Development",0.0719,,
2022,558,"Nicaragua",FTRI04,"Industry activity",0.3505,,
2022,558,"Nicaragua",FTRI05,"Access to finance",0.795,,
2022,562,"Niger",FTRI00,"Overall index",0.1875,,
2022,562,"Niger",FTRI01,"ICT",0.1478,,
2022,562,"Niger",FTRI02,"Skills",0.1423,,
2022,562,"Niger",FTRI03,"Research and Development",0.1179,,
2022,562,"Niger",FTRI04,"Industry activity",0.5068,,
2022,562,"Niger",FTRI05,"Access to finance",0.7139,,
2022,566,"Nigeria",FTRI00,"Overall index",0.3855,,
2022,566,"Nigeria",FTRI01,"ICT",0.4642,,
2022,566,"Nigeria",FTRI02,"Skills",0.416,,
2022,566,"Nigeria",FTRI03,"Research and Development",0.4473,,
2022,566,"Nigeria",FTRI04,"Industry activity",0.1307,,
2022,566,"Nigeria",FTRI05,"Access to finance",0.7173,,
2022,807,"North Macedonia",FTRI00,"Overall index",0.5592,,
2022,807,"North Macedonia",FTRI01,"ICT",0.7137,,
2022,807,"North Macedonia",FTRI02,"Skills",0.5078,,
2022,807,"North Macedonia",FTRI03,"Research and Development",0.2138,,
2022,807,"North Macedonia",FTRI04,"Industry activity",0.6036,,
2022,807,"North Macedonia",FTRI05,"Access to finance",0.8531,,
2022,578,"Norway",FTRI00,"Overall index",0.8569,,
2022,578,"Norway",FTRI01,"ICT",0.9034,,
2022,578,"Norway",FTRI02,"Skills",0.9171,,
2022,578,"Norway",FTRI03,"Research and Development",0.5832,,
2022,578,"Norway",FTRI04,"Industry activity",0.5342,,
2022,578,"Norway",FTRI05,"Access to finance",0.9184,,
2022,512,"Oman",FTRI00,"Overall index",0.5443,,
2022,512,"Oman",FTRI01,"ICT",0.7227,,
2022,512,"Oman",FTRI02,"Skills",0.4205,,
2022,512,"Oman",FTRI03,"Research and Development",0.4475,,
2022,512,"Oman",FTRI04,"Industry activity",0.4075,,
2022,512,"Oman",FTRI05,"Access to finance",0.8501,,
2022,586,"Pakistan",FTRI00,"Overall index",0.3359,,
2022,586,"Pakistan",FTRI01,"ICT",0.2908,,
2022,586,"Pakistan",FTRI02,"Skills",0.1365,,
2022,586,"Pakistan",FTRI03,"Research and Development",0.4916,,
2022,586,"Pakistan",FTRI04,"Industry activity",0.4682,,
2022,586,"Pakistan",FTRI05,"Access to finance",0.73,,
2022,591,"Panama",FTRI00,"Overall index",0.5353,,
2022,591,"Panama",FTRI01,"ICT",0.7154,,
2022,591,"Panama",FTRI02,"Skills",0.4558,,
2022,591,"Panama",FTRI03,"Research and Development",0.2738,,
2022,591,"Panama",FTRI04,"Industry activity",0.4843,,
2022,591,"Panama",FTRI05,"Access to finance",0.909,,
2022,598,"Papua New Guinea",FTRI00,"Overall index",0.2405,,
2022,598,"Papua New Guinea",FTRI01,"ICT",0.3216,,
2022,598,"Papua New Guinea",FTRI02,"Skills",0.2843,,
2022,598,"Papua New Guinea",FTRI03,"Research and Development",0.168,,
2022,598,"Papua New Guinea",FTRI04,"Industry activity",0.2478,,
2022,598,"Papua New Guinea",FTRI05,"Access to finance",0.7314,,
2022,600,"Paraguay",FTRI00,"Overall index",0.4302,,
2022,600,"Paraguay",FTRI01,"ICT",0.7058,,
2022,600,"Paraguay",FTRI02,"Skills",0.4372,,
2022,600,"Paraguay",FTRI03,"Research and Development",0.14,,
2022,600,"Paraguay",FTRI04,"Industry activity",0.3053,,
2022,600,"Paraguay",FTRI05,"Access to finance",0.8458,,
2022,604,"Peru",FTRI00,"Overall index",0.5124,,
2022,604,"Peru",FTRI01,"ICT",0.7257,,
2022,604,"Peru",FTRI02,"Skills",0.4394,,
2022,604,"Peru",FTRI03,"Research and Development",0.4095,,
2022,604,"Peru",FTRI04,"Industry activity",0.2649,,
2022,604,"Peru",FTRI05,"Access to finance",0.8352,,
2022,608,"Philippines",FTRI00,"Overall index",0.6213,,
2022,608,"Philippines",FTRI01,"ICT",0.7261,,
2022,608,"Philippines",FTRI02,"Skills",0.3853,,
2022,608,"Philippines",FTRI03,"Research and Development",0.4069,,
2022,608,"Philippines",FTRI04,"Industry activity",0.8476,,
2022,608,"Philippines",FTRI05,"Access to finance",0.8417,,
2022,616,"Poland",FTRI00,"Overall index",0.7764,,
2022,616,"Poland",FTRI01,"ICT",0.8222,,
2022,616,"Poland",FTRI02,"Skills",0.7091,,
2022,616,"Poland",FTRI03,"Research and Development",0.5982,,
2022,616,"Poland",FTRI04,"Industry activity",0.7094,,
2022,616,"Poland",FTRI05,"Access to finance",0.8221,,
2022,620,"Portugal",FTRI00,"Overall index",0.7752,,
2022,620,"Portugal",FTRI01,"ICT",0.8676,,
2022,620,"Portugal",FTRI02,"Skills",0.7396,,
2022,620,"Portugal",FTRI03,"Research and Development",0.5445,,
2022,620,"Portugal",FTRI04,"Industry activity",0.5966,,
2022,620,"Portugal",FTRI05,"Access to finance",0.899,,
2022,634,"Qatar",FTRI00,"Overall index",0.5568,,
2022,634,"Qatar",FTRI01,"ICT",0.7716,,
2022,634,"Qatar",FTRI02,"Skills",0.44,,
2022,634,"Qatar",FTRI03,"Research and Development",0.4832,,
2022,634,"Qatar",FTRI04,"Industry activity",0.2358,,
2022,634,"Qatar",FTRI05,"Access to finance",0.9098,,
2022,410,"Republic of Korea",FTRI00,"Overall index",0.9244,,
2022,410,"Republic of Korea",FTRI01,"ICT",0.8973,,
2022,410,"Republic of Korea",FTRI02,"Skills",0.7161,,
2022,410,"Republic of Korea",FTRI03,"Research and Development",0.8221,,
2022,410,"Republic of Korea",FTRI04,"Industry activity",0.8077,,
2022,410,"Republic of Korea",FTRI05,"Access to finance",0.9613,,
2022,498,"Republic of Moldova",FTRI00,"Overall index",0.5257,,
2022,498,"Republic of Moldova",FTRI01,"ICT",0.7627,,
2022,498,"Republic of Moldova",FTRI02,"Skills",0.4655,,
2022,498,"Republic of Moldova",FTRI03,"Research and Development",0.2665,,
2022,498,"Republic of Moldova",FTRI04,"Industry activity",0.457,,
2022,498,"Republic of Moldova",FTRI05,"Access to finance",0.788,,
2022,642,"Romania",FTRI00,"Overall index",0.6995,,
2022,642,"Romania",FTRI01,"ICT",0.8922,,
2022,642,"Romania",FTRI02,"Skills",0.5208,,
2022,642,"Romania",FTRI03,"Research and Development",0.5181,,
2022,642,"Romania",FTRI04,"Industry activity",0.6789,,
2022,642,"Romania",FTRI05,"Access to finance",0.7786,,
2022,643,"Russian Federation",FTRI00,"Overall index",0.7738,,
2022,643,"Russian Federation",FTRI01,"ICT",0.8152,,
2022,643,"Russian Federation",FTRI02,"Skills",0.7302,,
2022,643,"Russian Federation",FTRI03,"Research and Development",0.6572,,
2022,643,"Russian Federation",FTRI04,"Industry activity",0.5458,,
2022,643,"Russian Federation",FTRI05,"Access to finance",0.8515,,
2022,646,"Rwanda",FTRI00,"Overall index",0.3347,,
2022,646,"Rwanda",FTRI01,"ICT",0.5866,,
2022,646,"Rwanda",FTRI02,"Skills",0.2325,,
2022,646,"Rwanda",FTRI03,"Research and Development",0.2095,,
2022,646,"Rwanda",FTRI04,"Industry activity",0.3302,,
2022,646,"Rwanda",FTRI05,"Access to finance",0.7705,,
2022,662,"Saint Lucia",FTRI00,"Overall index",0.3994,,
2022,662,"Saint Lucia",FTRI01,"ICT",0.7199,,
2022,662,"Saint Lucia",FTRI02,"Skills",0.4246,,
2022,662,"Saint Lucia",FTRI03,"Research and Development",0,,
2022,662,"Saint Lucia",FTRI04,"Industry activity",0.3278,,
2022,662,"Saint Lucia",FTRI05,"Access to finance",0.8458,,
2022,670,"Saint Vincent and the Grenadines",FTRI00,"Overall index",0.4317,,
2022,670,"Saint Vincent and the Grenadines",FTRI01,"ICT",0.7289,,
2022,670,"Saint Vincent and the Grenadines",FTRI02,"Skills",0.6124,,
2022,670,"Saint Vincent and the Grenadines",FTRI03,"Research and Development",0,,
2022,670,"Saint Vincent and the Grenadines",FTRI04,"Industry activity",0.1648,,
2022,670,"Saint Vincent and the Grenadines",FTRI05,"Access to finance",0.8279,,
2022,678,"Sao Tome and Principe",FTRI00,"Overall index",0.2563,,
2022,678,"Sao Tome and Principe",FTRI01,"ICT",0.4012,,
2022,678,"Sao Tome and Principe",FTRI02,"Skills",0.354,,
2022,678,"Sao Tome and Principe",FTRI03,"Research and Development",0,,
2022,678,"Sao Tome and Principe",FTRI04,"Industry activity",0.3951,,
2022,678,"Sao Tome and Principe",FTRI05,"Access to finance",0.7162,,
2022,682,"Saudi Arabia",FTRI00,"Overall index",0.6657,,
2022,682,"Saudi Arabia",FTRI01,"ICT",0.76,,
2022,682,"Saudi Arabia",FTRI02,"Skills",0.6809,,
2022,682,"Saudi Arabia",FTRI03,"Research and Development",0.6356,,
2022,682,"Saudi Arabia",FTRI04,"Industry activity",0.2869,,
2022,682,"Saudi Arabia",FTRI05,"Access to finance",0.8475,,
2022,686,"Senegal",FTRI00,"Overall index",0.2897,,
2022,686,"Senegal",FTRI01,"ICT",0.5032,,
2022,686,"Senegal",FTRI02,"Skills",0.139,,
2022,686,"Senegal",FTRI03,"Research and Development",0.1968,,
2022,686,"Senegal",FTRI04,"Industry activity",0.2835,,
2022,686,"Senegal",FTRI05,"Access to finance",0.8031,,
2022,688,"Serbia",FTRI00,"Overall index",0.6696,,
2022,688,"Serbia",FTRI01,"ICT",0.8045,,
2022,688,"Serbia",FTRI02,"Skills",0.5422,,
2022,688,"Serbia",FTRI03,"Research and Development",0.4114,,
2022,688,"Serbia",FTRI04,"Industry activity",0.6893,,
2022,688,"Serbia",FTRI05,"Access to finance",0.8238,,
2022,694,"Sierra Leone",FTRI00,"Overall index",0,,
2022,694,"Sierra Leone",FTRI01,"ICT",0.2775,,
2022,694,"Sierra Leone",FTRI02,"Skills",0.1517,,
2022,694,"Sierra Leone",FTRI03,"Research and Development",0.1209,,
2022,694,"Sierra Leone",FTRI04,"Industry activity",0.3821,,
2022,694,"Sierra Leone",FTRI05,"Access to finance",0,,
2022,702,"Singapore",FTRI00,"Overall index",0.9501,,
2022,702,"Singapore",FTRI01,"ICT",0.9246,,
2022,702,"Singapore",FTRI02,"Skills",0.9226,,
2022,702,"Singapore",FTRI03,"Research and Development",0.6186,,
2022,702,"Singapore",FTRI04,"Industry activity",0.8612,,
2022,702,"Singapore",FTRI05,"Access to finance",0.9328,,
2022,703,"Slovakia",FTRI00,"Overall index",0.6916,,
2022,703,"Slovakia",FTRI01,"ICT",0.7255,,
2022,703,"Slovakia",FTRI02,"Skills",0.6205,,
2022,703,"Slovakia",FTRI03,"Research and Development",0.4608,,
2022,703,"Slovakia",FTRI04,"Industry activity",0.7141,,
2022,703,"Slovakia",FTRI05,"Access to finance",0.8711,,
2022,705,"Slovenia",FTRI00,"Overall index",0.7576,,
2022,705,"Slovenia",FTRI01,"ICT",0.7873,,
2022,705,"Slovenia",FTRI02,"Skills",0.8132,,
2022,705,"Slovenia",FTRI03,"Research and Development",0.4246,,
2022,705,"Slovenia",FTRI04,"Industry activity",0.7739,,
2022,705,"Slovenia",FTRI05,"Access to finance",0.8254,,
2022,090,"Solomon Islands",FTRI00,"Overall index",0.2361,,
2022,090,"Solomon Islands",FTRI01,"ICT",0.4105,,
2022,090,"Solomon Islands",FTRI02,"Skills",0.2704,,
2022,090,"Solomon Islands",FTRI03,"Research and Development",0,,
2022,090,"Solomon Islands",FTRI04,"Industry activity",0.2389,,
2022,090,"Solomon Islands",FTRI05,"Access to finance",0.8035,,
2022,710,"South Africa",FTRI00,"Overall index",0.6544,,
2022,710,"South Africa",FTRI01,"ICT",0.7139,,
2022,710,"South Africa",FTRI02,"Skills",0.4961,,
2022,710,"South Africa",FTRI03,"Research and Development",0.5018,,
2022,710,"South Africa",FTRI04,"Industry activity",0.5845,,
2022,710,"South Africa",FTRI05,"Access to finance",0.9012,,
2022,728,"South Sudan",FTRI00,"Overall index",0.0195,,
2022,728,"South Sudan",FTRI01,"ICT",0.0498,,
2022,728,"South Sudan",FTRI02,"Skills",0,,
2022,728,"South Sudan",FTRI03,"Research and Development",0,,
2022,728,"South Sudan",FTRI04,"Industry activity",0.2345,,
2022,728,"South Sudan",FTRI05,"Access to finance",0.5849,,
2022,724,"Spain",FTRI00,"Overall index",0.8459,,
2022,724,"Spain",FTRI01,"ICT",0.9198,,
2022,724,"Spain",FTRI02,"Skills",0.7385,,
2022,724,"Spain",FTRI03,"Research and Development",0.6676,,
2022,724,"Spain",FTRI04,"Industry activity",0.6757,,
2022,724,"Spain",FTRI05,"Access to finance",0.899,,
2022,144,"Sri Lanka",FTRI00,"Overall index",0.4805,,
2022,144,"Sri Lanka",FTRI01,"ICT",0.5355,,
2022,144,"Sri Lanka",FTRI02,"Skills",0.4592,,
2022,144,"Sri Lanka",FTRI03,"Research and Development",0.2737,,
2022,144,"Sri Lanka",FTRI04,"Industry activity",0.5046,,
2022,144,"Sri Lanka",FTRI05,"Access to finance",0.8381,,
2022,729,"Sudan",FTRI00,"Overall index",0.1137,,
2022,729,"Sudan",FTRI01,"ICT",0.2226,,
2022,729,"Sudan",FTRI02,"Skills",0.1788,,
2022,729,"Sudan",FTRI03,"Research and Development",0.2187,,
2022,729,"Sudan",FTRI04,"Industry activity",0.0325,,
2022,729,"Sudan",FTRI05,"Access to finance",0.6393,,
2022,736,"Sudan (...2011)",FTRI00,"Overall index",,,"Not applicable"
2022,736,"Sudan (...2011)",FTRI01,"ICT",,,"Not applicable"
2022,736,"Sudan (...2011)",FTRI02,"Skills",,,"Not applicable"
2022,736,"Sudan (...2011)",FTRI03,"Research and Development",,,"Not applicable"
2022,736,"Sudan (...2011)",FTRI04,"Industry activity",,,"Not applicable"
2022,736,"Sudan (...2011)",FTRI05,"Access to finance",,,"Not applicable"
2022,740,"Suriname",FTRI00,"Overall index",0.3634,,
2022,740,"Suriname",FTRI01,"ICT",0.6003,,
2022,740,"Suriname",FTRI02,"Skills",0.4174,,
2022,740,"Suriname",FTRI03,"Research and Development",0,,
2022,740,"Suriname",FTRI04,"Industry activity",0.3947,,
2022,740,"Suriname",FTRI05,"Access to finance",0.7593,,
2022,752,"Sweden",FTRI00,"Overall index",0.9689,,
2022,752,"Sweden",FTRI01,"ICT",0.8908,,
2022,752,"Sweden",FTRI02,"Skills",0.9623,,
2022,752,"Sweden",FTRI03,"Research and Development",0.662,,
2022,752,"Sweden",FTRI04,"Industry activity",0.8171,,
2022,752,"Sweden",FTRI05,"Access to finance",0.9353,,
2022,756,"Switzerland",FTRI00,"Overall index",0.9347,,
2022,756,"Switzerland",FTRI01,"ICT",0.8618,,
2022,756,"Switzerland",FTRI02,"Skills",0.8194,,
2022,756,"Switzerland",FTRI03,"Research and Development",0.678,,
2022,756,"Switzerland",FTRI04,"Industry activity",0.88,,
2022,756,"Switzerland",FTRI05,"Access to finance",0.9588,,
2022,762,"Tajikistan",FTRI00,"Overall index",0.1909,,
2022,762,"Tajikistan",FTRI01,"ICT",0.2535,,
2022,762,"Tajikistan",FTRI02,"Skills",0.3124,,
2022,762,"Tajikistan",FTRI03,"Research and Development",0.1028,,
2022,762,"Tajikistan",FTRI04,"Industry activity",0.2308,,
2022,762,"Tajikistan",FTRI05,"Access to finance",0.6968,,
2022,764,"Thailand",FTRI00,"Overall index",0.6947,,
2022,764,"Thailand",FTRI01,"ICT",0.8384,,
2022,764,"Thailand",FTRI02,"Skills",0.4695,,
2022,764,"Thailand",FTRI03,"Research and Development",0.5059,,
2022,764,"Thailand",FTRI04,"Industry activity",0.6903,,
2022,764,"Thailand",FTRI05,"Access to finance",0.9507,,
2022,626,"Timor-Leste",FTRI00,"Overall index",0.2039,,
2022,626,"Timor-Leste",FTRI01,"ICT",0.2024,,
2022,626,"Timor-Leste",FTRI02,"Skills",0.4373,,
2022,626,"Timor-Leste",FTRI03,"Research and Development",0,,
2022,626,"Timor-Leste",FTRI04,"Industry activity",0.278,,
2022,626,"Timor-Leste",FTRI05,"Access to finance",0.7157,,
2022,768,"Togo",FTRI00,"Overall index",0.3244,,
2022,768,"Togo",FTRI01,"ICT",0.3401,,
2022,768,"Togo",FTRI02,"Skills",0.374,,
2022,768,"Togo",FTRI03,"Research and Development",0.138,,
2022,768,"Togo",FTRI04,"Industry activity",0.3874,,
2022,768,"Togo",FTRI05,"Access to finance",0.79,,
2022,780,"Trinidad and Tobago",FTRI00,"Overall index",0.4739,,
2022,780,"Trinidad and Tobago",FTRI01,"ICT",0.7545,,
2022,780,"Trinidad and Tobago",FTRI02,"Skills",0.556,,
2022,780,"Trinidad and Tobago",FTRI03,"Research and Development",0.16,,
2022,780,"Trinidad and Tobago",FTRI04,"Industry activity",0.1949,,
2022,780,"Trinidad and Tobago",FTRI05,"Access to finance",0.8105,,
2022,788,"Tunisia",FTRI00,"Overall index",0.5545,,
2022,788,"Tunisia",FTRI01,"ICT",0.5801,,
2022,788,"Tunisia",FTRI02,"Skills",0.4994,,
2022,788,"Tunisia",FTRI03,"Research and Development",0.4175,,
2022,788,"Tunisia",FTRI04,"Industry activity",0.585,,
2022,788,"Tunisia",FTRI05,"Access to finance",0.8706,,
2022,792,"Turkiye",FTRI00,"Overall index",0.694,,
2022,792,"Turkiye",FTRI01,"ICT",0.6796,,
2022,792,"Turkiye",FTRI02,"Skills",0.7206,,
2022,792,"Turkiye",FTRI03,"Research and Development",0.6446,,
2022,792,"Turkiye",FTRI04,"Industry activity",0.4796,,
2022,792,"Turkiye",FTRI05,"Access to finance",0.852,,
2022,800,"Uganda",FTRI00,"Overall index",0.1926,,
2022,800,"Uganda",FTRI01,"ICT",0.1167,,
2022,800,"Uganda",FTRI02,"Skills",0.2269,,
2022,800,"Uganda",FTRI03,"Research and Development",0.2138,,
2022,800,"Uganda",FTRI04,"Industry activity",0.3401,,
2022,800,"Uganda",FTRI05,"Access to finance",0.7316,,
2022,804,"Ukraine",FTRI00,"Overall index",0.6455,,
2022,804,"Ukraine",FTRI01,"ICT",0.7826,,
2022,804,"Ukraine",FTRI02,"Skills",0.5732,,
2022,804,"Ukraine",FTRI03,"Research and Development",0.4297,,
2022,804,"Ukraine",FTRI04,"Industry activity",0.5761,,
2022,804,"Ukraine",FTRI05,"Access to finance",0.7724,,
2022,784,"United Arab Emirates",FTRI00,"Overall index",0.7317,,
2022,784,"United Arab Emirates",FTRI01,"ICT",0.7615,,
2022,784,"United Arab Emirates",FTRI02,"Skills",0.709,,
2022,784,"United Arab Emirates",FTRI03,"Research and Development",0.535,,
2022,784,"United Arab Emirates",FTRI04,"Industry activity",0.6498,,
2022,784,"United Arab Emirates",FTRI05,"Access to finance",0.8672,,
2022,826,"United Kingdom",FTRI00,"Overall index",0.9588,,
2022,826,"United Kingdom",FTRI01,"ICT",0.872,,
2022,826,"United Kingdom",FTRI02,"Skills",0.8693,,
2022,826,"United Kingdom",FTRI03,"Research and Development",0.7542,,
2022,826,"United Kingdom",FTRI04,"Industry activity",0.808,,
2022,826,"United Kingdom",FTRI05,"Access to finance",0.9334,,
2022,834,"United Republic of Tanzania",FTRI00,"Overall index",0.193,,
2022,834,"United Republic of Tanzania",FTRI01,"ICT",0.3979,,
2022,834,"United Republic of Tanzania",FTRI02,"Skills",0.0983,,
2022,834,"United Republic of Tanzania",FTRI03,"Research and Development",0.2127,,
2022,834,"United Republic of Tanzania",FTRI04,"Industry activity",0.1563,,
2022,834,"United Republic of Tanzania",FTRI05,"Access to finance",0.732,,
2022,840,"United States",FTRI00,"Overall index",1,,
2022,840,"United States",FTRI01,"ICT",0.9288,,
2022,840,"United States",FTRI02,"Skills",0.8009,,
2022,840,"United States",FTRI03,"Research and Development",0.9037,,
2022,840,"United States",FTRI04,"Industry activity",0.7933,,
2022,840,"United States",FTRI05,"Access to finance",0.9689,,
2022,858,"Uruguay",FTRI00,"Overall index",0.6717,,
2022,858,"Uruguay",FTRI01,"ICT",0.8367,,
2022,858,"Uruguay",FTRI02,"Skills",0.6368,,
2022,858,"Uruguay",FTRI03,"Research and Development",0.3283,,
2022,858,"Uruguay",FTRI04,"Industry activity",0.6015,,
2022,858,"Uruguay",FTRI05,"Access to finance",0.7854,,
2022,860,"Uzbekistan",FTRI00,"Overall index",0.5013,,
2022,860,"Uzbekistan",FTRI01,"ICT",0.6274,,
2022,860,"Uzbekistan",FTRI02,"Skills",0.3969,,
2022,860,"Uzbekistan",FTRI03,"Research and Development",0.3791,,
2022,860,"Uzbekistan",FTRI04,"Industry activity",0.4933,,
2022,860,"Uzbekistan",FTRI05,"Access to finance",0.8139,,
2022,548,"Vanuatu",FTRI00,"Overall index",0.3242,,
2022,548,"Vanuatu",FTRI01,"ICT",0.5409,,
2022,548,"Vanuatu",FTRI02,"Skills",0.3314,,
2022,548,"Vanuatu",FTRI03,"Research and Development",0,,
2022,548,"Vanuatu",FTRI04,"Industry activity",0.3326,,
2022,548,"Vanuatu",FTRI05,"Access to finance",0.8562,,
2022,862,"Venezuela (Bolivarian Rep. of)",FTRI00,"Overall index",0.3461,,
2022,862,"Venezuela (Bolivarian Rep. of)",FTRI01,"ICT",0.4696,,
2022,862,"Venezuela (Bolivarian Rep. of)",FTRI02,"Skills",0.4702,,
2022,862,"Venezuela (Bolivarian Rep. of)",FTRI03,"Research and Development",0.1806,,
2022,862,"Venezuela (Bolivarian Rep. of)",FTRI04,"Industry activity",0.1804,,
2022,862,"Venezuela (Bolivarian Rep. of)",FTRI05,"Access to finance",0.7957,,
2022,704,"Viet Nam",FTRI00,"Overall index",0.6144,,
2022,704,"Viet Nam",FTRI01,"ICT",0.6963,,
2022,704,"Viet Nam",FTRI02,"Skills",0.3404,,
2022,704,"Viet Nam",FTRI03,"Research and Development",0.4753,,
2022,704,"Viet Nam",FTRI04,"Industry activity",0.7814,,
2022,704,"Viet Nam",FTRI05,"Access to finance",0.9304,,
2022,887,"Yemen",FTRI00,"Overall index",0.1275,,
2022,887,"Yemen",FTRI01,"ICT",0,,
2022,887,"Yemen",FTRI02,"Skills",0.1462,,
2022,887,"Yemen",FTRI03,"Research and Development",0.2339,,
2022,887,"Yemen",FTRI04,"Industry activity",0.3918,,
2022,887,"Yemen",FTRI05,"Access to finance",0.6393,,
2022,894,"Zambia",FTRI00,"Overall index",0.2202,,
2022,894,"Zambia",FTRI01,"ICT",0.3684,,
2022,894,"Zambia",FTRI02,"Skills",0.2572,,
2022,894,"Zambia",FTRI03,"Research and Development",0.1836,,
2022,894,"Zambia",FTRI04,"Industry activity",0.1481,,
2022,894,"Zambia",FTRI05,"Access to finance",0.7174,,
2022,716,"Zimbabwe",FTRI00,"Overall index",0.2432,,
2022,716,"Zimbabwe",FTRI01,"ICT",0.3858,,
2022,716,"Zimbabwe",FTRI02,"Skills",0.2477,,
2022,716,"Zimbabwe",FTRI03,"Research and Development",0.207,,
2022,716,"Zimbabwe",FTRI04,"Industry activity",0.2228,,
2022,716,"Zimbabwe",FTRI05,"Access to finance",0.6809,,
2023,004,"Afghanistan",FTRI00,"Overall index",0.1083,,
2023,004,"Afghanistan",FTRI01,"ICT",0.0301,,
2023,004,"Afghanistan",FTRI02,"Skills",0.212,,
2023,004,"Afghanistan",FTRI03,"Research and Development",0.1768,,
2023,004,"Afghanistan",FTRI04,"Industry activity",0.2448,,
2023,004,"Afghanistan",FTRI05,"Access to finance",0.5913,,
2023,008,"Albania",FTRI00,"Overall index",0.4468,,
2023,008,"Albania",FTRI01,"ICT",0.7034,,
2023,008,"Albania",FTRI02,"Skills",0.4616,,
2023,008,"Albania",FTRI03,"Research and Development",0.1904,,
2023,008,"Albania",FTRI04,"Industry activity",0.3814,,
2023,008,"Albania",FTRI05,"Access to finance",0.805,,
2023,012,"Algeria",FTRI00,"Overall index",0.3978,,
2023,012,"Algeria",FTRI01,"ICT",0.53,,
2023,012,"Algeria",FTRI02,"Skills",0.5089,,
2023,012,"Algeria",FTRI03,"Research and Development",0.3108,,
2023,012,"Algeria",FTRI04,"Industry activity",0.1971,,
2023,012,"Algeria",FTRI05,"Access to finance",0.7628,,
2023,024,"Angola",FTRI00,"Overall index",0.262,,
2023,024,"Angola",FTRI01,"ICT",0.4052,,
2023,024,"Angola",FTRI02,"Skills",0.2763,,
2023,024,"Angola",FTRI03,"Research and Development",0.1664,,
2023,024,"Angola",FTRI04,"Industry activity",0.2695,,
2023,024,"Angola",FTRI05,"Access to finance",0.6848,,
2023,032,"Argentina",FTRI00,"Overall index",0.6307,,
2023,032,"Argentina",FTRI01,"ICT",0.7811,,
2023,032,"Argentina",FTRI02,"Skills",0.693,,
2023,032,"Argentina",FTRI03,"Research and Development",0.4326,,
2023,032,"Argentina",FTRI04,"Industry activity",0.4602,,
2023,032,"Argentina",FTRI05,"Access to finance",0.7177,,
2023,051,"Armenia",FTRI00,"Overall index",0.5036,,
2023,051,"Armenia",FTRI01,"ICT",0.7173,,
2023,051,"Armenia",FTRI02,"Skills",0.4603,,
2023,051,"Armenia",FTRI03,"Research and Development",0.1808,,
2023,051,"Armenia",FTRI04,"Industry activity",0.5658,,
2023,051,"Armenia",FTRI05,"Access to finance",0.8602,,
2023,036,"Australia",FTRI00,"Overall index",0.8687,,
2023,036,"Australia",FTRI01,"ICT",0.816,,
2023,036,"Australia",FTRI02,"Skills",1,,
2023,036,"Australia",FTRI03,"Research and Development",0.6863,,
2023,036,"Australia",FTRI04,"Industry activity",0.487,,
2023,036,"Australia",FTRI05,"Access to finance",0.9382,,
2023,040,"Austria",FTRI00,"Overall index",0.8058,,
2023,040,"Austria",FTRI01,"ICT",0.8269,,
2023,040,"Austria",FTRI02,"Skills",0.7426,,
2023,040,"Austria",FTRI03,"Research and Development",0.6068,,
2023,040,"Austria",FTRI04,"Industry activity",0.7194,,
2023,040,"Austria",FTRI05,"Access to finance",0.8993,,
2023,031,"Azerbaijan",FTRI00,"Overall index",0.3967,,
2023,031,"Azerbaijan",FTRI01,"ICT",0.6129,,
2023,031,"Azerbaijan",FTRI02,"Skills",0.4282,,
2023,031,"Azerbaijan",FTRI03,"Research and Development",0.247,,
2023,031,"Azerbaijan",FTRI04,"Industry activity",0.2418,,
2023,031,"Azerbaijan",FTRI05,"Access to finance",0.7789,,
2023,044,"Bahamas",FTRI00,"Overall index",0.4876,,
2023,044,"Bahamas",FTRI01,"ICT",0.8308,,
2023,044,"Bahamas",FTRI02,"Skills",0.5339,,
2023,044,"Bahamas",FTRI03,"Research and Development",0.1505,,
2023,044,"Bahamas",FTRI04,"Industry activity",0.291,,
2023,044,"Bahamas",FTRI05,"Access to finance",0.8348,,
2023,048,"Bahrain",FTRI00,"Overall index",0.5984,,
2023,048,"Bahrain",FTRI01,"ICT",0.8205,,
2023,048,"Bahrain",FTRI02,"Skills",0.5653,,
2023,048,"Bahrain",FTRI03,"Research and Development",0.2541,,
2023,048,"Bahrain",FTRI04,"Industry activity",0.5148,,
2023,048,"Bahrain",FTRI05,"Access to finance",0.8869,,
2023,050,"Bangladesh",FTRI00,"Overall index",0.3728,,
2023,050,"Bangladesh",FTRI01,"ICT",0.3949,,
2023,050,"Bangladesh",FTRI02,"Skills",0.2778,,
2023,050,"Bangladesh",FTRI03,"Research and Development",0.4297,,
2023,050,"Bangladesh",FTRI04,"Industry activity",0.3398,,
2023,050,"Bangladesh",FTRI05,"Access to finance",0.8242,,
2023,052,"Barbados",FTRI00,"Overall index",0.6179,,
2023,052,"Barbados",FTRI01,"ICT",0.8319,,
2023,052,"Barbados",FTRI02,"Skills",0.6545,,
2023,052,"Barbados",FTRI03,"Research and Development",0.293,,
2023,052,"Barbados",FTRI04,"Industry activity",0.459,,
2023,052,"Barbados",FTRI05,"Access to finance",0.8785,,
2023,112,"Belarus",FTRI00,"Overall index",0.6069,,
2023,112,"Belarus",FTRI01,"ICT",0.7606,,
2023,112,"Belarus",FTRI02,"Skills",0.6265,,
2023,112,"Belarus",FTRI03,"Research and Development",0.2847,,
2023,112,"Belarus",FTRI04,"Industry activity",0.6043,,
2023,112,"Belarus",FTRI05,"Access to finance",0.8005,,
2023,056,"Belgium",FTRI00,"Overall index",0.8974,,
2023,056,"Belgium",FTRI01,"ICT",0.8945,,
2023,056,"Belgium",FTRI02,"Skills",0.8858,,
2023,056,"Belgium",FTRI03,"Research and Development",0.6084,,
2023,056,"Belgium",FTRI04,"Industry activity",0.7822,,
2023,056,"Belgium",FTRI05,"Access to finance",0.8839,,
2023,084,"Belize",FTRI00,"Overall index",0.3667,,
2023,084,"Belize",FTRI01,"ICT",0.712,,
2023,084,"Belize",FTRI02,"Skills",0.3806,,
2023,084,"Belize",FTRI03,"Research and Development",0.0489,,
2023,084,"Belize",FTRI04,"Industry activity",0.2345,,
2023,084,"Belize",FTRI05,"Access to finance",0.8278,,
2023,204,"Benin",FTRI00,"Overall index",0.2055,,
2023,204,"Benin",FTRI01,"ICT",0.3684,,
2023,204,"Benin",FTRI02,"Skills",0.1906,,
2023,204,"Benin",FTRI03,"Research and Development",0.1776,,
2023,204,"Benin",FTRI04,"Industry activity",0.1953,,
2023,204,"Benin",FTRI05,"Access to finance",0.7586,,
2023,060,"Bermuda",FTRI00,"Overall index",0.3874,,
2023,060,"Bermuda",FTRI01,"ICT",0.6202,,
2023,060,"Bermuda",FTRI02,"Skills",0.4439,,
2023,060,"Bermuda",FTRI03,"Research and Development",0.157,,
2023,060,"Bermuda",FTRI04,"Industry activity",0.1937,,
2023,060,"Bermuda",FTRI05,"Access to finance",0.8875,,
2023,064,"Bhutan",FTRI00,"Overall index",0.3529,,
2023,064,"Bhutan",FTRI01,"ICT",0.6872,,
2023,064,"Bhutan",FTRI02,"Skills",0.417,,
2023,064,"Bhutan",FTRI03,"Research and Development",0.1106,,
2023,064,"Bhutan",FTRI04,"Industry activity",0,,
2023,064,"Bhutan",FTRI05,"Access to finance",0.8792,,
2023,068,"Bolivia (Plurinational State of)",FTRI00,"Overall index",0.3874,,
2023,068,"Bolivia (Plurinational State of)",FTRI01,"ICT",0.6202,,
2023,068,"Bolivia (Plurinational State of)",FTRI02,"Skills",0.4439,,
2023,068,"Bolivia (Plurinational State of)",FTRI03,"Research and Development",0.157,,
2023,068,"Bolivia (Plurinational State of)",FTRI04,"Industry activity",0.1937,,
2023,068,"Bolivia (Plurinational State of)",FTRI05,"Access to finance",0.8875,,
2023,070,"Bosnia and Herzegovina",FTRI00,"Overall index",0.5058,,
2023,070,"Bosnia and Herzegovina",FTRI01,"ICT",0.7673,,
2023,070,"Bosnia and Herzegovina",FTRI02,"Skills",0.4637,,
2023,070,"Bosnia and Herzegovina",FTRI03,"Research and Development",0.2299,,
2023,070,"Bosnia and Herzegovina",FTRI04,"Industry activity",0.464,,
2023,070,"Bosnia and Herzegovina",FTRI05,"Access to finance",0.8475,,
2023,072,"Botswana",FTRI00,"Overall index",0.3898,,
2023,072,"Botswana",FTRI01,"ICT",0.5747,,
2023,072,"Botswana",FTRI02,"Skills",0.3747,,
2023,072,"Botswana",FTRI03,"Research and Development",0.1957,,
2023,072,"Botswana",FTRI04,"Industry activity",0.3552,,
2023,072,"Botswana",FTRI05,"Access to finance",0.8033,,
2023,074,"Bouvet Island",FTRI00,"Overall index",0.8393,,
2023,074,"Bouvet Island",FTRI01,"ICT",0.6068,,
2023,074,"Bouvet Island",FTRI02,"Skills",0.5235,,
2023,074,"Bouvet Island",FTRI03,"Research and Development",1,,
2023,074,"Bouvet Island",FTRI04,"Industry activity",0.8536,,
2023,074,"Bouvet Island",FTRI05,"Access to finance",0.9774,,
2023,076,"Brazil",FTRI00,"Overall index",0.7365,,
2023,076,"Brazil",FTRI01,"ICT",0.827,,
2023,076,"Brazil",FTRI02,"Skills",0.5463,,
2023,076,"Brazil",FTRI03,"Research and Development",0.6477,,
2023,076,"Brazil",FTRI04,"Industry activity",0.5956,,
2023,076,"Brazil",FTRI05,"Access to finance",0.8842,,
2023,080,"British Antarctic Territory",FTRI00,"Overall index",0.251,,
2023,080,"British Antarctic Territory",FTRI01,"ICT",0.4672,,
2023,080,"British Antarctic Territory",FTRI02,"Skills",0.1916,,
2023,080,"British Antarctic Territory",FTRI03,"Research and Development",0.1675,,
2023,080,"British Antarctic Territory",FTRI04,"Industry activity",0.22,,
2023,080,"British Antarctic Territory",FTRI05,"Access to finance",0.7761,,
2023,086,"British Indian Ocean Territory",FTRI00,"Overall index",0.3145,,
2023,086,"British Indian Ocean Territory",FTRI01,"ICT",0.4499,,
2023,086,"British Indian Ocean Territory",FTRI02,"Skills",0.3212,,
2023,086,"British Indian Ocean Territory",FTRI03,"Research and Development",0.1106,,
2023,086,"British Indian Ocean Territory",FTRI04,"Industry activity",0.5038,,
2023,086,"British Indian Ocean Territory",FTRI05,"Access to finance",0.7687,,
2023,092,"British Virgin Islands",FTRI00,"Overall index",0.7694,,
2023,092,"British Virgin Islands",FTRI01,"ICT",0.8714,,
2023,092,"British Virgin Islands",FTRI02,"Skills",0.7459,,
2023,092,"British Virgin Islands",FTRI03,"Research and Development",0.4331,,
2023,092,"British Virgin Islands",FTRI04,"Industry activity",0.7275,,
2023,092,"British Virgin Islands",FTRI05,"Access to finance",0.8656,,
2023,096,"Brunei Darussalam",FTRI00,"Overall index",0.4921,,
2023,096,"Brunei Darussalam",FTRI01,"ICT",0.7725,,
2023,096,"Brunei Darussalam",FTRI02,"Skills",0.5473,,
2023,096,"Brunei Darussalam",FTRI03,"Research and Development",0.2409,,
2023,096,"Brunei Darussalam",FTRI04,"Industry activity",0.2751,,
2023,096,"Brunei Darussalam",FTRI05,"Access to finance",0.8227,,
2023,100,"Bulgaria",FTRI00,"Overall index",0.6623,,
2023,100,"Bulgaria",FTRI01,"ICT",0.7487,,
2023,100,"Bulgaria",FTRI02,"Skills",0.5476,,
2023,100,"Bulgaria",FTRI03,"Research and Development",0.4598,,
2023,100,"Bulgaria",FTRI04,"Industry activity",0.6944,,
2023,100,"Bulgaria",FTRI05,"Access to finance",0.8421,,
2023,854,"Burkina Faso",FTRI00,"Overall index",0.2221,,
2023,854,"Burkina Faso",FTRI01,"ICT",0.3971,,
2023,854,"Burkina Faso",FTRI02,"Skills",0.0651,,
2023,854,"Burkina Faso",FTRI03,"Research and Development",0.1784,,
2023,854,"Burkina Faso",FTRI04,"Industry activity",0.2722,,
2023,854,"Burkina Faso",FTRI05,"Access to finance",0.8079,,
2023,108,"Burundi",FTRI00,"Overall index",0.0813,,
2023,108,"Burundi",FTRI01,"ICT",0,,
2023,108,"Burundi",FTRI02,"Skills",0.1498,,
2023,108,"Burundi",FTRI03,"Research and Development",0.0309,,
2023,108,"Burundi",FTRI04,"Industry activity",0.1868,,
2023,108,"Burundi",FTRI05,"Access to finance",0.8479,,
2023,132,"Cabo Verde",FTRI00,"Overall index",0.296,,
2023,132,"Cabo Verde",FTRI01,"ICT",0.5783,,
2023,132,"Cabo Verde",FTRI02,"Skills",0.3285,,
2023,132,"Cabo Verde",FTRI03,"Research and Development",0.0489,,
2023,132,"Cabo Verde",FTRI04,"Industry activity",0.1586,,
2023,132,"Cabo Verde",FTRI05,"Access to finance",0.8586,,
2023,116,"Cambodia",FTRI00,"Overall index",0.3865,,
2023,116,"Cambodia",FTRI01,"ICT",0.5484,,
2023,116,"Cambodia",FTRI02,"Skills",0.2377,,
2023,116,"Cambodia",FTRI03,"Research and Development",0.1916,,
2023,116,"Cambodia",FTRI04,"Industry activity",0.494,,
2023,116,"Cambodia",FTRI05,"Access to finance",0.9667,,
2023,120,"Cameroon",FTRI00,"Overall index",0.3016,,
2023,120,"Cameroon",FTRI01,"ICT",0.3103,,
2023,120,"Cameroon",FTRI02,"Skills",0.3562,,
2023,120,"Cameroon",FTRI03,"Research and Development",0.2413,,
2023,120,"Cameroon",FTRI04,"Industry activity",0.3575,,
2023,120,"Cameroon",FTRI05,"Access to finance",0.7326,,
2023,124,"Canada",FTRI00,"Overall index",0.8947,,
2023,124,"Canada",FTRI01,"ICT",0.9256,,
2023,124,"Canada",FTRI02,"Skills",0.7539,,
2023,124,"Canada",FTRI03,"Research and Development",0.719,,
2023,124,"Canada",FTRI04,"Industry activity",0.7088,,
2023,124,"Canada",FTRI05,"Access to finance",0.9355,,
2023,136,"Cayman Islands",FTRI00,"Overall index",0.7188,,
2023,136,"Cayman Islands",FTRI01,"ICT",0.8008,,
2023,136,"Cayman Islands",FTRI02,"Skills",0.4791,,
2023,136,"Cayman Islands",FTRI03,"Research and Development",0.5623,,
2023,136,"Cayman Islands",FTRI04,"Industry activity",0.8164,,
2023,136,"Cayman Islands",FTRI05,"Access to finance",0.9301,,
2023,140,"Central African Republic",FTRI00,"Overall index",0.2103,,
2023,140,"Central African Republic",FTRI01,"ICT",0.4323,,
2023,140,"Central African Republic",FTRI02,"Skills",0.1503,,
2023,140,"Central African Republic",FTRI03,"Research and Development",0.1068,,
2023,140,"Central African Republic",FTRI04,"Industry activity",0.2388,,
2023,140,"Central African Republic",FTRI05,"Access to finance",0.7772,,
2023,148,"Chad",FTRI00,"Overall index",0.0985,,
2023,148,"Chad",FTRI01,"ICT",0.0709,,
2023,148,"Chad",FTRI02,"Skills",0.0776,,
2023,148,"Chad",FTRI03,"Research and Development",0.1175,,
2023,148,"Chad",FTRI04,"Industry activity",0.3476,,
2023,148,"Chad",FTRI05,"Access to finance",0.717,,
2023,152,"Chile",FTRI00,"Overall index",0.6951,,
2023,152,"Chile",FTRI01,"ICT",0.8726,,
2023,152,"Chile",FTRI02,"Skills",0.6583,,
2023,152,"Chile",FTRI03,"Research and Development",0.5047,,
2023,152,"Chile",FTRI04,"Industry activity",0.3497,,
2023,152,"Chile",FTRI05,"Access to finance",0.9238,,
2023,156,"China",FTRI00,"Overall index",0.8393,,
2023,156,"China",FTRI01,"ICT",0.6068,,
2023,156,"China",FTRI02,"Skills",0.5235,,
2023,156,"China",FTRI03,"Research and Development",1,,
2023,156,"China",FTRI04,"Industry activity",0.8536,,
2023,156,"China",FTRI05,"Access to finance",0.9774,,
2023,344,"China, Hong Kong SAR",FTRI00,"Overall index",0.8901,,
2023,344,"China, Hong Kong SAR",FTRI01,"ICT",0.8731,,
2023,344,"China, Hong Kong SAR",FTRI02,"Skills",0.7796,,
2023,344,"China, Hong Kong SAR",FTRI03,"Research and Development",0.567,,
2023,344,"China, Hong Kong SAR",FTRI04,"Industry activity",0.9089,,
2023,344,"China, Hong Kong SAR",FTRI05,"Access to finance",1,,
2023,158,"China, Taiwan Province of",FTRI00,"Overall index",0.3282,,
2023,158,"China, Taiwan Province of",FTRI01,"ICT",0.3009,,
2023,158,"China, Taiwan Province of",FTRI02,"Skills",0.1372,,
2023,158,"China, Taiwan Province of",FTRI03,"Research and Development",0.4894,,
2023,158,"China, Taiwan Province of",FTRI04,"Industry activity",0.468,,
2023,158,"China, Taiwan Province of",FTRI05,"Access to finance",0.7173,,
2023,162,"Christmas Island",FTRI00,"Overall index",0.5068,,
2023,162,"Christmas Island",FTRI01,"ICT",0.7326,,
2023,162,"Christmas Island",FTRI02,"Skills",0.4417,,
2023,162,"Christmas Island",FTRI03,"Research and Development",0.4352,,
2023,162,"Christmas Island",FTRI04,"Industry activity",0.2311,,
2023,162,"Christmas Island",FTRI05,"Access to finance",0.8421,,
2023,166,"Cocos (Keeling) Islands",FTRI00,"Overall index",0.5534,,
2023,166,"Cocos (Keeling) Islands",FTRI01,"ICT",0.8274,,
2023,166,"Cocos (Keeling) Islands",FTRI02,"Skills",0.4377,,
2023,166,"Cocos (Keeling) Islands",FTRI03,"Research and Development",0.4287,,
2023,166,"Cocos (Keeling) Islands",FTRI04,"Industry activity",0.2783,,
2023,166,"Cocos (Keeling) Islands",FTRI05,"Access to finance",0.9163,,
2023,170,"Colombia",FTRI00,"Overall index",0.628,,
2023,170,"Colombia",FTRI01,"ICT",0.7373,,
2023,170,"Colombia",FTRI02,"Skills",0.623,,
2023,170,"Colombia",FTRI03,"Research and Development",0.5098,,
2023,170,"Colombia",FTRI04,"Industry activity",0.427,,
2023,170,"Colombia",FTRI05,"Access to finance",0.8357,,
2023,174,"Comoros",FTRI00,"Overall index",0.1692,,
2023,174,"Comoros",FTRI01,"ICT",0.2227,,
2023,174,"Comoros",FTRI02,"Skills",0.3218,,
2023,174,"Comoros",FTRI03,"Research and Development",0.0617,,
2023,174,"Comoros",FTRI04,"Industry activity",0.1594,,
2023,174,"Comoros",FTRI05,"Access to finance",0.7554,,
2023,178,"Congo",FTRI00,"Overall index",0.3111,,
2023,178,"Congo",FTRI01,"ICT",0.4376,,
2023,178,"Congo",FTRI02,"Skills",0.3216,,
2023,178,"Congo",FTRI03,"Research and Development",0.1106,,
2023,178,"Congo",FTRI04,"Industry activity",0.4338,,
2023,178,"Congo",FTRI05,"Access to finance",0.7306,,
2023,184,"Cook Islands",FTRI00,"Overall index",0.0191,,
2023,184,"Cook Islands",FTRI01,"ICT",0.0235,,
2023,184,"Cook Islands",FTRI02,"Skills",0,,
2023,184,"Cook Islands",FTRI03,"Research and Development",0,,
2023,184,"Cook Islands",FTRI04,"Industry activity",0.2367,,
2023,184,"Cook Islands",FTRI05,"Access to finance",0.643,,
2023,188,"Costa Rica",FTRI00,"Overall index",0.6054,,
2023,188,"Costa Rica",FTRI01,"ICT",0.7683,,
2023,188,"Costa Rica",FTRI02,"Skills",0.5537,,
2023,188,"Costa Rica",FTRI03,"Research and Development",0.2132,,
2023,188,"Costa Rica",FTRI04,"Industry activity",0.7066,,
2023,188,"Costa Rica",FTRI05,"Access to finance",0.8528,,
2023,384,"Cote d'Ivoire",FTRI00,"Overall index",0.251,,
2023,384,"Cote d'Ivoire",FTRI01,"ICT",0.4672,,
2023,384,"Cote d'Ivoire",FTRI02,"Skills",0.1916,,
2023,384,"Cote d'Ivoire",FTRI03,"Research and Development",0.1675,,
2023,384,"Cote d'Ivoire",FTRI04,"Industry activity",0.22,,
2023,384,"Cote d'Ivoire",FTRI05,"Access to finance",0.7761,,
2023,191,"Croatia",FTRI00,"Overall index",0.6156,,
2023,191,"Croatia",FTRI01,"ICT",0.7053,,
2023,191,"Croatia",FTRI02,"Skills",0.6389,,
2023,191,"Croatia",FTRI03,"Research and Development",0.3878,,
2023,191,"Croatia",FTRI04,"Industry activity",0.582,,
2023,191,"Croatia",FTRI05,"Access to finance",0.8471,,
2023,192,"Cuba",FTRI00,"Overall index",0.6808,,
2023,192,"Cuba",FTRI01,"ICT",0.8251,,
2023,192,"Cuba",FTRI02,"Skills",0.4663,,
2023,192,"Cuba",FTRI03,"Research and Development",0.5256,,
2023,192,"Cuba",FTRI04,"Industry activity",0.6662,,
2023,192,"Cuba",FTRI05,"Access to finance",0.9558,,
2023,196,"Cyprus",FTRI00,"Overall index",0.7368,,
2023,196,"Cyprus",FTRI01,"ICT",0.7862,,
2023,196,"Cyprus",FTRI02,"Skills",0.6943,,
2023,196,"Cyprus",FTRI03,"Research and Development",0.4577,,
2023,196,"Cyprus",FTRI04,"Industry activity",0.6856,,
2023,196,"Cyprus",FTRI05,"Access to finance",0.8765,,
2023,203,"Czechia",FTRI00,"Overall index",0.7649,,
2023,203,"Czechia",FTRI01,"ICT",0.7818,,
2023,203,"Czechia",FTRI02,"Skills",0.7066,,
2023,203,"Czechia",FTRI03,"Research and Development",0.5433,,
2023,203,"Czechia",FTRI04,"Industry activity",0.784,,
2023,203,"Czechia",FTRI05,"Access to finance",0.8503,,
2023,180,"Dem. Rep. of the Congo",FTRI00,"Overall index",0.1096,,
2023,180,"Dem. Rep. of the Congo",FTRI01,"ICT",0.2387,,
2023,180,"Dem. Rep. of the Congo",FTRI02,"Skills",0.1973,,
2023,180,"Dem. Rep. of the Congo",FTRI03,"Research and Development",0.1642,,
2023,180,"Dem. Rep. of the Congo",FTRI04,"Industry activity",0.0264,,
2023,180,"Dem. Rep. of the Congo",FTRI05,"Access to finance",0.6703,,
2023,208,"Denmark",FTRI00,"Overall index",0.8592,,
2023,208,"Denmark",FTRI01,"ICT",0.8228,,
2023,208,"Denmark",FTRI02,"Skills",0.8842,,
2023,208,"Denmark",FTRI03,"Research and Development",0.6164,,
2023,208,"Denmark",FTRI04,"Industry activity",0.7145,,
2023,208,"Denmark",FTRI05,"Access to finance",0.9516,,
2023,262,"Djibouti",FTRI00,"Overall index",0.3145,,
2023,262,"Djibouti",FTRI01,"ICT",0.4499,,
2023,262,"Djibouti",FTRI02,"Skills",0.3212,,
2023,262,"Djibouti",FTRI03,"Research and Development",0.1106,,
2023,262,"Djibouti",FTRI04,"Industry activity",0.5038,,
2023,262,"Djibouti",FTRI05,"Access to finance",0.7687,,
2023,214,"Dominican Republic",FTRI00,"Overall index",0.4114,,
2023,214,"Dominican Republic",FTRI01,"ICT",0.6768,,
2023,214,"Dominican Republic",FTRI02,"Skills",0.3956,,
2023,214,"Dominican Republic",FTRI03,"Research and Development",0.1261,,
2023,214,"Dominican Republic",FTRI04,"Industry activity",0.4727,,
2023,214,"Dominican Republic",FTRI05,"Access to finance",0.8049,,
2023,218,"Ecuador",FTRI00,"Overall index",0.4393,,
2023,218,"Ecuador",FTRI01,"ICT",0.6763,,
2023,218,"Ecuador",FTRI02,"Skills",0.4244,,
2023,218,"Ecuador",FTRI03,"Research and Development",0.2931,,
2023,218,"Ecuador",FTRI04,"Industry activity",0.2367,,
2023,218,"Ecuador",FTRI05,"Access to finance",0.8605,,
2023,818,"Egypt",FTRI00,"Overall index",0.4866,,
2023,818,"Egypt",FTRI01,"ICT",0.5598,,
2023,818,"Egypt",FTRI02,"Skills",0.4305,,
2023,818,"Egypt",FTRI03,"Research and Development",0.4887,,
2023,818,"Egypt",FTRI04,"Industry activity",0.4311,,
2023,818,"Egypt",FTRI05,"Access to finance",0.8007,,
2023,222,"El Salvador",FTRI00,"Overall index",0.4079,,
2023,222,"El Salvador",FTRI01,"ICT",0.6275,,
2023,222,"El Salvador",FTRI02,"Skills",0.3234,,
2023,222,"El Salvador",FTRI03,"Research and Development",0.1433,,
2023,222,"El Salvador",FTRI04,"Industry activity",0.4997,,
2023,222,"El Salvador",FTRI05,"Access to finance",0.8702,,
2023,226,"Equatorial Guinea",FTRI00,"Overall index",0.1441,,
2023,226,"Equatorial Guinea",FTRI01,"ICT",0.3938,,
2023,226,"Equatorial Guinea",FTRI02,"Skills",0.3007,,
2023,226,"Equatorial Guinea",FTRI03,"Research and Development",0,,
2023,226,"Equatorial Guinea",FTRI04,"Industry activity",0.0157,,
2023,226,"Equatorial Guinea",FTRI05,"Access to finance",0.6533,,
2023,233,"Estonia",FTRI00,"Overall index",0.7694,,
2023,233,"Estonia",FTRI01,"ICT",0.8714,,
2023,233,"Estonia",FTRI02,"Skills",0.7459,,
2023,233,"Estonia",FTRI03,"Research and Development",0.4331,,
2023,233,"Estonia",FTRI04,"Industry activity",0.7275,,
2023,233,"Estonia",FTRI05,"Access to finance",0.8656,,
2023,748,"Eswatini",FTRI00,"Overall index",0.3432,,
2023,748,"Eswatini",FTRI01,"ICT",0.4476,,
2023,748,"Eswatini",FTRI02,"Skills",0.4842,,
2023,748,"Eswatini",FTRI03,"Research and Development",0.0617,,
2023,748,"Eswatini",FTRI04,"Industry activity",0.3924,,
2023,748,"Eswatini",FTRI05,"Access to finance",0.7717,,
2023,231,"Ethiopia",FTRI00,"Overall index",0.2113,,
2023,231,"Ethiopia",FTRI01,"ICT",0.1259,,
2023,231,"Ethiopia",FTRI02,"Skills",0.1604,,
2023,231,"Ethiopia",FTRI03,"Research and Development",0.4353,,
2023,231,"Ethiopia",FTRI04,"Industry activity",0.2688,,
2023,231,"Ethiopia",FTRI05,"Access to finance",0.7539,,
2023,242,"Fiji",FTRI00,"Overall index",0.4277,,
2023,242,"Fiji",FTRI01,"ICT",0.641,,
2023,242,"Fiji",FTRI02,"Skills",0.4509,,
2023,242,"Fiji",FTRI03,"Research and Development",0.1784,,
2023,242,"Fiji",FTRI04,"Industry activity",0.295,,
2023,242,"Fiji",FTRI05,"Access to finance",0.927,,
2023,246,"Finland",FTRI00,"Overall index",0.8981,,
2023,246,"Finland",FTRI01,"ICT",0.8358,,
2023,246,"Finland",FTRI02,"Skills",0.8886,,
2023,246,"Finland",FTRI03,"Research and Development",0.6148,,
2023,246,"Finland",FTRI04,"Industry activity",0.8035,,
2023,246,"Finland",FTRI05,"Access to finance",0.9072,,
2023,250,"France",FTRI00,"Overall index",0.9028,,
2023,250,"France",FTRI01,"ICT",0.9194,,
2023,250,"France",FTRI02,"Skills",0.7646,,
2023,250,"France",FTRI03,"Research and Development",0.73,,
2023,250,"France",FTRI04,"Industry activity",0.7644,,
2023,250,"France",FTRI05,"Access to finance",0.9271,,
2023,266,"Gabon",FTRI00,"Overall index",0.3193,,
2023,266,"Gabon",FTRI01,"ICT",0.5809,,
2023,266,"Gabon",FTRI02,"Skills",0.3496,,
2023,266,"Gabon",FTRI03,"Research and Development",0.1557,,
2023,266,"Gabon",FTRI04,"Industry activity",0.2618,,
2023,266,"Gabon",FTRI05,"Access to finance",0.7278,,
2023,270,"Gambia",FTRI00,"Overall index",0.1666,,
2023,270,"Gambia",FTRI01,"ICT",0.3979,,
2023,270,"Gambia",FTRI02,"Skills",0.1752,,
2023,270,"Gambia",FTRI03,"Research and Development",0.0926,,
2023,270,"Gambia",FTRI04,"Industry activity",0.2243,,
2023,270,"Gambia",FTRI05,"Access to finance",0.6898,,
2023,268,"Georgia",FTRI00,"Overall index",0.5142,,
2023,268,"Georgia",FTRI01,"ICT",0.6639,,
2023,268,"Georgia",FTRI02,"Skills",0.6015,,
2023,268,"Georgia",FTRI03,"Research and Development",0.2027,,
2023,268,"Georgia",FTRI04,"Industry activity",0.4296,,
2023,268,"Georgia",FTRI05,"Access to finance",0.8774,,
2023,276,"Germany",FTRI00,"Overall index",0.9251,,
2023,276,"Germany",FTRI01,"ICT",0.8632,,
2023,276,"Germany",FTRI02,"Skills",0.7994,,
2023,276,"Germany",FTRI03,"Research and Development",0.7988,,
2023,276,"Germany",FTRI04,"Industry activity",0.8207,,
2023,276,"Germany",FTRI05,"Access to finance",0.8984,,
2023,288,"Ghana",FTRI00,"Overall index",0.3959,,
2023,288,"Ghana",FTRI01,"ICT",0.5787,,
2023,288,"Ghana",FTRI02,"Skills",0.3045,,
2023,288,"Ghana",FTRI03,"Research and Development",0.2629,,
2023,288,"Ghana",FTRI04,"Industry activity",0.4045,,
2023,288,"Ghana",FTRI05,"Access to finance",0.7003,,
2023,300,"Greece",FTRI00,"Overall index",0.7248,,
2023,300,"Greece",FTRI01,"ICT",0.7951,,
2023,300,"Greece",FTRI02,"Skills",0.7934,,
2023,300,"Greece",FTRI03,"Research and Development",0.5294,,
2023,300,"Greece",FTRI04,"Industry activity",0.5495,,
2023,300,"Greece",FTRI05,"Access to finance",0.8511,,
2023,320,"Guatemala",FTRI00,"Overall index",0.3653,,
2023,320,"Guatemala",FTRI01,"ICT",0.5911,,
2023,320,"Guatemala",FTRI02,"Skills",0.2457,,
2023,320,"Guatemala",FTRI03,"Research and Development",0.1415,,
2023,320,"Guatemala",FTRI04,"Industry activity",0.4631,,
2023,320,"Guatemala",FTRI05,"Access to finance",0.8251,,
2023,324,"Guinea",FTRI00,"Overall index",0.1921,,
2023,324,"Guinea",FTRI01,"ICT",0.3615,,
2023,324,"Guinea",FTRI02,"Skills",0.1979,,
2023,324,"Guinea",FTRI03,"Research and Development",0.1234,,
2023,324,"Guinea",FTRI04,"Industry activity",0.2074,,
2023,324,"Guinea",FTRI05,"Access to finance",0.6931,,
2023,624,"Guinea-Bissau",FTRI00,"Overall index",0.1519,,
2023,624,"Guinea-Bissau",FTRI01,"ICT",0.2853,,
2023,624,"Guinea-Bissau",FTRI02,"Skills",0.2017,,
2023,624,"Guinea-Bissau",FTRI03,"Research and Development",0,,
2023,624,"Guinea-Bissau",FTRI04,"Industry activity",0.1847,,
2023,624,"Guinea-Bissau",FTRI05,"Access to finance",0.7366,,
2023,328,"Guyana",FTRI00,"Overall index",0.42,,
2023,328,"Guyana",FTRI01,"ICT",0.7343,,
2023,328,"Guyana",FTRI02,"Skills",0.4117,,
2023,328,"Guyana",FTRI03,"Research and Development",0.0866,,
2023,328,"Guyana",FTRI04,"Industry activity",0.3243,,
2023,328,"Guyana",FTRI05,"Access to finance",0.7657,,
2023,332,"Haiti",FTRI00,"Overall index",0.1914,,
2023,332,"Haiti",FTRI01,"ICT",0.4218,,
2023,332,"Haiti",FTRI02,"Skills",0.2424,,
2023,332,"Haiti",FTRI03,"Research and Development",0.0309,,
2023,332,"Haiti",FTRI04,"Industry activity",0.2912,,
2023,332,"Haiti",FTRI05,"Access to finance",0.6391,,
2023,340,"Honduras",FTRI00,"Overall index",0.323,,
2023,340,"Honduras",FTRI01,"ICT",0.576,,
2023,340,"Honduras",FTRI02,"Skills",0.2296,,
2023,340,"Honduras",FTRI03,"Research and Development",0.1714,,
2023,340,"Honduras",FTRI04,"Industry activity",0.2463,,
2023,340,"Honduras",FTRI05,"Access to finance",0.8892,,
2023,348,"Hungary",FTRI00,"Overall index",0.7278,,
2023,348,"Hungary",FTRI01,"ICT",0.8315,,
2023,348,"Hungary",FTRI02,"Skills",0.645,,
2023,348,"Hungary",FTRI03,"Research and Development",0.4833,,
2023,348,"Hungary",FTRI04,"Industry activity",0.7839,,
2023,348,"Hungary",FTRI05,"Access to finance",0.812,,
2023,352,"Iceland",FTRI00,"Overall index",0.7695,,
2023,352,"Iceland",FTRI01,"ICT",1,,
2023,352,"Iceland",FTRI02,"Skills",0.9153,,
2023,352,"Iceland",FTRI03,"Research and Development",0.3192,,
2023,352,"Iceland",FTRI04,"Industry activity",0.4457,,
2023,352,"Iceland",FTRI05,"Access to finance",0.906,,
2023,356,"India",FTRI00,"Overall index",0.7388,,
2023,356,"India",FTRI01,"ICT",0.6194,,
2023,356,"India",FTRI02,"Skills",0.3712,,
2023,356,"India",FTRI03,"Research and Development",0.8706,,
2023,356,"India",FTRI04,"Industry activity",0.8234,,
2023,356,"India",FTRI05,"Access to finance",0.851,,
2023,360,"Indonesia",FTRI00,"Overall index",0.5253,,
2023,360,"Indonesia",FTRI01,"ICT",0.5935,,
2023,360,"Indonesia",FTRI02,"Skills",0.3748,,
2023,360,"Indonesia",FTRI03,"Research and Development",0.461,,
2023,360,"Indonesia",FTRI04,"Industry activity",0.5986,,
2023,360,"Indonesia",FTRI05,"Access to finance",0.8201,,
2023,364,"Iran (Islamic Republic of)",FTRI00,"Overall index",0.5442,,
2023,364,"Iran (Islamic Republic of)",FTRI01,"ICT",0.6307,,
2023,364,"Iran (Islamic Republic of)",FTRI02,"Skills",0.4585,,
2023,364,"Iran (Islamic Republic of)",FTRI03,"Research and Development",0.5346,,
2023,364,"Iran (Islamic Republic of)",FTRI04,"Industry activity",0.3997,,
2023,364,"Iran (Islamic Republic of)",FTRI05,"Access to finance",0.8682,,
2023,368,"Iraq",FTRI00,"Overall index",0.3622,,
2023,368,"Iraq",FTRI01,"ICT",0.5761,,
2023,368,"Iraq",FTRI02,"Skills",0.4017,,
2023,368,"Iraq",FTRI03,"Research and Development",0.4288,,
2023,368,"Iraq",FTRI04,"Industry activity",0.0051,,
2023,368,"Iraq",FTRI05,"Access to finance",0.7283,,
2023,372,"Ireland",FTRI00,"Overall index",0.9095,,
2023,372,"Ireland",FTRI01,"ICT",0.8631,,
2023,372,"Ireland",FTRI02,"Skills",0.8791,,
2023,372,"Ireland",FTRI03,"Research and Development",0.5842,,
2023,372,"Ireland",FTRI04,"Industry activity",1,,
2023,372,"Ireland",FTRI05,"Access to finance",0.7906,,
2023,376,"Israel",FTRI00,"Overall index",0.886,,
2023,376,"Israel",FTRI01,"ICT",0.8518,,
2023,376,"Israel",FTRI02,"Skills",0.8006,,
2023,376,"Israel",FTRI03,"Research and Development",0.6193,,
2023,376,"Israel",FTRI04,"Industry activity",0.8766,,
2023,376,"Israel",FTRI05,"Access to finance",0.8819,,
2023,380,"Italy",FTRI00,"Overall index",0.8109,,
2023,380,"Italy",FTRI01,"ICT",0.8097,,
2023,380,"Italy",FTRI02,"Skills",0.6856,,
2023,380,"Italy",FTRI03,"Research and Development",0.7154,,
2023,380,"Italy",FTRI04,"Industry activity",0.7212,,
2023,380,"Italy",FTRI05,"Access to finance",0.8748,,
2023,388,"Jamaica",FTRI00,"Overall index",0.4037,,
2023,388,"Jamaica",FTRI01,"ICT",0.775,,
2023,388,"Jamaica",FTRI02,"Skills",0.4155,,
2023,388,"Jamaica",FTRI03,"Research and Development",0.1234,,
2023,388,"Jamaica",FTRI04,"Industry activity",0.1791,,
2023,388,"Jamaica",FTRI05,"Access to finance",0.8491,,
2023,392,"Japan",FTRI00,"Overall index",0.8436,,
2023,392,"Japan",FTRI01,"ICT",0.891,,
2023,392,"Japan",FTRI02,"Skills",0.5296,,
2023,392,"Japan",FTRI03,"Research and Development",0.7519,,
2023,392,"Japan",FTRI04,"Industry activity",0.7844,,
2023,392,"Japan",FTRI05,"Access to finance",0.9769,,
2023,400,"Jordan",FTRI00,"Overall index",0.5557,,
2023,400,"Jordan",FTRI01,"ICT",0.7563,,
2023,400,"Jordan",FTRI02,"Skills",0.4213,,
2023,400,"Jordan",FTRI03,"Research and Development",0.4389,,
2023,400,"Jordan",FTRI04,"Industry activity",0.4754,,
2023,400,"Jordan",FTRI05,"Access to finance",0.8971,,
2023,398,"Kazakhstan",FTRI00,"Overall index",0.5813,,
2023,398,"Kazakhstan",FTRI01,"ICT",0.6548,,
2023,398,"Kazakhstan",FTRI02,"Skills",0.6325,,
2023,398,"Kazakhstan",FTRI03,"Research and Development",0.3761,,
2023,398,"Kazakhstan",FTRI04,"Industry activity",0.5783,,
2023,398,"Kazakhstan",FTRI05,"Access to finance",0.7901,,
2023,404,"Kenya",FTRI00,"Overall index",0.3714,,
2023,404,"Kenya",FTRI01,"ICT",0.45,,
2023,404,"Kenya",FTRI02,"Skills",0.2994,,
2023,404,"Kenya",FTRI03,"Research and Development",0.2611,,
2023,404,"Kenya",FTRI04,"Industry activity",0.4853,,
2023,404,"Kenya",FTRI05,"Access to finance",0.8086,,
2023,414,"Kuwait",FTRI00,"Overall index",0.6268,,
2023,414,"Kuwait",FTRI01,"ICT",0.8026,,
2023,414,"Kuwait",FTRI02,"Skills",0.5624,,
2023,414,"Kuwait",FTRI03,"Research and Development",0.264,,
2023,414,"Kuwait",FTRI04,"Industry activity",0.5971,,
2023,414,"Kuwait",FTRI05,"Access to finance",0.909,,
2023,417,"Kyrgyzstan",FTRI00,"Overall index",0.3866,,
2023,417,"Kyrgyzstan",FTRI01,"ICT",0.6497,,
2023,417,"Kyrgyzstan",FTRI02,"Skills",0.3973,,
2023,417,"Kyrgyzstan",FTRI03,"Research and Development",0.1642,,
2023,417,"Kyrgyzstan",FTRI04,"Industry activity",0.3471,,
2023,417,"Kyrgyzstan",FTRI05,"Access to finance",0.7727,,
2023,418,"Lao People's Dem. Rep.",FTRI00,"Overall index",0.325,,
2023,418,"Lao People's Dem. Rep.",FTRI01,"ICT",0.6066,,
2023,418,"Lao People's Dem. Rep.",FTRI02,"Skills",0.2543,,
2023,418,"Lao People's Dem. Rep.",FTRI03,"Research and Development",0.0926,,
2023,418,"Lao People's Dem. Rep.",FTRI04,"Industry activity",0.4548,,
2023,418,"Lao People's Dem. Rep.",FTRI05,"Access to finance",0.7695,,
2023,428,"Latvia",FTRI00,"Overall index",0.7197,,
2023,428,"Latvia",FTRI01,"ICT",0.8394,,
2023,428,"Latvia",FTRI02,"Skills",0.7556,,
2023,428,"Latvia",FTRI03,"Research and Development",0.3967,,
2023,428,"Latvia",FTRI04,"Industry activity",0.6791,,
2023,428,"Latvia",FTRI05,"Access to finance",0.7967,,
2023,422,"Lebanon",FTRI00,"Overall index",0.5165,,
2023,422,"Lebanon",FTRI01,"ICT",0.5676,,
2023,422,"Lebanon",FTRI02,"Skills",0.4448,,
2023,422,"Lebanon",FTRI03,"Research and Development",0.3788,,
2023,422,"Lebanon",FTRI04,"Industry activity",0.5094,,
2023,422,"Lebanon",FTRI05,"Access to finance",0.9213,,
2023,426,"Lesotho",FTRI00,"Overall index",0.2474,,
2023,426,"Lesotho",FTRI01,"ICT",0.4776,,
2023,426,"Lesotho",FTRI02,"Skills",0.2759,,
2023,426,"Lesotho",FTRI03,"Research and Development",0.0926,,
2023,426,"Lesotho",FTRI04,"Industry activity",0.1899,,
2023,426,"Lesotho",FTRI05,"Access to finance",0.7888,,
2023,430,"Liberia",FTRI00,"Overall index",0.2113,,
2023,430,"Liberia",FTRI01,"ICT",0.2851,,
2023,430,"Liberia",FTRI02,"Skills",0.2442,,
2023,430,"Liberia",FTRI03,"Research and Development",0.1355,,
2023,430,"Liberia",FTRI04,"Industry activity",0.1969,,
2023,430,"Liberia",FTRI05,"Access to finance",0.7371,,
2023,434,"Libya",FTRI00,"Overall index",0.4459,,
2023,434,"Libya",FTRI01,"ICT",0.5591,,
2023,434,"Libya",FTRI02,"Skills",0.5114,,
2023,434,"Libya",FTRI03,"Research and Development",0.2164,,
2023,434,"Libya",FTRI04,"Industry activity",0.3313,,
2023,434,"Libya",FTRI05,"Access to finance",0.7066,,
2023,440,"Lithuania",FTRI00,"Overall index",0.7251,,
2023,440,"Lithuania",FTRI01,"ICT",0.8599,,
2023,440,"Lithuania",FTRI02,"Skills",0.7617,,
2023,440,"Lithuania",FTRI03,"Research and Development",0.4179,,
2023,440,"Lithuania",FTRI04,"Industry activity",0.6299,,
2023,440,"Lithuania",FTRI05,"Access to finance",0.8181,,
2023,442,"Luxembourg",FTRI00,"Overall index",0.8686,,
2023,442,"Luxembourg",FTRI01,"ICT",0.9591,,
2023,442,"Luxembourg",FTRI02,"Skills",0.8278,,
2023,442,"Luxembourg",FTRI03,"Research and Development",0.4726,,
2023,442,"Luxembourg",FTRI04,"Industry activity",0.7155,,
2023,442,"Luxembourg",FTRI05,"Access to finance",0.912,,
2023,450,"Madagascar",FTRI00,"Overall index",0.2015,,
2023,450,"Madagascar",FTRI01,"ICT",0.3412,,
2023,450,"Madagascar",FTRI02,"Skills",0.1264,,
2023,450,"Madagascar",FTRI03,"Research and Development",0.1142,,
2023,450,"Madagascar",FTRI04,"Industry activity",0.3144,,
2023,450,"Madagascar",FTRI05,"Access to finance",0.7498,,
2023,454,"Malawi",FTRI00,"Overall index",0.1887,,
2023,454,"Malawi",FTRI01,"ICT",0.2051,,
2023,454,"Malawi",FTRI02,"Skills",0.2261,,
2023,454,"Malawi",FTRI03,"Research and Development",0.1583,,
2023,454,"Malawi",FTRI04,"Industry activity",0.3339,,
2023,454,"Malawi",FTRI05,"Access to finance",0.672,,
2023,458,"Malaysia",FTRI00,"Overall index",0.7188,,
2023,458,"Malaysia",FTRI01,"ICT",0.8008,,
2023,458,"Malaysia",FTRI02,"Skills",0.4791,,
2023,458,"Malaysia",FTRI03,"Research and Development",0.5623,,
2023,458,"Malaysia",FTRI04,"Industry activity",0.8164,,
2023,458,"Malaysia",FTRI05,"Access to finance",0.9301,,
2023,462,"Maldives",FTRI00,"Overall index",0.4134,,
2023,462,"Maldives",FTRI01,"ICT",0.6245,,
2023,462,"Maldives",FTRI02,"Skills",0.525,,
2023,462,"Maldives",FTRI03,"Research and Development",0.1025,,
2023,462,"Maldives",FTRI04,"Industry activity",0.3688,,
2023,462,"Maldives",FTRI05,"Access to finance",0.8199,,
2023,466,"Mali",FTRI00,"Overall index",0.2099,,
2023,466,"Mali",FTRI01,"ICT",0.3418,,
2023,466,"Mali",FTRI02,"Skills",0.037,,
2023,466,"Mali",FTRI03,"Research and Development",0.1142,,
2023,466,"Mali",FTRI04,"Industry activity",0.4451,,
2023,466,"Mali",FTRI05,"Access to finance",0.7951,,
2023,470,"Malta",FTRI00,"Overall index",0.796,,
2023,470,"Malta",FTRI01,"ICT",0.9094,,
2023,470,"Malta",FTRI02,"Skills",0.7333,,
2023,470,"Malta",FTRI03,"Research and Development",0.3701,,
2023,470,"Malta",FTRI04,"Industry activity",0.8438,,
2023,470,"Malta",FTRI05,"Access to finance",0.8811,,
2023,478,"Mauritania",FTRI00,"Overall index",0.2103,,
2023,478,"Mauritania",FTRI01,"ICT",0.4323,,
2023,478,"Mauritania",FTRI02,"Skills",0.1503,,
2023,478,"Mauritania",FTRI03,"Research and Development",0.1068,,
2023,478,"Mauritania",FTRI04,"Industry activity",0.2388,,
2023,478,"Mauritania",FTRI05,"Access to finance",0.7772,,
2023,480,"Mauritius",FTRI00,"Overall index",0.5319,,
2023,480,"Mauritius",FTRI01,"ICT",0.6985,,
2023,480,"Mauritius",FTRI02,"Skills",0.5059,,
2023,480,"Mauritius",FTRI03,"Research and Development",0.2743,,
2023,480,"Mauritius",FTRI04,"Industry activity",0.4547,,
2023,480,"Mauritius",FTRI05,"Access to finance",0.8798,,
2023,175,"Mayotte",FTRI00,"Overall index",0.6669,,
2023,175,"Mayotte",FTRI01,"ICT",0.7762,,
2023,175,"Mayotte",FTRI02,"Skills",0.6905,,
2023,175,"Mayotte",FTRI03,"Research and Development",0.6396,,
2023,175,"Mayotte",FTRI04,"Industry activity",0.2867,,
2023,175,"Mayotte",FTRI05,"Access to finance",0.8543,,
2023,484,"Mexico",FTRI00,"Overall index",0.6288,,
2023,484,"Mexico",FTRI01,"ICT",0.7373,,
2023,484,"Mexico",FTRI02,"Skills",0.472,,
2023,484,"Mexico",FTRI03,"Research and Development",0.5363,,
2023,484,"Mexico",FTRI04,"Industry activity",0.6804,,
2023,484,"Mexico",FTRI05,"Access to finance",0.8129,,
2023,496,"Mongolia",FTRI00,"Overall index",0.4241,,
2023,496,"Mongolia",FTRI01,"ICT",0.6557,,
2023,496,"Mongolia",FTRI02,"Skills",0.5199,,
2023,496,"Mongolia",FTRI03,"Research and Development",0.1916,,
2023,496,"Mongolia",FTRI04,"Industry activity",0.2063,,
2023,496,"Mongolia",FTRI05,"Access to finance",0.8287,,
2023,499,"Montenegro",FTRI00,"Overall index",0.5455,,
2023,499,"Montenegro",FTRI01,"ICT",0.7943,,
2023,499,"Montenegro",FTRI02,"Skills",0.6312,,
2023,499,"Montenegro",FTRI03,"Research and Development",0.1543,,
2023,499,"Montenegro",FTRI04,"Industry activity",0.4547,,
2023,499,"Montenegro",FTRI05,"Access to finance",0.8383,,
2023,504,"Morocco",FTRI00,"Overall index",0.5629,,
2023,504,"Morocco",FTRI01,"ICT",0.673,,
2023,504,"Morocco",FTRI02,"Skills",0.3735,,
2023,504,"Morocco",FTRI03,"Research and Development",0.4977,,
2023,504,"Morocco",FTRI04,"Industry activity",0.5614,,
2023,504,"Morocco",FTRI05,"Access to finance",0.8985,,
2023,508,"Mozambique",FTRI00,"Overall index",0.1629,,
2023,508,"Mozambique",FTRI01,"ICT",0.2782,,
2023,508,"Mozambique",FTRI02,"Skills",0.1895,,
2023,508,"Mozambique",FTRI03,"Research and Development",0.1529,,
2023,508,"Mozambique",FTRI04,"Industry activity",0.1484,,
2023,508,"Mozambique",FTRI05,"Access to finance",0.7596,,
2023,104,"Myanmar",FTRI00,"Overall index",0.3128,,
2023,104,"Myanmar",FTRI01,"ICT",0.4313,,
2023,104,"Myanmar",FTRI02,"Skills",0.2522,,
2023,104,"Myanmar",FTRI03,"Research and Development",0.1675,,
2023,104,"Myanmar",FTRI04,"Industry activity",0.494,,
2023,104,"Myanmar",FTRI05,"Access to finance",0.7999,,
2023,516,"Namibia",FTRI00,"Overall index",0.4302,,
2023,516,"Namibia",FTRI01,"ICT",0.5356,,
2023,516,"Namibia",FTRI02,"Skills",0.3611,,
2023,516,"Namibia",FTRI03,"Research and Development",0.1823,,
2023,516,"Namibia",FTRI04,"Industry activity",0.6039,,
2023,516,"Namibia",FTRI05,"Access to finance",0.8693,,
2023,524,"Nepal",FTRI00,"Overall index",0.4235,,
2023,524,"Nepal",FTRI01,"ICT",0.5512,,
2023,524,"Nepal",FTRI02,"Skills",0.3551,,
2023,524,"Nepal",FTRI03,"Research and Development",0.2387,,
2023,524,"Nepal",FTRI04,"Industry activity",0.3813,,
2023,524,"Nepal",FTRI05,"Access to finance",0.9074,,
2023,528,"Netherlands (Kingdom of the)",FTRI00,"Overall index",0.9532,,
2023,528,"Netherlands (Kingdom of the)",FTRI01,"ICT",0.9385,,
2023,528,"Netherlands (Kingdom of the)",FTRI02,"Skills",0.9097,,
2023,528,"Netherlands (Kingdom of the)",FTRI03,"Research and Development",0.6785,,
2023,528,"Netherlands (Kingdom of the)",FTRI04,"Industry activity",0.8231,,
2023,528,"Netherlands (Kingdom of the)",FTRI05,"Access to finance",0.9021,,
2023,554,"New Zealand",FTRI00,"Overall index",0.8187,,
2023,554,"New Zealand",FTRI01,"ICT",0.8913,,
2023,554,"New Zealand",FTRI02,"Skills",0.9198,,
2023,554,"New Zealand",FTRI03,"Research and Development",0.4955,,
2023,554,"New Zealand",FTRI04,"Industry activity",0.52,,
2023,554,"New Zealand",FTRI05,"Access to finance",0.948,,
2023,558,"Nicaragua",FTRI00,"Overall index",0.3291,,
2023,558,"Nicaragua",FTRI01,"ICT",0.6285,,
2023,558,"Nicaragua",FTRI02,"Skills",0.3539,,
2023,558,"Nicaragua",FTRI03,"Research and Development",0,,
2023,558,"Nicaragua",FTRI04,"Industry activity",0.3125,,
2023,558,"Nicaragua",FTRI05,"Access to finance",0.803,,
2023,562,"Niger",FTRI00,"Overall index",0.1751,,
2023,562,"Niger",FTRI01,"ICT",0.1437,,
2023,562,"Niger",FTRI02,"Skills",0.1436,,
2023,562,"Niger",FTRI03,"Research and Development",0.1068,,
2023,562,"Niger",FTRI04,"Industry activity",0.5157,,
2023,562,"Niger",FTRI05,"Access to finance",0.7095,,
2023,566,"Nigeria",FTRI00,"Overall index",0.3932,,
2023,566,"Nigeria",FTRI01,"ICT",0.4749,,
2023,566,"Nigeria",FTRI02,"Skills",0.4134,,
2023,566,"Nigeria",FTRI03,"Research and Development",0.4446,,
2023,566,"Nigeria",FTRI04,"Industry activity",0.175,,
2023,566,"Nigeria",FTRI05,"Access to finance",0.7248,,
2023,807,"North Macedonia",FTRI00,"Overall index",0.6023,,
2023,807,"North Macedonia",FTRI01,"ICT",0.8613,,
2023,807,"North Macedonia",FTRI02,"Skills",0.5175,,
2023,807,"North Macedonia",FTRI03,"Research and Development",0.2116,,
2023,807,"North Macedonia",FTRI04,"Industry activity",0.626,,
2023,807,"North Macedonia",FTRI05,"Access to finance",0.8611,,
2023,578,"Norway",FTRI00,"Overall index",0.8617,,
2023,578,"Norway",FTRI01,"ICT",0.9047,,
2023,578,"Norway",FTRI02,"Skills",0.9042,,
2023,578,"Norway",FTRI03,"Research and Development",0.5885,,
2023,578,"Norway",FTRI04,"Industry activity",0.5775,,
2023,578,"Norway",FTRI05,"Access to finance",0.9375,,
2023,512,"Oman",FTRI00,"Overall index",0.5513,,
2023,512,"Oman",FTRI01,"ICT",0.7651,,
2023,512,"Oman",FTRI02,"Skills",0.4149,,
2023,512,"Oman",FTRI03,"Research and Development",0.443,,
2023,512,"Oman",FTRI04,"Industry activity",0.4304,,
2023,512,"Oman",FTRI05,"Access to finance",0.8656,,
2023,586,"Pakistan",FTRI00,"Overall index",0.3282,,
2023,586,"Pakistan",FTRI01,"ICT",0.3009,,
2023,586,"Pakistan",FTRI02,"Skills",0.1372,,
2023,586,"Pakistan",FTRI03,"Research and Development",0.4894,,
2023,586,"Pakistan",FTRI04,"Industry activity",0.468,,
2023,586,"Pakistan",FTRI05,"Access to finance",0.7173,,
2023,591,"Panama",FTRI00,"Overall index",0.5203,,
2023,591,"Panama",FTRI01,"ICT",0.7666,,
2023,591,"Panama",FTRI02,"Skills",0.4454,,
2023,591,"Panama",FTRI03,"Research and Development",0.2437,,
2023,591,"Panama",FTRI04,"Industry activity",0.4452,,
2023,591,"Panama",FTRI05,"Access to finance",0.9154,,
2023,598,"Papua New Guinea",FTRI00,"Overall index",0.2188,,
2023,598,"Papua New Guinea",FTRI01,"ICT",0.3096,,
2023,598,"Papua New Guinea",FTRI02,"Skills",0.2823,,
2023,598,"Papua New Guinea",FTRI03,"Research and Development",0.1543,,
2023,598,"Papua New Guinea",FTRI04,"Industry activity",0.2118,,
2023,598,"Papua New Guinea",FTRI05,"Access to finance",0.7468,,
2023,600,"Paraguay",FTRI00,"Overall index",0.4258,,
2023,600,"Paraguay",FTRI01,"ICT",0.7482,,
2023,600,"Paraguay",FTRI02,"Skills",0.4509,,
2023,600,"Paraguay",FTRI03,"Research and Development",0.1415,,
2023,600,"Paraguay",FTRI04,"Industry activity",0.2576,,
2023,600,"Paraguay",FTRI05,"Access to finance",0.8554,,
2023,604,"Peru",FTRI00,"Overall index",0.5068,,
2023,604,"Peru",FTRI01,"ICT",0.7326,,
2023,604,"Peru",FTRI02,"Skills",0.4417,,
2023,604,"Peru",FTRI03,"Research and Development",0.4352,,
2023,604,"Peru",FTRI04,"Industry activity",0.2311,,
2023,604,"Peru",FTRI05,"Access to finance",0.8421,,
2023,608,"Philippines",FTRI00,"Overall index",0.6107,,
2023,608,"Philippines",FTRI01,"ICT",0.7407,,
2023,608,"Philippines",FTRI02,"Skills",0.3837,,
2023,608,"Philippines",FTRI03,"Research and Development",0.4043,,
2023,608,"Philippines",FTRI04,"Industry activity",0.8279,,
2023,608,"Philippines",FTRI05,"Access to finance",0.8475,,
2023,616,"Poland",FTRI00,"Overall index",0.783,,
2023,616,"Poland",FTRI01,"ICT",0.863,,
2023,616,"Poland",FTRI02,"Skills",0.7048,,
2023,616,"Poland",FTRI03,"Research and Development",0.6031,,
2023,616,"Poland",FTRI04,"Industry activity",0.7081,,
2023,616,"Poland",FTRI05,"Access to finance",0.8168,,
2023,620,"Portugal",FTRI00,"Overall index",0.7681,,
2023,620,"Portugal",FTRI01,"ICT",0.8754,,
2023,620,"Portugal",FTRI02,"Skills",0.7416,,
2023,620,"Portugal",FTRI03,"Research and Development",0.5455,,
2023,620,"Portugal",FTRI04,"Industry activity",0.5952,,
2023,620,"Portugal",FTRI05,"Access to finance",0.8965,,
2023,634,"Qatar",FTRI00,"Overall index",0.5534,,
2023,634,"Qatar",FTRI01,"ICT",0.8274,,
2023,634,"Qatar",FTRI02,"Skills",0.4377,,
2023,634,"Qatar",FTRI03,"Research and Development",0.4287,,
2023,634,"Qatar",FTRI04,"Industry activity",0.2783,,
2023,634,"Qatar",FTRI05,"Access to finance",0.9163,,
2023,410,"Republic of Korea",FTRI00,"Overall index",0.926,,
2023,410,"Republic of Korea",FTRI01,"ICT",0.8918,,
2023,410,"Republic of Korea",FTRI02,"Skills",0.71,,
2023,410,"Republic of Korea",FTRI03,"Research and Development",0.8284,,
2023,410,"Republic of Korea",FTRI04,"Industry activity",0.8205,,
2023,410,"Republic of Korea",FTRI05,"Access to finance",0.9681,,
2023,498,"Republic of Moldova",FTRI00,"Overall index",0.5395,,
2023,498,"Republic of Moldova",FTRI01,"ICT",0.7862,,
2023,498,"Republic of Moldova",FTRI02,"Skills",0.4673,,
2023,498,"Republic of Moldova",FTRI03,"Research and Development",0.2888,,
2023,498,"Republic of Moldova",FTRI04,"Industry activity",0.4898,,
2023,498,"Republic of Moldova",FTRI05,"Access to finance",0.7892,,
2023,642,"Romania",FTRI00,"Overall index",0.6891,,
2023,642,"Romania",FTRI01,"ICT",0.8784,,
2023,642,"Romania",FTRI02,"Skills",0.5184,,
2023,642,"Romania",FTRI03,"Research and Development",0.5234,,
2023,642,"Romania",FTRI04,"Industry activity",0.6796,,
2023,642,"Romania",FTRI05,"Access to finance",0.7784,,
2023,643,"Russian Federation",FTRI00,"Overall index",0.7519,,
2023,643,"Russian Federation",FTRI01,"ICT",0.8232,,
2023,643,"Russian Federation",FTRI02,"Skills",0.7326,,
2023,643,"Russian Federation",FTRI03,"Research and Development",0.6546,,
2023,643,"Russian Federation",FTRI04,"Industry activity",0.4827,,
2023,643,"Russian Federation",FTRI05,"Access to finance",0.8583,,
2023,646,"Rwanda",FTRI00,"Overall index",0.3075,,
2023,646,"Rwanda",FTRI01,"ICT",0.5423,,
2023,646,"Rwanda",FTRI02,"Skills",0.237,,
2023,646,"Rwanda",FTRI03,"Research and Development",0.2089,,
2023,646,"Rwanda",FTRI04,"Industry activity",0.3054,,
2023,646,"Rwanda",FTRI05,"Access to finance",0.7772,,
2023,662,"Saint Lucia",FTRI00,"Overall index",0.3765,,
2023,662,"Saint Lucia",FTRI01,"ICT",0.7387,,
2023,662,"Saint Lucia",FTRI02,"Skills",0.4145,,
2023,662,"Saint Lucia",FTRI03,"Research and Development",0,,
2023,662,"Saint Lucia",FTRI04,"Industry activity",0.2799,,
2023,662,"Saint Lucia",FTRI05,"Access to finance",0.8485,,
2023,670,"Saint Vincent and the Grenadines",FTRI00,"Overall index",0.4161,,
2023,670,"Saint Vincent and the Grenadines",FTRI01,"ICT",0.7814,,
2023,670,"Saint Vincent and the Grenadines",FTRI02,"Skills",0.6078,,
2023,670,"Saint Vincent and the Grenadines",FTRI03,"Research and Development",0,,
2023,670,"Saint Vincent and the Grenadines",FTRI04,"Industry activity",0.0963,,
2023,670,"Saint Vincent and the Grenadines",FTRI05,"Access to finance",0.8299,,
2023,678,"Sao Tome and Principe",FTRI00,"Overall index",0.2558,,
2023,678,"Sao Tome and Principe",FTRI01,"ICT",0.4566,,
2023,678,"Sao Tome and Principe",FTRI02,"Skills",0.3516,,
2023,678,"Sao Tome and Principe",FTRI03,"Research and Development",0,,
2023,678,"Sao Tome and Principe",FTRI04,"Industry activity",0.3683,,
2023,678,"Sao Tome and Principe",FTRI05,"Access to finance",0.7237,,
2023,682,"Saudi Arabia",FTRI00,"Overall index",0.6669,,
2023,682,"Saudi Arabia",FTRI01,"ICT",0.7762,,
2023,682,"Saudi Arabia",FTRI02,"Skills",0.6905,,
2023,682,"Saudi Arabia",FTRI03,"Research and Development",0.6396,,
2023,682,"Saudi Arabia",FTRI04,"Industry activity",0.2867,,
2023,682,"Saudi Arabia",FTRI05,"Access to finance",0.8543,,
2023,686,"Senegal",FTRI00,"Overall index",0.2802,,
2023,686,"Senegal",FTRI01,"ICT",0.5086,,
2023,686,"Senegal",FTRI02,"Skills",0.1404,,
2023,686,"Senegal",FTRI03,"Research and Development",0.2072,,
2023,686,"Senegal",FTRI04,"Industry activity",0.2752,,
2023,686,"Senegal",FTRI05,"Access to finance",0.8065,,
2023,688,"Serbia",FTRI00,"Overall index",0.671,,
2023,688,"Serbia",FTRI01,"ICT",0.8095,,
2023,688,"Serbia",FTRI02,"Skills",0.5428,,
2023,688,"Serbia",FTRI03,"Research and Development",0.4229,,
2023,688,"Serbia",FTRI04,"Industry activity",0.7129,,
2023,688,"Serbia",FTRI05,"Access to finance",0.8194,,
2023,694,"Sierra Leone",FTRI00,"Overall index",0,,
2023,694,"Sierra Leone",FTRI01,"ICT",0.3124,,
2023,694,"Sierra Leone",FTRI02,"Skills",0.1505,,
2023,694,"Sierra Leone",FTRI03,"Research and Development",0.0866,,
2023,694,"Sierra Leone",FTRI04,"Industry activity",0.3553,,
2023,694,"Sierra Leone",FTRI05,"Access to finance",0,,
2023,702,"Singapore",FTRI00,"Overall index",0.9423,,
2023,702,"Singapore",FTRI01,"ICT",0.893,,
2023,702,"Singapore",FTRI02,"Skills",0.9144,,
2023,702,"Singapore",FTRI03,"Research and Development",0.63,,
2023,702,"Singapore",FTRI04,"Industry activity",0.8791,,
2023,702,"Singapore",FTRI05,"Access to finance",0.9391,,
2023,703,"Slovakia",FTRI00,"Overall index",0.7419,,
2023,703,"Slovakia",FTRI01,"ICT",0.9091,,
2023,703,"Slovakia",FTRI02,"Skills",0.6161,,
2023,703,"Slovakia",FTRI03,"Research and Development",0.455,,
2023,703,"Slovakia",FTRI04,"Industry activity",0.7245,,
2023,703,"Slovakia",FTRI05,"Access to finance",0.8705,,
2023,705,"Slovenia",FTRI00,"Overall index",0.7786,,
2023,705,"Slovenia",FTRI01,"ICT",0.8773,,
2023,705,"Slovenia",FTRI02,"Skills",0.8068,,
2023,705,"Slovenia",FTRI03,"Research and Development",0.4267,,
2023,705,"Slovenia",FTRI04,"Industry activity",0.7911,,
2023,705,"Slovenia",FTRI05,"Access to finance",0.8224,,
2023,090,"Solomon Islands",FTRI00,"Overall index",0.2217,,
2023,090,"Solomon Islands",FTRI01,"ICT",0.4424,,
2023,090,"Solomon Islands",FTRI02,"Skills",0.2686,,
2023,090,"Solomon Islands",FTRI03,"Research and Development",0,,
2023,090,"Solomon Islands",FTRI04,"Industry activity",0.2127,,
2023,090,"Solomon Islands",FTRI05,"Access to finance",0.8094,,
2023,710,"South Africa",FTRI00,"Overall index",0.6459,,
2023,710,"South Africa",FTRI01,"ICT",0.7191,,
2023,710,"South Africa",FTRI02,"Skills",0.5048,,
2023,710,"South Africa",FTRI03,"Research and Development",0.5002,,
2023,710,"South Africa",FTRI04,"Industry activity",0.5685,,
2023,710,"South Africa",FTRI05,"Access to finance",0.9077,,
2023,728,"South Sudan",FTRI00,"Overall index",0.0191,,
2023,728,"South Sudan",FTRI01,"ICT",0.0235,,
2023,728,"South Sudan",FTRI02,"Skills",0,,
2023,728,"South Sudan",FTRI03,"Research and Development",0,,
2023,728,"South Sudan",FTRI04,"Industry activity",0.2367,,
2023,728,"South Sudan",FTRI05,"Access to finance",0.643,,
2023,724,"Spain",FTRI00,"Overall index",0.8375,,
2023,724,"Spain",FTRI01,"ICT",0.9272,,
2023,724,"Spain",FTRI02,"Skills",0.7311,,
2023,724,"Spain",FTRI03,"Research and Development",0.6778,,
2023,724,"Spain",FTRI04,"Industry activity",0.6566,,
2023,724,"Spain",FTRI05,"Access to finance",0.8948,,
2023,144,"Sri Lanka",FTRI00,"Overall index",0.4583,,
2023,144,"Sri Lanka",FTRI01,"ICT",0.5607,,
2023,144,"Sri Lanka",FTRI02,"Skills",0.4571,,
2023,144,"Sri Lanka",FTRI03,"Research and Development",0.2731,,
2023,144,"Sri Lanka",FTRI04,"Industry activity",0.4503,,
2023,144,"Sri Lanka",FTRI05,"Access to finance",0.845,,
2023,729,"Sudan",FTRI00,"Overall index",0.1144,,
2023,729,"Sudan",FTRI01,"ICT",0.2658,,
2023,729,"Sudan",FTRI02,"Skills",0.1782,,
2023,729,"Sudan",FTRI03,"Research and Development",0.2059,,
2023,729,"Sudan",FTRI04,"Industry activity",0.0271,,
2023,729,"Sudan",FTRI05,"Access to finance",0.6472,,
2023,736,"Sudan (...2011)",FTRI00,"Overall index",,,"Not applicable"
2023,736,"Sudan (...2011)",FTRI01,"ICT",,,"Not applicable"
2023,736,"Sudan (...2011)",FTRI02,"Skills",,,"Not applicable"
2023,736,"Sudan (...2011)",FTRI03,"Research and Development",,,"Not applicable"
2023,736,"Sudan (...2011)",FTRI04,"Industry activity",,,"Not applicable"
2023,736,"Sudan (...2011)",FTRI05,"Access to finance",,,"Not applicable"
2023,740,"Suriname",FTRI00,"Overall index",0.3235,,
2023,740,"Suriname",FTRI01,"ICT",0.5997,,
2023,740,"Suriname",FTRI02,"Skills",0.4157,,
2023,740,"Suriname",FTRI03,"Research and Development",0,,
2023,740,"Suriname",FTRI04,"Industry activity",0.2805,,
2023,740,"Suriname",FTRI05,"Access to finance",0.7399,,
2023,752,"Sweden",FTRI00,"Overall index",0.9726,,
2023,752,"Sweden",FTRI01,"ICT",0.8879,,
2023,752,"Sweden",FTRI02,"Skills",0.9548,,
2023,752,"Sweden",FTRI03,"Research and Development",0.6696,,
2023,752,"Sweden",FTRI04,"Industry activity",0.8494,,
2023,752,"Sweden",FTRI05,"Access to finance",0.9369,,
2023,756,"Switzerland",FTRI00,"Overall index",0.9345,,
2023,756,"Switzerland",FTRI01,"ICT",0.8664,,
2023,756,"Switzerland",FTRI02,"Skills",0.816,,
2023,756,"Switzerland",FTRI03,"Research and Development",0.6908,,
2023,756,"Switzerland",FTRI04,"Industry activity",0.882,,
2023,756,"Switzerland",FTRI05,"Access to finance",0.965,,
2023,762,"Tajikistan",FTRI00,"Overall index",0.1672,,
2023,762,"Tajikistan",FTRI01,"ICT",0.2564,,
2023,762,"Tajikistan",FTRI02,"Skills",0.3109,,
2023,762,"Tajikistan",FTRI03,"Research and Development",0.0978,,
2023,762,"Tajikistan",FTRI04,"Industry activity",0.1249,,
2023,762,"Tajikistan",FTRI05,"Access to finance",0.7208,,
2023,764,"Thailand",FTRI00,"Overall index",0.6808,,
2023,764,"Thailand",FTRI01,"ICT",0.8251,,
2023,764,"Thailand",FTRI02,"Skills",0.4663,,
2023,764,"Thailand",FTRI03,"Research and Development",0.5256,,
2023,764,"Thailand",FTRI04,"Industry activity",0.6662,,
2023,764,"Thailand",FTRI05,"Access to finance",0.9558,,
2023,626,"Timor-Leste",FTRI00,"Overall index",0.2421,,
2023,626,"Timor-Leste",FTRI01,"ICT",0.2658,,
2023,626,"Timor-Leste",FTRI02,"Skills",0.4491,,
2023,626,"Timor-Leste",FTRI03,"Research and Development",0.0717,,
2023,626,"Timor-Leste",FTRI04,"Industry activity",0.2469,,
2023,626,"Timor-Leste",FTRI05,"Access to finance",0.774,,
2023,768,"Togo",FTRI00,"Overall index",0.3257,,
2023,768,"Togo",FTRI01,"ICT",0.3919,,
2023,768,"Togo",FTRI02,"Skills",0.3721,,
2023,768,"Togo",FTRI03,"Research and Development",0.1376,,
2023,768,"Togo",FTRI04,"Industry activity",0.3694,,
2023,768,"Togo",FTRI05,"Access to finance",0.7962,,
2023,780,"Trinidad and Tobago",FTRI00,"Overall index",0.4832,,
2023,780,"Trinidad and Tobago",FTRI01,"ICT",0.785,,
2023,780,"Trinidad and Tobago",FTRI02,"Skills",0.5525,,
2023,780,"Trinidad and Tobago",FTRI03,"Research and Development",0.1467,,
2023,780,"Trinidad and Tobago",FTRI04,"Industry activity",0.2802,,
2023,780,"Trinidad and Tobago",FTRI05,"Access to finance",0.8311,,
2023,788,"Tunisia",FTRI00,"Overall index",0.5309,,
2023,788,"Tunisia",FTRI01,"ICT",0.5635,,
2023,788,"Tunisia",FTRI02,"Skills",0.4969,,
2023,788,"Tunisia",FTRI03,"Research and Development",0.4078,,
2023,788,"Tunisia",FTRI04,"Industry activity",0.5673,,
2023,788,"Tunisia",FTRI05,"Access to finance",0.8712,,
2023,792,"Turkiye",FTRI00,"Overall index",0.6988,,
2023,792,"Turkiye",FTRI01,"ICT",0.7091,,
2023,792,"Turkiye",FTRI02,"Skills",0.7112,,
2023,792,"Turkiye",FTRI03,"Research and Development",0.6655,,
2023,792,"Turkiye",FTRI04,"Industry activity",0.4758,,
2023,792,"Turkiye",FTRI05,"Access to finance",0.8512,,
2023,800,"Uganda",FTRI00,"Overall index",0.1815,,
2023,800,"Uganda",FTRI01,"ICT",0.1118,,
2023,800,"Uganda",FTRI02,"Skills",0.2236,,
2023,800,"Uganda",FTRI03,"Research and Development",0.2329,,
2023,800,"Uganda",FTRI04,"Industry activity",0.3122,,
2023,800,"Uganda",FTRI05,"Access to finance",0.7363,,
2023,804,"Ukraine",FTRI00,"Overall index",0.6267,,
2023,804,"Ukraine",FTRI01,"ICT",0.7385,,
2023,804,"Ukraine",FTRI02,"Skills",0.5663,,
2023,804,"Ukraine",FTRI03,"Research and Development",0.4617,,
2023,804,"Ukraine",FTRI04,"Industry activity",0.5447,,
2023,804,"Ukraine",FTRI05,"Access to finance",0.7796,,
2023,784,"United Arab Emirates",FTRI00,"Overall index",0.74,,
2023,784,"United Arab Emirates",FTRI01,"ICT",0.8102,,
2023,784,"United Arab Emirates",FTRI02,"Skills",0.7007,,
2023,784,"United Arab Emirates",FTRI03,"Research and Development",0.5581,,
2023,784,"United Arab Emirates",FTRI04,"Industry activity",0.631,,
2023,784,"United Arab Emirates",FTRI05,"Access to finance",0.8739,,
2023,826,"United Kingdom",FTRI00,"Overall index",0.9601,,
2023,826,"United Kingdom",FTRI01,"ICT",0.8862,,
2023,826,"United Kingdom",FTRI02,"Skills",0.8607,,
2023,826,"United Kingdom",FTRI03,"Research and Development",0.7614,,
2023,826,"United Kingdom",FTRI04,"Industry activity",0.82,,
2023,826,"United Kingdom",FTRI05,"Access to finance",0.933,,
2023,834,"United Republic of Tanzania",FTRI00,"Overall index",0.1848,,
2023,834,"United Republic of Tanzania",FTRI01,"ICT",0.3854,,
2023,834,"United Republic of Tanzania",FTRI02,"Skills",0.0967,,
2023,834,"United Republic of Tanzania",FTRI03,"Research and Development",0.2305,,
2023,834,"United Republic of Tanzania",FTRI04,"Industry activity",0.1544,,
2023,834,"United Republic of Tanzania",FTRI05,"Access to finance",0.7464,,
2023,840,"United States",FTRI00,"Overall index",1,,
2023,840,"United States",FTRI01,"ICT",0.9338,,
2023,840,"United States",FTRI02,"Skills",0.8003,,
2023,840,"United States",FTRI03,"Research and Development",0.9123,,
2023,840,"United States",FTRI04,"Industry activity",0.7914,,
2023,840,"United States",FTRI05,"Access to finance",0.9776,,
2023,858,"Uruguay",FTRI00,"Overall index",0.6687,,
2023,858,"Uruguay",FTRI01,"ICT",0.8919,,
2023,858,"Uruguay",FTRI02,"Skills",0.6246,,
2023,858,"Uruguay",FTRI03,"Research and Development",0.2935,,
2023,858,"Uruguay",FTRI04,"Industry activity",0.6056,,
2023,858,"Uruguay",FTRI05,"Access to finance",0.7995,,
2023,860,"Uzbekistan",FTRI00,"Overall index",0.482,,
2023,860,"Uzbekistan",FTRI01,"ICT",0.7019,,
2023,860,"Uzbekistan",FTRI02,"Skills",0.3953,,
2023,860,"Uzbekistan",FTRI03,"Research and Development",0.3538,,
2023,860,"Uzbekistan",FTRI04,"Industry activity",0.3987,,
2023,860,"Uzbekistan",FTRI05,"Access to finance",0.8271,,
2023,548,"Vanuatu",FTRI00,"Overall index",0.2713,,
2023,548,"Vanuatu",FTRI01,"ICT",0.5067,,
2023,548,"Vanuatu",FTRI02,"Skills",0.3304,,
2023,548,"Vanuatu",FTRI03,"Research and Development",0,,
2023,548,"Vanuatu",FTRI04,"Industry activity",0.2004,,
2023,548,"Vanuatu",FTRI05,"Access to finance",0.8562,,
2023,862,"Venezuela (Bolivarian Rep. of)",FTRI00,"Overall index",0.3528,,
2023,862,"Venezuela (Bolivarian Rep. of)",FTRI01,"ICT",0.5344,,
2023,862,"Venezuela (Bolivarian Rep. of)",FTRI02,"Skills",0.4631,,
2023,862,"Venezuela (Bolivarian Rep. of)",FTRI03,"Research and Development",0.1872,,
2023,862,"Venezuela (Bolivarian Rep. of)",FTRI04,"Industry activity",0.1765,,
2023,862,"Venezuela (Bolivarian Rep. of)",FTRI05,"Access to finance",0.8028,,
2023,704,"Viet Nam",FTRI00,"Overall index",0.5985,,
2023,704,"Viet Nam",FTRI01,"ICT",0.7046,,
2023,704,"Viet Nam",FTRI02,"Skills",0.3372,,
2023,704,"Viet Nam",FTRI03,"Research and Development",0.4579,,
2023,704,"Viet Nam",FTRI04,"Industry activity",0.7684,,
2023,704,"Viet Nam",FTRI05,"Access to finance",0.9368,,
2023,887,"Yemen",FTRI00,"Overall index",0.1112,,
2023,887,"Yemen",FTRI01,"ICT",0.0259,,
2023,887,"Yemen",FTRI02,"Skills",0.1451,,
2023,887,"Yemen",FTRI03,"Research and Development",0.2302,,
2023,887,"Yemen",FTRI04,"Industry activity",0.2956,,
2023,887,"Yemen",FTRI05,"Access to finance",0.6472,,
2023,894,"Zambia",FTRI00,"Overall index",0.1964,,
2023,894,"Zambia",FTRI01,"ICT",0.3114,,
2023,894,"Zambia",FTRI02,"Skills",0.257,,
2023,894,"Zambia",FTRI03,"Research and Development",0.183,,
2023,894,"Zambia",FTRI04,"Industry activity",0.1578,,
2023,894,"Zambia",FTRI05,"Access to finance",0.7249,,
2023,716,"Zimbabwe",FTRI00,"Overall index",0.2188,,
2023,716,"Zimbabwe",FTRI01,"ICT",0.3604,,
2023,716,"Zimbabwe",FTRI02,"Skills",0.2488,,
2023,716,"Zimbabwe",FTRI03,"Research and Development",0.191,,
2023,716,"Zimbabwe",FTRI04,"Industry activity",0.1987,,
2023,716,"Zimbabwe",FTRI05,"Access to finance",0.6891,,
