Year,Economy,Economy Label,Index Base 2020,Index Base 2020 Footnote,Index Base 2020 Missing value,Annual average growth rate,Annual average growth rate Footnote,Annual average growth rate Missing value
1980,012,"Algeria",4.2499,,,,,"No value reported or collected"
1980,028,"Antigua and Barbuda",34.2781,,,,,"No value reported or collected"
1980,032,"Argentina",0,,,,,"No value reported or collected"
1980,051,"Armenia",,,"Not applicable",,,"Not applicable"
1980,533,"Aruba",29.6791,,,,,"No value reported or collected"
1980,036,"Australia",22.6862,,,,,"No value reported or collected"
1980,040,"Austria",40.3716,,,,,"No value reported or collected"
1980,031,"Azerbaijan",,,"Not applicable",,,"Not applicable"
1980,044,"Bahamas",31.8044,,,,,"No value reported or collected"
1980,048,"Bahrain",53.017,,,,,"No value reported or collected"
1980,050,"Bangladesh",5.7206,,,,,"No value reported or collected"
1980,052,"Barbados",22.0991,,,,,"No value reported or collected"
1980,112,"Belarus",,,"Not applicable",,,"Not applicable"
1980,056,"Belgium",36.5976,,,,,"No value reported or collected"
1980,084,"Belize",41.553,,,,,"No value reported or collected"
1980,204,"Benin",27.7932,,,,,"No value reported or collected"
1980,064,"Bhutan",6.8617,,,,,"No value reported or collected"
1980,068,"Bolivia (Plurinational State of)",0,,,,,"No value reported or collected"
1980,070,"Bosnia and Herzegovina",,,"Not applicable",,,"Not applicable"
1980,072,"Botswana",3.8559,,,,,"No value reported or collected"
1980,076,"Brazil",0,,,,,"No value reported or collected"
1980,100,"Bulgaria",0.0215,,,,,"No value reported or collected"
1980,854,"Burkina Faso",31.1676,,,,,"No value reported or collected"
1980,108,"Burundi",2.5962,,,,,"No value reported or collected"
1980,132,"Cabo Verde",14.1273,,,,,"No value reported or collected"
1980,120,"Cameroon",19.9875,,,,,"No value reported or collected"
1980,124,"Canada",32.1537,,,,,"No value reported or collected"
1980,140,"Central African Republic",20.8672,,,,,"No value reported or collected"
1980,148,"Chad",30.3901,,,,,"No value reported or collected"
1980,152,"Chile",3.4469,,,,,"No value reported or collected"
1980,156,"China",15.9345,,,,,"No value reported or collected"
1980,344,"China, Hong Kong SAR",19.581,,,,,"No value reported or collected"
1980,158,"China, Taiwan Province of",50.312,,,,,"No value reported or collected"
1980,170,"Colombia",0.7779,,,,,"No value reported or collected"
1980,174,"Comoros",27.6974,,,,,"No value reported or collected"
1980,178,"Congo",41.429,,,,,"No value reported or collected"
1980,188,"Costa Rica",0.7251,,,,,"No value reported or collected"
1980,384,"Cote d'Ivoire",22.9119,,,,,"No value reported or collected"
1980,191,"Croatia",,,"Not applicable",,,"Not applicable"
1980,531,"Curacao",,,"Not applicable",,,"Not applicable"
1980,196,"Cyprus",32.272,,,,,"No value reported or collected"
1980,203,"Czechia",,,"Not applicable",,,"Not applicable"
1980,208,"Denmark",35.067,,,,,"No value reported or collected"
1980,212,"Dominica",39.7133,,,,,"No value reported or collected"
1980,214,"Dominican Republic",1.0561,,,,,"No value reported or collected"
1980,218,"Ecuador",0.0485,,,,,"No value reported or collected"
1980,818,"Egypt",1.2735,,,,,"No value reported or collected"
1980,222,"El Salvador",4.9167,,,,,"No value reported or collected"
1980,226,"Equatorial Guinea",3.9579,,,,,"No value reported or collected"
1980,232,"Eritrea",,,"Not applicable",,,"Not applicable"
1980,233,"Estonia",,,"Not applicable",,,"Not applicable"
1980,748,"Eswatini",3.1192,,,,,"No value reported or collected"
1980,231,"Ethiopia",,,"Not applicable",,,"Not applicable"
1980,230,"Ethiopia (...1991)",2.9872,,,,,"No value reported or collected"
1980,242,"Fiji",19.8009,,,,,"No value reported or collected"
1980,246,"Finland",31.7214,,,,,"No value reported or collected"
1980,250,"France",33.7237,,,,,"No value reported or collected"
1980,258,"French Polynesia",36.6053,,,,,"No value reported or collected"
1980,266,"Gabon",28.2136,,,,,"No value reported or collected"
1980,270,"Gambia",3.7359,,,,,"No value reported or collected"
1980,268,"Georgia",,,"Not applicable",,,"Not applicable"
1980,276,"Germany",,,"Not applicable",,,"Not applicable"
1980,288,"Ghana",0.0221,,,,,"No value reported or collected"
1980,300,"Greece",5.1616,,,,,"No value reported or collected"
1980,308,"Grenada",32.5223,,,,,"No value reported or collected"
1980,320,"Guatemala",3.0463,,,,,"No value reported or collected"
1980,324,"Guinea",0.2432,,,,,"No value reported or collected"
1980,624,"Guinea-Bissau",0.0633,,,,,"No value reported or collected"
1980,328,"Guyana",0.6997,,,,,"No value reported or collected"
1980,332,"Haiti",1.3271,,,,,"No value reported or collected"
1980,340,"Honduras",2.7502,,,,,"No value reported or collected"
1980,348,"Hungary",2.6823,,,,,"No value reported or collected"
1980,352,"Iceland",1.755,,,,,"No value reported or collected"
1980,356,"India",5.7072,,,,,"No value reported or collected"
1980,360,"Indonesia",,,"Not applicable",,,"Not applicable"
1980,960,"Indonesia (...2002)",3.6161,,,,,"No value reported or collected"
1980,364,"Iran (Islamic Republic of)",0.0743,,,,,"No value reported or collected"
1980,372,"Ireland",28.3949,,,,,"No value reported or collected"
1980,376,"Israel",0.0467,,,,,"No value reported or collected"
1980,380,"Italy",19.7148,,,,,"No value reported or collected"
1980,388,"Jamaica",0.4344,,,,,"No value reported or collected"
1980,392,"Japan",73.1509,,,,,"No value reported or collected"
1980,400,"Jordan",18.7038,,,,,"No value reported or collected"
1980,398,"Kazakhstan",,,"Not applicable",,,"Not applicable"
1980,404,"Kenya",1.7592,,,,,"No value reported or collected"
1980,296,"Kiribati",37.3958,,,,,"No value reported or collected"
1980,412,"Kosovo",,,"Not applicable",,,"Not applicable"
1980,417,"Kyrgyzstan",,,"Not applicable",,,"Not applicable"
1980,418,"Lao People's Dem. Rep.",0.152,,,,,"No value reported or collected"
1980,428,"Latvia",,,"Not applicable",,,"Not applicable"
1980,422,"Lebanon",0.0227,,,,,"No value reported or collected"
1980,426,"Lesotho",3.2933,,,,,"No value reported or collected"
1980,434,"Libya",10.5584,,,,,"No value reported or collected"
1980,440,"Lithuania",,,"Not applicable",,,"Not applicable"
1980,442,"Luxembourg",34.6762,,,,,"No value reported or collected"
1980,450,"Madagascar",0.8592,,,,,"No value reported or collected"
1980,454,"Malawi",0.1104,,,,,"No value reported or collected"
1980,458,"Malaysia",34.3655,,,,,"No value reported or collected"
1980,462,"Maldives",13.8165,,,,,"No value reported or collected"
1980,466,"Mali",33.679,,,,,"No value reported or collected"
1980,470,"Malta",39.986,,,,,"No value reported or collected"
1980,584,"Marshall Islands",,,"Not applicable",,,"Not applicable"
1980,480,"Mauritius",8.6884,,,,,"No value reported or collected"
1980,484,"Mexico",0.0531,,,,,"No value reported or collected"
1980,583,"Micronesia (Federated States of)",,,"Not applicable",,,"Not applicable"
1980,499,"Montenegro",,,"Not applicable",,,"Not applicable"
1980,504,"Morocco",25.8088,,,,,"No value reported or collected"
1980,508,"Mozambique",0.0453,,,,,"No value reported or collected"
1980,524,"Nepal",4.143,,,,,"No value reported or collected"
1980,528,"Netherlands (Kingdom of the)",44.7801,,,,,"No value reported or collected"
1980,554,"New Zealand",20.1826,,,,,"No value reported or collected"
1980,562,"Niger",33.0939,,,,,"No value reported or collected"
1980,566,"Nigeria",0.1351,,,,,"No value reported or collected"
1980,807,"North Macedonia",,,"Not applicable",,,"Not applicable"
1980,578,"Norway",25.5834,,,,,"No value reported or collected"
1980,512,"Oman",52.8248,,,,,"No value reported or collected"
1980,586,"Pakistan",4.7741,,,,,"No value reported or collected"
1980,585,"Palau",,,"Not applicable",,,"Not applicable"
1980,591,"Panama",,,"Not applicable",,,"Not applicable"
1980,598,"Papua New Guinea",7.4948,,,,,"No value reported or collected"
1980,600,"Paraguay",1.3162,,,,,"No value reported or collected"
1980,604,"Peru",0,,,,,"No value reported or collected"
1980,608,"Philippines",5.9699,,,,,"No value reported or collected"
1980,616,"Poland",0.0187,,,,,"No value reported or collected"
1980,620,"Portugal",9.1209,,,,,"No value reported or collected"
1980,630,"Puerto Rico",46.1793,,,,,"No value reported or collected"
1980,634,"Qatar",28.8116,,,,,"No value reported or collected"
1980,410,"Republic of Korea",20.965,,,,,"No value reported or collected"
1980,498,"Republic of Moldova",,,"Not applicable",,,"Not applicable"
1980,642,"Romania",0.0079,,,,,"No value reported or collected"
1980,643,"Russian Federation",,,"Not applicable",,,"Not applicable"
1980,646,"Rwanda",5.1774,,,,,"No value reported or collected"
1980,659,"Saint Kitts and Nevis",36.9015,,,,,"No value reported or collected"
1980,662,"Saint Lucia",34.496,,,,,"No value reported or collected"
1980,670,"Saint Vincent and the Grenadines",33.1127,,,,,"No value reported or collected"
1980,882,"Samoa",11.7068,,,,,"No value reported or collected"
1980,678,"Sao Tome and Principe",0.0918,,,,,"No value reported or collected"
1980,682,"Saudi Arabia",65.1542,,,,,"No value reported or collected"
1980,686,"Senegal",27.8569,,,,,"No value reported or collected"
1980,688,"Serbia",,,"Not applicable",,,"Not applicable"
1980,690,"Seychelles",21.98,,,,,"No value reported or collected"
1980,694,"Sierra Leone",0.006,,,,,"No value reported or collected"
1980,702,"Singapore",50.38,,,,,"No value reported or collected"
1980,534,"Sint Maarten (Dutch part)",,,"Not applicable",,,"Not applicable"
1980,703,"Slovakia",,,"Not applicable",,,"Not applicable"
1980,705,"Slovenia",,,"Not applicable",,,"Not applicable"
1980,090,"Solomon Islands",3.8725,,,,,"No value reported or collected"
1980,710,"South Africa",3.7121,,,,,"No value reported or collected"
1980,728,"South Sudan",,,"Not applicable",,,"Not applicable"
1980,724,"Spain",19.034,,,,,"No value reported or collected"
1980,729,"Sudan",,,"Not applicable",,,"Not applicable"
1980,736,"Sudan (...2011)",0.0003,,,,,"No value reported or collected"
1980,740,"Suriname",0.1197,,,,,"No value reported or collected"
1980,752,"Sweden",27.6801,,,,,"No value reported or collected"
1980,756,"Switzerland",54.8748,,,,,"No value reported or collected"
1980,762,"Tajikistan",,,"Not applicable",,,"Not applicable"
1980,764,"Thailand",28.8103,,,,,"No value reported or collected"
1980,626,"Timor-Leste",,,"Not applicable",,,"Not applicable"
1980,768,"Togo",25.0151,,,,,"No value reported or collected"
1980,776,"Tonga",8.7111,,,,,"No value reported or collected"
1980,780,"Trinidad and Tobago",7.3155,,,,,"No value reported or collected"
1980,788,"Tunisia",12.7299,,,,,"No value reported or collected"
1980,792,"Turkiye",0,,,,,"No value reported or collected"
1980,795,"Turkmenistan",,,"Not applicable",,,"Not applicable"
1980,800,"Uganda",0.0054,,,,,"No value reported or collected"
1980,804,"Ukraine",,,"Not applicable",,,"Not applicable"
1980,784,"United Arab Emirates",26.1002,,,,,"No value reported or collected"
1980,826,"United Kingdom",28.7559,,,,,"No value reported or collected"
1980,834,"United Republic of Tanzania",0.3115,,,,,"No value reported or collected"
1980,840,"United States",31.8258,,,,,"No value reported or collected"
1980,858,"Uruguay",0.0084,,,,,"No value reported or collected"
1980,860,"Uzbekistan",,,"Not applicable",,,"Not applicable"
1980,548,"Vanuatu",20.6316,,,,,"No value reported or collected"
1980,862,"Venezuela (Bolivarian Rep. of)",0,,,,,"No value reported or collected"
1980,704,"Viet Nam",0.0014,,,,,"No value reported or collected"
1980,887,"Yemen",,,"Not applicable",,,"Not applicable"
1980,894,"Zambia",0.0041,,,,,"No value reported or collected"
1981,012,"Algeria",4.8707,,,14.60724,,
1981,028,"Antigua and Barbuda",38.2082,,,11.46539,,
1981,032,"Argentina",0,,,104.13433,,
1981,051,"Armenia",,,"Not applicable",,,"Not applicable"
1981,533,"Aruba",33.2969,,,12.18993,,
1981,036,"Australia",24.8386,,,9.48767,,
1981,040,"Austria",43.1194,,,6.80635,,
1981,031,"Azerbaijan",,,"Not applicable",,,"Not applicable"
1981,044,"Bahamas",35.3169,,,11.04419,,
1981,048,"Bahrain",59.0613,,,11.40063,,
1981,050,"Bangladesh",6.575,,,14.93493,,
1981,052,"Barbados",25.3235,,,14.59051,,
1981,112,"Belarus",,,"Not applicable",,,"Not applicable"
1981,056,"Belgium",39.3895,,,7.62863,,
1981,084,"Belize",46.217,,,11.22422,,
1981,204,"Benin",28.0146,,,0.79652,,
1981,064,"Bhutan",7.2027,,,4.96843,,
1981,068,"Bolivia (Plurinational State of)",0,,,,,"No value reported or collected"
1981,070,"Bosnia and Herzegovina",,,"Not applicable",,,"Not applicable"
1981,072,"Botswana",4.4844,,,16.29996,,
1981,076,"Brazil",0,,,101.73691,,
1981,096,"Brunei Darussalam",67.3,,,,,"No value reported or collected"
1981,100,"Bulgaria",0.0215,,,0,,
1981,854,"Burkina Faso",33.5228,,,7.55653,,
1981,108,"Burundi",2.9243,,,12.63772,,
1981,132,"Cabo Verde",17.0491,,,20.68198,,
1981,120,"Cameroon",21.4957,,,7.5458,,
1981,124,"Canada",36.1607,,,12.46225,,
1981,140,"Central African Republic",23.9262,,,14.65964,,
1981,148,"Chad",32.8605,,,8.12893,,
1981,152,"Chile",4.1255,,,19.68612,,
1981,156,"China",16.3325,,,2.49775,,
1981,344,"China, Hong Kong SAR",21.4365,,,9.47584,,
1981,158,"China, Taiwan Province of",55.7776,,,10.8634,,
1981,170,"Colombia",0.9919,,,27.50611,,
1981,174,"Comoros",29.4978,,,6.50007,,
1981,178,"Congo",41.7532,,,0.78262,,
1981,188,"Costa Rica",0.9919,,,36.80556,,
1981,384,"Cote d'Ivoire",24.9018,,,8.68522,,
1981,191,"Croatia",,,"Not applicable",,,"Not applicable"
1981,531,"Curacao",,,"Not applicable",,,"Not applicable"
1981,196,"Cyprus",35.7403,,,10.74732,,
1981,203,"Czechia",,,"Not applicable",,,"Not applicable"
1981,208,"Denmark",39.1759,,,11.71723,,
1981,212,"Dominica",44.982,,,13.26683,,
1981,214,"Dominican Republic",1.1355,,,7.5188,,
1981,218,"Ecuador",0.0561,,,15.68627,,
1981,818,"Egypt",1.406,,,10.40119,,
1981,222,"El Salvador",5.646,,,14.83297,,
1981,226,"Equatorial Guinea",4.6189,,,16.7015,,
1981,232,"Eritrea",,,"Not applicable",,,"Not applicable"
1981,233,"Estonia",,,"Not applicable",,,"Not applicable"
1981,748,"Eswatini",3.745,,,20.06173,,
1981,231,"Ethiopia",,,"Not applicable",,,"Not applicable"
1981,230,"Ethiopia (...1991)",3.0452,,,1.94434,,
1981,242,"Fiji",22.0187,,,11.20043,,
1981,246,"Finland",35.5281,,,12.00059,,
1981,250,"France",38.2198,,,13.33193,,
1981,258,"French Polynesia",41.3852,,,13.05813,,
1981,266,"Gabon",30.6401,,,8.60052,,
1981,270,"Gambia",4.0316,,,7.91575,,
1981,268,"Georgia",,,"Not applicable",,,"Not applicable"
1981,276,"Germany",,,"Not applicable",,,"Not applicable"
1981,288,"Ghana",0.0477,,,115.78947,,
1981,300,"Greece",6.4234,,,24.44758,,
1981,308,"Grenada",38.6325,,,18.78771,,
1981,320,"Guatemala",3.3933,,,11.39089,,
1981,324,"Guinea",0.3282,,,34.94424,,
1981,624,"Guinea-Bissau",0.0896,,,41.50943,,
1981,328,"Guyana",0.8554,,,22.2488,,
1981,332,"Haiti",1.4713,,,10.86729,,
1981,340,"Honduras",3.009,,,9.40887,,
1981,348,"Hungary",2.8032,,,4.50905,,
1981,352,"Iceland",2.648,,,50.88481,,
1981,356,"India",6.4285,,,12.63925,,
1981,360,"Indonesia",,,"Not applicable",,,"Not applicable"
1981,960,"Indonesia (...2002)",4.0582,,,12.2258,,
1981,364,"Iran (Islamic Republic of)",0.0925,,,24.5283,,
1981,372,"Ireland",34.143,,,20.24345,,
1981,376,"Israel",0.1001,,,114.63415,,
1981,380,"Italy",23.5608,,,19.50802,,
1981,388,"Jamaica",0.4743,,,9.19037,,
1981,392,"Japan",76.7611,,,4.9354,,
1981,400,"Jordan",20.1341,,,7.64715,,
1981,398,"Kazakhstan",,,"Not applicable",,,"Not applicable"
1981,404,"Kenya",1.9634,,,11.60774,,
1981,296,"Kiribati",40.2759,,,7.70155,,
1981,412,"Kosovo",,,"Not applicable",,,"Not applicable"
1981,417,"Kyrgyzstan",,,"Not applicable",,,"Not applicable"
1981,418,"Lao People's Dem. Rep.",0.2041,,,34.30233,,
1981,428,"Latvia",,,"Not applicable",,,"Not applicable"
1981,422,"Lebanon",0.0271,,,19.56522,,
1981,426,"Lesotho",3.6838,,,11.85975,,
1981,434,"Libya",11.9515,,,13.1942,,
1981,440,"Lithuania",,,"Not applicable",,,"Not applicable"
1981,442,"Luxembourg",37.4754,,,8.07244,,
1981,450,"Madagascar",1.1212,,,30.49327,,
1981,454,"Malawi",0.1236,,,11.88119,,
1981,458,"Malaysia",37.6986,,,9.69883,,
1981,462,"Maldives",15.3504,,,11.10208,,
1981,466,"Mali",37.9613,,,12.71522,,
1981,470,"Malta",44.6282,,,11.60939,,
1981,584,"Marshall Islands",,,"Not applicable",,,"Not applicable"
1981,480,"Mauritius",10.9863,,,26.44798,,
1981,484,"Mexico",0.068,,,28.07018,,
1981,583,"Micronesia (Federated States of)",,,"Not applicable",,,"Not applicable"
1981,499,"Montenegro",,,"Not applicable",,,"Not applicable"
1981,504,"Morocco",29.0332,,,12.49338,,
1981,508,"Mozambique",0.0478,,,5.55556,,
1981,524,"Nepal",4.6999,,,13.44005,,
1981,528,"Netherlands (Kingdom of the)",47.8251,,,6.8,,
1981,554,"New Zealand",23.301,,,15.45078,,
1981,562,"Niger",41.1351,,,24.29802,,
1981,566,"Nigeria",0.1708,,,26.38889,,
1981,807,"North Macedonia",,,"Not applicable",,,"Not applicable"
1981,578,"Norway",29.0707,,,13.63113,,
1981,512,"Oman",56.2052,,,6.3992,,
1981,586,"Pakistan",5.3443,,,11.94512,,
1981,585,"Palau",,,"Not applicable",,,"Not applicable"
1981,591,"Panama",51.3065,,,,,"No value reported or collected"
1981,598,"Papua New Guinea",8.0982,,,8.05197,,
1981,600,"Paraguay",1.4974,,,13.76605,,
1981,604,"Peru",0,,,,,"No value reported or collected"
1981,608,"Philippines",6.7503,,,13.07127,,
1981,616,"Poland",0.023,,,23.07692,,
1981,620,"Portugal",11.0492,,,21.14165,,
1981,630,"Puerto Rico",50.5525,,,9.47004,,
1981,634,"Qatar",31.2495,,,8.46148,,
1981,410,"Republic of Korea",25.442,,,21.35464,,
1981,498,"Republic of Moldova",,,"Not applicable",,,"Not applicable"
1981,642,"Romania",0.0079,,,0,,
1981,643,"Russian Federation",,,"Not applicable",,,"Not applicable"
1981,646,"Rwanda",5.5107,,,6.43699,,
1981,659,"Saint Kitts and Nevis",40.06,,,8.55929,,
1981,662,"Saint Lucia",39.7135,,,15.12498,,
1981,670,"Saint Vincent and the Grenadines",38.8911,,,17.45058,,
1981,882,"Samoa",14.1081,,,20.51222,,
1981,678,"Sao Tome and Principe",0.1025,,,11.62791,,
1981,682,"Saudi Arabia",67.4928,,,3.58931,,
1981,686,"Senegal",29.4671,,,5.78005,,
1981,688,"Serbia",,,"Not applicable",,,"Not applicable"
1981,690,"Seychelles",24.2905,,,10.51172,,
1981,694,"Sierra Leone",0.0072,,,20,,
1981,702,"Singapore",54.5061,,,8.19008,,
1981,534,"Sint Maarten (Dutch part)",,,"Not applicable",,,"Not applicable"
1981,703,"Slovakia",,,"Not applicable",,,"Not applicable"
1981,705,"Slovenia",,,"Not applicable",,,"Not applicable"
1981,090,"Solomon Islands",4.3817,,,13.14854,,
1981,710,"South Africa",4.3032,,,15.92357,,
1981,728,"South Sudan",,,"Not applicable",,,"Not applicable"
1981,724,"Spain",21.8031,,,14.54825,,
1981,729,"Sudan",,,"Not applicable",,,"Not applicable"
1981,736,"Sudan (...2011)",0.0004,,,18.75,,
1981,740,"Suriname",0.1297,,,8.37004,,
1981,752,"Sweden",31.031,,,12.10573,,
1981,756,"Switzerland",58.4334,,,6.48504,,
1981,762,"Tajikistan",,,"Not applicable",,,"Not applicable"
1981,764,"Thailand",32.467,,,12.69242,,
1981,626,"Timor-Leste",,,"Not applicable",,,"Not applicable"
1981,768,"Togo",29.947,,,19.71584,,
1981,776,"Tonga",10.0082,,,14.88957,,
1981,780,"Trinidad and Tobago",8.3632,,,14.32153,,
1981,788,"Tunisia",13.8631,,,8.90158,,
1981,792,"Turkiye",0,,,,,"No value reported or collected"
1981,795,"Turkmenistan",,,"Not applicable",,,"Not applicable"
1981,800,"Uganda",0.0109,,,100,,
1981,804,"Ukraine",,,"Not applicable",,,"Not applicable"
1981,784,"United Arab Emirates",28.1741,,,7.94603,,
1981,826,"United Kingdom",32.2607,,,12.18818,,
1981,834,"United Republic of Tanzania",0.3915,,,25.67686,,
1981,840,"United States",35.1288,,,10.37835,,
1981,858,"Uruguay",0.0108,,,28.57143,,
1981,860,"Uzbekistan",,,"Not applicable",,,"Not applicable"
1981,548,"Vanuatu",26.1701,,,26.84472,,
1981,862,"Venezuela (Bolivarian Rep. of)",0,,,0,,
1981,704,"Viet Nam",0.0021,,,50,,
1981,887,"Yemen",,,"Not applicable",,,"Not applicable"
1981,894,"Zambia",0.0045,,,9.09091,,
1982,012,"Algeria",5.1918,,,6.59148,,
1982,028,"Antigua and Barbuda",39.8006,,,4.16773,,
1982,032,"Argentina",0,,,164.55684,,
1982,051,"Armenia",,,"Not applicable",,,"Not applicable"
1982,533,"Aruba",35.3289,,,6.10268,,
1982,036,"Australia",27.6582,,,11.35182,,
1982,040,"Austria",45.4652,,,5.44012,,
1982,031,"Azerbaijan",,,"Not applicable",,,"Not applicable"
1982,044,"Bahamas",37.472,,,6.10213,,
1982,048,"Bahrain",64.1996,,,8.70003,,
1982,050,"Bangladesh",7.4726,,,13.65226,,
1982,052,"Barbados",27.9281,,,10.28534,,
1982,112,"Belarus",,,"Not applicable",,,"Not applicable"
1982,056,"Belgium",42.8249,,,8.72163,,
1982,084,"Belize",49.378,,,6.83947,,
1982,204,"Benin",29.1511,,,4.05702,,
1982,064,"Bhutan",7.9169,,,9.91624,,
1982,068,"Bolivia (Plurinational State of)",0,,,,,"No value reported or collected"
1982,070,"Bosnia and Herzegovina",,,"Not applicable",,,"Not applicable"
1982,072,"Botswana",4.9865,,,11.19691,,
1982,076,"Brazil",0,,,100.57353,,
1982,096,"Brunei Darussalam",67.3,,,0,,
1982,100,"Bulgaria",0.0215,,,0,,
1982,854,"Burkina Faso",37.5649,,,12.05785,,
1982,108,"Burundi",3.0766,,,5.20713,,
1982,132,"Cabo Verde",20.6512,,,21.1279,,
1982,120,"Cameroon",24.7902,,,15.3267,,
1982,124,"Canada",40.0678,,,10.80464,,
1982,140,"Central African Republic",27.0953,,,13.24523,,
1982,148,"Chad",34.9729,,,6.42832,,
1982,152,"Chile",4.5355,,,9.93789,,
1982,156,"China",16.6587,,,1.9978,,
1982,344,"China, Hong Kong SAR",23.7987,,,11.01925,,
1982,158,"China, Taiwan Province of",57.4244,,,2.95247,,
1982,170,"Colombia",1.2382,,,24.83221,,
1982,174,"Comoros",33.9843,,,15.20957,,
1982,178,"Congo",43.1946,,,3.45209,,
1982,188,"Costa Rica",1.8872,,,90.25381,,
1982,384,"Cote d'Ivoire",26.7418,,,7.38885,,
1982,191,"Croatia",,,"Not applicable",,,"Not applicable"
1982,531,"Curacao",,,"Not applicable",,,"Not applicable"
1982,196,"Cyprus",38.0396,,,6.43312,,
1982,203,"Czechia",,,"Not applicable",,,"Not applicable"
1982,208,"Denmark",43.1515,,,10.14811,,
1982,212,"Dominica",46.9676,,,4.41414,,
1982,214,"Dominican Republic",1.2228,,,7.69231,,
1982,218,"Ecuador",0.0656,,,16.94915,,
1982,818,"Egypt",1.6151,,,14.87214,,
1982,222,"El Salvador",6.3065,,,11.6996,,
1982,226,"Equatorial Guinea",6.3855,,,38.24802,,
1982,232,"Eritrea",,,"Not applicable",,,"Not applicable"
1982,233,"Estonia",,,"Not applicable",,,"Not applicable"
1982,748,"Eswatini",4.1493,,,10.79692,,
1982,231,"Ethiopia",,,"Not applicable",,,"Not applicable"
1982,230,"Ethiopia (...1991)",3.2821,,,7.77861,,
1982,242,"Fiji",23.5635,,,7.01577,,
1982,246,"Finland",38.8315,,,9.29779,,
1982,250,"France",42.7983,,,11.97963,,
1982,258,"French Polynesia",47.5622,,,14.92549,,
1982,266,"Gabon",35.7567,,,16.69931,,
1982,270,"Gambia",4.3638,,,8.23839,,
1982,268,"Georgia",,,"Not applicable",,,"Not applicable"
1982,276,"Germany",,,"Not applicable",,,"Not applicable"
1982,288,"Ghana",0.0585,,,22.76423,,
1982,300,"Greece",7.7812,,,21.13714,,
1982,308,"Grenada",41.6507,,,7.81257,,
1982,320,"Guatemala",3.5601,,,4.91568,,
1982,324,"Guinea",0.4268,,,30.02755,,
1982,624,"Guinea-Bissau",0.1039,,,16,,
1982,328,"Guyana",1.0312,,,20.54795,,
1982,332,"Haiti",1.5795,,,7.35156,,
1982,340,"Honduras",3.2799,,,9.00495,,
1982,348,"Hungary",2.9998,,,7.01107,,
1982,352,"Iceland",3.9992,,,51.02899,,
1982,356,"India",6.9261,,,7.74059,,
1982,360,"Indonesia",,,"Not applicable",,,"Not applicable"
1982,960,"Indonesia (...2002)",4.4432,,,9.48658,,
1982,364,"Iran (Islamic Republic of)",0.1107,,,19.69697,,
1982,372,"Ireland",40.0116,,,17.18811,,
1982,376,"Israel",0.2207,,,120.45455,,
1982,380,"Italy",27.4393,,,16.46185,,
1982,388,"Jamaica",0.5066,,,6.81363,,
1982,392,"Japan",78.8713,,,2.74901,,
1982,400,"Jordan",21.6673,,,7.61484,,
1982,398,"Kazakhstan",,,"Not applicable",,,"Not applicable"
1982,404,"Kenya",2.3693,,,20.66946,,
1982,296,"Kiribati",42.4852,,,5.48545,,
1982,412,"Kosovo",,,"Not applicable",,,"Not applicable"
1982,417,"Kyrgyzstan",,,"Not applicable",,,"Not applicable"
1982,418,"Lao People's Dem. Rep.",0.3472,,,70.12987,,
1982,428,"Latvia",,,"Not applicable",,,"Not applicable"
1982,422,"Lebanon",0.032,,,18.18182,,
1982,426,"Lesotho",4.2136,,,14.3823,,
1982,434,"Libya",13.6012,,,13.80339,,
1982,440,"Lithuania",,,"Not applicable",,,"Not applicable"
1982,442,"Luxembourg",40.9823,,,9.35778,,
1982,450,"Madagascar",1.4787,,,31.89003,,
1982,454,"Malawi",0.1356,,,9.73451,,
1982,458,"Malaysia",39.8976,,,5.83311,,
1982,462,"Maldives",15.2258,,,-0.81166,,
1982,466,"Mali",39.4235,,,3.85164,,
1982,470,"Malta",47.2238,,,5.8162,,
1982,480,"Mauritius",12.4574,,,13.39041,,
1982,484,"Mexico",0.1089,,,60.27397,,
1982,499,"Montenegro",,,"Not applicable",,,"Not applicable"
1982,504,"Morocco",32.0898,,,10.52791,,
1982,508,"Mozambique",0.0554,,,15.78947,,
1982,524,"Nepal",5.1879,,,10.38339,,
1982,528,"Netherlands (Kingdom of the)",50.6479,,,5.9022,,
1982,554,"New Zealand",27.0588,,,16.12729,,
1982,562,"Niger",45.4132,,,10.40024,,
1982,566,"Nigeria",0.1802,,,5.49451,,
1982,807,"North Macedonia",,,"Not applicable",,,"Not applicable"
1982,578,"Norway",32.3959,,,11.43858,,
1982,512,"Oman",57.632,,,2.53871,,
1982,586,"Pakistan",5.658,,,5.86878,,
1982,591,"Panama",53.4868,,,4.2496,,
1982,598,"Papua New Guinea",8.5467,,,5.53783,,
1982,600,"Paraguay",1.5782,,,5.39185,,
1982,604,"Peru",0,,,,,"No value reported or collected"
1982,608,"Philippines",7.357,,,8.98813,,
1982,616,"Poland",0.046,,,100,,
1982,620,"Portugal",13.5609,,,22.73124,,
1982,630,"Puerto Rico",52.1925,,,3.24405,,
1982,634,"Qatar",33.03,,,5.69782,,
1982,410,"Republic of Korea",27.271,,,7.1889,,
1982,498,"Republic of Moldova",,,"Not applicable",,,"Not applicable"
1982,642,"Romania",0.0094,,,20,,
1982,643,"Russian Federation",,,"Not applicable",,,"Not applicable"
1982,646,"Rwanda",6.2061,,,12.62067,,
1982,659,"Saint Kitts and Nevis",42.453,,,5.97357,,
1982,662,"Saint Lucia",41.546,,,4.61438,,
1982,670,"Saint Vincent and the Grenadines",41.7026,,,7.22925,,
1982,882,"Samoa",16.69,,,18.30116,,
1982,678,"Sao Tome and Principe",0.1025,,,0,,
1982,682,"Saudi Arabia",68.752,,,1.86574,,
1982,686,"Senegal",34.5896,,,17.38395,,
1982,688,"Serbia",,,"Not applicable",,,"Not applicable"
1982,690,"Seychelles",24.0829,,,-0.85479,,
1982,694,"Sierra Leone",0.0096,,,33.33333,,
1982,702,"Singapore",56.6415,,,3.91763,,
1982,534,"Sint Maarten (Dutch part)",,,"Not applicable",,,"Not applicable"
1982,703,"Slovakia",,,"Not applicable",,,"Not applicable"
1982,705,"Slovenia",,,"Not applicable",,,"Not applicable"
1982,090,"Solomon Islands",4.9514,,,13.00251,,
1982,710,"South Africa",4.9055,,,13.99653,,
1982,728,"South Sudan",,,"Not applicable",,,"Not applicable"
1982,724,"Spain",24.9464,,,14.41668,,
1982,729,"Sudan",,,"Not applicable",,,"Not applicable"
1982,736,"Sudan (...2011)",0.0005,,,31.57895,,
1982,740,"Suriname",0.1392,,,7.31707,,
1982,752,"Sweden",33.6932,,,8.57935,,
1982,756,"Switzerland",61.7472,,,5.67097,,
1982,762,"Tajikistan",,,"Not applicable",,,"Not applicable"
1982,764,"Thailand",34.1725,,,5.25311,,
1982,626,"Timor-Leste",,,"Not applicable",,,"Not applicable"
1982,768,"Togo",33.2808,,,11.13221,,
1982,776,"Tonga",11.0973,,,10.8826,,
1982,780,"Trinidad and Tobago",9.3367,,,11.64077,,
1982,788,"Tunisia",15.7582,,,13.67064,,
1982,792,"Turkiye",0,,,,,"No value reported or collected"
1982,795,"Turkmenistan",,,"Not applicable",,,"Not applicable"
1982,800,"Uganda",0.0217,,,100,,
1982,804,"Ukraine",,,"Not applicable",,,"Not applicable"
1982,784,"United Arab Emirates",30.1697,,,7.08333,,
1982,826,"United Kingdom",35.0059,,,8.50936,,
1982,834,"United Republic of Tanzania",0.5047,,,28.90896,,
1982,840,"United States",37.2922,,,6.15838,,
1982,858,"Uruguay",0.0133,,,22.22222,,
1982,860,"Uzbekistan",,,"Not applicable",,,"Not applicable"
1982,548,"Vanuatu",27.9164,,,6.67275,,
1982,862,"Venezuela (Bolivarian Rep. of)",0,,,0,,
1982,704,"Viet Nam",0.0046,,,116.66667,,
1982,887,"Yemen",,,"Not applicable",,,"Not applicable"
1982,894,"Zambia",0.0053,,,16.66667,,
1983,012,"Algeria",5.5985,,,7.83473,,
1983,028,"Antigua and Barbuda",40.7349,,,2.34744,,
1983,032,"Argentina",0,,,346.4115,,
1983,051,"Armenia",,,"Not applicable",,,"Not applicable"
1983,533,"Aruba",36.3228,,,2.81306,,
1983,036,"Australia",30.4348,,,10.03891,,
1983,040,"Austria",46.9817,,,3.33561,,
1983,031,"Azerbaijan",,,"Not applicable",,,"Not applicable"
1983,044,"Bahamas",38.971,,,4.0004,,
1983,048,"Bahrain",66.2533,,,3.19893,,
1983,050,"Bangladesh",8.3024,,,11.10474,,
1983,052,"Barbados",29.4019,,,5.27713,,
1983,112,"Belarus",,,"Not applicable",,,"Not applicable"
1983,056,"Belgium",46.1076,,,7.66532,,
1983,084,"Belize",51.845,,,4.99615,,
1983,204,"Benin",27.3833,,,-6.06446,,
1983,064,"Bhutan",8.8781,,,12.14136,,
1983,068,"Bolivia (Plurinational State of)",0.0019,,,,,"No value reported or collected"
1983,070,"Bosnia and Herzegovina",,,"Not applicable",,,"Not applicable"
1983,072,"Botswana",5.5099,,,10.49769,,
1983,076,"Brazil",0,,,135.01979,,
1983,096,"Brunei Darussalam",68.0849,,,1.16634,,
1983,100,"Bulgaria",0.0228,,,6.25,,
1983,854,"Burkina Faso",40.6997,,,8.34505,,
1983,108,"Burundi",3.3332,,,8.34017,,
1983,132,"Cabo Verde",24.8137,,,20.15615,,
1983,120,"Cameroon",29.8742,,,20.50807,,
1983,124,"Canada",42.3977,,,5.81493,,
1983,140,"Central African Republic",31.0395,,,14.55696,,
1983,148,"Chad",37.7268,,,7.87428,,
1983,152,"Chile",5.7721,,,27.26512,,
1983,156,"China",16.9922,,,2.00172,,
1983,344,"China, Hong Kong SAR",26.1678,,,9.95498,,
1983,158,"China, Taiwan Province of",58.2116,,,1.37086,,
1983,170,"Colombia",1.4798,,,19.50845,,
1983,174,"Comoros",37.1147,,,9.21142,,
1983,178,"Congo",44.6949,,,3.47338,,
1983,188,"Costa Rica",2.5005,,,32.49733,,
1983,384,"Cote d'Ivoire",28.3138,,,5.87858,,
1983,191,"Croatia",,,"Not applicable",,,"Not applicable"
1983,531,"Curacao",,,"Not applicable",,,"Not applicable"
1983,196,"Cyprus",39.9597,,,5.0478,,
1983,203,"Czechia",,,"Not applicable",,,"Not applicable"
1983,208,"Denmark",46.101,,,6.83539,,
1983,212,"Dominica",48.9532,,,4.22753,,
1983,214,"Dominican Republic",1.2913,,,5.60065,,
1983,218,"Ecuador",0.097,,,47.82609,,
1983,818,"Egypt",1.8734,,,15.99297,,
1983,222,"El Salvador",7.134,,,13.12102,,
1983,226,"Equatorial Guinea",10.2207,,,60.06045,,
1983,232,"Eritrea",,,"Not applicable",,,"Not applicable"
1983,233,"Estonia",,,"Not applicable",,,"Not applicable"
1983,748,"Eswatini",4.6297,,,11.57773,,
1983,231,"Ethiopia",,,"Not applicable",,,"Not applicable"
1983,230,"Ethiopia (...1991)",3.3989,,,3.55656,,
1983,242,"Fiji",25.1676,,,6.80784,,
1983,246,"Finland",42.0937,,,8.40108,,
1983,250,"France",46.8462,,,9.45793,,
1983,258,"French Polynesia",54.1394,,,13.82857,,
1983,266,"Gabon",39.4751,,,10.39906,,
1983,270,"Gambia",4.8282,,,10.64329,,
1983,268,"Georgia",,,"Not applicable",,,"Not applicable"
1983,276,"Germany",,,"Not applicable",,,"Not applicable"
1983,288,"Ghana",0.1298,,,121.8543,,
1983,300,"Greece",9.3512,,,20.17776,,
1983,308,"Grenada",44.19,,,6.09669,,
1983,320,"Guatemala",3.7987,,,6.70315,,
1983,324,"Guinea",0.556,,,30.29661,,
1983,624,"Guinea-Bissau",0.1278,,,22.98851,,
1983,328,"Guyana",1.1894,,,15.34091,,
1983,332,"Haiti",1.741,,,10.22827,,
1983,340,"Honduras",3.5495,,,8.21974,,
1983,348,"Hungary",3.1923,,,6.4191,,
1983,352,"Iceland",7.3691,,,84.26374,,
1983,356,"India",7.7954,,,12.55075,,
1983,360,"Indonesia",,,"Not applicable",,,"Not applicable"
1983,960,"Indonesia (...2002)",4.9667,,,11.78291,,
1983,364,"Iran (Islamic Republic of)",0.1318,,,18.98734,,
1983,372,"Ireland",44.1724,,,10.39911,,
1983,376,"Israel",0.5427,,,145.87629,,
1983,380,"Italy",31.4723,,,14.69774,,
1983,388,"Jamaica",0.5912,,,16.69794,,
1983,392,"Japan",80.3544,,,1.88043,,
1983,400,"Jordan",22.7405,,,4.95321,,
1983,398,"Kazakhstan",,,"Not applicable",,,"Not applicable"
1983,404,"Kenya",2.6392,,,11.39291,,
1983,296,"Kiribati",45.1659,,,6.30968,,
1983,412,"Kosovo",,,"Not applicable",,,"Not applicable"
1983,417,"Kyrgyzstan",,,"Not applicable",,,"Not applicable"
1983,418,"Lao People's Dem. Rep.",0.5637,,,62.34097,,
1983,428,"Latvia",,,"Not applicable",,,"Not applicable"
1983,422,"Lebanon",0.0345,,,7.69231,,
1983,426,"Lesotho",4.8488,,,15.07254,,
1983,434,"Libya",15.0308,,,10.51134,,
1983,440,"Lithuania",,,"Not applicable",,,"Not applicable"
1983,442,"Luxembourg",44.535,,,8.669,,
1983,450,"Madagascar",1.7661,,,19.43721,,
1983,454,"Malawi",0.1542,,,13.70968,,
1983,458,"Malaysia",41.3755,,,3.70432,,
1983,462,"Maldives",16.7322,,,9.89335,,
1983,466,"Mali",43.5636,,,10.50178,,
1983,470,"Malta",46.7871,,,-0.92486,,
1983,480,"Mauritius",13.3849,,,7.44488,,
1983,484,"Mexico",0.2197,,,101.7094,,
1983,499,"Montenegro",,,"Not applicable",,,"Not applicable"
1983,504,"Morocco",34.082,,,6.2082,,
1983,508,"Mozambique",0.0718,,,29.54545,,
1983,524,"Nepal",5.9249,,,14.20646,,
1983,528,"Netherlands (Kingdom of the)",52.1164,,,2.8995,,
1983,554,"New Zealand",29.0732,,,7.44459,,
1983,562,"Niger",46.1494,,,1.62115,,
1983,566,"Nigeria",0.2102,,,16.66667,,
1983,807,"North Macedonia",,,"Not applicable",,,"Not applicable"
1983,578,"Norway",35.1161,,,8.39648,,
1983,512,"Oman",56.436,,,-2.07535,,
1983,586,"Pakistan",6.0225,,,6.44239,,
1983,591,"Panama",54.6117,,,2.1031,,
1983,598,"Papua New Guinea",9.2217,,,7.898,,
1983,600,"Paraguay",1.78,,,12.79001,,
1983,604,"Peru",0,,,,,"No value reported or collected"
1983,608,"Philippines",7.7434,,,5.25156,,
1983,616,"Poland",0.0561,,,21.875,,
1983,620,"Portugal",16.9656,,,25.10665,,
1983,630,"Puerto Rico",52.3691,,,0.33838,,
1983,634,"Qatar",33.9213,,,2.69847,,
1983,410,"Republic of Korea",28.204,,,3.42122,,
1983,498,"Republic of Moldova",,,"Not applicable",,,"Not applicable"
1983,642,"Romania",0.0094,,,0,,
1983,643,"Russian Federation",,,"Not applicable",,,"Not applicable"
1983,646,"Rwanda",6.6176,,,6.63053,,
1983,659,"Saint Kitts and Nevis",43.4001,,,2.23088,,
1983,662,"Saint Lucia",42.1582,,,1.47349,,
1983,670,"Saint Vincent and the Grenadines",43.9788,,,5.45801,,
1983,882,"Samoa",19.437,,,16.45883,,
1983,678,"Sao Tome and Principe",0.1096,,,6.94444,,
1983,682,"Saudi Arabia",69.1476,,,0.57532,,
1983,686,"Senegal",38.6387,,,11.70614,,
1983,688,"Serbia",,,"Not applicable",,,"Not applicable"
1983,690,"Seychelles",25.6671,,,6.57813,,
1983,694,"Sierra Leone",0.0156,,,62.5,,
1983,702,"Singapore",57.2301,,,1.0392,,
1983,534,"Sint Maarten (Dutch part)",,,"Not applicable",,,"Not applicable"
1983,703,"Slovakia",,,"Not applicable",,,"Not applicable"
1983,705,"Slovenia",,,"Not applicable",,,"Not applicable"
1983,090,"Solomon Islands",5.2954,,,6.9483,,
1983,710,"South Africa",5.5278,,,12.68392,,
1983,728,"South Sudan",,,"Not applicable",,,"Not applicable"
1983,724,"Spain",27.9836,,,12.1751,,
1983,729,"Sudan",,,"Not applicable",,,"Not applicable"
1983,736,"Sudan (...2011)",0.0006,,,28,,
1983,740,"Suriname",0.145,,,4.16667,,
1983,752,"Sweden",36.6936,,,8.90511,,
1983,756,"Switzerland",63.5691,,,2.95061,,
1983,762,"Tajikistan",,,"Not applicable",,,"Not applicable"
1983,764,"Thailand",35.4943,,,3.86805,,
1983,626,"Timor-Leste",,,"Not applicable",,,"Not applicable"
1983,768,"Togo",36.3942,,,9.35498,,
1983,776,"Tonga",12.1772,,,9.73064,,
1983,780,"Trinidad and Tobago",10.7536,,,15.17506,,
1983,788,"Tunisia",17.1724,,,8.97424,,
1983,792,"Turkiye",0,,,,,"No value reported or collected"
1983,795,"Turkmenistan",,,"Not applicable",,,"Not applicable"
1983,800,"Uganda",0.0534,,,145.83333,,
1983,804,"Ukraine",,,"Not applicable",,,"Not applicable"
1983,784,"United Arab Emirates",30.5611,,,1.29702,,
1983,826,"United Kingdom",36.8259,,,5.19914,,
1983,834,"United Republic of Tanzania",0.6416,,,27.1159,,
1983,840,"United States",38.4704,,,3.15954,,
1983,858,"Uruguay",0.0205,,,54.54545,,
1983,860,"Uzbekistan",,,"Not applicable",,,"Not applicable"
1983,548,"Vanuatu",28.3779,,,1.65312,,
1983,862,"Venezuela (Bolivarian Rep. of)",0,,,0,,
1983,704,"Viet Nam",0.0067,,,46.15385,,
1983,887,"Yemen",,,"Not applicable",,,"Not applicable"
1983,894,"Zambia",0.0064,,,21.42857,,
1984,012,"Algeria",5.9518,,,6.30974,,
1984,028,"Antigua and Barbuda",42.3009,,,3.8443,,
1984,032,"Argentina",0,,,624.54466,,
1984,051,"Armenia",,,"Not applicable",,,"Not applicable"
1984,533,"Aruba",37.0939,,,2.12311,,
1984,036,"Australia",31.6401,,,3.9604,,
1984,040,"Austria",49.6431,,,5.66464,,
1984,031,"Azerbaijan",,,"Not applicable",,,"Not applicable"
1984,044,"Bahamas",40.5163,,,3.96524,,
1984,048,"Bahrain",66.2533,,,0,,
1984,050,"Bangladesh",9.1319,,,9.99014,,
1984,052,"Barbados",30.7679,,,4.64616,,
1984,112,"Belarus",,,"Not applicable",,,"Not applicable"
1984,056,"Belgium",49.0335,,,6.34572,,
1984,084,"Belize",53.599,,,3.38316,,
1984,204,"Benin",30.1934,,,10.26226,,
1984,064,"Bhutan",10.0361,,,13.04328,,
1984,068,"Bolivia (Plurinational State of)",0.022,,,1050,,
1984,070,"Bosnia and Herzegovina",,,"Not applicable",,,"Not applicable"
1984,072,"Botswana",5.984,,,8.6048,,
1984,076,"Brazil",0,,,192.12089,,
1984,096,"Brunei Darussalam",70.194,,,3.09766,,
1984,100,"Bulgaria",0.0228,,,0,,
1984,854,"Burkina Faso",42.6728,,,4.84784,,
1984,108,"Burundi",3.8085,,,14.26047,,
1984,132,"Cabo Verde",27.2145,,,9.67512,,
1984,120,"Cameroon",33.4875,,,12.09498,,
1984,124,"Canada",44.2376,,,4.33981,,
1984,140,"Central African Republic",31.8474,,,2.60275,,
1984,148,"Chad",45.3857,,,20.30111,,
1984,152,"Chile",6.9185,,,19.86189,,
1984,156,"China",17.4512,,,2.70099,,
1984,344,"China, Hong Kong SAR",28.3958,,,8.51414,,
1984,158,"China, Taiwan Province of",58.1933,,,-0.03153,,
1984,170,"Colombia",1.7204,,,16.25964,,
1984,174,"Comoros",39.3616,,,6.05397,,
1984,178,"Congo",46.2532,,,3.48648,,
1984,188,"Costa Rica",2.8016,,,12.04188,,
1984,384,"Cote d'Ivoire",29.5263,,,4.28242,,
1984,191,"Croatia",,,"Not applicable",,,"Not applicable"
1984,531,"Curacao",,,"Not applicable",,,"Not applicable"
1984,196,"Cyprus",42.3549,,,5.99395,,
1984,203,"Czechia",,,"Not applicable",,,"Not applicable"
1984,208,"Denmark",49.0247,,,6.34178,,
1984,212,"Dominica",49.9962,,,2.13065,,
1984,214,"Dominican Republic",1.5513,,,20.13836,,
1984,218,"Ecuador",0.1275,,,31.37255,,
1984,818,"Egypt",2.1932,,,17.07071,,
1984,222,"El Salvador",7.9686,,,11.6992,,
1984,226,"Equatorial Guinea",16.3043,,,59.52252,,
1984,232,"Eritrea",,,"Not applicable",,,"Not applicable"
1984,233,"Estonia",,,"Not applicable",,,"Not applicable"
1984,748,"Eswatini",5.2286,,,12.93408,,
1984,231,"Ethiopia",,,"Not applicable",,,"Not applicable"
1984,230,"Ethiopia (...1991)",3.388,,,-0.31831,,
1984,242,"Fiji",26.4939,,,5.26954,,
1984,246,"Finland",45.0403,,,7.00008,,
1984,250,"France",50.4411,,,7.67391,,
1984,258,"French Polynesia",60.8231,,,12.34541,,
1984,266,"Gabon",41.8045,,,5.90077,,
1984,270,"Gambia",5.8957,,,22.1081,,
1984,268,"Georgia",,,"Not applicable",,,"Not applicable"
1984,276,"Germany",,,"Not applicable",,,"Not applicable"
1984,288,"Ghana",0.1818,,,40,,
1984,300,"Greece",11.0766,,,18.45076,,
1984,308,"Grenada",46.6906,,,5.65876,,
1984,320,"Guatemala",3.9205,,,3.20513,,
1984,324,"Guinea",0.7007,,,26.01626,,
1984,624,"Guinea-Bissau",0.2114,,,65.42056,,
1984,328,"Guyana",1.4882,,,25.12315,,
1984,332,"Haiti",1.8527,,,6.41179,,
1984,340,"Honduras",3.7175,,,4.73282,,
1984,348,"Hungary",3.4684,,,8.64905,,
1984,352,"Iceland",9.5185,,,29.16667,,
1984,356,"India",8.304,,,6.52447,,
1984,360,"Indonesia",,,"Not applicable",,,"Not applicable"
1984,960,"Indonesia (...2002)",5.487,,,10.477,,
1984,364,"Iran (Islamic Republic of)",0.1486,,,12.76596,,
1984,372,"Ireland",47.9864,,,8.63437,,
1984,376,"Israel",2.5738,,,374.21384,,
1984,380,"Italy",34.8526,,,10.74057,,
1984,388,"Jamaica",0.7756,,,31.18971,,
1984,392,"Japan",82.1626,,,2.25021,,
1984,400,"Jordan",23.6604,,,4.04524,,
1984,398,"Kazakhstan",,,"Not applicable",,,"Not applicable"
1984,404,"Kenya",2.9105,,,10.28104,,
1984,296,"Kiribati",47.6242,,,5.44271,,
1984,412,"Kosovo",,,"Not applicable",,,"Not applicable"
1984,417,"Kyrgyzstan",,,"Not applicable",,,"Not applicable"
1984,418,"Lao People's Dem. Rep.",0.7174,,,27.27273,,
1984,428,"Latvia",,,"Not applicable",,,"Not applicable"
1984,422,"Lebanon",0.0404,,,17.14286,,
1984,426,"Lesotho",5.4103,,,11.58067,,
1984,434,"Libya",16.9006,,,12.43942,,
1984,440,"Lithuania",,,"Not applicable",,,"Not applicable"
1984,442,"Luxembourg",47.0456,,,5.63735,,
1984,450,"Madagascar",1.938,,,9.72949,,
1984,454,"Malawi",0.1848,,,19.85816,,
1984,458,"Malaysia",42.9908,,,3.90405,,
1984,462,"Maldives",16.8987,,,0.99487,,
1984,466,"Mali",48.2309,,,10.71377,,
1984,470,"Malta",46.5799,,,-0.44271,,
1984,480,"Mauritius",14.1251,,,5.53057,,
1984,484,"Mexico",0.363,,,65.25424,,
1984,499,"Montenegro",,,"Not applicable",,,"Not applicable"
1984,504,"Morocco",38.3239,,,12.44633,,
1984,508,"Mozambique",0.0932,,,29.82456,,
1984,524,"Nepal",6.2928,,,6.20908,,
1984,528,"Netherlands (Kingdom of the)",53.8886,,,3.40037,,
1984,554,"New Zealand",30.8551,,,6.12877,,
1984,562,"Niger",50.0314,,,8.41176,,
1984,566,"Nigeria",0.2871,,,36.60714,,
1984,807,"North Macedonia",,,"Not applicable",,,"Not applicable"
1984,578,"Norway",37.3059,,,6.23602,,
1984,512,"Oman",52.2832,,,-7.35836,,
1984,586,"Pakistan",6.387,,,6.05246,,
1984,591,"Panama",55.4759,,,1.58249,,
1984,598,"Papua New Guinea",9.906,,,7.42044,,
1984,600,"Paraguay",2.1536,,,20.99156,,
1984,604,"Peru",0,,,,,"No value reported or collected"
1984,608,"Philippines",11.357,,,46.66749,,
1984,616,"Poland",0.0978,,,74.35897,,
1984,620,"Portugal",21.937,,,29.30312,,
1984,630,"Puerto Rico",53.2774,,,1.73438,,
1984,634,"Qatar",34.3085,,,1.14136,,
1984,410,"Republic of Korea",28.845,,,2.27273,,
1984,498,"Republic of Moldova",,,"Not applicable",,,"Not applicable"
1984,642,"Romania",0.0094,,,0,,
1984,643,"Russian Federation",,,"Not applicable",,,"Not applicable"
1984,646,"Rwanda",6.972,,,5.35524,,
1984,659,"Saint Kitts and Nevis",44.5842,,,2.72829,,
1984,662,"Saint Lucia",43.0215,,,2.04764,,
1984,670,"Saint Vincent and the Grenadines",45.1669,,,2.7017,,
1984,882,"Samoa",21.7421,,,11.85905,,
1984,678,"Sao Tome and Principe",0.1132,,,3.24675,,
1984,682,"Saudi Arabia",68.6805,,,-0.67546,,
1984,686,"Senegal",43.1759,,,11.74247,,
1984,688,"Serbia",,,"Not applicable",,,"Not applicable"
1984,690,"Seychelles",25.9693,,,1.17728,,
1984,694,"Sierra Leone",0.0251,,,61.53846,,
1984,702,"Singapore",58.7197,,,2.60285,,
1984,534,"Sint Maarten (Dutch part)",,,"Not applicable",,,"Not applicable"
1984,703,"Slovakia",,,"Not applicable",,,"Not applicable"
1984,705,"Slovenia",,,"Not applicable",,,"Not applicable"
1984,090,"Solomon Islands",5.8734,,,10.91476,,
1984,710,"South Africa",6.15,,,11.25619,,
1984,728,"South Sudan",,,"Not applicable",,,"Not applicable"
1984,724,"Spain",31.1403,,,11.28049,,
1984,729,"Sudan",,,"Not applicable",,,"Not applicable"
1984,736,"Sudan (...2011)",0.0008,,,34.375,,
1984,740,"Suriname",0.1502,,,3.63636,,
1984,752,"Sweden",39.6375,,,8.02279,,
1984,756,"Switzerland",65.4357,,,2.9364,,
1984,762,"Tajikistan",,,"Not applicable",,,"Not applicable"
1984,764,"Thailand",35.8019,,,0.86669,,
1984,626,"Timor-Leste",,,"Not applicable",,,"Not applicable"
1984,768,"Togo",35.1112,,,-3.52539,,
1984,776,"Tonga",13.1401,,,7.90792,,
1984,780,"Trinidad and Tobago",12.1871,,,13.33136,,
1984,788,"Tunisia",18.6487,,,8.59689,,
1984,792,"Turkiye",0,,,,,"No value reported or collected"
1984,795,"Turkmenistan",,,"Not applicable",,,"Not applicable"
1984,800,"Uganda",0.0624,,,16.94915,,
1984,804,"Ukraine",,,"Not applicable",,,"Not applicable"
1984,784,"United Arab Emirates",31.3045,,,2.43278,,
1984,826,"United Kingdom",38.4638,,,4.44772,,
1984,834,"United Republic of Tanzania",0.8731,,,36.08991,,
1984,840,"United States",40.1509,,,4.36822,,
1984,858,"Uruguay",0.0313,,,52.94118,,
1984,860,"Uzbekistan",,,"Not applicable",,,"Not applicable"
1984,548,"Vanuatu",29.9433,,,5.51617,,
1984,862,"Venezuela (Bolivarian Rep. of)",0,,,0,,
1984,704,"Viet Nam",0.0109,,,63.15789,,
1984,887,"Yemen",,,"Not applicable",,,"Not applicable"
1984,894,"Zambia",0.0075,,,17.64706,,
1985,012,"Algeria",6.5726,,,10.43042,,
1985,028,"Antigua and Barbuda",42.722,,,0.99553,,
1985,032,"Argentina",0,,,254.55392,,
1985,051,"Armenia",,,"Not applicable",,,"Not applicable"
1985,533,"Aruba",38.4648,,,3.6957,,
1985,036,"Australia",33.771,,,6.73469,,
1985,040,"Austria",51.2264,,,3.18938,,
1985,031,"Azerbaijan",,,"Not applicable",,,"Not applicable"
1985,044,"Bahamas",42.3901,,,4.62477,,
1985,048,"Bahrain",64.6639,,,-2.39907,,
1985,050,"Bangladesh",10.0852,,,10.44005,,
1985,052,"Barbados",32.2625,,,4.85752,,
1985,112,"Belarus",,,"Not applicable",,,"Not applicable"
1985,056,"Belgium",51.421,,,4.86914,,
1985,084,"Belize",55.825,,,4.15306,,
1985,204,"Benin",30.5408,,,1.15068,,
1985,064,"Bhutan",10.839,,,8.00016,,
1985,068,"Bolivia (Plurinational State of)",2.6565,,,11960.86957,,
1985,070,"Bosnia and Herzegovina",,,"Not applicable",,,"Not applicable"
1985,072,"Botswana",6.4686,,,8.09664,,
1985,076,"Brazil",0,,,226.02924,,
1985,096,"Brunei Darussalam",71.6905,,,2.13202,,
1985,100,"Bulgaria",0.0241,,,5.88235,,
1985,854,"Burkina Faso",45.6828,,,7.05366,,
1985,108,"Burundi",3.9523,,,3.77734,,
1985,132,"Cabo Verde",28.815,,,5.88108,,
1985,120,"Cameroon",34.8943,,,4.20104,,
1985,124,"Canada",45.9849,,,3.94969,,
1985,140,"Central African Republic",35.1781,,,10.45817,,
1985,148,"Chad",47.6871,,,5.07067,,
1985,152,"Chile",9.0425,,,30.69959,,
1985,156,"China",19.0746,,,9.30245,,
1985,344,"China, Hong Kong SAR",29.4061,,,3.55808,,
1985,158,"China, Taiwan Province of",58.0995,,,-0.16121,,
1985,170,"Colombia",2.1322,,,23.93588,,
1985,174,"Comoros",42.6608,,,8.38186,,
1985,178,"Congo",47.8753,,,3.50709,,
1985,188,"Costa Rica",3.2255,,,15.133,,
1985,384,"Cote d'Ivoire",30.0439,,,1.75275,,
1985,191,"Croatia",,,"Not applicable",,,"Not applicable"
1985,531,"Curacao",,,"Not applicable",,,"Not applicable"
1985,196,"Cyprus",44.4871,,,5.03412,,
1985,203,"Czechia",,,"Not applicable",,,"Not applicable"
1985,208,"Denmark",51.3114,,,4.66453,,
1985,212,"Dominica",51.0392,,,2.0862,,
1985,214,"Dominican Republic",2.255,,,45.36148,,
1985,218,"Ecuador",0.1636,,,28.35821,,
1985,818,"Egypt",2.459,,,12.12252,,
1985,222,"El Salvador",9.7477,,,22.32553,,
1985,226,"Equatorial Guinea",29.999,,,83.99425,,
1985,232,"Eritrea",,,"Not applicable",,,"Not applicable"
1985,233,"Estonia",,,"Not applicable",,,"Not applicable"
1985,748,"Eswatini",6.2991,,,20.47505,,
1985,231,"Ethiopia",,,"Not applicable",,,"Not applicable"
1985,230,"Ethiopia (...1991)",4.011,,,18.38655,,
1985,242,"Fiji",27.6625,,,4.41117,,
1985,246,"Finland",47.6619,,,5.82044,,
1985,250,"France",53.3826,,,5.8316,,
1985,258,"French Polynesia",67.2769,,,10.61083,,
1985,266,"Gabon",44.8562,,,7.29998,,
1985,270,"Gambia",6.9757,,,18.31952,,
1985,268,"Georgia",,,"Not applicable",,,"Not applicable"
1985,276,"Germany",,,"Not applicable",,,"Not applicable"
1985,288,"Ghana",0.2008,,,10.44776,,
1985,300,"Greece",13.2169,,,19.32304,,
1985,308,"Grenada",47.859,,,2.50241,,
1985,320,"Guatemala",4.6729,,,19.19255,,
1985,324,"Guinea",0.8336,,,18.96774,,
1985,624,"Guinea-Bissau",0.449,,,112.42938,,
1985,328,"Guyana",1.7116,,,15.01687,,
1985,332,"Haiti",2.0503,,,10.66617,,
1985,340,"Honduras",3.8421,,,3.35277,,
1985,348,"Hungary",3.7111,,,6.99702,,
1985,352,"Iceland",12.6006,,,32.38119,,
1985,356,"India",8.8236,,,6.25736,,
1985,360,"Indonesia",,,"Not applicable",,,"Not applicable"
1985,960,"Indonesia (...2002)",5.7451,,,4.70316,,
1985,364,"Iran (Islamic Republic of)",0.1556,,,4.71698,,
1985,372,"Ireland",50.6106,,,5.46855,,
1985,376,"Israel",10.4124,,,304.55349,,
1985,380,"Italy",37.9783,,,8.9685,,
1985,388,"Jamaica",1.0056,,,29.65686,,
1985,392,"Japan",83.8377,,,2.0388,,
1985,400,"Jordan",24.3252,,,2.80936,,
1985,398,"Kazakhstan",,,"Not applicable",,,"Not applicable"
1985,404,"Kenya",3.2891,,,13.00806,,
1985,296,"Kiribati",49.7632,,,4.49145,,
1985,412,"Kosovo",,,"Not applicable",,,"Not applicable"
1985,417,"Kyrgyzstan",,,"Not applicable",,,"Not applicable"
1985,418,"Lao People's Dem. Rep.",1.54,,,114.65517,,
1985,428,"Latvia",,,"Not applicable",,,"Not applicable"
1985,422,"Lebanon",0.069,,,70.73171,,
1985,426,"Lesotho",6.2208,,,14.98221,,
1985,434,"Libya",18.4403,,,9.11025,,
1985,440,"Lithuania",,,"Not applicable",,,"Not applicable"
1985,442,"Luxembourg",48.9705,,,4.09159,,
1985,450,"Madagascar",2.1429,,,10.57654,,
1985,454,"Malawi",0.2045,,,10.65089,,
1985,458,"Malaysia",44.1032,,,2.58754,,
1985,462,"Maldives",15.3504,,,-9.16178,,
1985,466,"Mali",52.609,,,9.07731,,
1985,470,"Malta",46.4699,,,-0.23632,,
1985,480,"Mauritius",15.3,,,8.31724,,
1985,484,"Mexico",0.5725,,,57.69231,,
1985,499,"Montenegro",,,"Not applicable",,,"Not applicable"
1985,504,"Morocco",41.2859,,,7.72873,,
1985,508,"Mozambique",0.1221,,,31.08108,,
1985,524,"Nepal",6.553,,,4.13601,,
1985,528,"Netherlands (Kingdom of the)",55.1272,,,2.29844,,
1985,554,"New Zealand",35.6002,,,15.37883,,
1985,562,"Niger",49.4961,,,-1.06999,,
1985,566,"Nigeria",0.3003,,,4.57516,,
1985,807,"North Macedonia",,,"Not applicable",,,"Not applicable"
1985,578,"Norway",39.4233,,,5.67584,,
1985,512,"Oman",50.2078,,,-3.9695,,
1985,586,"Pakistan",6.7422,,,5.56226,,
1985,591,"Panama",56.0453,,,1.02636,,
1985,598,"Papua New Guinea",10.2737,,,3.71138,,
1985,600,"Paraguay",2.6878,,,24.80384,,
1985,604,"Peru",0,,,,,"No value reported or collected"
1985,608,"Philippines",13.9938,,,23.21714,,
1985,616,"Poland",0.1121,,,14.70588,,
1985,620,"Portugal",26.1781,,,19.33304,,
1985,630,"Puerto Rico",53.3901,,,0.21152,,
1985,634,"Qatar",34.6957,,,1.12848,,
1985,410,"Republic of Korea",29.555,,,2.46143,,
1985,498,"Republic of Moldova",,,"Not applicable",,,"Not applicable"
1985,642,"Romania",0.0094,,,0,,
1985,643,"Russian Federation",,,"Not applicable",,,"Not applicable"
1985,646,"Rwanda",7.0925,,,1.72801,,
1985,659,"Saint Kitts and Nevis",45.7721,,,2.66441,,
1985,662,"Saint Lucia",43.2375,,,0.50222,,
1985,670,"Saint Vincent and the Grenadines",46.1059,,,2.07892,,
1985,882,"Samoa",23.7189,,,9.09206,,
1985,678,"Sao Tome and Principe",0.1132,,,0,,
1985,682,"Saudi Arabia",67.094,,,-2.30999,,
1985,686,"Senegal",48.8066,,,13.04145,,
1985,688,"Serbia",,,"Not applicable",,,"Not applicable"
1985,690,"Seychelles",26.1212,,,0.58519,,
1985,694,"Sierra Leone",0.0455,,,80.95238,,
1985,702,"Singapore",59.0088,,,0.49228,,
1985,534,"Sint Maarten (Dutch part)",,,"Not applicable",,,"Not applicable"
1985,703,"Slovakia",,,"Not applicable",,,"Not applicable"
1985,705,"Slovenia",,,"Not applicable",,,"Not applicable"
1985,090,"Solomon Islands",6.4266,,,9.41893,,
1985,710,"South Africa",7.1654,,,16.51153,,
1985,728,"South Sudan",,,"Not applicable",,,"Not applicable"
1985,724,"Spain",33.885,,,8.81409,,
1985,729,"Sudan",,,"Not applicable",,,"Not applicable"
1985,736,"Sudan (...2011)",0.0012,,,44.18605,,
1985,740,"Suriname",0.1666,,,10.87719,,
1985,752,"Sweden",42.5567,,,7.36489,,
1985,756,"Switzerland",67.6772,,,3.42544,,
1985,762,"Tajikistan",,,"Not applicable",,,"Not applicable"
1985,764,"Thailand",36.6096,,,2.25589,,
1985,626,"Timor-Leste",,,"Not applicable",,,"Not applicable"
1985,768,"Togo",34.4738,,,-1.8153,,
1985,776,"Tonga",13.8238,,,5.20309,,
1985,780,"Trinidad and Tobago",13.116,,,7.62185,,
1985,788,"Tunisia",20.0568,,,7.55077,,
1985,792,"Turkiye",0,,,,,"No value reported or collected"
1985,795,"Turkmenistan",,,"Not applicable",,,"Not applicable"
1985,800,"Uganda",0.1248,,,100,,
1985,804,"Ukraine",,,"Not applicable",,,"Not applicable"
1985,784,"United Arab Emirates",32.4002,,,3.5,,
1985,826,"United Kingdom",40.4484,,,5.15972,,
1985,834,"United Republic of Tanzania",1.164,,,33.31256,,
1985,840,"United States",41.5675,,,3.52823,,
1985,858,"Uruguay",0.053,,,69.23077,,
1985,860,"Uzbekistan",,,"Not applicable",,,"Not applicable"
1985,548,"Vanuatu",30.2627,,,1.06669,,
1985,862,"Venezuela (Bolivarian Rep. of)",0,,,0,,
1985,704,"Viet Nam",0.0207,,,90.32258,,
1985,887,"Yemen",,,"Not applicable",,,"Not applicable"
1985,894,"Zambia",0.0105,,,40,,
1986,012,"Algeria",7.4931,,,14.00576,,
1986,028,"Antigua and Barbuda",42.9355,,,0.49974,,
1986,032,"Argentina",0.0001,,,86.45275,,
1986,051,"Armenia",,,"Not applicable",,,"Not applicable"
1986,533,"Aruba",38.8948,,,1.11776,,
1986,036,"Australia",36.8274,,,9.05035,,
1986,040,"Austria",52.1163,,,1.73719,,
1986,031,"Azerbaijan",,,"Not applicable",,,"Not applicable"
1986,044,"Bahamas",44.6849,,,5.41355,,
1986,048,"Bahrain",63.0467,,,-2.50083,,
1986,050,"Bangladesh",11.1255,,,10.31498,,
1986,052,"Barbados",32.3267,,,0.19915,,
1986,112,"Belarus",,,"Not applicable",,,"Not applicable"
1986,056,"Belgium",52.087,,,1.29529,,
1986,084,"Belize",56.269,,,0.79534,,
1986,204,"Benin",30.6669,,,0.41272,,
1986,064,"Bhutan",11.4002,,,5.17744,,
1986,068,"Bolivia (Plurinational State of)",9.9184,,,273.35977,,
1986,070,"Bosnia and Herzegovina",,,"Not applicable",,,"Not applicable"
1986,072,"Botswana",7.1155,,,10.00178,,
1986,076,"Brazil",0,,,147.13718,,
1986,096,"Brunei Darussalam",72.967,,,1.7806,,
1986,100,"Bulgaria",0.0241,,,0,,
1986,854,"Burkina Faso",44.449,,,-2.70071,,
1986,108,"Burundi",4.0247,,,1.83057,,
1986,132,"Cabo Verde",32.0169,,,11.11225,,
1986,116,"Cambodia",0.755,,,,,"No value reported or collected"
1986,120,"Cameroon",36.3953,,,4.30139,,
1986,124,"Canada",47.9045,,,4.17434,,
1986,140,"Central African Republic",36.0266,,,2.41208,,
1986,148,"Chad",41.4623,,,-13.05343,,
1986,152,"Chile",10.803,,,19.46893,,
1986,156,"China",20.3143,,,6.49937,,
1986,344,"China, Hong Kong SAR",30.4575,,,3.57544,,
1986,158,"China, Taiwan Province of",58.5053,,,0.69853,,
1986,170,"Colombia",2.5335,,,18.82248,,
1986,174,"Comoros",37.8452,,,-11.28815,,
1986,178,"Congo",49.5603,,,3.51961,,
1986,188,"Costa Rica",3.6052,,,11.77022,,
1986,384,"Cote d'Ivoire",32.0979,,,6.83689,,
1986,191,"Croatia",,,"Not applicable",,,"Not applicable"
1986,531,"Curacao",,,"Not applicable",,,"Not applicable"
1986,196,"Cyprus",45.0284,,,1.21685,,
1986,203,"Czechia",,,"Not applicable",,,"Not applicable"
1986,208,"Denmark",53.2185,,,3.71656,,
1986,212,"Dominica",52.5779,,,3.01474,,
1986,214,"Dominican Republic",2.4277,,,7.65845,,
1986,218,"Ecuador",0.2007,,,22.67442,,
1986,818,"Egypt",3.0466,,,23.89381,,
1986,222,"El Salvador",12.8612,,,31.94139,,
1986,226,"Equatorial Guinea",24.7074,,,-17.63935,,
1986,232,"Eritrea",,,"Not applicable",,,"Not applicable"
1986,233,"Estonia",,,"Not applicable",,,"Not applicable"
1986,748,"Eswatini",7.1636,,,13.72459,,
1986,231,"Ethiopia",,,"Not applicable",,,"Not applicable"
1986,230,"Ethiopia (...1991)",4.2336,,,5.55082,,
1986,242,"Fiji",28.1574,,,1.78891,,
1986,246,"Finland",49.0442,,,2.90033,,
1986,250,"France",54.7378,,,2.53861,,
1986,258,"French Polynesia",68.0958,,,1.2172,,
1986,266,"Gabon",47.7271,,,6.40033,,
1986,270,"Gambia",10.9208,,,56.55447,,
1986,268,"Georgia",,,"Not applicable",,,"Not applicable"
1986,276,"Germany",,,"Not applicable",,,"Not applicable"
1986,288,"Ghana",0.25,,,24.51737,,
1986,300,"Greece",16.2588,,,23.01478,,
1986,308,"Grenada",48.1254,,,0.55673,,
1986,320,"Guatemala",6.2046,,,32.77749,,
1986,324,"Guinea",1.3734,,,64.75054,,
1986,624,"Guinea-Bissau",0.5684,,,26.59574,,
1986,328,"Guyana",1.8472,,,7.92176,,
1986,332,"Haiti",2.1175,,,3.28035,,
1986,340,"Honduras",4.0088,,,4.33709,,
1986,348,"Hungary",3.9077,,,5.29588,,
1986,352,"Iceland",15.2809,,,21.27046,,
1986,356,"India",9.6073,,,8.88181,,
1986,360,"Indonesia",,,"Not applicable",,,"Not applicable"
1986,960,"Indonesia (...2002)",6.0793,,,5.81738,,
1986,364,"Iran (Islamic Republic of)",0.1921,,,23.42342,,
1986,372,"Ireland",52.1497,,,3.04105,,
1986,376,"Israel",15.4257,,,48.14774,,
1986,380,"Italy",40.1884,,,5.81938,,
1986,388,"Jamaica",1.2508,,,24.38563,,
1986,392,"Japan",84.3467,,,0.60717,,
1986,400,"Jordan",24.3252,,,0,,
1986,398,"Kazakhstan",,,"Not applicable",,,"Not applicable"
1986,404,"Kenya",3.3725,,,2.53336,,
1986,296,"Kiribati",53.0501,,,6.60506,,
1986,412,"Kosovo",,,"Not applicable",,,"Not applicable"
1986,417,"Kyrgyzstan",,,"Not applicable",,,"Not applicable"
1986,418,"Lao People's Dem. Rep.",2.0789,,,34.99713,,
1986,428,"Latvia",,,"Not applicable",,,"Not applicable"
1986,422,"Lebanon",0.1346,,,95,,
1986,426,"Lesotho",7.1967,,,15.68699,,
1986,434,"Libya",19.0635,,,3.37983,,
1986,440,"Lithuania",,,"Not applicable",,,"Not applicable"
1986,442,"Luxembourg",49.1178,,,0.30085,,
1986,450,"Madagascar",2.4535,,,14.49119,,
1986,454,"Malawi",0.234,,,14.4385,,
1986,458,"Malaysia",44.2573,,,0.34927,,
1986,462,"Maldives",16.7475,,,9.10119,,
1986,466,"Mali",51.8793,,,-1.38698,,
1986,470,"Malta",47.4144,,,2.03255,,
1986,480,"Mauritius",15.964,,,4.34034,,
1986,484,"Mexico",1.0677,,,86.50407,,
1986,499,"Montenegro",,,"Not applicable",,,"Not applicable"
1986,504,"Morocco",44.8917,,,8.73387,,
1986,508,"Mozambique",0.1712,,,40.20619,,
1986,524,"Nepal",7.5916,,,15.84877,,
1986,528,"Netherlands (Kingdom of the)",55.1272,,,0,,
1986,554,"New Zealand",40.3069,,,13.22103,,
1986,558,"Nicaragua",0,,,,,"No value reported or collected"
1986,562,"Niger",47.8901,,,-3.24468,,
1986,566,"Nigeria",0.3266,,,8.75,,
1986,807,"North Macedonia",,,"Not applicable",,,"Not applicable"
1986,578,"Norway",42.2466,,,7.16132,,
1986,512,"Oman",54.0448,,,7.64225,,
1986,586,"Pakistan",6.9765,,,3.47468,,
1986,591,"Panama",56.0079,,,-0.06671,,
1986,598,"Papua New Guinea",10.8341,,,5.4549,,
1986,600,"Paraguay",3.5403,,,31.71498,,
1986,604,"Peru",0,,,,,"No value reported or collected"
1986,608,"Philippines",13.948,,,-0.32722,,
1986,616,"Poland",0.1323,,,17.94872,,
1986,620,"Portugal",29.232,,,11.66613,,
1986,630,"Puerto Rico",53.2639,,,-0.23628,,
1986,634,"Qatar",35.354,,,1.8976,,
1986,410,"Republic of Korea",30.368,,,2.7508,,
1986,498,"Republic of Moldova",,,"Not applicable",,,"Not applicable"
1986,642,"Romania",0.0094,,,0,,
1986,643,"Russian Federation",,,"Not applicable",,,"Not applicable"
1986,646,"Rwanda",7.0151,,,-1.09199,,
1986,659,"Saint Kitts and Nevis",45.7587,,,-0.02923,,
1986,662,"Saint Lucia",44.1778,,,2.17467,,
1986,670,"Saint Vincent and the Grenadines",46.6377,,,1.15341,,
1986,882,"Samoa",24.3552,,,2.68275,,
1986,678,"Sao Tome and Principe",0.1295,,,14.46541,,
1986,682,"Saudi Arabia",65.0003,,,-3.12051,,
1986,686,"Senegal",51.7942,,,6.12121,,
1986,688,"Serbia",,,"Not applicable",,,"Not applicable"
1986,690,"Seychelles",26.7477,,,2.39819,,
1986,694,"Sierra Leone",0.0826,,,81.57895,,
1986,702,"Singapore",58.1929,,,-1.38269,,
1986,534,"Sint Maarten (Dutch part)",,,"Not applicable",,,"Not applicable"
1986,703,"Slovakia",,,"Not applicable",,,"Not applicable"
1986,705,"Slovenia",,,"Not applicable",,,"Not applicable"
1986,090,"Solomon Islands",7.2679,,,13.09065,,
1986,710,"South Africa",8.4721,,,18.2355,,
1986,728,"South Sudan",,,"Not applicable",,,"Not applicable"
1986,724,"Spain",36.865,,,8.79433,,
1986,729,"Sudan",,,"Not applicable",,,"Not applicable"
1986,736,"Sudan (...2011)",0.002,,,61.29032,,
1986,740,"Suriname",0.1977,,,18.67089,,
1986,752,"Sweden",44.3582,,,4.23313,,
1986,756,"Switzerland",68.1809,,,0.74421,,
1986,762,"Tajikistan",,,"Not applicable",,,"Not applicable"
1986,764,"Thailand",37.2846,,,1.84388,,
1986,626,"Timor-Leste",,,"Not applicable",,,"Not applicable"
1986,768,"Togo",35.8955,,,4.12385,,
1986,776,"Tonga",17.9529,,,29.86906,,
1986,780,"Trinidad and Tobago",14.1255,,,7.69605,,
1986,788,"Tunisia",21.2922,,,6.1596,,
1986,792,"Turkiye",0.0068,,,,,"No value reported or collected"
1986,795,"Turkmenistan",,,"Not applicable",,,"Not applicable"
1986,800,"Uganda",0.3048,,,144.2029,,
1986,804,"Ukraine",,,"Not applicable",,,"Not applicable"
1986,784,"United Arab Emirates",34.1611,,,5.43478,,
1986,826,"United Kingdom",41.9153,,,3.62648,,
1986,834,"United Republic of Tanzania",1.5411,,,32.39832,,
1986,840,"United States",42.3757,,,1.94424,,
1986,858,"Uruguay",0.094,,,77.27273,,
1986,860,"Uzbekistan",,,"Not applicable",,,"Not applicable"
1986,548,"Vanuatu",31.7051,,,4.76623,,
1986,862,"Venezuela (Bolivarian Rep. of)",0,,,100,,
1986,704,"Viet Nam",0.1149,,,455.9322,,
1986,887,"Yemen",,,"Not applicable",,,"Not applicable"
1986,894,"Zambia",0.0154,,,46.42857,,
1987,012,"Algeria",7.9321,,,5.85819,,
1987,028,"Antigua and Barbuda",44.4819,,,3.60165,,
1987,032,"Argentina",0.0001,,,132.96087,,
1987,051,"Armenia",,,"Not applicable",,,"Not applicable"
1987,533,"Aruba",40.31,,,3.63864,,
1987,036,"Australia",39.9699,,,8.53302,,
1987,040,"Austria",52.8499,,,1.40765,,
1987,031,"Azerbaijan",,,"Not applicable",,,"Not applicable"
1987,044,"Bahamas",47.3637,,,5.99491,,
1987,048,"Bahrain",61.9748,,,-1.70023,,
1987,050,"Bangladesh",12.2956,,,10.5171,,
1987,052,"Barbados",33.4803,,,3.56837,,
1987,112,"Belarus",,,"Not applicable",,,"Not applicable"
1987,056,"Belgium",52.8971,,,1.55514,,
1987,084,"Belize",57.406,,,2.02065,,
1987,204,"Benin",30.257,,,-1.3367,,
1987,064,"Bhutan",12.2031,,,7.0429,,
1987,068,"Bolivia (Plurinational State of)",11.3645,,,14.57951,,
1987,070,"Bosnia and Herzegovina",,,"Not applicable",,,"Not applicable"
1987,072,"Botswana",7.8127,,,9.79804,,
1987,076,"Brazil",0,,,228.32696,,
1987,096,"Brunei Darussalam",73.8768,,,1.24689,,
1987,100,"Bulgaria",0.0255,,,5.55556,,
1987,854,"Burkina Faso",43.1826,,,-2.84912,,
1987,108,"Burundi",4.3091,,,7.06522,,
1987,132,"Cabo Verde",33.2173,,,3.74919,,
1987,116,"Cambodia",0.519,,,-31.25453,,
1987,120,"Cameroon",37.4122,,,2.79419,,
1987,124,"Canada",49.9956,,,4.36525,,
1987,140,"Central African Republic",33.5098,,,-6.98602,,
1987,148,"Chad",40.3295,,,-2.7322,,
1987,152,"Chile",12.9516,,,19.88931,,
1987,156,"China",21.7969,,,7.29856,,
1987,344,"China, Hong Kong SAR",32.1848,,,5.67117,,
1987,158,"China, Taiwan Province of",58.8041,,,0.51068,,
1987,170,"Colombia",3.1251,,,23.34835,,
1987,174,"Comoros",39.094,,,3.29972,,
1987,178,"Congo",51.3131,,,3.53674,,
1987,188,"Costa Rica",4.2114,,,16.81564,,
1987,384,"Cote d'Ivoire",34.3375,,,6.97724,,
1987,191,"Croatia",,,"Not applicable",,,"Not applicable"
1987,531,"Curacao",,,"Not applicable",,,"Not applicable"
1987,196,"Cyprus",46.2355,,,2.68066,,
1987,203,"Czechia",,,"Not applicable",,,"Not applicable"
1987,208,"Denmark",55.3366,,,3.98006,,
1987,212,"Dominica",55.1099,,,4.81564,,
1987,214,"Dominican Republic",2.7563,,,13.5323,,
1987,218,"Ecuador",0.2597,,,29.38389,,
1987,818,"Egypt",3.8139,,,25.18634,,
1987,222,"El Salvador",16.0568,,,24.84731,,
1987,226,"Equatorial Guinea",21.4526,,,-13.17339,,
1987,232,"Eritrea",,,"Not applicable",,,"Not applicable"
1987,233,"Estonia",,,"Not applicable",,,"Not applicable"
1987,748,"Eswatini",8.1225,,,13.3853,,
1987,231,"Ethiopia",,,"Not applicable",,,"Not applicable"
1987,230,"Ethiopia (...1991)",3.8464,,,-9.14593,,
1987,242,"Fiji",29.7525,,,5.66491,,
1987,246,"Finland",51.0462,,,4.08193,,
1987,250,"France",56.5388,,,3.29024,,
1987,258,"French Polynesia",68.9474,,,1.25062,,
1987,266,"Gabon",47.2498,,,-1.00006,,
1987,270,"Gambia",13.5102,,,23.71098,,
1987,268,"Georgia",,,"Not applicable",,,"Not applicable"
1987,276,"Germany",,,"Not applicable",,,"Not applicable"
1987,288,"Ghana",0.3492,,,39.68992,,
1987,300,"Greece",18.9245,,,16.39552,,
1987,308,"Grenada",47.7051,,,-0.87348,,
1987,320,"Guatemala",6.8779,,,10.85165,,
1987,324,"Guinea",1.8797,,,36.86636,,
1987,624,"Guinea-Bissau",1.0616,,,86.76471,,
1987,328,"Guyana",2.377,,,28.68147,,
1987,332,"Haiti",1.8748,,,-11.46038,,
1987,340,"Honduras",4.109,,,2.50084,,
1987,348,"Hungary",4.2466,,,8.6744,,
1987,352,"Iceland",18.148,,,18.76294,,
1987,356,"India",10.4778,,,9.06083,,
1987,360,"Indonesia",,,"Not applicable",,,"Not applicable"
1987,960,"Indonesia (...2002)",6.642,,,9.25539,,
1987,364,"Iran (Islamic Republic of)",0.2453,,,27.73723,,
1987,372,"Ireland",53.7947,,,3.15452,,
1987,376,"Israel",18.4876,,,19.84952,,
1987,380,"Italy",42.0861,,,4.72188,,
1987,388,"Jamaica",1.3915,,,11.2462,,
1987,392,"Japan",84.4548,,,0.12805,,
1987,400,"Jordan",24.2737,,,-0.21145,,
1987,398,"Kazakhstan",,,"Not applicable",,,"Not applicable"
1987,404,"Kenya",3.664,,,8.64421,,
1987,296,"Kiribati",47.6334,,,-10.21051,,
1987,412,"Kosovo",,,"Not applicable",,,"Not applicable"
1987,417,"Kyrgyzstan",,,"Not applicable",,,"Not applicable"
1987,418,"Lao People's Dem. Rep.",2.2052,,,6.07735,,
1987,428,"Latvia",,,"Not applicable",,,"Not applicable"
1987,422,"Lebanon",0.7896,,,486.81319,,
1987,426,"Lesotho",8.0628,,,12.03398,,
1987,434,"Libya",19.9068,,,4.42359,,
1987,440,"Lithuania",,,"Not applicable",,,"Not applicable"
1987,442,"Luxembourg",49.0683,,,-0.1008,,
1987,450,"Madagascar",2.8326,,,15.45226,,
1987,454,"Malawi",0.2919,,,24.76636,,
1987,458,"Malaysia",44.5837,,,0.73749,,
1987,462,"Maldives",18.7073,,,11.70193,,
1987,466,"Mali",44.1303,,,-14.93663,,
1987,470,"Malta",47.6109,,,0.41439,,
1987,480,"Mauritius",16.0788,,,0.71883,,
1987,484,"Mexico",2.4771,,,131.99651,,
1987,499,"Montenegro",,,"Not applicable",,,"Not applicable"
1987,504,"Morocco",46.1034,,,2.69918,,
1987,508,"Mozambique",0.4508,,,163.23529,,
1987,524,"Nepal",8.6002,,,13.28498,,
1987,528,"Netherlands (Kingdom of the)",54.5758,,,-1.00012,,
1987,554,"New Zealand",46.6603,,,15.76248,,
1987,558,"Nicaragua",0,,,,,"No value reported or collected"
1987,562,"Niger",44.7107,,,-6.63901,,
1987,566,"Nigeria",0.3678,,,12.64368,,
1987,807,"North Macedonia",,,"Not applicable",,,"Not applicable"
1987,578,"Norway",45.9695,,,8.81251,,
1987,512,"Oman",55.4298,,,2.56254,,
1987,586,"Pakistan",7.3033,,,4.68353,,
1987,591,"Panama",56.5666,,,0.99754,,
1987,598,"Papua New Guinea",11.1958,,,3.33843,,
1987,600,"Paraguay",4.3073,,,21.66534,,
1987,604,"Peru",0,,,,,"No value reported or collected"
1987,608,"Philippines",14.3725,,,3.04357,,
1987,616,"Poland",0.1653,,,25,,
1987,620,"Portugal",31.9799,,,9.40012,,
1987,630,"Puerto Rico",54.3707,,,2.07787,,
1987,634,"Qatar",36.941,,,4.48876,,
1987,410,"Republic of Korea",31.293,,,3.04597,,
1987,498,"Republic of Moldova",,,"Not applicable",,,"Not applicable"
1987,642,"Romania",0.0102,,,8.33333,,
1987,643,"Russian Federation",,,"Not applicable",,,"Not applicable"
1987,646,"Rwanda",7.3053,,,4.13739,,
1987,659,"Saint Kitts and Nevis",46.1878,,,0.93774,,
1987,662,"Saint Lucia",47.2877,,,7.03951,,
1987,670,"Saint Vincent and the Grenadines",48.0083,,,2.93873,,
1987,882,"Samoa",27.0728,,,11.15838,,
1987,678,"Sao Tome and Principe",0.1616,,,24.72527,,
1987,682,"Saudi Arabia",63.4442,,,-2.39409,,
1987,686,"Senegal",49.6545,,,-4.13123,,
1987,688,"Serbia",,,"Not applicable",,,"Not applicable"
1987,690,"Seychelles",27.3476,,,2.24292,,
1987,694,"Sierra Leone",0.2286,,,176.81159,,
1987,702,"Singapore",58.475,,,0.48472,,
1987,534,"Sint Maarten (Dutch part)",,,"Not applicable",,,"Not applicable"
1987,703,"Slovakia",,,"Not applicable",,,"Not applicable"
1987,705,"Slovenia",,,"Not applicable",,,"Not applicable"
1987,090,"Solomon Islands",8.1037,,,11.49962,,
1987,710,"South Africa",9.8621,,,16.40717,,
1987,728,"South Sudan",,,"Not applicable",,,"Not applicable"
1987,724,"Spain",38.8005,,,5.25011,,
1987,729,"Sudan",,,"Not applicable",,,"Not applicable"
1987,736,"Sudan (...2011)",0.0025,,,26,,
1987,740,"Suriname",0.3036,,,53.6,,
1987,752,"Sweden",46.2323,,,4.22477,,
1987,756,"Switzerland",69.1594,,,1.43526,,
1987,762,"Tajikistan",,,"Not applicable",,,"Not applicable"
1987,764,"Thailand",38.2412,,,2.5656,,
1987,626,"Timor-Leste",,,"Not applicable",,,"Not applicable"
1987,768,"Togo",35.9144,,,0.05281,,
1987,776,"Tonga",19.3347,,,7.69718,,
1987,780,"Trinidad and Tobago",15.6444,,,10.75299,,
1987,788,"Tunisia",23.0427,,,8.22127,,
1987,792,"Turkiye",0.0068,,,0,,
1987,795,"Turkmenistan",,,"Not applicable",,,"Not applicable"
1987,800,"Uganda",0.9613,,,215.43027,,
1987,804,"Ukraine",,,"Not applicable",,,"Not applicable"
1987,784,"United Arab Emirates",36.0393,,,5.49828,,
1987,826,"United Kingdom",43.6194,,,4.06565,,
1987,834,"United Republic of Tanzania",2.0018,,,29.89054,,
1987,840,"United States",43.892,,,3.5782,,
1987,858,"Uruguay",0.1542,,,64.10256,,
1987,860,"Uzbekistan",,,"Not applicable",,,"Not applicable"
1987,548,"Vanuatu",36.7904,,,16.03962,,
1987,862,"Venezuela (Bolivarian Rep. of)",0,,,0,,
1987,704,"Viet Nam",0.5289,,,360.36585,,
1987,887,"Yemen",,,"Not applicable",,,"Not applicable"
1987,894,"Zambia",0.0218,,,41.46341,,
1988,012,"Algeria",8.4033,,,5.93994,,
1988,028,"Antigua and Barbuda",47.5071,,,6.80097,,
1988,032,"Argentina",0.0006,,,344.84413,,
1988,051,"Armenia",,,"Not applicable",,,"Not applicable"
1988,533,"Aruba",41.5683,,,3.12149,,
1988,036,"Australia",42.8756,,,7.26979,,
1988,040,"Austria",53.8369,,,1.86756,,
1988,031,"Azerbaijan",,,"Not applicable",,,"Not applicable"
1988,044,"Bahamas",49.2819,,,4.04994,,
1988,048,"Bahrain",62.0988,,,0.20008,,
1988,050,"Bangladesh",13.5522,,,10.22,,
1988,052,"Barbados",35.0599,,,4.7179,,
1988,112,"Belarus",,,"Not applicable",,,"Not applicable"
1988,056,"Belgium",53.5105,,,1.15974,,
1988,084,"Belize",60.46,,,5.32,,
1988,204,"Benin",31.2993,,,3.44478,,
1988,064,"Bhutan",13.202,,,8.18541,,
1988,068,"Bolivia (Plurinational State of)",13.183,,,16.00236,,
1988,070,"Bosnia and Herzegovina",,,"Not applicable",,,"Not applicable"
1988,072,"Botswana",8.4692,,,8.4029,,
1988,076,"Brazil",0,,,629.11816,,
1988,096,"Brunei Darussalam",74.7589,,,1.19397,,
1988,100,"Bulgaria",0.0255,,,0,,
1988,854,"Burkina Faso",44.9925,,,4.19112,,
1988,108,"Burundi",4.5059,,,4.56853,,
1988,132,"Cabo Verde",34.4187,,,3.61667,,
1988,116,"Cambodia",0.6384,,,22.99578,,
1988,120,"Cameroon",38.05,,,1.70478,,
1988,124,"Canada",52.0108,,,4.03079,,
1988,140,"Central African Republic",32.1914,,,-3.93433,,
1988,148,"Chad",46.339,,,14.90121,,
1988,152,"Chile",14.8526,,,14.67722,,
1988,156,"China",25.8944,,,18.79832,,
1988,344,"China, Hong Kong SAR",34.7042,,,7.82776,,
1988,158,"China, Taiwan Province of",59.5617,,,1.28841,,
1988,170,"Colombia",4.0029,,,28.08886,,
1988,174,"Comoros",39.2075,,,0.29026,,
1988,178,"Congo",44.6359,,,-13.01268,,
1988,188,"Costa Rica",5.0886,,,20.82736,,
1988,384,"Cote d'Ivoire",36.719,,,6.93565,,
1988,191,"Croatia",,,"Not applicable",,,"Not applicable"
1988,531,"Curacao",,,"Not applicable",,,"Not applicable"
1988,196,"Cyprus",47.8228,,,3.43308,,
1988,203,"Czechia",,,"Not applicable",,,"Not applicable"
1988,208,"Denmark",57.8404,,,4.52463,,
1988,212,"Dominica",56.351,,,2.25205,,
1988,214,"Dominican Republic",3.9652,,,43.86028,,
1988,218,"Ecuador",0.4109,,,58.24176,,
1988,818,"Egypt",4.393,,,15.18234,,
1988,222,"El Salvador",19.232,,,19.77429,,
1988,226,"Equatorial Guinea",21.9937,,,2.52225,,
1988,232,"Eritrea",,,"Not applicable",,,"Not applicable"
1988,233,"Estonia",,,"Not applicable",,,"Not applicable"
1988,748,"Eswatini",9.7784,,,20.38639,,
1988,231,"Ethiopia",,,"Not applicable",,,"Not applicable"
1988,230,"Ethiopia (...1991)",3.9313,,,2.20577,,
1988,242,"Fiji",33.2503,,,11.75639,,
1988,246,"Finland",53.6665,,,5.13333,,
1988,250,"France",58.065,,,2.69938,,
1988,258,"French Polynesia",70.3243,,,1.99696,,
1988,266,"Gabon",42.619,,,-9.80069,,
1988,270,"Gambia",15.0706,,,11.54997,,
1988,268,"Georgia",,,"Not applicable",,,"Not applicable"
1988,276,"Germany",,,"Not applicable",,,"Not applicable"
1988,288,"Ghana",0.4589,,,31.40954,,
1988,300,"Greece",21.4822,,,13.51542,,
1988,308,"Grenada",49.6134,,,4.00023,,
1988,320,"Guatemala",7.5853,,,10.28501,,
1988,324,"Guinea",2.3933,,,27.32083,,
1988,624,"Guinea-Bissau",1.7029,,,60.40495,,
1988,328,"Guyana",3.3254,,,39.89437,,
1988,332,"Haiti",1.9518,,,4.10503,,
1988,340,"Honduras",4.2933,,,4.48401,,
1988,348,"Hungary",4.9174,,,15.79539,,
1988,352,"Iceland",22.7678,,,25.45607,,
1988,356,"India",11.2334,,,7.2112,,
1988,360,"Indonesia",,,"Not applicable",,,"Not applicable"
1988,960,"Indonesia (...2002)",7.1782,,,8.07325,,
1988,364,"Iran (Islamic Republic of)",0.3154,,,28.57143,,
1988,372,"Ireland",54.9593,,,2.16481,,
1988,376,"Israel",21.4892,,,16.23584,,
1988,380,"Italy",44.2274,,,5.088,,
1988,388,"Jamaica",1.5056,,,8.19672,,
1988,392,"Japan",85.0068,,,0.65366,,
1988,400,"Jordan",25.9009,,,6.70334,,
1988,398,"Kazakhstan",,,"Not applicable",,,"Not applicable"
1988,404,"Kenya",4.1132,,,12.26137,,
1988,296,"Kiribati",48.1739,,,1.13474,,
1988,412,"Kosovo",,,"Not applicable",,,"Not applicable"
1988,417,"Kyrgyzstan",,,"Not applicable",,,"Not applicable"
1988,418,"Lao People's Dem. Rep.",2.5321,,,14.82372,,
1988,428,"Latvia",,,"Not applicable",,,"Not applicable"
1988,422,"Lebanon",2.0136,,,154.99376,,
1988,426,"Lesotho",9.0624,,,12.3982,,
1988,434,"Libya",20.5301,,,3.13084,,
1988,440,"Lithuania",,,"Not applicable",,,"Not applicable"
1988,442,"Luxembourg",49.7555,,,1.40034,,
1988,450,"Madagascar",3.5785,,,26.33297,,
1988,454,"Malawi",0.3914,,,34.0824,,
1988,458,"Malaysia",44.7127,,,0.28948,,
1988,462,"Maldives",19.9205,,,6.48542,,
1988,466,"Mali",48.079,,,8.94788,,
1988,470,"Malta",48.0618,,,0.94717,,
1988,480,"Mauritius",16.6573,,,3.59775,,
1988,484,"Mexico",5.2892,,,113.52875,,
1988,499,"Montenegro",,,"Not applicable",,,"Not applicable"
1988,504,"Morocco",47.1951,,,2.36795,,
1988,508,"Mozambique",0.7152,,,58.65922,,
1988,524,"Nepal",9.5487,,,11.02866,,
1988,528,"Netherlands (Kingdom of the)",54.849,,,0.50045,,
1988,554,"New Zealand",49.6236,,,6.35083,,
1988,558,"Nicaragua",0.0021,,,,,"No value reported or collected"
1988,562,"Niger",44.9778,,,0.5974,,
1988,566,"Nigeria",0.4805,,,30.61224,,
1988,807,"North Macedonia",,,"Not applicable",,,"Not applicable"
1988,578,"Norway",48.9978,,,6.58745,,
1988,512,"Oman",56.3101,,,1.58816,,
1988,586,"Pakistan",7.949,,,8.84246,,
1988,591,"Panama",56.7696,,,0.35882,,
1988,598,"Papua New Guinea",11.8052,,,5.44346,,
1988,600,"Paraguay",5.2799,,,22.58065,,
1988,604,"Peru",0.0011,,,,,"No value reported or collected"
1988,608,"Philippines",16.1307,,,12.23284,,
1988,616,"Poland",0.2645,,,60,,
1988,620,"Portugal",35.0435,,,9.5798,,
1988,630,"Puerto Rico",55.7718,,,2.57695,,
1988,634,"Qatar",38.7226,,,4.82275,,
1988,410,"Republic of Korea",33.53,,,7.14856,,
1988,498,"Republic of Moldova",,,"Not applicable",,,"Not applicable"
1988,642,"Romania",0.0102,,,0,,
1988,643,"Russian Federation",,,"Not applicable",,,"Not applicable"
1988,646,"Rwanda",7.5181,,,2.91283,,
1988,659,"Saint Kitts and Nevis",46.2939,,,0.22967,,
1988,662,"Saint Lucia",47.6798,,,0.82921,,
1988,670,"Saint Vincent and the Grenadines",48.1518,,,0.29902,,
1988,882,"Samoa",27.9375,,,3.19369,,
1988,678,"Sao Tome and Principe",0.2335,,,44.49339,,
1988,682,"Saudi Arabia",63.222,,,-0.35016,,
1988,686,"Senegal",48.7496,,,-1.82223,,
1988,688,"Serbia",,,"Not applicable",,,"Not applicable"
1988,690,"Seychelles",27.4784,,,0.47816,,
1988,694,"Sierra Leone",0.3076,,,34.55497,,
1988,702,"Singapore",59.3655,,,1.52288,,
1988,534,"Sint Maarten (Dutch part)",,,"Not applicable",,,"Not applicable"
1988,703,"Slovakia",,,"Not applicable",,,"Not applicable"
1988,705,"Slovenia",,,"Not applicable",,,"Not applicable"
1988,090,"Solomon Islands",9.4661,,,16.81196,,
1988,710,"South Africa",11.1065,,,12.6183,,
1988,728,"South Sudan",,,"Not applicable",,,"Not applicable"
1988,724,"Spain",40.6774,,,4.83744,,
1988,729,"Sudan",,,"Not applicable",,,"Not applicable"
1988,736,"Sudan (...2011)",0.0041,,,63.49206,,
1988,740,"Suriname",0.3258,,,7.29167,,
1988,752,"Sweden",48.9117,,,5.79568,,
1988,756,"Switzerland",70.4543,,,1.87224,,
1988,762,"Tajikistan",,,"Not applicable",,,"Not applicable"
1988,764,"Thailand",39.6782,,,3.75782,,
1988,626,"Timor-Leste",,,"Not applicable",,,"Not applicable"
1988,768,"Togo",35.8611,,,-0.14844,,
1988,776,"Tonga",21.331,,,10.32472,,
1988,780,"Trinidad and Tobago",16.8579,,,7.757,,
1988,788,"Tunisia",24.6917,,,7.15624,,
1988,792,"Turkiye",0.0068,,,0,,
1988,795,"Turkmenistan",,,"Not applicable",,,"Not applicable"
1988,800,"Uganda",2.5638,,,166.69802,,
1988,804,"Ukraine",,,"Not applicable",,,"Not applicable"
1988,784,"United Arab Emirates",37.8394,,,4.99457,,
1988,826,"United Kingdom",45.6316,,,4.61311,,
1988,834,"United Republic of Tanzania",2.6262,,,31.19478,,
1988,840,"United States",45.6914,,,4.09974,,
1988,858,"Uruguay",0.2494,,,61.71875,,
1988,860,"Uzbekistan",,,"Not applicable",,,"Not applicable"
1988,548,"Vanuatu",40.0131,,,8.75957,,
1988,862,"Venezuela (Bolivarian Rep. of)",0,,,50,,
1988,704,"Viet Nam",2.5095,,,374.50331,,
1988,887,"Yemen",,,"Not applicable",,,"Not applicable"
1988,894,"Zambia",0.032,,,46.55172,,
1989,008,"Albania",3.1222,,,,,"No value reported or collected"
1989,012,"Algeria",9.1737,,,9.16826,,
1989,028,"Antigua and Barbuda",49.5794,,,4.36208,,
1989,032,"Argentina",0.0185,,,3077.95124,,
1989,051,"Armenia",,,"Not applicable",,,"Not applicable"
1989,533,"Aruba",43.2266,,,3.98949,,
1989,036,"Australia",46.1257,,,7.58032,,
1989,040,"Austria",55.0484,,,2.25044,,
1989,031,"Azerbaijan",,,"Not applicable",,,"Not applicable"
1989,044,"Bahamas",51.946,,,5.40566,,
1989,048,"Bahrain",62.8448,,,1.2014,,
1989,050,"Bangladesh",14.7968,,,9.1832,,
1989,052,"Barbados",37.2809,,,6.33511,,
1989,112,"Belarus",,,"Not applicable",,,"Not applicable"
1989,056,"Belgium",55.1731,,,3.10709,,
1989,084,"Belize",60.46,,,0,,
1989,204,"Benin",31.2357,,,-0.20305,,
1989,064,"Bhutan",14.3721,,,8.8634,,
1989,068,"Bolivia (Plurinational State of)",15.1836,,,15.17507,,
1989,070,"Bosnia and Herzegovina",,,"Not applicable",,,"Not applicable"
1989,072,"Botswana",9.4515,,,11.59835,,
1989,076,"Brazil",0,,,1430.72387,,
1989,096,"Brunei Darussalam",75.7332,,,1.30318,,
1989,100,"Bulgaria",0.0268,,,5.26316,,
1989,854,"Burkina Faso",44.8475,,,-0.32223,,
1989,108,"Burundi",5.0284,,,11.59447,,
1989,132,"Cabo Verde",36.0192,,,4.6501,,
1989,116,"Cambodia",1.0463,,,63.89365,,
1989,120,"Cameroon",38.658,,,1.59777,,
1989,124,"Canada",54.6029,,,4.98365,,
1989,140,"Central African Republic",32.3986,,,0.64357,,
1989,148,"Chad",44.0681,,,-4.90065,,
1989,152,"Chile",17.3818,,,17.02875,,
1989,156,"China",30.5557,,,18.00118,,
1989,344,"China, Hong Kong SAR",38.2509,,,10.21986,,
1989,158,"China, Taiwan Province of",62.1915,,,4.41526,,
1989,170,"Colombia",5.0414,,,25.9444,,
1989,174,"Comoros",40.948,,,4.43923,,
1989,178,"Congo",40.359,,,-9.58177,,
1989,188,"Costa Rica",5.9284,,,16.50505,,
1989,384,"Cote d'Ivoire",37.0808,,,0.98534,,
1989,191,"Croatia",,,"Not applicable",,,"Not applicable"
1989,531,"Curacao",,,"Not applicable",,,"Not applicable"
1989,196,"Cyprus",49.6233,,,3.76499,,
1989,203,"Czechia",,,"Not applicable",,,"Not applicable"
1989,208,"Denmark",60.6048,,,4.77938,,
1989,212,"Dominica",60.6704,,,7.66527,,
1989,214,"Dominican Republic",5.5771,,,40.65081,,
1989,218,"Ecuador",0.7229,,,75.92593,,
1989,818,"Egypt",5.2776,,,20.13784,,
1989,222,"El Salvador",22.6267,,,17.65143,,
1989,226,"Equatorial Guinea",23.3275,,,6.06431,,
1989,232,"Eritrea",,,"Not applicable",,,"Not applicable"
1989,233,"Estonia",,,"Not applicable",,,"Not applicable"
1989,748,"Eswatini",10.5168,,,7.55144,,
1989,231,"Ethiopia",,,"Not applicable",,,"Not applicable"
1989,230,"Ethiopia (...1991)",4.3099,,,9.6321,,
1989,242,"Fiji",35.3081,,,6.18876,,
1989,246,"Finland",57.194,,,6.57293,,
1989,250,"France",61.8793,,,6.56903,,
1989,258,"French Polynesia",72.4428,,,3.01255,,
1989,266,"Gabon",45.5614,,,6.90395,,
1989,270,"Gambia",16.3147,,,8.25461,,
1989,268,"Georgia",,,"Not applicable",,,"Not applicable"
1989,276,"Germany",,,"Not applicable",,,"Not applicable"
1989,288,"Ghana",0.5748,,,25.25338,,
1989,300,"Greece",24.4258,,,13.70234,,
1989,308,"Grenada",52.3885,,,5.59356,,
1989,320,"Guatemala",8.5702,,,12.98555,,
1989,324,"Guinea",3.0696,,,28.25841,,
1989,624,"Guinea-Bissau",3.0773,,,80.71529,,
1989,328,"Guyana",6.3017,,,89.50415,,
1989,332,"Haiti",2.087,,,6.92718,,
1989,340,"Honduras",4.716,,,9.84538,,
1989,348,"Hungary",5.7513,,,16.95793,,
1989,352,"Iceland",26.0697,,,14.50264,,
1989,356,"India",11.7469,,,4.57118,,
1989,360,"Indonesia",,,"Not applicable",,,"Not applicable"
1989,960,"Indonesia (...2002)",7.6383,,,6.40931,,
1989,364,"Iran (Islamic Republic of)",0.3701,,,17.33333,,
1989,372,"Ireland",57.1523,,,3.99027,,
1989,376,"Israel",25.8403,,,20.2478,,
1989,380,"Italy",46.9901,,,6.24642,,
1989,388,"Jamaica",1.7479,,,16.09848,,
1989,392,"Japan",86.957,,,2.29412,,
1989,400,"Jordan",32.5499,,,25.67119,,
1989,398,"Kazakhstan",,,"Not applicable",,,"Not applicable"
1989,404,"Kenya",4.6803,,,13.78681,,
1989,296,"Kiribati",50.8765,,,5.61005,,
1989,412,"Kosovo",,,"Not applicable",,,"Not applicable"
1989,417,"Kyrgyzstan",,,"Not applicable",,,"Not applicable"
1989,418,"Lao People's Dem. Rep.",4.0438,,,59.69993,,
1989,428,"Latvia",,,"Not applicable",,,"Not applicable"
1989,422,"Lebanon",3.4677,,,72.21542,,
1989,426,"Lesotho",10.3926,,,14.67833,,
1989,434,"Libya",21.4465,,,4.46387,,
1989,440,"Lithuania",,,"Not applicable",,,"Not applicable"
1989,442,"Luxembourg",51.4473,,,3.40032,,
1989,450,"Madagascar",3.9014,,,9.02239,,
1989,454,"Malawi",0.4396,,,12.2905,,
1989,458,"Malaysia",45.856,,,2.5568,,
1989,462,"Maldives",21.3472,,,7.1619,,
1989,466,"Mali",48.0034,,,-0.15725,,
1989,470,"Malta",48.4773,,,0.8644,,
1989,480,"Mauritius",18.9241,,,13.6089,,
1989,484,"Mexico",6.343,,,19.92256,,
1989,499,"Montenegro",,,"Not applicable",,,"Not applicable"
1989,504,"Morocco",48.6761,,,3.13798,,
1989,508,"Mozambique",1.0161,,,42.07746,,
1989,524,"Nepal",10.3195,,,8.07234,,
1989,528,"Netherlands (Kingdom of the)",55.4524,,,1.10015,,
1989,554,"New Zealand",52.4597,,,5.7152,,
1989,558,"Nicaragua",0.1458,,,6740,,
1989,562,"Niger",44.6097,,,-0.81842,,
1989,566,"Nigeria",0.7263,,,51.17188,,
1989,807,"North Macedonia",,,"Not applicable",,,"Not applicable"
1989,578,"Norway",51.2576,,,4.61207,,
1989,512,"Oman",57.1914,,,1.56511,,
1989,586,"Pakistan",8.5756,,,7.88173,,
1989,591,"Panama",56.8358,,,0.11667,,
1989,598,"Papua New Guinea",12.3345,,,4.48347,,
1989,600,"Paraguay",6.6309,,,25.58677,,
1989,604,"Peru",0.0311,,,2800,,
1989,608,"Philippines",17.9642,,,11.36673,,
1989,616,"Poland",0.9301,,,251.63043,,
1989,620,"Portugal",39.463,,,12.61134,,
1989,630,"Puerto Rico",57.3512,,,2.8319,,
1989,634,"Qatar",40.001,,,3.30161,,
1989,410,"Republic of Korea",35.441,,,5.69937,,
1989,498,"Republic of Moldova",,,"Not applicable",,,"Not applicable"
1989,642,"Romania",0.0102,,,0,,
1989,643,"Russian Federation",,,"Not applicable",,,"Not applicable"
1989,646,"Rwanda",7.5963,,,1.04058,,
1989,659,"Saint Kitts and Nevis",48.6707,,,5.13408,,
1989,662,"Saint Lucia",49.7754,,,4.39517,,
1989,670,"Saint Vincent and the Grenadines",49.4249,,,2.64382,,
1989,882,"Samoa",31.3593,,,12.24811,,
1989,678,"Sao Tome and Principe",0.3331,,,42.68293,,
1989,682,"Saudi Arabia",63.9892,,,1.21358,,
1989,686,"Senegal",48.9681,,,0.44818,,
1989,688,"Serbia",,,"Not applicable",,,"Not applicable"
1989,690,"Seychelles",28.3919,,,3.32476,,
1989,694,"Sierra Leone",0.4944,,,60.70039,,
1989,702,"Singapore",60.7269,,,2.29325,,
1989,534,"Sint Maarten (Dutch part)",,,"Not applicable",,,"Not applicable"
1989,703,"Slovakia",,,"Not applicable",,,"Not applicable"
1989,705,"Slovenia",,,"Not applicable",,,"Not applicable"
1989,090,"Solomon Islands",10.8798,,,14.93506,,
1989,710,"South Africa",12.7455,,,14.7563,,
1989,728,"South Sudan",,,"Not applicable",,,"Not applicable"
1989,724,"Spain",43.4392,,,6.78951,,
1989,729,"Sudan",,,"Not applicable",,,"Not applicable"
1989,736,"Sudan (...2011)",0.0067,,,65.04854,,
1989,740,"Suriname",0.3284,,,0.80906,,
1989,752,"Sweden",52.0609,,,6.43856,,
1989,756,"Switzerland",72.6755,,,3.15272,,
1989,762,"Tajikistan",,,"Not applicable",,,"Not applicable"
1989,764,"Thailand",41.8479,,,5.46819,,
1989,626,"Timor-Leste",,,"Not applicable",,,"Not applicable"
1989,768,"Togo",35.5199,,,-0.95144,,
1989,776,"Tonga",22.1781,,,3.97129,,
1989,780,"Trinidad and Tobago",18.785,,,11.43168,,
1989,788,"Tunisia",26.5982,,,7.72133,,
1989,792,"Turkiye",0.0136,,,100,,
1989,795,"Turkmenistan",,,"Not applicable",,,"Not applicable"
1989,800,"Uganda",5.917,,,130.79365,,
1989,804,"Ukraine",,,"Not applicable",,,"Not applicable"
1989,784,"United Arab Emirates",38.8959,,,2.79214,,
1989,826,"United Kingdom",48.0117,,,5.21585,,
1989,834,"United Republic of Tanzania",3.304,,,25.80812,,
1989,840,"United States",47.8807,,,4.79138,,
1989,858,"Uruguay",0.4506,,,80.67633,,
1989,860,"Uzbekistan",,,"Not applicable",,,"Not applicable"
1989,548,"Vanuatu",43.1134,,,7.7482,,
1989,862,"Venezuela (Bolivarian Rep. of)",0,,,66.66667,,
1989,704,"Viet Nam",4.9129,,,95.77111,,
1989,887,"Yemen",,,"Not applicable",,,"Not applicable"
1989,894,"Zambia",0.0681,,,112.94118,,
1990,008,"Albania",3.1167,,,-0.17694,,
1990,012,"Algeria",10.0246,,,9.2758,,
1990,660,"Anguilla",47.818,,,,,"No value reported or collected"
1990,028,"Antigua and Barbuda",52.8465,,,6.58963,,
1990,032,"Argentina",0.4472,,,2313.97602,,
1990,051,"Armenia",,,"Not applicable",,,"Not applicable"
1990,533,"Aruba",45.75,,,5.83754,,
1990,036,"Australia",49.4619,,,7.23285,,
1990,040,"Austria",56.6226,,,2.85966,,
1990,031,"Azerbaijan",,,"Not applicable",,,"Not applicable"
1990,044,"Bahamas",54.35,,,4.62788,,
1990,048,"Bahrain",63.6606,,,1.29802,,
1990,050,"Bangladesh",16.2268,,,9.66467,,
1990,052,"Barbados",38.4127,,,3.03585,,
1990,112,"Belarus",,,"Not applicable",,,"Not applicable"
1990,056,"Belgium",57.0774,,,3.45141,,
1990,084,"Belize",61.698,,,2.04763,,
1990,204,"Benin",31.5831,,,1.11228,,
1990,064,"Bhutan",15.7245,,,9.40951,,
1990,068,"Bolivia (Plurinational State of)",17.7827,,,17.11763,,
1990,070,"Bosnia and Herzegovina",,,"Not applicable",,,"Not applicable"
1990,072,"Botswana",10.529,,,11.40048,,
1990,076,"Brazil",0.0005,,,2947.73306,,
1990,096,"Brunei Darussalam",77.3536,,,2.13966,,
1990,100,"Bulgaria",0.0335,,,25,,
1990,854,"Burkina Faso",44.4855,,,-0.80711,,
1990,108,"Burundi",5.3834,,,7.0604,,
1990,132,"Cabo Verde",40.0214,,,11.11141,,
1990,116,"Cambodia",2.5295,,,141.75824,,
1990,120,"Cameroon",39.2395,,,1.50435,,
1990,124,"Canada",57.2132,,,4.7805,,
1990,140,"Central African Republic",32.3331,,,-0.20193,,
1990,148,"Chad",44.2886,,,0.50031,,
1990,152,"Chile",21.9078,,,26.03877,,
1990,156,"China",31.5507,,,3.25637,,
1990,344,"China, Hong Kong SAR",42.1981,,,10.31937,,
1990,158,"China, Taiwan Province of",64.7591,,,4.12855,,
1990,170,"Colombia",6.5088,,,29.10772,,
1990,174,"Comoros",37.922,,,-7.38984,,
1990,178,"Congo",40.4975,,,0.34326,,
1990,188,"Costa Rica",7.0583,,,19.05894,,
1990,384,"Cote d'Ivoire",36.8369,,,-0.65769,,
1990,191,"Croatia",,,"Not applicable",,,"Not applicable"
1990,531,"Curacao",,,"Not applicable",,,"Not applicable"
1990,196,"Cyprus",51.8574,,,4.50205,,
1990,203,"Czechia",,,"Not applicable",,,"Not applicable"
1990,208,"Denmark",62.2099,,,2.64848,,
1990,212,"Dominica",62.6081,,,3.19386,,
1990,214,"Dominican Republic",8.3919,,,50.47161,,
1990,218,"Ecuador",1.073,,,48.42105,,
1990,818,"Egypt",6.3969,,,21.20832,,
1990,222,"El Salvador",29.0287,,,28.29415,,
1990,226,"Equatorial Guinea",23.5425,,,0.9219,,
1990,232,"Eritrea",,,"Not applicable",,,"Not applicable"
1990,233,"Estonia",,,"Not applicable",,,"Not applicable"
1990,748,"Eswatini",11.8935,,,13.09044,,
1990,231,"Ethiopia",,,"Not applicable",,,"Not applicable"
1990,230,"Ethiopia (...1991)",4.5348,,,5.21866,,
1990,242,"Fiji",38.2005,,,8.19201,,
1990,246,"Finland",60.0291,,,4.95702,,
1990,250,"France",62.0798,,,0.32403,,
1990,258,"French Polynesia",73.4463,,,1.38521,,
1990,266,"Gabon",52.5637,,,15.36893,,
1990,270,"Gambia",18.2998,,,12.16798,,
1990,268,"Georgia",,,"Not applicable",,,"Not applicable"
1990,276,"Germany",59.5399,,,,,"No value reported or collected"
1990,288,"Ghana",0.7888,,,37.22185,,
1990,300,"Greece",29.4175,,,20.43614,,
1990,308,"Grenada",53.8162,,,2.72509,,
1990,320,"Guatemala",11.8259,,,37.98835,,
1990,324,"Guinea",3.858,,,25.68483,,
1990,624,"Guinea-Bissau",4.0936,,,33.02289,,
1990,328,"Guyana",10.3535,,,64.29805,,
1990,332,"Haiti",2.5308,,,21.26246,,
1990,340,"Honduras",5.816,,,23.32663,,
1990,348,"Hungary",7.4167,,,28.95683,,
1990,352,"Iceland",30.114,,,15.5136,,
1990,356,"India",13.0624,,,11.199,,
1990,360,"Indonesia",,,"Not applicable",,,"Not applicable"
1990,960,"Indonesia (...2002)",8.2337,,,7.79562,,
1990,364,"Iran (Islamic Republic of)",0.4037,,,9.09091,,
1990,372,"Ireland",59.0708,,,3.35672,,
1990,376,"Israel",30.2779,,,17.17305,,
1990,380,"Italy",49.9952,,,6.39521,,
1990,388,"Jamaica",2.1814,,,24.79608,,
1990,392,"Japan",89.6272,,,3.07073,,
1990,400,"Jordan",37.8201,,,16.19108,,
1990,398,"Kazakhstan",,,"Not applicable",,,"Not applicable"
1990,404,"Kenya",5.5126,,,17.78335,,
1990,296,"Kiribati",52.8864,,,3.95062,,
1990,412,"Kosovo",,,"Not applicable",,,"Not applicable"
1990,417,"Kyrgyzstan",,,"Not applicable",,,"Not applicable"
1990,418,"Lao People's Dem. Rep.",2.9792,,,-26.32729,,
1990,428,"Latvia",,,"Not applicable",,,"Not applicable"
1990,422,"Lebanon",5.8563,,,68.88415,,
1990,426,"Lesotho",11.6356,,,11.96078,,
1990,434,"Libya",21.601,,,0.72048,,
1990,440,"Lithuania",,,"Not applicable",,,"Not applicable"
1990,442,"Luxembourg",53.3505,,,3.69927,,
1990,450,"Madagascar",4.3645,,,11.87043,,
1990,454,"Malawi",0.492,,,11.9403,,
1990,458,"Malaysia",47.2515,,,3.04323,,
1990,462,"Maldives",24.6653,,,15.54322,,
1990,466,"Mali",48.7754,,,1.6082,,
1990,470,"Malta",49.9201,,,2.97629,,
1990,480,"Mauritius",20.9502,,,10.7063,,
1990,484,"Mexico",8.0334,,,26.65101,,
1990,496,"Mongolia",0.1146,,,,,"No value reported or collected"
1990,499,"Montenegro",,,"Not applicable",,,"Not applicable"
1990,504,"Morocco",51.6098,,,6.0269,,
1990,508,"Mozambique",1.4593,,,43.61834,,
1990,524,"Nepal",11.2404,,,8.92446,,
1990,528,"Netherlands (Kingdom of the)",56.8383,,,2.49937,,
1990,554,"New Zealand",55.6589,,,6.09842,,
1990,558,"Nicaragua",4.5305,,,3008.18713,,
1990,562,"Niger",43.7062,,,-2.02521,,
1990,566,"Nigeria",0.777,,,6.97674,,
1990,807,"North Macedonia",,,"Not applicable",,,"Not applicable"
1990,578,"Norway",53.3443,,,4.07108,,
1990,512,"Oman",62.9169,,,10.01118,,
1990,586,"Pakistan",9.3516,,,9.04925,,
1990,591,"Panama",57.2727,,,0.76874,,
1990,598,"Papua New Guinea",13.1917,,,6.94952,,
1990,600,"Paraguay",9.1638,,,38.19907,,
1990,604,"Peru",2.3786,,,7541.37931,,
1990,608,"Philippines",20.3358,,,13.20164,,
1990,616,"Poland",6.3829,,,586.2442,,
1990,620,"Portugal",44.7393,,,13.37039,,
1990,630,"Puerto Rico",59.8565,,,4.36842,,
1990,634,"Qatar",41.205,,,3.00976,,
1990,410,"Republic of Korea",38.48,,,8.57481,,
1990,498,"Republic of Moldova",,,"Not applicable",,,"Not applicable"
1990,642,"Romania",0.0236,,,130.76923,,
1990,643,"Russian Federation",,,"Not applicable",,,"Not applicable"
1990,646,"Rwanda",7.9155,,,4.20185,,
1990,659,"Saint Kitts and Nevis",50.7148,,,4.20005,,
1990,662,"Saint Lucia",51.9311,,,4.3307,,
1990,670,"Saint Vincent and the Grenadines",53.0084,,,7.25037,,
1990,882,"Samoa",34.0201,,,8.48488,,
1990,678,"Sao Tome and Principe",0.474,,,42.30769,,
1990,682,"Saudi Arabia",63.3174,,,-1.04999,,
1990,686,"Senegal",49.1272,,,0.32494,,
1990,688,"Serbia",,,"Not applicable",,,"Not applicable"
1990,690,"Seychelles",29.514,,,3.9522,,
1990,694,"Sierra Leone",1.0426,,,110.89588,,
1990,702,"Singapore",62.8226,,,3.45106,,
1990,534,"Sint Maarten (Dutch part)",,,"Not applicable",,,"Not applicable"
1990,703,"Slovakia",,,"Not applicable",,,"Not applicable"
1990,705,"Slovenia",,,"Not applicable",,,"Not applicable"
1990,090,"Solomon Islands",11.8266,,,8.70225,,
1990,710,"South Africa",14.581,,,14.40148,,
1990,728,"South Sudan",,,"Not applicable",,,"Not applicable"
1990,724,"Spain",46.3594,,,6.72259,,
1990,729,"Sudan",,,"Not applicable",,,"Not applicable"
1990,736,"Sudan (...2011)",0.0066,,,-0.88235,,
1990,740,"Suriname",0.4001,,,21.82986,,
1990,752,"Sweden",57.5109,,,10.46838,,
1990,756,"Switzerland",76.6036,,,5.40505,,
1990,762,"Tajikistan",,,"Not applicable",,,"Not applicable"
1990,764,"Thailand",44.2915,,,5.83926,,
1990,626,"Timor-Leste",,,"Not applicable",,,"Not applicable"
1990,768,"Togo",35.9203,,,1.12734,,
1990,776,"Tonga",23.4265,,,5.62914,,
1990,780,"Trinidad and Tobago",20.8637,,,11.06537,,
1990,788,"Tunisia",28.3283,,,6.50434,,
1990,792,"Turkiye",0.0271,,,100,,
1990,795,"Turkmenistan",,,"Not applicable",,,"Not applicable"
1990,800,"Uganda",8.6037,,,45.40731,,
1990,804,"Ukraine",,,"Not applicable",,,"Not applicable"
1990,784,"United Arab Emirates",39.1307,,,0.60362,,
1990,826,"United Kingdom",51.3721,,,6.9992,,
1990,834,"United Republic of Tanzania",4.5066,,,36.39957,,
1990,840,"United States",50.4752,,,5.41866,,
1990,858,"Uruguay",0.959,,,112.83422,,
1990,860,"Uzbekistan",,,"Not applicable",,,"Not applicable"
1990,548,"Vanuatu",45.1654,,,4.7594,,
1990,862,"Venezuela (Bolivarian Rep. of)",0,,,40,,
1990,704,"Viet Nam",6.683,,,36.03051,,
1990,894,"Zambia",0.1321,,,93.92265,,
1991,008,"Albania",4.2299,,,35.7164,,
1991,012,"Algeria",12.6205,,,25.89513,,
1991,660,"Anguilla",50.0464,,,4.66019,,
1991,028,"Antigua and Barbuda",55.2351,,,4.51993,,
1991,032,"Argentina",1.2148,,,171.67181,,
1991,051,"Armenia",,,"Not applicable",,,"Not applicable"
1991,533,"Aruba",48.2905,,,5.55286,,
1991,036,"Australia",51.0977,,,3.30722,,
1991,040,"Austria",58.3873,,,3.11646,,
1991,031,"Azerbaijan",,,"Not applicable",,,"Not applicable"
1991,044,"Bahamas",58.3196,,,7.30387,,
1991,048,"Bahrain",64.2324,,,0.89826,,
1991,050,"Bangladesh",17.7438,,,9.34858,,
1991,052,"Barbados",40.8325,,,6.29937,,
1991,112,"Belarus",,,"Not applicable",,,"Not applicable"
1991,056,"Belgium",58.8852,,,3.16736,,
1991,084,"Belize",63.088,,,2.25291,,
1991,204,"Benin",32.2462,,,2.09947,,
1991,064,"Bhutan",17.3509,,,10.3435,,
1991,068,"Bolivia (Plurinational State of)",21.596,,,21.44434,,
1991,070,"Bosnia and Herzegovina",,,"Not applicable",,,"Not applicable"
1991,072,"Botswana",11.8556,,,12.59901,,
1991,076,"Brazil",0.0028,,,432.77247,,
1991,092,"British Virgin Islands",45.6209,,,,,"No value reported or collected"
1991,096,"Brunei Darussalam",78.5905,,,1.599,,
1991,100,"Bulgaria",0.1461,,,336,,
1991,854,"Burkina Faso",45.5983,,,2.50146,,
1991,108,"Burundi",5.8553,,,8.76699,,
1991,132,"Cabo Verde",43.0583,,,7.588,,
1991,116,"Cambodia",7.3607,,,190.99567,,
1991,120,"Cameroon",39.0031,,,-0.60257,,
1991,124,"Canada",60.4324,,,5.62674,,
1991,140,"Central African Republic",31.4123,,,-2.84812,,
1991,148,"Chad",46.149,,,4.20064,,
1991,152,"Chile",26.6805,,,21.78565,,
1991,156,"China",32.6748,,,3.5628,,
1991,344,"China, Hong Kong SAR",46.9204,,,11.19074,,
1991,158,"China, Taiwan Province of",67.1055,,,3.62317,,
1991,170,"Colombia",8.4822,,,30.31853,,
1991,174,"Comoros",38.5667,,,1.70011,,
1991,178,"Congo",44.2871,,,9.35756,,
1991,188,"Costa Rica",8.4843,,,20.2026,,
1991,384,"Cote d'Ivoire",37.4163,,,1.57275,,
1991,191,"Croatia",,,"Not applicable",,,"Not applicable"
1991,531,"Curacao",,,"Not applicable",,,"Not applicable"
1991,196,"Cyprus",54.4717,,,5.04134,,
1991,203,"Czechia",,,"Not applicable",,,"Not applicable"
1991,208,"Denmark",63.7643,,,2.49863,,
1991,262,"Djibouti",43.7162,,,,,"No value reported or collected"
1991,212,"Dominica",66.0874,,,5.55725,,
1991,214,"Dominican Republic",12.3432,,,47.08457,,
1991,218,"Ecuador",1.5971,,,48.84752,,
1991,818,"Egypt",7.3392,,,14.73155,,
1991,222,"El Salvador",33.2116,,,14.40959,,
1991,226,"Equatorial Guinea",22.736,,,-3.42556,,
1991,232,"Eritrea",,,"Not applicable",,,"Not applicable"
1991,233,"Estonia",,,"Not applicable",,,"Not applicable"
1991,748,"Eswatini",12.9563,,,8.93638,,
1991,231,"Ethiopia",,,"Not applicable",,,"Not applicable"
1991,230,"Ethiopia (...1991)",5.4806,,,20.85635,,
1991,242,"Fiji",40.6831,,,6.49869,,
1991,246,"Finland",62.7574,,,4.54501,,
1991,250,"France",64.1946,,,3.40648,,
1991,258,"French Polynesia",73.9229,,,0.64887,,
1991,266,"Gabon",47.3963,,,-9.83076,,
1991,270,"Gambia",19.8813,,,8.642,,
1991,268,"Georgia",,,"Not applicable",,,"Not applicable"
1991,276,"Germany",61.6086,,,3.47455,,
1991,288,"Ghana",0.9314,,,18.08354,,
1991,300,"Greece",35.1408,,,19.45556,,
1991,308,"Grenada",55.2393,,,2.64443,,
1991,320,"Guatemala",15.9777,,,35.10759,,
1991,324,"Guinea",4.6175,,,19.68596,,
1991,624,"Guinea-Bissau",6.4508,,,57.5846,,
1991,328,"Guyana",21.0285,,,103.10428,,
1991,332,"Haiti",2.9211,,,15.42466,,
1991,340,"Honduras",7.7696,,,33.58956,,
1991,348,"Hungary",9.9558,,,34.23452,,
1991,352,"Iceland",32.1643,,,6.80845,,
1991,356,"India",14.823,,,13.4781,,
1991,360,"Indonesia",,,"Not applicable",,,"Not applicable"
1991,960,"Indonesia (...2002)",9.0111,,,9.44123,,
1991,364,"Iran (Islamic Republic of)",0.485,,,20.13889,,
1991,372,"Ireland",60.9218,,,3.13354,,
1991,376,"Israel",36.033,,,19.00789,,
1991,380,"Italy",53.0811,,,6.17248,,
1991,388,"Jamaica",3.2944,,,51.02397,,
1991,392,"Japan",92.5604,,,3.27271,,
1991,400,"Jordan",40.9043,,,8.15483,,
1991,398,"Kazakhstan",,,"Not applicable",,,"Not applicable"
1991,404,"Kenya",6.6198,,,20.08431,,
1991,296,"Kiribati",56.1007,,,6.07771,,
1991,412,"Kosovo",,,"Not applicable",,,"Not applicable"
1991,417,"Kyrgyzstan",,,"Not applicable",,,"Not applicable"
1991,418,"Lao People's Dem. Rep.",3.3803,,,13.46382,,
1991,428,"Latvia",,,"Not applicable",,,"Not applicable"
1991,422,"Lebanon",8.7916,,,50.12204,,
1991,426,"Lesotho",13.6496,,,17.30881,,
1991,434,"Libya",24.1284,,,11.70055,,
1991,440,"Lithuania",,,"Not applicable",,,"Not applicable"
1991,442,"Luxembourg",55.0049,,,3.10102,,
1991,450,"Madagascar",4.7367,,,8.52754,,
1991,454,"Malawi",0.5325,,,8.22222,,
1991,458,"Malaysia",49.2964,,,4.32783,,
1991,462,"Maldives",27.7484,,,12.5,,
1991,466,"Mali",49.5107,,,1.50737,,
1991,470,"Malta",51.1937,,,2.55121,,
1991,480,"Mauritius",23.6356,,,12.81821,,
1991,484,"Mexico",9.8496,,,22.60718,,
1991,496,"Mongolia",0.251,,,119.04762,,
1991,499,"Montenegro",,,"Not applicable",,,"Not applicable"
1991,504,"Morocco",55.7073,,,7.93951,,
1991,508,"Mozambique",1.9453,,,33.30457,,
1991,524,"Nepal",12.1338,,,7.94835,,
1991,528,"Netherlands (Kingdom of the)",58.6448,,,3.17822,,
1991,554,"New Zealand",57.1075,,,2.6025,,
1991,558,"Nicaragua",9.8132,,,116.60395,,
1991,562,"Niger",44.3616,,,1.49959,,
1991,566,"Nigeria",0.8783,,,13.04348,,
1991,807,"North Macedonia",,,"Not applicable",,,"Not applicable"
1991,578,"Norway",55.1757,,,3.4332,,
1991,512,"Oman",65.8107,,,4.59931,,
1991,586,"Pakistan",10.5322,,,12.62464,,
1991,591,"Panama",58.1583,,,1.54627,,
1991,598,"Papua New Guinea",14.1111,,,6.96997,,
1991,600,"Paraguay",11.3879,,,24.27005,,
1991,604,"Peru",12.1183,,,409.47653,,
1991,608,"Philippines",24.2709,,,19.35075,,
1991,616,"Poland",10.8696,,,70.29279,,
1991,620,"Portugal",49.853,,,11.42988,,
1991,630,"Puerto Rico",61.1962,,,2.23821,,
1991,634,"Qatar",43.0642,,,4.51211,,
1991,410,"Republic of Korea",42.071,,,9.33212,,
1991,498,"Republic of Moldova",,,"Not applicable",,,"Not applicable"
1991,642,"Romania",0.0606,,,156.66667,,
1991,643,"Russian Federation",,,"Not applicable",,,"Not applicable"
1991,646,"Rwanda",9.4668,,,19.59873,,
1991,659,"Saint Kitts and Nevis",52.845,,,4.20035,,
1991,662,"Saint Lucia",54.8069,,,5.53779,,
1991,670,"Saint Vincent and the Grenadines",56.1476,,,5.92223,,
1991,882,"Samoa",33.4003,,,-1.82191,,
1991,678,"Sao Tome and Principe",0.694,,,46.3964,,
1991,682,"Saudi Arabia",65.7697,,,3.87314,,
1991,686,"Senegal",48.2664,,,-1.75235,,
1991,688,"Serbia",,,"Not applicable",,,"Not applicable"
1991,690,"Seychelles",30.114,,,2.03269,,
1991,694,"Sierra Leone",2.1115,,,102.52583,,
1991,702,"Singapore",64.9836,,,3.43983,,
1991,534,"Sint Maarten (Dutch part)",,,"Not applicable",,,"Not applicable"
1991,703,"Slovakia",,,"Not applicable",,,"Not applicable"
1991,705,"Slovenia",,,"Not applicable",,,"Not applicable"
1991,090,"Solomon Islands",13.6,,,14.99496,,
1991,710,"South Africa",16.7787,,,15.07212,,
1991,728,"South Sudan",,,"Not applicable",,,"Not applicable"
1991,724,"Spain",49.1103,,,5.9337,,
1991,729,"Sudan",,,"Not applicable",,,"Not applicable"
1991,736,"Sudan (...2011)",0.0148,,,123.73887,,
1991,740,"Suriname",0.4418,,,10.40843,,
1991,752,"Sweden",62.5698,,,8.79642,,
1991,756,"Switzerland",81.0919,,,5.85905,,
1991,762,"Tajikistan",,,"Not applicable",,,"Not applicable"
1991,764,"Thailand",46.8558,,,5.78953,,
1991,626,"Timor-Leste",,,"Not applicable",,,"Not applicable"
1991,768,"Togo",36.0068,,,0.24077,,
1991,776,"Tonga",26.6878,,,13.92114,,
1991,780,"Trinidad and Tobago",21.6562,,,3.79868,,
1991,788,"Tunisia",30.5075,,,7.69272,,
1991,792,"Turkiye",0.0407,,,50,,
1991,795,"Turkmenistan",,,"Not applicable",,,"Not applicable"
1991,800,"Uganda",10.3952,,,20.82195,,
1991,804,"Ukraine",,,"Not applicable",,,"Not applicable"
1991,784,"United Arab Emirates",40.4611,,,3.4,,
1991,826,"United Kingdom",55.2347,,,7.5188,,
1991,834,"United Republic of Tanzania",5.6421,,,25.19471,,
1991,840,"United States",52.6034,,,4.21635,,
1991,858,"Uruguay",1.9361,,,101.88442,,
1991,860,"Uzbekistan",,,"Not applicable",,,"Not applicable"
1991,548,"Vanuatu",48.0872,,,6.4691,,
1991,862,"Venezuela (Bolivarian Rep. of)",0,,,28.57143,,
1991,704,"Viet Nam",12.1511,,,81.81961,,
1991,894,"Zambia",0.2445,,,85.18519,,
1992,008,"Albania",13.7889,,,225.99042,,
1992,012,"Algeria",16.6214,,,31.70119,,
1992,660,"Anguilla",51.2535,,,2.41187,,
1992,028,"Antigua and Barbuda",56.8912,,,2.99823,,
1992,032,"Argentina",1.5173,,,24.89997,,
1992,051,"Armenia",0.0061,,,,,"No value reported or collected"
1992,533,"Aruba",50.1595,,,3.87048,,
1992,036,"Australia",51.5928,,,0.96883,,
1992,040,"Austria",60.3878,,,3.42637,,
1992,031,"Azerbaijan",0.0238,,,,,"No value reported or collected"
1992,044,"Bahamas",61.5721,,,5.57706,,
1992,048,"Bahrain",64.0387,,,-0.30154,,
1992,050,"Bangladesh",18.7841,,,5.86284,,
1992,052,"Barbados",43.2809,,,5.99627,,
1992,112,"Belarus",0,,,,,"No value reported or collected"
1992,056,"Belgium",60.2161,,,2.26007,,
1992,084,"Belize",64.6,,,2.39665,,
1992,204,"Benin",34.156,,,5.92254,,
1992,064,"Bhutan",18.764,,,8.14412,,
1992,068,"Bolivia (Plurinational State of)",24.3943,,,12.9573,,
1992,072,"Botswana",13.8118,,,16.50034,,
1992,076,"Brazil",0.029,,,951.95612,,
1992,092,"British Virgin Islands",47.0891,,,3.21839,,
1992,096,"Brunei Darussalam",79.5964,,,1.28,,
1992,100,"Bulgaria",0.2668,,,82.56881,,
1992,854,"Burkina Faso",44.69,,,-1.99191,,
1992,108,"Burundi",5.9605,,,1.79598,,
1992,132,"Cabo Verde",48.8399,,,13.42755,,
1992,116,"Cambodia",12.8807,,,74.99256,,
1992,120,"Cameroon",39.7385,,,1.88539,,
1992,124,"Canada",61.3327,,,1.48972,,
1992,140,"Central African Republic",31.1744,,,-0.75736,,
1992,148,"Chad",44.3957,,,-3.79925,,
1992,152,"Chile",30.7956,,,15.42347,,
1992,156,"China",34.7526,,,6.35922,,
1992,344,"China, Hong Kong SAR",51.4184,,,9.58641,,
1992,158,"China, Taiwan Province of",70.1003,,,4.46292,,
1992,170,"Colombia",10.7741,,,27.02097,,
1992,174,"Comoros",38.0264,,,-1.40088,,
1992,178,"Congo",42.887,,,-3.1614,,
1992,188,"Costa Rica",10.3322,,,21.78042,,
1992,384,"Cote d'Ivoire",38.9952,,,4.21984,,
1992,191,"Croatia",1.6553,,,,,"No value reported or collected"
1992,531,"Curacao",,,"Not applicable",,,"Not applicable"
1992,196,"Cyprus",58.0123,,,6.49995,,
1992,203,"Czechia",,,"Not applicable",,,"Not applicable"
1992,180,"Dem. Rep. of the Congo",0,,,,,"No value reported or collected"
1992,208,"Denmark",65.012,,,1.95683,,
1992,262,"Djibouti",45.189,,,3.36895,,
1992,212,"Dominica",69.561,,,5.25599,,
1992,214,"Dominican Republic",12.8682,,,4.25378,,
1992,218,"Ecuador",2.4646,,,54.31805,,
1992,818,"Egypt",8.8909,,,21.14219,,
1992,222,"El Salvador",36.9384,,,11.22131,,
1992,226,"Equatorial Guinea",21.7635,,,-4.2777,,
1992,232,"Eritrea",7.6098,,,,,"No value reported or collected"
1992,748,"Eswatini",13.9354,,,7.55684,,
1992,231,"Ethiopia",6.6331,,,,,"No value reported or collected"
1992,230,"Ethiopia (...1991)",,,"Not applicable",,,"Not applicable"
1992,242,"Fiji",42.6691,,,4.88171,,
1992,246,"Finland",64.8005,,,3.25542,,
1992,250,"France",65.7691,,,2.45278,,
1992,258,"French Polynesia",75.1789,,,1.69911,,
1992,266,"Gabon",42.8734,,,-9.54276,,
1992,270,"Gambia",21.7669,,,9.48436,,
1992,276,"Germany",64.7167,,,5.04491,,
1992,288,"Ghana",1.0248,,,10.02913,,
1992,300,"Greece",40.7198,,,15.87598,,
1992,308,"Grenada",57.3258,,,3.77727,,
1992,320,"Guatemala",17.6141,,,10.24156,,
1992,324,"Guinea",5.3815,,,16.54592,,
1992,624,"Guinea-Bissau",10.9313,,,69.45576,,
1992,328,"Guyana",26.643,,,26.69957,,
1992,332,"Haiti",3.4869,,,19.36862,,
1992,340,"Honduras",8.4457,,,8.70096,,
1992,348,"Hungary",12.241,,,22.95396,,
1992,352,"Iceland",33.4376,,,3.95875,,
1992,356,"India",16.2852,,,9.86473,,
1992,360,"Indonesia",,,"Not applicable",,,"Not applicable"
1992,960,"Indonesia (...2002)",9.6912,,,7.54695,,
1992,364,"Iran (Islamic Republic of)",0.6042,,,24.56647,,
1992,372,"Ireland",62.8402,,,3.14903,,
1992,376,"Israel",40.3375,,,11.94581,,
1992,380,"Italy",55.7448,,,5.01818,,
1992,388,"Jamaica",5.8397,,,77.26486,,
1992,392,"Japan",94.1585,,,1.72658,,
1992,400,"Jordan",42.5473,,,4.01664,,
1992,398,"Kazakhstan",0.0134,,,,,"No value reported or collected"
1992,404,"Kenya",8.4293,,,27.33397,,
1992,296,"Kiribati",58.4667,,,4.21751,,
1992,412,"Kosovo",,,"Not applicable",,,"Not applicable"
1992,417,"Kyrgyzstan",0.2139,,,,,"No value reported or collected"
1992,418,"Lao People's Dem. Rep.",3.7125,,,9.8275,,
1992,428,"Latvia",10.2912,,,,,"No value reported or collected"
1992,422,"Lebanon",17.5694,,,99.84301,,
1992,426,"Lesotho",16.1187,,,18.08908,,
1992,434,"Libya",26.4087,,,9.45055,,
1992,442,"Luxembourg",56.7656,,,3.20095,,
1992,450,"Madagascar",5.4271,,,14.57622,,
1992,454,"Malawi",0.6561,,,23.20329,,
1992,458,"Malaysia",51.652,,,4.77831,,
1992,462,"Maldives",32.4258,,,16.85621,,
1992,466,"Mali",46.5857,,,-5.90773,,
1992,470,"Malta",52.1382,,,1.845,,
1992,480,"Mauritius",24.311,,,2.85737,,
1992,484,"Mexico",11.3781,,,15.51838,,
1992,496,"Mongolia",0.7599,,,202.71739,,
1992,499,"Montenegro",,,"Not applicable",,,"Not applicable"
1992,504,"Morocco",58.9268,,,5.77933,,
1992,508,"Mozambique",2.8216,,,45.04854,,
1992,524,"Nepal",14.689,,,21.05806,,
1992,528,"Netherlands (Kingdom of the)",60.3102,,,2.83988,,
1992,554,"New Zealand",57.6873,,,1.01529,,
1992,558,"Nicaragua",11.962,,,21.89794,,
1992,562,"Niger",41.7389,,,-5.91226,,
1992,566,"Nigeria",1.2668,,,44.23077,,
1992,807,"North Macedonia",5.5486,,,,,"No value reported or collected"
1992,578,"Norway",56.4744,,,2.35373,,
1992,512,"Oman",66.4402,,,0.95655,,
1992,586,"Pakistan",11.0431,,,4.8511,,
1992,591,"Panama",59.1764,,,1.75049,,
1992,598,"Papua New Guinea",14.7192,,,4.30945,,
1992,600,"Paraguay",13.1125,,,15.14427,,
1992,604,"Peru",21.0294,,,73.5341,,
1992,608,"Philippines",26.3534,,,8.5803,,
1992,616,"Poland",15.5432,,,42.99696,,
1992,620,"Portugal",54.2712,,,8.86256,,
1992,630,"Puerto Rico",62.1054,,,1.48558,,
1992,634,"Qatar",44.3033,,,2.8774,,
1992,410,"Republic of Korea",44.685,,,6.21331,,
1992,498,"Republic of Moldova",0.1724,,,,,"No value reported or collected"
1992,642,"Romania",0.1888,,,211.68831,,
1992,643,"Russian Federation",0.0284,,,,,"No value reported or collected"
1992,646,"Rwanda",10.3665,,,9.50335,,
1992,659,"Saint Kitts and Nevis",54.3445,,,2.83746,,
1992,662,"Saint Lucia",57.9098,,,5.66151,,
1992,670,"Saint Vincent and the Grenadines",58.2838,,,3.80459,,
1992,882,"Samoa",36.4186,,,9.037,,
1992,678,"Sao Tome and Principe",0.9281,,,33.74359,,
1992,682,"Saudi Arabia",65.0924,,,-1.02981,,
1992,686,"Senegal",48.2628,,,-0.00738,,
1992,688,"Serbia",,,"Not applicable",,,"Not applicable"
1992,690,"Seychelles",30.7219,,,2.0186,,
1992,694,"Sierra Leone",3.4952,,,65.53288,,
1992,702,"Singapore",66.4417,,,2.24387,,
1992,534,"Sint Maarten (Dutch part)",,,"Not applicable",,,"Not applicable"
1992,703,"Slovakia",,,"Not applicable",,,"Not applicable"
1992,705,"Slovenia",21.9762,,,,,"No value reported or collected"
1992,090,"Solomon Islands",15.0688,,,10.80005,,
1992,710,"South Africa",19.1331,,,14.03249,,
1992,728,"South Sudan",,,"Not applicable",,,"Not applicable"
1992,724,"Spain",52.6192,,,7.14498,,
1992,729,"Sudan",,,"Not applicable",,,"Not applicable"
1992,736,"Sudan (...2011)",0.0323,,,117.50663,,
1992,740,"Suriname",0.5361,,,21.36038,,
1992,752,"Sweden",63.4342,,,1.3816,,
1992,756,"Switzerland",84.3652,,,4.0365,,
1992,762,"Tajikistan",0.0007,,,,,"No value reported or collected"
1992,764,"Thailand",48.7374,,,4.01578,,
1992,626,"Timor-Leste",,,"Not applicable",,,"Not applicable"
1992,768,"Togo",36.5909,,,1.62208,,
1992,776,"Tonga",28.9829,,,8.60011,,
1992,780,"Trinidad and Tobago",23.0611,,,6.48724,,
1992,788,"Tunisia",32.1906,,,5.51693,,
1992,792,"Turkiye",0.0746,,,83.33333,,
1992,795,"Turkmenistan",0.0002,,,,,"No value reported or collected"
1992,800,"Uganda",14.7866,,,42.24445,,
1992,804,"Ukraine",0.0015,,,,,"No value reported or collected"
1992,784,"United Arab Emirates",43.0437,,,6.38298,,
1992,826,"United Kingdom",57.5725,,,4.23243,,
1992,834,"United Republic of Tanzania",6.8101,,,20.70313,,
1992,840,"United States",54.2031,,,3.04112,,
1992,858,"Uruguay",3.2613,,,68.45053,,
1992,860,"Uzbekistan",0.004,,,,,"No value reported or collected"
1992,548,"Vanuatu",50.0388,,,4.05855,,
1992,862,"Venezuela (Bolivarian Rep. of)",0,,,33.33333,,
1992,704,"Viet Nam",16.7323,,,37.70213,,
1992,894,"Zambia",0.6035,,,146.76923,,
1993,008,"Albania",25.5099,,,85.00267,,
1993,012,"Algeria",20.0289,,,20.50084,,
1993,024,"Angola",0,,,,,"No value reported or collected"
1993,660,"Anguilla",53.389,,,4.16667,,
1993,028,"Antigua and Barbuda",58.655,,,3.10031,,
1993,032,"Argentina",1.6783,,,10.61153,,
1993,051,"Armenia",0.2275,,,3600,,
1993,533,"Aruba",52.7776,,,5.21948,,
1993,036,"Australia",52.4968,,,1.75219,,
1993,040,"Austria",62.3406,,,3.23371,,
1993,031,"Azerbaijan",0.2928,,,1131.03448,,
1993,044,"Bahamas",63.2646,,,2.74868,,
1993,048,"Bahrain",65.703,,,2.59886,,
1993,050,"Bangladesh",19.403,,,3.29508,,
1993,052,"Barbados",43.7929,,,1.18303,,
1993,112,"Belarus",0.0003,,,,,"No value reported or collected"
1993,056,"Belgium",61.7134,,,2.48664,,
1993,084,"Belize",65.552,,,1.47368,,
1993,204,"Benin",34.3075,,,0.44347,,
1993,064,"Bhutan",20.5642,,,9.59368,,
1993,068,"Bolivia (Plurinational State of)",26.4743,,,8.52668,,
1993,072,"Botswana",15.8006,,,14.39943,,
1993,076,"Brazil",0.5871,,,1927.38084,,
1993,092,"British Virgin Islands",48.2952,,,2.56125,,
1993,096,"Brunei Darussalam",82.981,,,4.25217,,
1993,100,"Bulgaria",0.4612,,,72.86432,,
1993,854,"Burkina Faso",44.9646,,,0.61445,,
1993,108,"Burundi",6.5351,,,9.64008,,
1993,132,"Cabo Verde",51.687,,,5.82942,,
1993,116,"Cambodia",27.606,,,114.32033,,
1993,120,"Cameroon",38.2601,,,-3.72025,,
1993,124,"Canada",62.4768,,,1.86548,,
1993,140,"Central African Republic",30.2673,,,-2.90947,,
1993,148,"Chad",39.5672,,,-10.87594,,
1993,152,"Chile",34.7151,,,12.72766,,
1993,156,"China",39.8343,,,14.62251,,
1993,344,"China, Hong Kong SAR",55.9414,,,8.79649,,
1993,158,"China, Taiwan Province of",72.1642,,,2.94417,,
1993,170,"Colombia",13.1935,,,22.45564,,
1993,174,"Comoros",38.7875,,,2.00128,,
1993,178,"Congo",41.1283,,,-4.1008,,
1993,188,"Costa Rica",11.3433,,,9.78558,,
1993,384,"Cote d'Ivoire",39.8253,,,2.12872,,
1993,191,"Croatia",26.7804,,,1517.8658,,
1993,531,"Curacao",,,"Not applicable",,,"Not applicable"
1993,196,"Cyprus",60.8481,,,4.88831,,
1993,180,"Dem. Rep. of the Congo",0,,,,,"No value reported or collected"
1993,208,"Denmark",65.5722,,,0.86168,,
1993,262,"Djibouti",47.1949,,,4.43895,,
1993,212,"Dominica",70.6509,,,1.56684,,
1993,214,"Dominican Republic",13.5441,,,5.2526,,
1993,218,"Ecuador",3.5737,,,45.00193,,
1993,818,"Egypt",9.873,,,11.04608,,
1993,222,"El Salvador",43.7734,,,18.50366,,
1993,226,"Equatorial Guinea",22.9497,,,5.45069,,
1993,232,"Eritrea",7.9744,,,4.7912,,
1993,233,"Estonia",18.2475,,,,,"No value reported or collected"
1993,748,"Eswatini",15.6106,,,12.02073,,
1993,231,"Ethiopia",7.2954,,,9.98369,,
1993,230,"Ethiopia (...1991)",,,"Not applicable",,,"Not applicable"
1993,242,"Fiji",44.891,,,5.20731,,
1993,246,"Finland",66.9561,,,3.32663,,
1993,250,"France",67.2422,,,2.23984,,
1993,258,"French Polynesia",76.3234,,,1.52229,,
1993,266,"Gabon",43.102,,,0.53331,,
1993,270,"Gambia",23.1744,,,6.46596,,
1993,276,"Germany",67.613,,,4.47526,,
1993,288,"Ghana",1.2807,,,24.96218,,
1993,300,"Greece",46.5875,,,14.41001,,
1993,308,"Grenada",58.9362,,,2.80914,,
1993,320,"Guatemala",19.9676,,,13.36144,,
1993,324,"Guinea",5.7657,,,7.14046,,
1993,624,"Guinea-Bissau",16.2035,,,48.23028,,
1993,328,"Guyana",28.8811,,,8.40035,,
1993,332,"Haiti",4.2732,,,22.54921,,
1993,340,"Honduras",9.3574,,,10.79564,,
1993,348,"Hungary",14.9893,,,22.4519,,
1993,352,"Iceland",34.8029,,,4.08313,,
1993,356,"India",17.4711,,,7.28228,,
1993,360,"Indonesia",,,"Not applicable",,,"Not applicable"
1993,960,"Indonesia (...2002)",10.6272,,,9.65841,,
1993,364,"Iran (Islamic Republic of)",0.7402,,,22.5058,,
1993,372,"Ireland",63.7314,,,1.41817,,
1993,376,"Israel",44.7523,,,10.94468,,
1993,380,"Italy",58.2384,,,4.47325,,
1993,388,"Jamaica",7.1029,,,21.63086,,
1993,392,"Japan",95.3406,,,1.25543,,
1993,400,"Jordan",43.9538,,,3.3059,,
1993,398,"Kazakhstan",0.2457,,,1730.76923,,
1993,404,"Kenya",12.3049,,,45.97906,,
1993,296,"Kiribati",62.0383,,,6.10869,,
1993,412,"Kosovo",,,"Not applicable",,,"Not applicable"
1993,417,"Kyrgyzstan",2.5344,,,1085.02825,,
1993,418,"Lao People's Dem. Rep.",3.9228,,,5.66397,,
1993,428,"Latvia",21.5297,,,109.20378,,
1993,422,"Lebanon",21.9155,,,24.73628,,
1993,426,"Lesotho",17.8406,,,10.68268,,
1993,434,"Libya",28.3824,,,7.47357,,
1993,442,"Luxembourg",58.8088,,,3.59946,,
1993,450,"Madagascar",5.9688,,,9.98154,,
1993,454,"Malawi",0.8059,,,22.83333,,
1993,458,"Malaysia",53.4838,,,3.54644,,
1993,462,"Maldives",38.9516,,,20.12535,,
1993,466,"Mali",46.3214,,,-0.56727,,
1993,470,"Malta",54.2403,,,4.03178,,
1993,480,"Mauritius",28.0274,,,15.2867,,
1993,484,"Mexico",12.4895,,,9.76847,,
1993,496,"Mongolia",2.8022,,,268.76122,,
1993,499,"Montenegro",,,"Not applicable",,,"Not applicable"
1993,504,"Morocco",62.0488,,,5.29801,,
1993,508,"Mozambique",4.014,,,42.25792,,
1993,104,"Myanmar",2.2103,,,,,"No value reported or collected"
1993,524,"Nepal",15.9916,,,8.86788,,
1993,528,"Netherlands (Kingdom of the)",61.3011,,,1.64297,,
1993,540,"New Caledonia",77.2422,,,,,"No value reported or collected"
1993,554,"New Zealand",58.4301,,,1.28766,,
1993,558,"Nicaragua",13.5769,,,13.49984,,
1993,562,"Niger",41.6031,,,-0.32535,,
1993,566,"Nigeria",1.9969,,,57.62963,,
1993,807,"North Macedonia",24.3384,,,338.63864,,
1993,578,"Norway",57.7534,,,2.26482,,
1993,512,"Oman",67.1946,,,1.13547,,
1993,586,"Pakistan",12.1282,,,9.82554,,
1993,591,"Panama",59.4595,,,0.47838,,
1993,598,"Papua New Guinea",15.4519,,,4.9775,,
1993,600,"Paraguay",15.5215,,,18.37188,,
1993,604,"Peru",31.2446,,,48.57595,,
1993,608,"Philippines",28.1345,,,6.75837,,
1993,616,"Poland",21.0305,,,35.30337,,
1993,620,"Portugal",57.4891,,,5.92925,,
1993,630,"Puerto Rico",62.7058,,,0.96686,,
1993,634,"Qatar",43.9938,,,-0.69865,,
1993,410,"Republic of Korea",46.831,,,4.80251,,
1993,498,"Republic of Moldova",1.5313,,,788.503,,
1993,642,"Romania",0.672,,,255.83333,,
1993,643,"Russian Federation",0.2798,,,885.71429,,
1993,646,"Rwanda",11.6589,,,12.46698,,
1993,659,"Saint Kitts and Nevis",55.3174,,,1.7902,,
1993,662,"Saint Lucia",58.3589,,,0.77557,,
1993,670,"Saint Vincent and the Grenadines",60.7667,,,4.26,,
1993,882,"Samoa",37.0412,,,1.70947,,
1993,678,"Sao Tome and Principe",1.1644,,,25.46012,,
1993,682,"Saudi Arabia",65.9019,,,1.24363,,
1993,686,"Senegal",47.9042,,,-0.74302,,
1993,688,"Serbia",,,"Not applicable",,,"Not applicable"
1993,690,"Seychelles",30.6185,,,-0.33649,,
1993,694,"Sierra Leone",4.272,,,22.22603,,
1993,702,"Singapore",67.964,,,2.29111,,
1993,534,"Sint Maarten (Dutch part)",,,"Not applicable",,,"Not applicable"
1993,703,"Slovakia",30.6797,,,,,"No value reported or collected"
1993,705,"Slovenia",28.992,,,31.92446,,
1993,090,"Solomon Islands",16.455,,,9.19939,,
1993,710,"South Africa",20.9786,,,9.64553,,
1993,728,"South Sudan",,,"Not applicable",,,"Not applicable"
1993,724,"Spain",55.0239,,,4.56999,,
1993,729,"Sudan",,,"Not applicable",,,"Not applicable"
1993,736,"Sudan (...2011)",0.0649,,,101.28049,,
1993,740,"Suriname",0.961,,,79.2527,,
1993,752,"Sweden",66.4101,,,4.6912,,
1993,756,"Switzerland",87.1433,,,3.29299,,
1993,762,"Tajikistan",0.0193,,,2566.66667,,
1993,764,"Thailand",50.3853,,,3.38121,,
1993,626,"Timor-Leste",,,"Not applicable",,,"Not applicable"
1993,768,"Togo",36.5577,,,-0.09066,,
1993,776,"Tonga",29.5073,,,1.80936,,
1993,780,"Trinidad and Tobago",25.5496,,,10.79072,,
1993,788,"Tunisia",33.4911,,,4.04019,,
1993,792,"Turkiye",0.122,,,63.63636,,
1993,795,"Turkmenistan",0.0041,,,1800,,
1993,800,"Uganda",19.2178,,,29.96759,,
1993,804,"Ukraine",0.0702,,,4734.88196,,
1993,784,"United Arab Emirates",45.3133,,,5.27273,,
1993,826,"United Kingdom",59.031,,,2.53347,,
1993,834,"United Republic of Tanzania",8.5874,,,26.09773,,
1993,840,"United States",55.8129,,,2.96989,,
1993,858,"Uruguay",5.0263,,,54.11895,,
1993,860,"Uzbekistan",0.022,,,450,,
1993,548,"Vanuatu",51.8227,,,3.56499,,
1993,862,"Venezuela (Bolivarian Rep. of)",0,,,41.66667,,
1993,704,"Viet Nam",18.1343,,,8.37921,,
1993,894,"Zambia",1.5598,,,158.4788,,
1994,008,"Albania",31.2663,,,22.56551,,
1994,012,"Algeria",25.8372,,,28.99969,,
1994,024,"Angola",0,,,,,"No value reported or collected"
1994,660,"Anguilla",55.2461,,,3.47826,,
1994,028,"Antigua and Barbuda",62.4597,,,6.48668,,
1994,032,"Argentina",1.7484,,,4.17728,,
1994,051,"Armenia",12.2492,,,5283.24324,,
1994,533,"Aruba",56.0943,,,6.28435,,
1994,036,"Australia",53.5084,,,1.92702,,
1994,040,"Austria",64.0301,,,2.71014,,
1994,031,"Azerbaijan",5.1628,,,1663.30532,,
1994,044,"Bahamas",64.1297,,,1.36756,,
1994,048,"Bahrain",68.3296,,,3.99763,,
1994,050,"Bangladesh",20.2933,,,4.5881,,
1994,052,"Barbados",44.0994,,,0.69971,,
1994,112,"Belarus",0.0081,,,2233.33333,,
1994,056,"Belgium",63.192,,,2.39588,,
1994,084,"Belize",67.236,,,2.56895,,
1994,204,"Benin",47.5288,,,38.53778,,
1994,064,"Bhutan",22.5174,,,9.49812,,
1994,068,"Bolivia (Plurinational State of)",28.5591,,,7.87484,,
1994,070,"Bosnia and Herzegovina",66.4969,,,,,"No value reported or collected"
1994,072,"Botswana",17.4757,,,10.60177,,
1994,076,"Brazil",12.7745,,,2075.82691,,
1994,092,"British Virgin Islands",50.3403,,,4.23453,,
1994,096,"Brunei Darussalam",85.0246,,,2.46277,,
1994,100,"Bulgaria",0.9024,,,95.63953,,
1994,854,"Burkina Faso",56.08,,,24.72028,,
1994,108,"Burundi",7.4916,,,14.63697,,
1994,132,"Cabo Verde",53.4153,,,3.34379,,
1994,116,"Cambodia",30.4881,,,10.44009,,
1994,120,"Cameroon",43.9532,,,14.88,,
1994,124,"Canada",62.5798,,,0.16478,,
1994,140,"Central African Republic",37.6979,,,24.54968,,
1994,148,"Chad",55.8983,,,41.27418,,
1994,152,"Chile",38.6878,,,11.44372,,
1994,156,"China",49.5074,,,24.28327,,
1994,344,"China, Hong Kong SAR",60.873,,,8.81558,,
1994,158,"China, Taiwan Province of",75.1213,,,4.09778,,
1994,170,"Colombia",16.2083,,,22.85014,,
1994,174,"Comoros",48.6005,,,25.29947,,
1994,178,"Congo",44.2125,,,7.49881,,
1994,188,"Costa Rica",12.878,,,13.52983,,
1994,384,"Cote d'Ivoire",50.162,,,25.95521,,
1994,191,"Croatia",52.8931,,,97.50662,,
1994,192,"Cuba",119.1507,,,,,"No value reported or collected"
1994,531,"Curacao",,,"Not applicable",,,"Not applicable"
1994,196,"Cyprus",63.684,,,4.66049,,
1994,180,"Dem. Rep. of the Congo",0.0004,,,,,"No value reported or collected"
1994,208,"Denmark",66.7716,,,1.82914,,
1994,262,"Djibouti",50.265,,,6.50507,,
1994,212,"Dominica",70.6432,,,-0.01084,,
1994,214,"Dominican Republic",14.6627,,,8.25883,,
1994,218,"Ecuador",4.5544,,,27.44211,,
1994,818,"Egypt",10.7662,,,9.04648,,
1994,222,"El Salvador",48.4062,,,10.58363,,
1994,226,"Equatorial Guinea",30.2575,,,31.84262,,
1994,232,"Eritrea",9.0226,,,13.1437,,
1994,233,"Estonia",26.9434,,,47.65498,,
1994,748,"Eswatini",17.7603,,,13.7712,,
1994,231,"Ethiopia",7.3808,,,1.17078,,
1994,230,"Ethiopia (...1991)",,,"Not applicable",,,"Not applicable"
1994,242,"Fiji",45.2498,,,0.79921,,
1994,246,"Finland",68.0357,,,1.61239,,
1994,250,"France",68.3592,,,1.66105,,
1994,258,"French Polynesia",77.54,,,1.594,,
1994,266,"Gabon",58.6693,,,36.11724,,
1994,270,"Gambia",23.5707,,,1.7104,,
1994,276,"Germany",69.4499,,,2.71685,,
1994,288,"Ghana",1.5993,,,24.87893,,
1994,300,"Greece",51.6532,,,10.87353,,
1994,308,"Grenada",62.7285,,,6.43462,,
1994,320,"Guatemala",22.466,,,12.5122,,
1994,324,"Guinea",6.0089,,,4.21828,,
1994,624,"Guinea-Bissau",18.6623,,,15.17429,,
1994,328,"Guyana",32.4617,,,12.39784,,
1994,332,"Haiti",6.0919,,,42.56044,,
1994,340,"Honduras",11.3869,,,21.68814,,
1994,348,"Hungary",17.8172,,,18.86612,,
1994,352,"Iceland",35.3426,,,1.55066,,
1994,356,"India",19.2659,,,10.27292,,
1994,360,"Indonesia",,,"Not applicable",,,"Not applicable"
1994,960,"Indonesia (...2002)",11.5336,,,8.52906,,
1994,364,"Iran (Islamic Republic of)",0.9981,,,34.84848,,
1994,372,"Ireland",65.2392,,,2.36584,,
1994,376,"Israel",50.2754,,,12.34141,,
1994,380,"Italy",60.6609,,,4.1595,,
1994,388,"Jamaica",9.6284,,,35.55466,,
1994,392,"Japan",95.9977,,,0.68916,,
1994,400,"Jordan",45.5028,,,3.52417,,
1994,398,"Kazakhstan",3.684,,,1399.15966,,
1994,404,"Kenya",15.8506,,,28.81505,,
1994,296,"Kiribati",64.5196,,,3.99963,,
1994,412,"Kosovo",,,"Not applicable",,,"Not applicable"
1994,417,"Kyrgyzstan",7.1138,,,180.6913,,
1994,418,"Lao People's Dem. Rep.",4.2232,,,7.65766,,
1994,428,"Latvia",29.2585,,,35.89859,,
1994,422,"Lebanon",23.7205,,,8.23643,,
1994,426,"Lesotho",19.3214,,,8.30002,,
1994,434,"Libya",31.4112,,,10.67133,,
1994,442,"Luxembourg",60.1022,,,2.19922,,
1994,450,"Madagascar",8.2967,,,39.00077,,
1994,454,"Malawi",1.0847,,,34.59973,,
1994,458,"Malaysia",55.4563,,,3.68808,,
1994,462,"Maldives",40.27,,,3.38481,,
1994,466,"Mali",57.5725,,,24.28912,,
1994,470,"Malta",56.4797,,,4.12866,,
1994,480,"Mauritius",30.0826,,,7.33295,,
1994,484,"Mexico",13.3618,,,6.98368,,
1994,496,"Mongolia",8.221,,,193.37877,,
1994,499,"Montenegro",,,"Not applicable",,,"Not applicable"
1994,504,"Morocco",65.1707,,,5.03145,,
1994,508,"Mozambique",6.5485,,,63.14304,,
1994,104,"Myanmar",2.743,,,24.09879,,
1994,524,"Nepal",17.4231,,,8.95149,,
1994,528,"Netherlands (Kingdom of the)",62.5981,,,2.11584,,
1994,540,"New Caledonia",79.3223,,,2.69303,,
1994,554,"New Zealand",59.4499,,,1.74533,,
1994,558,"Nicaragua",14.0794,,,3.70103,,
1994,562,"Niger",56.3869,,,35.53547,,
1994,566,"Nigeria",3.1323,,,56.8609,,
1994,807,"North Macedonia",55.1473,,,126.58603,,
1994,578,"Norway",58.5722,,,1.41764,,
1994,512,"Oman",66.7549,,,-0.6543,,
1994,586,"Pakistan",13.4953,,,11.27208,,
1994,591,"Panama",60.2521,,,1.33309,,
1994,598,"Papua New Guinea",15.8917,,,2.84661,,
1994,600,"Paraguay",18.69,,,20.41372,,
1994,604,"Peru",38.6604,,,23.73493,,
1994,608,"Philippines",31.648,,,12.48813,,
1994,616,"Poland",27.8029,,,32.20316,,
1994,620,"Portugal",60.3478,,,4.97264,,
1994,630,"Puerto Rico",63.6074,,,1.43775,,
1994,634,"Qatar",44.6139,,,1.40948,,
1994,410,"Republic of Korea",49.765,,,6.26508,,
1994,498,"Republic of Moldova",6.5792,,,329.63558,,
1994,642,"Romania",1.5918,,,136.88525,,
1994,643,"Russian Federation",1.1401,,,307.53623,,
1994,646,"Rwanda",14.1068,,,20.99577,,
1994,659,"Saint Kitts and Nevis",56.1068,,,1.42702,,
1994,662,"Saint Lucia",59.9134,,,2.6636,,
1994,670,"Saint Vincent and the Grenadines",61.0069,,,0.39522,,
1994,882,"Samoa",41.5174,,,12.08446,,
1994,678,"Sao Tome and Principe",1.7601,,,51.16137,,
1994,682,"Saudi Arabia",66.8014,,,1.36484,,
1994,686,"Senegal",63.2825,,,32.10222,,
1994,688,"Serbia",,,"Not applicable",,,"Not applicable"
1994,690,"Seychelles",31.3015,,,2.23062,,
1994,694,"Sierra Leone",5.305,,,24.18044,,
1994,702,"Singapore",70.0678,,,3.09558,,
1994,534,"Sint Maarten (Dutch part)",,,"Not applicable",,,"Not applicable"
1994,703,"Slovakia",34.8108,,,13.46516,,
1994,705,"Slovenia",35.0439,,,20.87448,,
1994,090,"Solomon Islands",18.6431,,,13.29728,,
1994,710,"South Africa",22.8453,,,8.89785,,
1994,728,"South Sudan",,,"Not applicable",,,"Not applicable"
1994,724,"Spain",57.6199,,,4.71803,,
1994,729,"Sudan",,,"Not applicable",,,"Not applicable"
1994,736,"Sudan (...2011)",0.1399,,,115.48016,,
1994,740,"Suriname",2.3332,,,142.78662,,
1994,752,"Sweden",68.3468,,,2.91634,,
1994,756,"Switzerland",87.8855,,,0.85168,,
1994,762,"Tajikistan",0.0868,,,350,,
1994,764,"Thailand",52.9322,,,5.0548,,
1994,626,"Timor-Leste",,,"Not applicable",,,"Not applicable"
1994,768,"Togo",49.4485,,,35.26152,,
1994,776,"Tonga",30.6648,,,3.92246,,
1994,780,"Trinidad and Tobago",27.8012,,,8.81288,,
1994,788,"Tunisia",35.3075,,,5.4235,,
1994,792,"Turkiye",0.2508,,,105.55556,,
1994,795,"Turkmenistan",0.0755,,,1721.05263,,
1994,800,"Uganda",20.3427,,,5.85384,,
1994,804,"Ukraine",0.6955,,,891.18829,,
1994,784,"United Arab Emirates",47.8959,,,5.69948,,
1994,826,"United Kingdom",60.2073,,,1.99258,,
1994,834,"United Republic of Tanzania",11.8422,,,37.90121,,
1994,840,"United States",57.2616,,,2.5956,,
1994,858,"Uruguay",7.2744,,,44.72675,,
1994,860,"Uzbekistan",0.371,,,1586.36364,,
1994,548,"Vanuatu",53.0161,,,2.30292,,
1994,862,"Venezuela (Bolivarian Rep. of)",0,,,58.82353,,
1994,704,"Viet Nam",20.0165,,,10.37933,,
1994,894,"Zambia",2.2784,,,46.0685,,
1995,008,"Albania",33.7035,,,7.79492,,
1995,012,"Algeria",33.5368,,,29.80041,,
1995,024,"Angola",0.0002,,,,,"No value reported or collected"
1995,660,"Anguilla",56.0817,,,1.51261,,
1995,028,"Antigua and Barbuda",64.1687,,,2.7361,,
1995,032,"Argentina",1.8074,,,3.37612,,
1995,051,"Armenia",33.8979,,,176.73461,,
1995,533,"Aruba",58.0086,,,3.41262,,
1995,036,"Australia",55.9836,,,4.62591,,
1995,040,"Austria",65.0619,,,1.61137,,
1995,031,"Azerbaijan",26.4217,,,411.77125,,
1995,044,"Bahamas",65.427,,,2.02294,,
1995,048,"Bahrain",70.4755,,,3.14056,,
1995,050,"Bangladesh",22.0905,,,8.85624,,
1995,052,"Barbados",45.3508,,,2.83767,,
1995,112,"Belarus",0.0653,,,711.42857,,
1995,056,"Belgium",63.9908,,,1.26402,,
1995,084,"Belize",69.179,,,2.88982,,
1995,204,"Benin",54.4001,,,14.457,,
1995,064,"Bhutan",24.1127,,,7.08467,,
1995,068,"Bolivia (Plurinational State of)",31.4694,,,10.19046,,
1995,070,"Bosnia and Herzegovina",75.0754,,,12.90066,,
1995,072,"Botswana",19.3104,,,10.49868,,
1995,076,"Brazil",21.2067,,,66.00804,,
1995,092,"British Virgin Islands",52.9097,,,5.10417,,
1995,096,"Brunei Darussalam",90.097,,,5.9658,,
1995,100,"Bulgaria",1.4628,,,62.10996,,
1995,854,"Burkina Faso",60.439,,,7.77277,,
1995,108,"Burundi",8.9092,,,18.92195,,
1995,132,"Cabo Verde",57.9072,,,8.40925,,
1995,116,"Cambodia",33.5607,,,10.07812,,
1995,120,"Cameroon",55.2954,,,25.80519,,
1995,124,"Canada",63.9247,,,2.14916,,
1995,136,"Cayman Islands",58.2733,,,,,"No value reported or collected"
1995,140,"Central African Republic",44.9361,,,19.20063,,
1995,148,"Chad",58.8957,,,5.36231,,
1995,152,"Chile",41.8728,,,8.23255,,
1995,156,"China",57.8216,,,16.79371,,
1995,344,"China, Hong Kong SAR",66.3713,,,9.03244,,
1995,158,"China, Taiwan Province of",77.8756,,,3.66635,,
1995,170,"Colombia",19.593,,,20.88247,,
1995,174,"Comoros",50.1315,,,3.1503,,
1995,178,"Congo",46.9969,,,6.29792,,
1995,188,"Costa Rica",15.8639,,,23.1858,,
1995,384,"Cote d'Ivoire",57.2345,,,14.0992,,
1995,191,"Croatia",53.9315,,,1.96322,,
1995,192,"Cuba",107.1321,,,-10.08692,,
1995,531,"Curacao",,,"Not applicable",,,"Not applicable"
1995,196,"Cyprus",65.3483,,,2.61337,,
1995,203,"Czechia",46.7383,,,,,"No value reported or collected"
1995,180,"Dem. Rep. of the Congo",0.0025,,,554.54545,,
1995,208,"Denmark",68.1279,,,2.03119,,
1995,262,"Djibouti",52.721,,,4.88621,,
1995,212,"Dominica",71.5561,,,1.29225,,
1995,214,"Dominican Republic",16.5009,,,12.53638,,
1995,218,"Ecuador",5.5969,,,22.89056,,
1995,818,"Egypt",11.7738,,,9.35935,,
1995,222,"El Salvador",53.2622,,,10.03172,,
1995,226,"Equatorial Guinea",36.2701,,,19.87152,,
1995,232,"Eritrea",10.1038,,,11.9838,,
1995,233,"Estonia",34.7567,,,28.99929,,
1995,748,"Eswatini",19.9428,,,12.28859,,
1995,231,"Ethiopia",8.3665,,,13.35442,,
1995,230,"Ethiopia (...1991)",,,"Not applicable",,,"Not applicable"
1995,242,"Fiji",46.2378,,,2.18358,,
1995,246,"Finland",68.3068,,,0.39843,,
1995,250,"France",69.5693,,,1.77022,,
1995,258,"French Polynesia",78.4486,,,1.17188,,
1995,266,"Gabon",64.3283,,,9.6456,,
1995,270,"Gambia",25.2163,,,6.9812,,
1995,276,"Germany",70.6538,,,1.73342,,
1995,288,"Ghana",2.5478,,,59.30683,,
1995,300,"Greece",56.1765,,,8.75714,,
1995,308,"Grenada",64.6278,,,3.02782,,
1995,320,"Guatemala",24.3556,,,8.41101,,
1995,324,"Guinea",6.3426,,,5.55221,,
1995,624,"Guinea-Bissau",27.0847,,,45.13053,,
1995,328,"Guyana",36.4291,,,12.22153,,
1995,332,"Haiti",7.9314,,,30.19577,,
1995,340,"Honduras",14.744,,,29.48245,,
1995,348,"Hungary",22.8596,,,28.30029,,
1995,352,"Iceland",35.9274,,,1.65465,,
1995,356,"India",21.1842,,,9.95685,,
1995,360,"Indonesia",,,"Not applicable",,,"Not applicable"
1995,960,"Indonesia (...2002)",12.6198,,,9.4177,,
1995,364,"Iran (Islamic Republic of)",1.4902,,,49.29775,,
1995,372,"Ireland",66.8818,,,2.51791,,
1995,376,"Israel",55.3251,,,10.04413,,
1995,380,"Italy",63.9483,,,5.41933,,
1995,388,"Jamaica",11.5445,,,19.90128,,
1995,392,"Japan",95.9137,,,-0.08751,,
1995,400,"Jordan",46.5731,,,2.35207,,
1995,398,"Kazakhstan",10.1828,,,176.40135,,
1995,404,"Kenya",16.0968,,,1.55338,,
1995,296,"Kiribati",67.1657,,,4.10125,,
1995,412,"Kosovo",,,"Not applicable",,,"Not applicable"
1995,417,"Kyrgyzstan",10.114,,,42.1741,,
1995,418,"Lao People's Dem. Rep.",5.0289,,,19.0795,,
1995,428,"Latvia",36.5735,,,25.00119,,
1995,422,"Lebanon",26.159,,,10.27991,,
1995,426,"Lesotho",21.2007,,,9.72637,,
1995,434,"Libya",34.0316,,,8.34223,,
1995,440,"Lithuania",43.1903,,,,,"No value reported or collected"
1995,442,"Luxembourg",61.2446,,,1.90074,,
1995,450,"Madagascar",12.3645,,,49.02944,,
1995,454,"Malawi",1.9868,,,83.16532,,
1995,458,"Malaysia",57.3797,,,3.46831,,
1995,462,"Maldives",42.48,,,5.48793,,
1995,466,"Mali",64.2763,,,11.64402,,
1995,470,"Malta",58.7238,,,3.97334,,
1995,480,"Mauritius",31.8961,,,6.02839,,
1995,484,"Mexico",18.0468,,,35.0634,,
1995,583,"Micronesia (Federated States of)",55.3643,,,,,"No value reported or collected"
1995,496,"Mongolia",8.2401,,,0.23233,,
1995,499,"Montenegro",,,"Not applicable",,,"Not applicable"
1995,504,"Morocco",69.2683,,,6.28743,,
1995,508,"Mozambique",9.6697,,,47.66391,,
1995,104,"Myanmar",3.434,,,25.19471,,
1995,524,"Nepal",18.7607,,,7.67739,,
1995,528,"Netherlands (Kingdom of the)",63.4429,,,1.34954,,
1995,540,"New Caledonia",80.2849,,,1.21345,,
1995,554,"New Zealand",61.6823,,,3.75514,,
1995,558,"Nicaragua",15.6448,,,11.11851,,
1995,562,"Niger",62.509,,,10.85723,,
1995,566,"Nigeria",5.5515,,,77.23188,,
1995,807,"North Macedonia",64.177,,,16.37375,,
1995,578,"Norway",60.0034,,,2.44357,,
1995,512,"Oman",65.9995,,,-1.13162,,
1995,586,"Pakistan",15.2531,,,13.02535,,
1995,591,"Panama",60.8172,,,0.93791,,
1995,598,"Papua New Guinea",18.6382,,,17.2822,,
1995,600,"Paraguay",21.2098,,,13.48202,,
1995,604,"Peru",42.9636,,,11.13055,,
1995,608,"Philippines",33.8345,,,6.90882,,
1995,616,"Poland",35.553,,,27.87487,,
1995,620,"Portugal",62.7425,,,3.96821,,
1995,630,"Puerto Rico",64.8252,,,1.91451,,
1995,634,"Qatar",45.9555,,,3.00717,,
1995,410,"Republic of Korea",51.995,,,4.48106,,
1995,498,"Republic of Moldova",8.5671,,,30.21569,,
1995,642,"Romania",2.1048,,,32.22936,,
1995,643,"Russian Federation",3.3888,,,197.22617,,
1995,646,"Rwanda",22.0012,,,55.96162,,
1995,659,"Saint Kitts and Nevis",57.7907,,,3.00124,,
1995,662,"Saint Lucia",63.4264,,,5.8635,,
1995,670,"Saint Vincent and the Grenadines",62.4659,,,2.39159,,
1995,882,"Samoa",40.3026,,,-2.92617,,
1995,678,"Sao Tome and Principe",2.4078,,,36.79741,,
1995,682,"Saudi Arabia",70.2302,,,5.13278,,
1995,686,"Senegal",68.3932,,,8.07596,,
1995,688,"Serbia",,,"Not applicable",,,"Not applicable"
1995,690,"Seychelles",31.4596,,,0.50526,,
1995,694,"Sierra Leone",6.6839,,,25.99278,,
1995,702,"Singapore",71.2754,,,1.72339,,
1995,534,"Sint Maarten (Dutch part)",,,"Not applicable",,,"Not applicable"
1995,703,"Slovakia",38.6213,,,10.94645,,
1995,705,"Slovenia",39.7995,,,13.57021,,
1995,090,"Solomon Islands",20.4349,,,9.61075,,
1995,710,"South Africa",24.8476,,,8.76457,,
1995,728,"South Sudan",,,"Not applicable",,,"Not applicable"
1995,724,"Spain",60.3135,,,4.67468,,
1995,729,"Sudan",,,"Not applicable",,,"Not applicable"
1995,736,"Sudan (...2011)",0.2356,,,68.38184,,
1995,740,"Suriname",2.8972,,,24.17533,,
1995,752,"Sweden",70.0315,,,2.46487,,
1995,756,"Switzerland",89.4646,,,1.79681,,
1995,762,"Tajikistan",0.6186,,,612.63889,,
1995,764,"Thailand",56.0009,,,5.79731,,
1995,626,"Timor-Leste",,,"Not applicable",,,"Not applicable"
1995,768,"Togo",57.2593,,,15.79578,,
1995,776,"Tonga",30.5169,,,-0.48234,,
1995,780,"Trinidad and Tobago",29.2675,,,5.27418,,
1995,788,"Tunisia",37.508,,,6.23217,,
1995,792,"Turkiye",0.4813,,,91.89189,,
1995,795,"Turkmenistan",0.834,,,1004.04624,,
1995,800,"Uganda",21.7227,,,6.78373,,
1995,804,"Ukraine",3.3156,,,376.74617,,
1995,784,"United Arab Emirates",49.9699,,,4.33007,,
1995,826,"United Kingdom",61.7909,,,2.63033,,
1995,834,"United Republic of Tanzania",15.0123,,,26.76975,,
1995,840,"United States",58.8679,,,2.80519,,
1995,858,"Uruguay",10.3478,,,42.24909,,
1995,860,"Uzbekistan",1.502,,,304.85175,,
1995,548,"Vanuatu",54.1982,,,2.22968,,
1995,862,"Venezuela (Bolivarian Rep. of)",0,,,59.25926,,
1995,704,"Viet Nam",23.4045,,,16.92563,,
1995,894,"Zambia",2.9951,,,31.45641,,
1996,008,"Albania",37.995,,,12.73323,,
1996,012,"Algeria",39.8082,,,18.70014,,
1996,024,"Angola",0.0063,,,2600,,
1996,660,"Anguilla",58.0316,,,3.47682,,
1996,028,"Antigua and Barbuda",66.0716,,,2.96542,,
1996,032,"Argentina",1.8102,,,0.15565,,
1996,051,"Armenia",40.2199,,,18.65022,,
1996,533,"Aruba",59.847,,,3.16912,,
1996,036,"Australia",57.4688,,,2.65283,,
1996,040,"Austria",66.1649,,,1.69543,,
1996,031,"Azerbaijan",31.6518,,,19.79451,,
1996,044,"Bahamas",66.2524,,,1.26154,,
1996,048,"Bahrain",70.3443,,,-0.18613,,
1996,050,"Bangladesh",23.6012,,,6.83887,,
1996,052,"Barbados",46.4331,,,2.38666,,
1996,112,"Belarus",0.0998,,,52.8169,,
1996,056,"Belgium",65.1176,,,1.76084,,
1996,084,"Belize",73.624,,,6.42536,,
1996,204,"Benin",57.0746,,,4.91647,,
1996,064,"Bhutan",26.2295,,,8.77873,,
1996,068,"Bolivia (Plurinational State of)",35.3814,,,12.43115,,
1996,070,"Bosnia and Herzegovina",66.2791,,,-11.71658,,
1996,072,"Botswana",21.2609,,,10.10042,,
1996,076,"Brazil",24.5484,,,15.75744,,
1996,092,"British Virgin Islands",55.4792,,,4.85629,,
1996,096,"Brunei Darussalam",91.8959,,,1.99655,,
1996,100,"Bulgaria",3.2635,,,123.09808,,
1996,854,"Burkina Faso",64.1307,,,6.10812,,
1996,108,"Burundi",11.3043,,,26.88385,,
1996,132,"Cabo Verde",61.3883,,,6.01168,,
1996,116,"Cambodia",35.9594,,,7.14717,,
1996,120,"Cameroon",57.4636,,,3.92112,,
1996,124,"Canada",64.9287,,,1.57053,,
1996,136,"Cayman Islands",59.7585,,,2.54873,,
1996,140,"Central African Republic",46.6094,,,3.72364,,
1996,148,"Chad",65.5699,,,11.33216,,
1996,152,"Chile",44.9544,,,7.35931,,
1996,156,"China",62.6281,,,8.31266,,
1996,344,"China, Hong Kong SAR",70.5689,,,6.3244,,
1996,158,"China, Taiwan Province of",80.2719,,,3.07708,,
1996,170,"Colombia",23.669,,,20.80381,,
1996,174,"Comoros",51.3346,,,2.3998,,
1996,178,"Congo",50.475,,,7.40075,,
1996,188,"Costa Rica",18.6423,,,17.51412,,
1996,384,"Cote d'Ivoire",58.7802,,,2.70065,,
1996,191,"Croatia",55.8972,,,3.64489,,
1996,192,"Cuba",99.4072,,,-7.21057,,
1996,531,"Curacao",,,"Not applicable",,,"Not applicable"
1996,196,"Cyprus",67.0351,,,2.58125,,
1996,203,"Czechia",50.8212,,,8.73556,,
1996,180,"Dem. Rep. of the Congo",0.018,,,618.75,,
1996,208,"Denmark",69.5526,,,2.09116,,
1996,262,"Djibouti",54.5726,,,3.5121,,
1996,212,"Dominica",72.7733,,,1.70101,,
1996,214,"Dominican Republic",17.3922,,,5.4015,,
1996,218,"Ecuador",6.9629,,,24.40517,,
1996,818,"Egypt",12.6093,,,7.09579,,
1996,222,"El Salvador",58.4761,,,9.78917,,
1996,226,"Equatorial Guinea",37.9168,,,4.5401,,
1996,232,"Eritrea",11.1432,,,10.28703,,
1996,233,"Estonia",41.6255,,,19.76229,,
1996,748,"Eswatini",21.2242,,,6.4253,,
1996,231,"Ethiopia",8.4433,,,0.9188,,
1996,230,"Ethiopia (...1991)",,,"Not applicable",,,"Not applicable"
1996,242,"Fiji",47.6292,,,3.00917,,
1996,246,"Finland",69.0261,,,1.0531,,
1996,250,"France",71.0223,,,2.08867,,
1996,258,"French Polynesia",79.2902,,,1.07274,,
1996,266,"Gabon",64.772,,,0.68977,,
1996,270,"Gambia",25.4935,,,1.09946,,
1996,268,"Georgia",27.3185,,,,,"No value reported or collected"
1996,276,"Germany",71.5548,,,1.27527,,
1996,288,"Ghana",3.6812,,,44.48501,,
1996,300,"Greece",60.6004,,,7.8749,,
1996,308,"Grenada",65.9411,,,2.03212,,
1996,320,"Guatemala",27.05,,,11.06279,,
1996,324,"Guinea",6.5324,,,2.99359,,
1996,624,"Guinea-Bissau",40.8796,,,50.9325,,
1996,328,"Guyana",39.0129,,,7.09264,,
1996,332,"Haiti",9.5642,,,20.58746,,
1996,340,"Honduras",18.2583,,,23.83534,,
1996,348,"Hungary",28.2218,,,23.45713,,
1996,352,"Iceland",36.7366,,,2.25238,,
1996,356,"India",23.1832,,,9.43614,,
1996,360,"Indonesia",,,"Not applicable",,,"Not applicable"
1996,960,"Indonesia (...2002)",13.6267,,,7.97855,,
1996,364,"Iran (Islamic Republic of)",1.8477,,,23.98871,,
1996,372,"Ireland",68.327,,,2.16076,,
1996,376,"Israel",61.5638,,,11.27656,,
1996,380,"Italy",66.472,,,3.94657,,
1996,388,"Jamaica",14.5937,,,26.41199,,
1996,392,"Japan",96.0457,,,0.13763,,
1996,400,"Jordan",49.6009,,,6.50115,,
1996,398,"Kazakhstan",14.1735,,,39.19083,,
1996,404,"Kenya",17.1937,,,6.81404,,
1996,296,"Kiribati",66.0455,,,-1.66784,,
1996,412,"Kosovo",,,"Not applicable",,,"Not applicable"
1996,417,"Kyrgyzstan",13.345,,,31.94552,,
1996,418,"Lao People's Dem. Rep.",5.992,,,19.14968,,
1996,428,"Latvia",43.0093,,,17.59702,,
1996,422,"Lebanon",28.4821,,,8.88072,,
1996,426,"Lesotho",23.0856,,,8.89091,,
1996,434,"Libya",35.3914,,,3.99592,,
1996,440,"Lithuania",52.8348,,,22.33032,,
1996,442,"Luxembourg",61.9486,,,1.14954,,
1996,450,"Madagascar",14.8079,,,19.76193,,
1996,454,"Malawi",2.7369,,,37.75454,,
1996,458,"Malaysia",59.3764,,,3.47975,,
1996,462,"Maldives",45.1332,,,6.24579,,
1996,466,"Mali",68.4227,,,6.45092,,
1996,470,"Malta",59.8767,,,1.96316,,
1996,480,"Mauritius",33.9861,,,6.55264,,
1996,484,"Mexico",24.2455,,,34.34776,,
1996,583,"Micronesia (Federated States of)",56.9119,,,2.79527,,
1996,496,"Mongolia",12.0982,,,46.82119,,
1996,499,"Montenegro",,,"Not applicable",,,"Not applicable"
1996,504,"Morocco",71.2195,,,2.8169,,
1996,508,"Mozambique",14.3586,,,48.48958,,
1996,104,"Myanmar",3.9929,,,16.27544,,
1996,524,"Nepal",20.1084,,,7.18335,,
1996,528,"Netherlands (Kingdom of the)",64.3601,,,1.44571,,
1996,540,"New Caledonia",81.2845,,,1.24509,,
1996,554,"New Zealand",63.0924,,,2.28606,,
1996,558,"Nicaragua",17.4676,,,11.65141,,
1996,562,"Niger",65.8467,,,5.33951,,
1996,566,"Nigeria",7.1786,,,29.31034,,
1996,807,"North Macedonia",65.7599,,,2.46652,,
1996,578,"Norway",60.7608,,,1.2622,,
1996,512,"Oman",66.3263,,,0.49507,,
1996,586,"Pakistan",16.8968,,,10.77654,,
1996,591,"Panama",61.659,,,1.38413,,
1996,598,"Papua New Guinea",20.8063,,,11.63278,,
1996,600,"Paraguay",23.2827,,,9.77337,,
1996,604,"Peru",47.9257,,,11.5497,,
1996,608,"Philippines",36.6401,,,8.29222,,
1996,616,"Poland",42.6273,,,19.8981,,
1996,620,"Portugal",64.5841,,,2.93507,,
1996,630,"Puerto Rico",66.9722,,,3.3121,,
1996,634,"Qatar",49.1573,,,6.96731,,
1996,410,"Republic of Korea",54.555,,,4.92355,,
1996,498,"Republic of Moldova",10.5809,,,23.50568,,
1996,642,"Romania",2.9223,,,38.84112,,
1996,643,"Russian Federation",5.0066,,,47.73869,,
1996,646,"Rwanda",24.9044,,,13.19561,,
1996,659,"Saint Kitts and Nevis",58.9738,,,2.04726,,
1996,662,"Saint Lucia",64.0126,,,0.92417,,
1996,670,"Saint Vincent and the Grenadines",65.2224,,,4.41274,,
1996,882,"Samoa",42.4866,,,5.41906,,
1996,678,"Sao Tome and Principe",3.4206,,,42.06326,,
1996,682,"Saudi Arabia",70.4231,,,0.27466,,
1996,686,"Senegal",70.3322,,,2.83517,,
1996,688,"Serbia",,,"Not applicable",,,"Not applicable"
1996,690,"Seychelles",30.812,,,-2.05864,,
1996,694,"Sierra Leone",8.2304,,,23.13754,,
1996,702,"Singapore",72.2591,,,1.38021,,
1996,534,"Sint Maarten (Dutch part)",,,"Not applicable",,,"Not applicable"
1996,703,"Slovakia",40.4578,,,4.75512,,
1996,705,"Slovenia",43.7474,,,9.91959,,
1996,090,"Solomon Islands",22.8404,,,11.77157,,
1996,710,"South Africa",26.693,,,7.42725,,
1996,728,"South Sudan",,,"Not applicable",,,"Not applicable"
1996,724,"Spain",62.4829,,,3.59698,,
1996,275,"State of Palestine",48.3721,,,,,"No value reported or collected"
1996,729,"Sudan",,,"Not applicable",,,"Not applicable"
1996,736,"Sudan (...2011)",0.44,,,86.75795,,
1996,740,"Suriname",2.9794,,,2.83843,,
1996,752,"Sweden",70.7435,,,1.01666,,
1996,756,"Switzerland",90.1898,,,0.81054,,
1996,762,"Tajikistan",3.207,,,418.45644,,
1996,764,"Thailand",59.2619,,,5.82321,,
1996,626,"Timor-Leste",,,"Not applicable",,,"Not applicable"
1996,768,"Togo",59.8905,,,4.5953,,
1996,776,"Tonga",31.3329,,,2.67421,,
1996,780,"Trinidad and Tobago",30.2291,,,3.28548,,
1996,788,"Tunisia",38.9077,,,3.73198,,
1996,792,"Turkiye",0.8677,,,80.28169,,
1996,795,"Turkmenistan",9.1106,,,992.46073,,
1996,800,"Uganda",23.3559,,,7.51842,,
1996,804,"Ukraine",5.9758,,,80.23044,,
1996,784,"United Arab Emirates",51.4568,,,2.97572,,
1996,826,"United Kingdom",63.29,,,2.42599,,
1996,834,"United Republic of Tanzania",18.1724,,,21.04977,,
1996,840,"United States",60.5966,,,2.93668,,
1996,858,"Uruguay",13.2802,,,28.33857,,
1996,860,"Uzbekistan",2.313,,,53.99467,,
1996,548,"Vanuatu",54.7003,,,0.9264,,
1996,862,"Venezuela (Bolivarian Rep. of)",0,,,97.67442,,
1996,704,"Viet Nam",24.7133,,,5.59239,,
1996,894,"Zambia",4.1509,,,38.58812,,
1997,008,"Albania",50.5971,,,33.16774,,
1997,012,"Algeria",42.0774,,,5.70022,,
1997,024,"Angola",0.0204,,,225.92593,,
1997,660,"Anguilla",58.1244,,,0.16,,
1997,028,"Antigua and Barbuda",66.3105,,,0.36167,,
1997,032,"Argentina",1.8198,,,0.52862,,
1997,051,"Armenia",45.8642,,,14.03364,,
1997,533,"Aruba",61.6461,,,3.0062,,
1997,036,"Australia",57.5979,,,0.22472,,
1997,040,"Austria",66.9289,,,1.15463,,
1997,031,"Azerbaijan",32.8147,,,3.67424,,
1997,044,"Bahamas",66.6244,,,0.56146,,
1997,048,"Bahrain",73.5817,,,4.60214,,
1997,050,"Bangladesh",24.2291,,,2.66052,,
1997,052,"Barbados",50.0133,,,7.71048,,
1997,112,"Belarus",0.1636,,,63.82488,,
1997,056,"Belgium",66.0928,,,1.49773,,
1997,084,"Belize",74.379,,,1.02548,,
1997,204,"Benin",59.245,,,3.80268,,
1997,064,"Bhutan",28.4722,,,8.55035,,
1997,068,"Bolivia (Plurinational State of)",37.0468,,,4.70687,,
1997,070,"Bosnia and Herzegovina",70.0785,,,5.73237,,
1997,072,"Botswana",23.153,,,8.89966,,
1997,076,"Brazil",26.2485,,,6.92576,,
1997,092,"British Virgin Islands",58.7303,,,5.86011,,
1997,096,"Brunei Darussalam",93.4687,,,1.71157,,
1997,100,"Bulgaria",37.8939,,,1061.13394,,
1997,854,"Burkina Faso",66.0096,,,2.9299,,
1997,108,"Burundi",14.8495,,,31.36117,,
1997,132,"Cabo Verde",66.6519,,,8.57422,,
1997,116,"Cambodia",39.7361,,,10.50276,,
1997,120,"Cameroon",60.2118,,,4.78255,,
1997,124,"Canada",65.9815,,,1.62159,,
1997,136,"Cayman Islands",61.4184,,,2.77778,,
1997,140,"Central African Republic",47.3538,,,1.59719,,
1997,148,"Chad",69.2235,,,5.5721,,
1997,152,"Chile",47.7123,,,6.13494,,
1997,156,"China",64.3689,,,2.77961,,
1997,344,"China, Hong Kong SAR",74.6743,,,5.81767,,
1997,158,"China, Taiwan Province of",80.9979,,,0.90446,,
1997,170,"Colombia",28.0418,,,18.47477,,
1997,174,"Comoros",52.1046,,,1.50005,,
1997,178,"Congo",56.885,,,12.69928,,
1997,188,"Costa Rica",21.1126,,,13.25086,,
1997,384,"Cote d'Ivoire",62.4841,,,6.30138,,
1997,191,"Croatia",57.97,,,3.70823,,
1997,192,"Cuba",98.6066,,,-0.80542,,
1997,531,"Curacao",,,"Not applicable",,,"Not applicable"
1997,196,"Cyprus",69.2549,,,3.31148,,
1997,203,"Czechia",55.2066,,,8.62926,,
1997,180,"Dem. Rep. of the Congo",0.0537,,,199.03382,,
1997,208,"Denmark",70.9182,,,1.96354,,
1997,262,"Djibouti",55.9486,,,2.5213,,
1997,212,"Dominica",74.5302,,,2.41417,,
1997,214,"Dominican Republic",18.8354,,,8.29767,,
1997,218,"Ecuador",9.0936,,,30.60109,,
1997,818,"Egypt",13.387,,,6.16793,,
1997,222,"El Salvador",61.1022,,,4.49099,,
1997,226,"Equatorial Guinea",39.0611,,,3.01769,,
1997,232,"Eritrea",11.5599,,,3.73988,,
1997,233,"Estonia",45.4973,,,9.30175,,
1997,748,"Eswatini",22.9109,,,7.94702,,
1997,231,"Ethiopia",7.9012,,,-6.42029,,
1997,230,"Ethiopia (...1991)",,,"Not applicable",,,"Not applicable"
1997,242,"Fiji",49.2458,,,3.394,,
1997,246,"Finland",69.8675,,,1.21893,,
1997,250,"France",71.9258,,,1.27207,,
1997,258,"French Polynesia",80.3365,,,1.31955,,
1997,266,"Gabon",67.3457,,,3.97348,,
1997,270,"Gambia",26.2024,,,2.78085,,
1997,268,"Georgia",29.2749,,,7.16146,,
1997,276,"Germany",72.634,,,1.50826,,
1997,288,"Ghana",4.5951,,,24.82889,,
1997,300,"Greece",63.8909,,,5.42997,,
1997,308,"Grenada",66.7621,,,1.24495,,
1997,320,"Guatemala",29.5472,,,9.23167,,
1997,324,"Guinea",6.659,,,1.93772,,
1997,624,"Guinea-Bissau",60.9379,,,49.06669,,
1997,328,"Guyana",40.4006,,,3.5571,,
1997,332,"Haiti",10.6743,,,11.6065,,
1997,340,"Honduras",21.9419,,,20.17511,,
1997,348,"Hungary",33.3851,,,18.29536,,
1997,352,"Iceland",37.3964,,,1.79603,,
1997,356,"India",24.7701,,,6.84527,,
1997,360,"Indonesia",,,"Not applicable",,,"Not applicable"
1997,960,"Indonesia (...2002)",14.477,,,6.2403,,
1997,364,"Iran (Islamic Republic of)",2.1533,,,16.54021,,
1997,372,"Ireland",69.1832,,,1.25317,,
1997,376,"Israel",67.1051,,,9.00085,,
1997,380,"Italy",67.7291,,,1.89111,,
1997,388,"Jamaica",16.0032,,,9.65872,,
1997,392,"Japan",97.6768,,,1.69829,,
1997,400,"Jordan",51.1083,,,3.03919,,
1997,398,"Kazakhstan",16.6391,,,17.39637,,
1997,404,"Kenya",19.1405,,,11.32256,,
1997,296,"Kiribati",67.7327,,,2.55466,,
1997,412,"Kosovo",,,"Not applicable",,,"Not applicable"
1997,417,"Kyrgyzstan",16.472,,,23.43248,,
1997,418,"Lao People's Dem. Rep.",7.1626,,,19.53701,,
1997,428,"Latvia",46.48,,,8.06962,,
1997,422,"Lebanon",30.6888,,,7.74795,,
1997,426,"Lesotho",25.0192,,,8.37583,,
1997,434,"Libya",36.6608,,,3.58662,,
1997,440,"Lithuania",57.4484,,,8.73209,,
1997,442,"Luxembourg",62.8036,,,1.38014,,
1997,450,"Madagascar",15.4737,,,4.49602,,
1997,454,"Malawi",2.9873,,,9.14902,,
1997,458,"Malaysia",60.9525,,,2.65457,,
1997,462,"Maldives",48.5534,,,7.57795,,
1997,466,"Mali",67.9621,,,-0.67311,,
1997,470,"Malta",62.2261,,,3.92386,,
1997,480,"Mauritius",36.3075,,,6.83051,,
1997,484,"Mexico",29.2397,,,20.59817,,
1997,583,"Micronesia (Federated States of)",58.4302,,,2.66778,,
1997,496,"Mongolia",15.7312,,,30.02932,,
1997,499,"Montenegro",,,"Not applicable",,,"Not applicable"
1997,504,"Morocco",72,,,1.09589,,
1997,508,"Mozambique",15.4162,,,7.36584,,
1997,104,"Myanmar",5.1787,,,29.69721,,
1997,524,"Nepal",21.7363,,,8.09583,,
1997,528,"Netherlands (Kingdom of the)",65.5593,,,1.86329,,
1997,540,"New Caledonia",82.9272,,,2.02095,,
1997,554,"New Zealand",63.8412,,,1.1868,,
1997,558,"Nicaragua",19.0727,,,9.18873,,
1997,562,"Niger",67.7747,,,2.92814,,
1997,566,"Nigeria",7.9462,,,10.69281,,
1997,807,"North Macedonia",66.6111,,,1.29437,,
1997,578,"Norway",62.305,,,2.54141,,
1997,512,"Oman",66.0885,,,-0.35855,,
1997,586,"Pakistan",18.8935,,,11.81702,,
1997,591,"Panama",62.4335,,,1.25609,,
1997,598,"Papua New Guinea",21.6264,,,3.94155,,
1997,600,"Paraguay",24.8946,,,6.92339,,
1997,604,"Peru",52.0217,,,8.54647,,
1997,608,"Philippines",38.6912,,,5.59779,,
1997,616,"Poland",48.98,,,14.90287,,
1997,620,"Portugal",65.8062,,,1.89221,,
1997,630,"Puerto Rico",68.2354,,,1.88613,,
1997,634,"Qatar",50.5,,,2.73133,,
1997,410,"Republic of Korea",56.977,,,4.43956,,
1997,498,"Republic of Moldova",11.8266,,,11.77282,,
1997,642,"Romania",7.4442,,,154.73883,,
1997,643,"Russian Federation",5.7453,,,14.75543,,
1997,646,"Rwanda",27.8318,,,11.75473,,
1997,659,"Saint Kitts and Nevis",64.0905,,,8.67621,,
1997,662,"Saint Lucia",64.0086,,,-0.00625,,
1997,670,"Saint Vincent and the Grenadines",65.5474,,,0.49835,,
1997,882,"Samoa",45.4179,,,6.89931,,
1997,678,"Sao Tome and Principe",5.7822,,,69.0387,,
1997,682,"Saudi Arabia",70.2475,,,-0.24929,,
1997,686,"Senegal",71.5873,,,1.78454,,
1997,688,"Serbia",,,"Not applicable",,,"Not applicable"
1997,690,"Seychelles",31.3677,,,1.80369,,
1997,694,"Sierra Leone",9.4286,,,14.55788,,
1997,702,"Singapore",73.7208,,,2.02278,,
1997,534,"Sint Maarten (Dutch part)",,,"Not applicable",,,"Not applicable"
1997,703,"Slovakia",42.9037,,,6.04556,,
1997,705,"Slovenia",47.3928,,,8.33286,,
1997,090,"Solomon Islands",24.6826,,,8.06555,,
1997,710,"South Africa",28.9853,,,8.58741,,
1997,728,"South Sudan",,,"Not applicable",,,"Not applicable"
1997,724,"Spain",63.6566,,,1.87844,,
1997,275,"State of Palestine",52.0593,,,7.62276,,
1997,729,"Sudan",,,"Not applicable",,,"Not applicable"
1997,736,"Sudan (...2011)",0.6476,,,47.17006,,
1997,740,"Suriname",3.1603,,,6.06865,,
1997,752,"Sweden",72.0309,,,1.81992,,
1997,756,"Switzerland",90.6572,,,0.51831,,
1997,762,"Tajikistan",6.0277,,,87.95579,,
1997,764,"Thailand",62.598,,,5.62933,,
1997,626,"Timor-Leste",,,"Not applicable",,,"Not applicable"
1997,768,"Togo",63.0691,,,5.3073,,
1997,776,"Tonga",31.5108,,,0.56779,,
1997,780,"Trinidad and Tobago",31.3358,,,3.66101,,
1997,788,"Tunisia",40.3083,,,3.59966,,
1997,792,"Turkiye",1.6066,,,85.15625,,
1997,795,"Turkmenistan",16.7382,,,83.72232,,
1997,800,"Uganda",25.161,,,7.72835,,
1997,804,"Ukraine",6.9251,,,15.88598,,
1997,784,"United Arab Emirates",52.9829,,,2.96578,,
1997,826,"United Kingdom",64.4442,,,1.82362,,
1997,834,"United Republic of Tanzania",21.105,,,16.13763,,
1997,840,"United States",62.0132,,,2.33778,,
1997,858,"Uruguay",15.9127,,,19.82219,,
1997,860,"Uzbekistan",3.952,,,70.86035,,
1997,548,"Vanuatu",56.2394,,,2.8137,,
1997,862,"Venezuela (Bolivarian Rep. of)",0,,,50.58824,,
1997,704,"Viet Nam",25.4783,,,3.09524,,
1997,894,"Zambia",5.0399,,,21.41757,,
1998,008,"Albania",61.0428,,,20.64491,,
1998,012,"Algeria",44.1604,,,4.95054,,
1998,024,"Angola",0.0424,,,107.95455,,
1998,660,"Anguilla",59.61,,,2.55591,,
1998,028,"Antigua and Barbuda",68.4739,,,3.26249,,
1998,032,"Argentina",1.8366,,,0.92467,,
1998,051,"Armenia",49.8493,,,8.68889,,
1998,533,"Aruba",62.796,,,1.86538,,
1998,036,"Australia",58.093,,,0.85949,,
1998,040,"Austria",67.4827,,,0.82747,,
1998,031,"Azerbaijan",32.5613,,,-0.77229,,
1998,044,"Bahamas",67.4285,,,1.20693,,
1998,048,"Bahrain",73.2732,,,-0.41921,,
1998,050,"Bangladesh",25.842,,,6.65669,,
1998,052,"Barbados",49.3787,,,-1.26885,,
1998,112,"Belarus",0.283,,,72.99578,,
1998,056,"Belgium",66.6938,,,0.90925,,
1998,084,"Belize",73.748,,,-0.84836,,
1998,204,"Benin",62.6557,,,5.75699,,
1998,060,"Bermuda",78.0306,,,,,"No value reported or collected"
1998,064,"Bhutan",30.6335,,,7.59101,,
1998,068,"Bolivia (Plurinational State of)",39.8901,,,7.67481,,
1998,070,"Bosnia and Herzegovina",69.8827,,,-0.27935,,
1998,072,"Botswana",24.6602,,,6.50971,,
1998,076,"Brazil",27.0875,,,3.19623,,
1998,092,"British Virgin Islands",61.2998,,,4.375,,
1998,096,"Brunei Darussalam",93.0564,,,-0.4411,,
1998,100,"Bulgaria",44.972,,,18.67879,,
1998,854,"Burkina Faso",69.251,,,4.91047,,
1998,108,"Burundi",16.7281,,,12.65084,,
1998,132,"Cabo Verde",69.5836,,,4.39842,,
1998,116,"Cambodia",44.8613,,,12.8982,,
1998,120,"Cameroon",62.1248,,,3.17712,,
1998,124,"Canada",66.6387,,,0.99594,,
1998,136,"Cayman Islands",63.2531,,,2.9872,,
1998,140,"Central African Republic",46.4676,,,-1.87143,,
1998,148,"Chad",72.1716,,,4.2588,,
1998,152,"Chile",50.1504,,,5.11,,
1998,156,"China",63.8669,,,-0.77986,,
1998,344,"China, Hong Kong SAR",76.7851,,,2.82668,,
1998,446,"China, Macao SAR",58.2255,,,,,"No value reported or collected"
1998,158,"China, Taiwan Province of",82.3622,,,1.68444,,
1998,170,"Colombia",33.2715,,,18.64953,,
1998,174,"Comoros",52.7296,,,1.19943,,
1998,178,"Congo",58.1367,,,2.20046,,
1998,188,"Costa Rica",23.5738,,,11.65752,,
1998,384,"Cote d'Ivoire",65.2973,,,4.50223,,
1998,191,"Croatia",61.86,,,6.71037,,
1998,192,"Cuba",103.138,,,4.59543,,
1998,531,"Curacao",,,"Not applicable",,,"Not applicable"
1998,196,"Cyprus",70.8695,,,2.33131,,
1998,203,"Czechia",61.0831,,,10.6445,,
1998,180,"Dem. Rep. of the Congo",0.0693,,,29.14378,,
1998,208,"Denmark",71.8523,,,1.31708,,
1998,262,"Djibouti",57.1819,,,2.20443,,
1998,212,"Dominica",75.2431,,,0.95651,,
1998,214,"Dominican Republic",19.7455,,,4.83217,,
1998,218,"Ecuador",12.3762,,,36.09833,,
1998,818,"Egypt",14.0616,,,5.03923,,
1998,222,"El Salvador",62.6599,,,2.54927,,
1998,226,"Equatorial Guinea",42.1608,,,7.93556,,
1998,232,"Eritrea",12.6541,,,9.46533,,
1998,233,"Estonia",49.4951,,,8.78677,,
1998,748,"Eswatini",24.6313,,,7.50903,,
1998,231,"Ethiopia",8.1854,,,3.59614,,
1998,230,"Ethiopia (...1991)",,,"Not applicable",,,"Not applicable"
1998,242,"Fiji",52.0739,,,5.74285,,
1998,246,"Finland",70.811,,,1.35038,,
1998,250,"France",72.4117,,,0.6756,,
1998,258,"French Polynesia",81.4054,,,1.33056,,
1998,266,"Gabon",68.3217,,,1.44929,,
1998,270,"Gambia",26.4945,,,1.11465,,
1998,268,"Georgia",30.3186,,,3.56501,,
1998,276,"Germany",73.0914,,,0.62969,,
1998,288,"Ghana",5.4777,,,19.20709,,
1998,300,"Greece",66.7811,,,4.52362,,
1998,308,"Grenada",67.7,,,1.40492,,
1998,320,"Guatemala",31.5001,,,6.60953,,
1998,324,"Guinea",6.9981,,,5.09165,,
1998,624,"Guinea-Bissau",65.8554,,,8.06976,,
1998,328,"Guyana",42.2461,,,4.56815,,
1998,332,"Haiti",11.3781,,,6.59305,,
1998,340,"Honduras",24.9455,,,13.68857,,
1998,348,"Hungary",38.1346,,,14.22647,,
1998,352,"Iceland",38.0334,,,1.70323,,
1998,356,"India",28.0211,,,13.12438,,
1998,360,"Indonesia",,,"Not applicable",,,"Not applicable"
1998,960,"Indonesia (...2002)",22.9371,,,58.43805,,
1998,364,"Iran (Islamic Republic of)",2.55,,,18.42448,,
1998,372,"Ireland",70.6681,,,2.14633,,
1998,376,"Israel",70.7519,,,5.43441,,
1998,380,"Italy",69.0959,,,2.0181,,
1998,388,"Jamaica",17.3843,,,8.6298,,
1998,392,"Japan",98.3139,,,0.6522,,
1998,400,"Jordan",52.6811,,,3.07728,,
1998,398,"Kazakhstan",17.8265,,,7.13621,,
1998,404,"Kenya",20.177,,,5.41535,,
1998,296,"Kiribati",70.2175,,,3.66848,,
1998,412,"Kosovo",,,"Not applicable",,,"Not applicable"
1998,417,"Kyrgyzstan",18.1951,,,10.4603,,
1998,418,"Lao People's Dem. Rep.",13.6202,,,90.15665,,
1998,428,"Latvia",48.4799,,,4.30275,,
1998,422,"Lebanon",32.0848,,,4.54867,,
1998,426,"Lesotho",27.0797,,,8.23529,,
1998,430,"Liberia",10.8755,,,,,"No value reported or collected"
1998,434,"Libya",38.0243,,,3.71931,,
1998,440,"Lithuania",60.5336,,,5.37025,,
1998,442,"Luxembourg",63.411,,,0.96718,,
1998,450,"Madagascar",16.4346,,,6.20985,,
1998,454,"Malawi",3.8762,,,29.75842,,
1998,458,"Malaysia",64.1782,,,5.29206,,
1998,462,"Maldives",47.8681,,,-1.41135,,
1998,466,"Mali",70.7268,,,4.06805,,
1998,470,"Malta",64.5235,,,3.69201,,
1998,480,"Mauritius",38.7795,,,6.80829,,
1998,484,"Mexico",33.8931,,,15.91481,,
1998,583,"Micronesia (Federated States of)",59.3835,,,1.63159,,
1998,496,"Mongolia",17.2278,,,9.51349,,
1998,499,"Montenegro",,,"Not applicable",,,"Not applicable"
1998,504,"Morocco",73.9512,,,2.71003,,
1998,508,"Mozambique",15.6453,,,1.48644,,
1998,104,"Myanmar",7.8451,,,51.48754,,
1998,524,"Nepal",23.5469,,,8.32998,,
1998,528,"Netherlands (Kingdom of the)",66.7293,,,1.78464,,
1998,540,"New Caledonia",83.7937,,,1.04483,,
1998,554,"New Zealand",64.6489,,,1.26526,,
1998,558,"Nicaragua",21.5608,,,13.04552,,
1998,562,"Niger",70.8734,,,4.57195,,
1998,566,"Nigeria",8.5693,,,7.84128,,
1998,807,"North Macedonia",66.9735,,,0.54407,,
1998,578,"Norway",63.7276,,,2.28338,,
1998,512,"Oman",66.3712,,,0.42788,,
1998,586,"Pakistan",20.3685,,,7.80683,,
1998,591,"Panama",62.8256,,,0.62795,,
1998,598,"Papua New Guinea",24.5656,,,13.59084,,
1998,600,"Paraguay",27.773,,,11.56239,,
1998,604,"Peru",55.7956,,,7.25457,,
1998,608,"Philippines",42.3162,,,9.3693,,
1998,616,"Poland",54.7591,,,11.79889,,
1998,620,"Portugal",67.2656,,,2.21787,,
1998,630,"Puerto Rico",68.2758,,,0.05916,,
1998,634,"Qatar",51.9462,,,2.8637,,
1998,410,"Republic of Korea",61.258,,,7.51356,,
1998,498,"Republic of Moldova",12.7367,,,7.69578,,
1998,642,"Romania",11.8442,,,59.1058,,
1998,643,"Russian Federation",7.3363,,,27.69231,,
1998,646,"Rwanda",30.2945,,,8.84866,,
1998,659,"Saint Kitts and Nevis",66.451,,,3.6831,,
1998,662,"Saint Lucia",66.0582,,,3.20206,,
1998,670,"Saint Vincent and the Grenadines",66.927,,,2.10471,,
1998,882,"Samoa",47.8705,,,5.40022,,
1998,678,"Sao Tome and Principe",8.2171,,,42.1098,,
1998,682,"Saudi Arabia",69.9495,,,-0.42423,,
1998,686,"Senegal",72.2962,,,0.99025,,
1998,688,"Serbia",,,"Not applicable",,,"Not applicable"
1998,690,"Seychelles",32.2142,,,2.69844,,
1998,694,"Sierra Leone",12.8208,,,35.97816,,
1998,702,"Singapore",73.5203,,,-0.27195,,
1998,534,"Sint Maarten (Dutch part)",,,"Not applicable",,,"Not applicable"
1998,703,"Slovakia",45.7761,,,6.69488,,
1998,705,"Slovenia",51.1458,,,7.91875,,
1998,090,"Solomon Islands",27.7321,,,12.35504,,
1998,710,"South Africa",31.0075,,,6.97664,,
1998,728,"South Sudan",,,"Not applicable",,,"Not applicable"
1998,724,"Spain",64.7792,,,1.76339,,
1998,275,"State of Palestine",54.9651,,,5.5817,,
1998,729,"Sudan",,,"Not applicable",,,"Not applicable"
1998,736,"Sudan (...2011)",0.807,,,24.62104,,
1998,740,"Suriname",3.5161,,,11.25938,,
1998,752,"Sweden",72.7564,,,1.00722,,
1998,756,"Switzerland",90.6742,,,0.01879,,
1998,762,"Tajikistan",8.6302,,,43.175,,
1998,764,"Thailand",67.5808,,,7.96013,,
1998,626,"Timor-Leste",,,"Not applicable",,,"Not applicable"
1998,768,"Togo",63.684,,,0.9749,,
1998,776,"Tonga",32.4148,,,2.86887,,
1998,780,"Trinidad and Tobago",33.0915,,,5.60291,,
1998,788,"Tunisia",41.5581,,,3.10063,,
1998,792,"Turkiye",2.9691,,,84.81013,,
1998,795,"Turkmenistan",19.5453,,,16.77036,,
1998,800,"Uganda",26.6287,,,5.8333,,
1998,804,"Ukraine",7.6576,,,10.57716,,
1998,784,"United Arab Emirates",54.0395,,,1.99409,,
1998,826,"United Kingdom",65.4484,,,1.55835,,
1998,834,"United Republic of Tanzania",23.8019,,,12.77879,,
1998,840,"United States",62.9725,,,1.5468,,
1998,858,"Uruguay",17.6319,,,10.80406,,
1998,860,"Uzbekistan",5.097,,,28.97267,,
1998,548,"Vanuatu",58.2388,,,3.55516,,
1998,862,"Venezuela (Bolivarian Rep. of)",0,,,35.9375,,
1998,704,"Viet Nam",27.3213,,,7.23359,,
1998,894,"Zambia",6.1821,,,22.66348,,
1999,008,"Albania",61.2804,,,0.38915,,
1999,012,"Algeria",45.3083,,,2.59924,,
1999,024,"Angola",0.1477,,,248.08743,,
1999,660,"Anguilla",60.6314,,,1.7134,,
1999,028,"Antigua and Barbuda",69.2505,,,1.13419,,
1999,032,"Argentina",1.8152,,,-1.16668,,
1999,051,"Armenia",50.2085,,,0.72047,,
1999,533,"Aruba",64.224,,,2.27409,,
1999,036,"Australia",58.9109,,,1.40793,,
1999,040,"Austria",67.8309,,,0.51601,,
1999,031,"Azerbaijan",29.7851,,,-8.52602,,
1999,044,"Bahamas",68.1836,,,1.1198,,
1999,048,"Bahrain",72.3509,,,-1.25874,,
1999,050,"Bangladesh",28.1428,,,8.90333,,
1999,052,"Barbados",50.1488,,,1.5594,,
1999,112,"Belarus",1.1143,,,293.78049,,
1999,056,"Belgium",67.4475,,,1.13007,,
1999,084,"Belize",72.858,,,-1.20681,,
1999,204,"Benin",62.8739,,,0.34826,,
1999,060,"Bermuda",79.9277,,,2.43131,,
1999,064,"Bhutan",33.4082,,,9.05787,,
1999,068,"Bolivia (Plurinational State of)",40.7519,,,2.16066,,
1999,070,"Bosnia and Herzegovina",71.8683,,,2.8413,,
1999,072,"Botswana",26.5878,,,7.8168,,
1999,076,"Brazil",28.4035,,,4.8585,,
1999,092,"British Virgin Islands",62.7156,,,2.30967,,
1999,096,"Brunei Darussalam",92.6689,,,-0.41643,,
1999,100,"Bulgaria",46.1278,,,2.56999,,
1999,854,"Burkina Faso",68.5031,,,-1.08004,,
1999,108,"Burundi",17.264,,,3.20358,,
1999,132,"Cabo Verde",72.6056,,,4.3431,,
1999,116,"Cambodia",45.7571,,,1.99666,,
1999,120,"Cameroon",63.263,,,1.83218,,
1999,124,"Canada",67.7945,,,1.73447,,
1999,136,"Cayman Islands",67.5341,,,6.76796,,
1999,140,"Central African Republic",45.8104,,,-1.41434,,
1999,148,"Chad",66.0749,,,-8.44753,,
1999,152,"Chile",51.8236,,,3.3363,,
1999,156,"China",62.9714,,,-1.40214,,
1999,344,"China, Hong Kong SAR",73.7401,,,-3.96568,,
1999,446,"China, Macao SAR",56.3587,,,-3.20609,,
1999,158,"China, Taiwan Province of",82.507,,,0.17581,,
1999,170,"Colombia",36.8902,,,10.87609,,
1999,174,"Comoros",53.31,,,1.10063,,
1999,178,"Congo",59.8807,,,2.99978,,
1999,188,"Costa Rica",25.9423,,,10.04742,,
1999,384,"Cote d'Ivoire",65.7839,,,0.74522,,
1999,191,"Croatia",64.3423,,,4.01272,,
1999,192,"Cuba",105.2304,,,2.02876,,
1999,531,"Curacao",,,"Not applicable",,,"Not applicable"
1999,196,"Cyprus",71.6797,,,1.14328,,
1999,203,"Czechia",62.4131,,,2.17727,,
1999,180,"Dem. Rep. of the Congo",0.2669,,,284.91369,,
1999,208,"Denmark",73.3171,,,2.03857,,
1999,262,"Djibouti",56.9521,,,-0.40197,,
1999,212,"Dominica",76.1732,,,1.23614,,
1999,214,"Dominican Republic",21.0229,,,6.46929,,
1999,218,"Ecuador",18.8369,,,52.20198,,
1999,818,"Egypt",14.5886,,,3.74781,,
1999,222,"El Salvador",62.9812,,,0.51285,,
1999,226,"Equatorial Guinea",42.3179,,,0.37276,,
1999,232,"Eritrea",13.7167,,,8.39725,,
1999,233,"Estonia",51.0291,,,3.0992,,
1999,748,"Eswatini",26.0754,,,5.86281,,
1999,231,"Ethiopia",8.8357,,,7.94435,,
1999,230,"Ethiopia (...1991)",,,"Not applicable",,,"Not applicable"
1999,242,"Fiji",53.1056,,,1.98137,,
1999,246,"Finland",71.7345,,,1.30421,,
1999,250,"France",72.8257,,,0.57171,,
1999,258,"French Polynesia",82.0665,,,0.81218,,
1999,266,"Gabon",66.9992,,,-1.93581,,
1999,270,"Gambia",27.503,,,3.80646,,
1999,268,"Georgia",36.1223,,,19.1426,,
1999,276,"Germany",73.5375,,,0.6104,,
1999,288,"Ghana",6.1611,,,12.47523,,
1999,300,"Greece",68.2117,,,2.14212,,
1999,308,"Grenada",68.0889,,,0.57439,,
1999,320,"Guatemala",33.1414,,,5.21027,,
1999,324,"Guinea",7.3172,,,4.56072,,
1999,624,"Guinea-Bissau",64.4786,,,-2.09074,,
1999,328,"Guyana",45.4284,,,7.53259,,
1999,332,"Haiti",11.6956,,,2.79098,,
1999,340,"Honduras",27.8515,,,11.64938,,
1999,348,"Hungary",41.938,,,9.97371,,
1999,352,"Iceland",39.258,,,3.21999,,
1999,356,"India",28.9808,,,3.42511,,
1999,360,"Indonesia",,,"Not applicable",,,"Not applicable"
1999,960,"Indonesia (...2002)",27.633,,,20.47309,,
1999,364,"Iran (Islamic Republic of)",3.0659,,,20.2309,,
1999,372,"Ireland",72.3987,,,2.44888,,
1999,376,"Israel",74.4271,,,5.19451,,
1999,380,"Italy",70.2215,,,1.62898,,
1999,388,"Jamaica",18.4184,,,5.94861,,
1999,392,"Japan",97.9738,,,-0.34586,,
1999,400,"Jordan",52.9966,,,0.59896,,
1999,398,"Kazakhstan",19.3103,,,8.3232,,
1999,404,"Kenya",21.3431,,,5.7793,,
1999,296,"Kiribati",71.4495,,,1.75456,,
1999,412,"Kosovo",,,"Not applicable",,,"Not applicable"
1999,417,"Kyrgyzstan",24.7271,,,35.89999,,
1999,418,"Lao People's Dem. Rep.",31.1092,,,128.40555,,
1999,428,"Latvia",49.5021,,,2.10846,,
1999,422,"Lebanon",32.1622,,,0.2412,,
1999,426,"Lesotho",29.1842,,,7.77174,,
1999,430,"Liberia",11.0911,,,1.98237,,
1999,434,"Libya",39.0032,,,2.57444,,
1999,440,"Lithuania",61.4049,,,1.43952,,
1999,442,"Luxembourg",64.0583,,,1.02076,,
1999,450,"Madagascar",17.6159,,,7.18773,,
1999,454,"Malawi",5.6115,,,44.76728,,
1999,458,"Malaysia",65.9317,,,2.7323,,
1999,462,"Maldives",49.2836,,,2.95699,,
1999,466,"Mali",69.9042,,,-1.1631,,
1999,470,"Malta",66.0031,,,2.29299,,
1999,480,"Mauritius",41.448,,,6.88125,,
1999,484,"Mexico",39.5081,,,16.56688,,
1999,583,"Micronesia (Federated States of)",60.5232,,,1.91914,,
1999,496,"Mongolia",18.5307,,,7.56256,,
1999,499,"Montenegro",,,"Not applicable",,,"Not applicable"
1999,504,"Morocco",74.5366,,,0.79156,,
1999,508,"Mozambique",16.0948,,,2.87301,,
1999,104,"Myanmar",9.2841,,,18.34221,,
1999,524,"Nepal",26.226,,,11.3774,,
1999,528,"Netherlands (Kingdom of the)",68.0873,,,2.03511,,
1999,540,"New Caledonia",84.0153,,,0.26454,,
1999,554,"New Zealand",64.5747,,,-0.1148,,
1999,558,"Nicaragua",23.9786,,,11.2139,,
1999,562,"Niger",69.4133,,,-2.06014,,
1999,566,"Nigeria",9.1361,,,6.6141,,
1999,807,"North Macedonia",66.1168,,,-1.27921,,
1999,578,"Norway",65.2203,,,2.3422,,
1999,512,"Oman",66.711,,,0.51187,,
1999,586,"Pakistan",21.536,,,5.73191,,
1999,591,"Panama",63.6417,,,1.29908,,
1999,598,"Papua New Guinea",28.2335,,,14.93097,,
1999,600,"Paraguay",29.6432,,,6.7336,,
1999,604,"Peru",57.732,,,3.47043,,
1999,608,"Philippines",44.9397,,,6.19956,,
1999,616,"Poland",58.7571,,,7.30094,,
1999,620,"Portugal",68.7239,,,2.16795,,
1999,630,"Puerto Rico",68.7341,,,0.67131,,
1999,634,"Qatar",53.0818,,,2.18613,,
1999,410,"Republic of Korea",61.756,,,0.81296,,
1999,498,"Republic of Moldova",17.7374,,,39.26206,,
1999,642,"Romania",17.2694,,,45.80482,,
1999,643,"Russian Federation",13.6266,,,85.74113,,
1999,646,"Rwanda",29.6937,,,-1.98327,,
1999,659,"Saint Kitts and Nevis",68.6777,,,3.35093,,
1999,662,"Saint Lucia",67.6536,,,2.41524,,
1999,670,"Saint Vincent and the Grenadines",67.6041,,,1.01178,,
1999,882,"Samoa",48.0493,,,0.37349,,
1999,678,"Sao Tome and Principe",9.1217,,,11.00909,,
1999,682,"Saudi Arabia",68.4649,,,-2.12245,,
1999,686,"Senegal",72.8876,,,0.81794,,
1999,688,"Serbia",,,"Not applicable",,,"Not applicable"
1999,690,"Seychelles",34.2437,,,6.30005,,
1999,694,"Sierra Leone",17.1921,,,34.09579,,
1999,702,"Singapore",73.5378,,,0.02378,,
1999,534,"Sint Maarten (Dutch part)",,,"Not applicable",,,"Not applicable"
1999,703,"Slovakia",50.5647,,,10.46099,,
1999,705,"Slovenia",54.2736,,,6.11557,,
1999,090,"Solomon Islands",29.9376,,,7.95289,,
1999,710,"South Africa",32.573,,,5.04876,,
1999,728,"South Sudan",,,"Not applicable",,,"Not applicable"
1999,724,"Spain",66.2271,,,2.23518,,
1999,275,"State of Palestine",58.0118,,,5.54283,,
1999,729,"Sudan",,,"Not applicable",,,"Not applicable"
1999,736,"Sudan (...2011)",0.9456,,,17.168,,
1999,740,"Suriname",5.6442,,,60.52474,,
1999,752,"Sweden",73.1684,,,0.56619,,
1999,756,"Switzerland",91.4068,,,0.80795,,
1999,762,"Tajikistan",10.9993,,,27.45172,,
1999,764,"Thailand",67.7417,,,0.23805,,
1999,626,"Timor-Leste",,,"Not applicable",,,"Not applicable"
1999,768,"Togo",63.6508,,,-0.05209,,
1999,776,"Tonga",33.686,,,3.92163,,
1999,780,"Trinidad and Tobago",34.2213,,,3.41421,,
1999,788,"Tunisia",42.7087,,,2.76861,,
1999,792,"Turkiye",4.901,,,65.06849,,
1999,795,"Turkmenistan",24.1318,,,23.46614,,
1999,796,"Turks and Caicos Islands",56.2699,,,,,"No value reported or collected"
1999,800,"Uganda",28.1624,,,5.7597,,
1999,804,"Ukraine",9.3946,,,22.68367,,
1999,784,"United Arab Emirates",55.1742,,,2.09993,,
1999,826,"United Kingdom",66.3175,,,1.32788,,
1999,834,"United Republic of Tanzania",25.6796,,,7.88884,,
1999,840,"United States",64.3535,,,2.19314,,
1999,858,"Uruguay",18.6294,,,5.65767,,
1999,860,"Uzbekistan",6.58,,,29.09555,,
1999,548,"Vanuatu",59.403,,,1.99897,,
1999,862,"Venezuela (Bolivarian Rep. of)",0,,,23.56322,,
1999,704,"Viet Nam",28.4438,,,4.10866,,
1999,894,"Zambia",7.6569,,,23.85589,,
2000,008,"Albania",61.3043,,,0.03906,,
2000,012,"Algeria",45.4442,,,0.29995,,
2000,024,"Angola",0.6277,,,324.96075,,
2000,660,"Anguilla",63.5097,,,4.74732,,
2000,028,"Antigua and Barbuda",69.1389,,,-0.16122,,
2000,032,"Argentina",1.7982,,,-0.93866,,
2000,051,"Armenia",49.8198,,,-0.77411,,
2000,533,"Aruba",66.8404,,,4.0738,,
2000,036,"Australia",61.5368,,,4.45744,,
2000,040,"Austria",69.1586,,,1.95728,,
2000,031,"Azerbaijan",30.3227,,,1.80494,,
2000,044,"Bahamas",69.3643,,,1.73167,,
2000,048,"Bahrain",71.8221,,,-0.73088,,
2000,050,"Bangladesh",29.1624,,,3.62307,,
2000,052,"Barbados",51.3705,,,2.43624,,
2000,112,"Belarus",2.9929,,,168.59709,,
2000,056,"Belgium",69.2553,,,2.68038,,
2000,084,"Belize",73.305,,,0.61352,,
2000,204,"Benin",65.5199,,,4.20836,,
2000,060,"Bermuda",82.114,,,2.73529,,
2000,064,"Bhutan",35.808,,,7.18328,,
2000,068,"Bolivia (Plurinational State of)",42.627,,,4.60121,,
2000,070,"Bosnia and Herzegovina",75.442,,,4.97248,,
2000,072,"Botswana",28.8569,,,8.53403,,
2000,076,"Brazil",30.4043,,,7.04392,,
2000,092,"British Virgin Islands",64.4461,,,2.7592,,
2000,096,"Brunei Darussalam",94.1129,,,1.55826,,
2000,100,"Bulgaria",50.8876,,,10.31887,,
2000,854,"Burkina Faso",68.3869,,,-0.16959,,
2000,108,"Burundi",21.4813,,,24.42863,,
2000,132,"Cabo Verde",70.8616,,,-2.40207,,
2000,116,"Cambodia",45.3793,,,-0.82563,,
2000,120,"Cameroon",64.0504,,,1.24463,,
2000,124,"Canada",69.6381,,,2.71944,,
2000,136,"Cayman Islands",69.3688,,,2.71669,,
2000,140,"Central African Republic",47.2775,,,3.20249,,
2000,148,"Chad",68.6009,,,3.82299,,
2000,152,"Chile",53.8156,,,3.8439,,
2000,156,"China",63.1928,,,0.35161,,
2000,344,"China, Hong Kong SAR",70.9944,,,-3.72342,,
2000,446,"China, Macao SAR",55.4525,,,-1.60792,,
2000,158,"China, Taiwan Province of",83.5369,,,1.24825,,
2000,170,"Colombia",40.291,,,9.21887,,
2000,174,"Comoros",56.4551,,,5.89967,,
2000,178,"Congo",60.1804,,,0.50044,,
2000,188,"Costa Rica",28.7852,,,10.95843,,
2000,384,"Cote d'Ivoire",67.451,,,2.53416,,
2000,191,"Croatia",67.3063,,,4.60662,,
2000,192,"Cuba",105.7419,,,0.48603,,
2000,531,"Curacao",,,"Not applicable",,,"Not applicable"
2000,196,"Cyprus",75.1611,,,4.85689,,
2000,203,"Czechia",64.7731,,,3.78131,,
2000,180,"Dem. Rep. of the Congo",1.7347,,,549.98375,,
2000,208,"Denmark",75.3408,,,2.76031,,
2000,262,"Djibouti",57.6267,,,1.18463,,
2000,212,"Dominica",76.8191,,,0.84795,,
2000,214,"Dominican Republic",22.6467,,,7.7239,,
2000,218,"Ecuador",36.9384,,,96.09655,,
2000,818,"Egypt",15.004,,,2.84714,,
2000,222,"El Salvador",64.413,,,2.27337,,
2000,226,"Equatorial Guinea",44.3644,,,4.83598,,
2000,232,"Eritrea",16.4528,,,19.94673,,
2000,233,"Estonia",53.0383,,,3.93744,,
2000,748,"Eswatini",28.6593,,,9.90954,,
2000,231,"Ethiopia",8.8943,,,0.66379,,
2000,230,"Ethiopia (...1991)",,,"Not applicable",,,"Not applicable"
2000,242,"Fiji",53.6896,,,1.09957,,
2000,246,"Finland",73.8526,,,2.95272,,
2000,250,"France",74.149,,,1.81712,,
2000,258,"French Polynesia",82.8938,,,1.00807,,
2000,266,"Gabon",67.3364,,,0.50337,,
2000,270,"Gambia",27.7371,,,0.85102,,
2000,268,"Georgia",37.5758,,,4.02363,,
2000,276,"Germany",74.5657,,,1.39812,,
2000,288,"Ghana",7.7081,,,25.10852,,
2000,300,"Greece",70.1882,,,2.89765,,
2000,308,"Grenada",69.5471,,,2.14167,,
2000,320,"Guatemala",35.1223,,,5.97722,,
2000,324,"Guinea",7.8127,,,6.77128,,
2000,624,"Guinea-Bissau",70.0302,,,8.61006,,
2000,328,"Guyana",48.2047,,,6.11136,,
2000,332,"Haiti",12.45,,,6.45008,,
2000,340,"Honduras",30.9309,,,11.05652,,
2000,348,"Hungary",46.0422,,,9.78636,,
2000,352,"Iceland",41.2679,,,5.11963,,
2000,356,"India",30.0873,,,3.81792,,
2000,360,"Indonesia",,,"Not applicable",,,"Not applicable"
2000,960,"Indonesia (...2002)",28.6515,,,3.68584,,
2000,364,"Iran (Islamic Republic of)",3.443,,,12.29995,,
2000,372,"Ireland",76.2224,,,5.28137,,
2000,376,"Israel",75.2645,,,1.12519,,
2000,380,"Italy",72.0311,,,2.57697,,
2000,388,"Jamaica",19.905,,,8.07101,,
2000,392,"Japan",97.3008,,,-0.68697,,
2000,400,"Jordan",53.3537,,,0.67378,,
2000,398,"Kazakhstan",21.8503,,,13.15367,,
2000,404,"Kenya",23.472,,,9.97471,,
2000,296,"Kiribati",71.7192,,,0.37744,,
2000,412,"Kosovo",,,"Not applicable",,,"Not applicable"
2000,417,"Kyrgyzstan",29.5953,,,19.68775,,
2000,418,"Lao People's Dem. Rep.",33.7121,,,8.3667,,
2000,428,"Latvia",50.8076,,,2.63726,,
2000,422,"Lebanon",32.0478,,,-0.35556,,
2000,426,"Lesotho",30.9537,,,6.06307,,
2000,430,"Liberia",11.6789,,,5.29974,,
2000,434,"Libya",37.8692,,,-2.90755,,
2000,438,"Liechtenstein",92.8337,,,,,"No value reported or collected"
2000,440,"Lithuania",62.0803,,,1.09991,,
2000,442,"Luxembourg",66.4831,,,3.78539,,
2000,450,"Madagascar",19.654,,,11.56992,,
2000,454,"Malawi",7.2713,,,29.57911,,
2000,458,"Malaysia",66.9542,,,1.55082,,
2000,462,"Maldives",48.7035,,,-1.17701,,
2000,466,"Mali",69.3611,,,-0.77692,,
2000,470,"Malta",68.0069,,,3.03601,,
2000,480,"Mauritius",43.1966,,,4.21877,,
2000,484,"Mexico",43.2558,,,9.48589,,
2000,583,"Micronesia (Federated States of)",61.6365,,,1.83955,,
2000,496,"Mongolia",20.6276,,,11.31562,,
2000,499,"Montenegro",,,"Not applicable",,,"Not applicable"
2000,504,"Morocco",75.9024,,,1.83246,,
2000,508,"Mozambique",18.1408,,,12.7122,,
2000,104,"Myanmar",9.2786,,,-0.05951,,
2000,524,"Nepal",27.1156,,,3.39234,,
2000,528,"Netherlands (Kingdom of the)",69.6804,,,2.33968,,
2000,540,"New Caledonia",85.047,,,1.22793,,
2000,554,"New Zealand",66.2638,,,2.61567,,
2000,558,"Nicaragua",26.7472,,,11.54598,,
2000,562,"Niger",71.2819,,,2.692,,
2000,566,"Nigeria",9.7723,,,6.96385,,
2000,807,"North Macedonia",70.4852,,,6.60702,,
2000,578,"Norway",67.2456,,,3.10541,,
2000,512,"Oman",65.9126,,,-1.19677,,
2000,586,"Pakistan",22.3105,,,3.59622,,
2000,585,"Palau",63.1327,,,,,"No value reported or collected"
2000,591,"Panama",64.5625,,,1.44692,,
2000,598,"Papua New Guinea",32.6367,,,15.5956,,
2000,600,"Paraguay",32.3028,,,8.97229,,
2000,604,"Peru",59.9013,,,3.75748,,
2000,608,"Philippines",47.8817,,,6.54666,,
2000,616,"Poland",64.6914,,,10.09982,,
2000,620,"Portugal",70.6523,,,2.80589,,
2000,630,"Puerto Rico",70.8492,,,3.07724,,
2000,634,"Qatar",53.9079,,,1.55625,,
2000,410,"Republic of Korea",63.151,,,2.25889,,
2000,498,"Republic of Moldova",23.2725,,,31.20558,,
2000,642,"Romania",25.155,,,45.66247,,
2000,643,"Russian Federation",16.4607,,,20.79862,,
2000,646,"Rwanda",30.8547,,,3.90979,,
2000,659,"Saint Kitts and Nevis",70.1275,,,2.11096,,
2000,662,"Saint Lucia",70.9336,,,4.84815,,
2000,670,"Saint Vincent and the Grenadines",67.7351,,,0.19365,,
2000,882,"Samoa",47.9696,,,-0.16601,,
2000,678,"Sao Tome and Principe",10.126,,,11.00968,,
2000,682,"Saudi Arabia",67.7561,,,-1.03517,,
2000,686,"Senegal",73.4362,,,0.75265,,
2000,688,"Serbia",,,"Not applicable",,,"Not applicable"
2000,690,"Seychelles",36.4013,,,6.3008,,
2000,694,"Sierra Leone",17.0341,,,-0.91903,,
2000,702,"Singapore",74.5297,,,1.34885,,
2000,534,"Sint Maarten (Dutch part)",,,"Not applicable",,,"Not applicable"
2000,703,"Slovakia",56.7139,,,12.16095,,
2000,705,"Slovenia",59.1354,,,8.95794,,
2000,090,"Solomon Islands",32.0119,,,6.92878,,
2000,710,"South Africa",34.3052,,,5.31805,,
2000,728,"South Sudan",,,"Not applicable",,,"Not applicable"
2000,724,"Spain",68.5343,,,3.48375,,
2000,275,"State of Palestine",59.6342,,,2.79682,,
2000,729,"Sudan",,,"Not applicable",,,"Not applicable"
2000,736,"Sudan (...2011)",1.0129,,,7.11923,,
2000,740,"Suriname",7.3126,,,29.5601,,
2000,752,"Sweden",74.1202,,,1.3008,,
2000,756,"Switzerland",92.8337,,,1.56101,,
2000,762,"Tajikistan",14.6127,,,32.8509,,
2000,764,"Thailand",68.8918,,,1.69772,,
2000,626,"Timor-Leste",,,"Not applicable",,,"Not applicable"
2000,768,"Togo",64.8355,,,1.86126,,
2000,776,"Tonga",35.3472,,,4.93122,,
2000,780,"Trinidad and Tobago",35.4276,,,3.52516,,
2000,788,"Tunisia",43.8918,,,2.77029,,
2000,792,"Turkiye",7.599,,,55.04841,,
2000,795,"Turkmenistan",26.0719,,,8.03977,,
2000,796,"Turks and Caicos Islands",58.1613,,,3.36134,,
2000,798,"Tuvalu",59.6588,,,,,"No value reported or collected"
2000,800,"Uganda",29.1147,,,3.38129,,
2000,804,"Ukraine",12.0442,,,28.2031,,
2000,784,"United Arab Emirates",55.9177,,,1.34752,,
2000,826,"United Kingdom",66.8454,,,0.796,,
2000,834,"United Republic of Tanzania",27.209,,,5.95577,,
2000,840,"United States",66.5204,,,3.36709,,
2000,858,"Uruguay",19.5198,,,4.77915,,
2000,860,"Uzbekistan",8.226,,,25.0152,,
2000,548,"Vanuatu",60.9104,,,2.53769,,
2000,862,"Venezuela (Bolivarian Rep. of)",0,,,16.27907,,
2000,704,"Viet Nam",27.9408,,,-1.76823,,
2000,894,"Zambia",9.5016,,,24.091,,
2001,008,"Albania",63.2176,,,3.12096,,
2001,012,"Algeria",47.353,,,4.20031,,
2001,020,"Andorra",73.8292,,,,,"No value reported or collected"
2001,024,"Angola",1.5857,,,152.60436,,
2001,660,"Anguilla",67.1077,,,5.6652,,
2001,028,"Antigua and Barbuda",70.4766,,,1.93493,,
2001,032,"Argentina",1.779,,,-1.06537,,
2001,051,"Armenia",51.3942,,,3.1601,,
2001,533,"Aruba",68.7683,,,2.88438,,
2001,036,"Australia",64.2488,,,4.40714,,
2001,040,"Austria",70.7434,,,2.29158,,
2001,031,"Azerbaijan",30.8603,,,1.77294,,
2001,044,"Bahamas",71.0031,,,2.36253,,
2001,048,"Bahrain",70.9787,,,-1.17431,,
2001,050,"Bangladesh",29.691,,,1.81235,,
2001,052,"Barbados",52.695,,,2.57841,,
2001,112,"Belarus",4.8225,,,61.13225,,
2001,056,"Belgium",70.9455,,,2.44048,,
2001,084,"Belize",74.148,,,1.14999,,
2001,204,"Benin",68.1288,,,3.98183,,
2001,060,"Bermuda",84.4628,,,2.8605,,
2001,064,"Bhutan",37.1418,,,3.72464,,
2001,068,"Bolivia (Plurinational State of)",43.3079,,,1.59732,,
2001,070,"Bosnia and Herzegovina",77.865,,,3.2118,,
2001,072,"Botswana",30.7513,,,6.565,,
2001,076,"Brazil",32.4841,,,6.84047,,
2001,092,"British Virgin Islands",66.4387,,,3.09194,,
2001,096,"Brunei Darussalam",94.6739,,,0.59605,,
2001,100,"Bulgaria",54.6311,,,7.35647,,
2001,854,"Burkina Faso",71.6206,,,4.72854,,
2001,108,"Burundi",23.4785,,,9.29741,,
2001,132,"Cabo Verde",73.4649,,,3.67375,,
2001,116,"Cambodia",45.3262,,,-0.11703,,
2001,120,"Cameroon",66.9008,,,4.45021,,
2001,124,"Canada",71.3963,,,2.52477,,
2001,136,"Cayman Islands",70.1551,,,1.1335,,
2001,140,"Central African Republic",49.0935,,,3.84115,,
2001,148,"Chad",77.1281,,,12.43017,,
2001,152,"Chile",55.7365,,,3.56935,,
2001,156,"China",63.65,,,0.72345,,
2001,344,"China, Hong Kong SAR",69.8509,,,-1.61072,,
2001,446,"China, Macao SAR",54.351,,,-1.98646,,
2001,158,"China, Taiwan Province of",83.5339,,,-0.00366,,
2001,170,"Colombia",43.4979,,,7.95921,,
2001,174,"Comoros",59.6002,,,5.571,,
2001,178,"Congo",60.6884,,,0.84407,,
2001,188,"Costa Rica",32.0259,,,11.25805,,
2001,384,"Cote d'Ivoire",70.3878,,,4.35403,,
2001,191,"Croatia",70.1766,,,4.26458,,
2001,192,"Cuba",105.1469,,,-0.56265,,
2001,531,"Curacao",,,"Not applicable",,,"Not applicable"
2001,196,"Cyprus",76.656,,,1.98894,,
2001,203,"Czechia",67.7814,,,4.64443,,
2001,180,"Dem. Rep. of the Congo",7.9323,,,357.28,,
2001,208,"Denmark",77.0509,,,2.26977,,
2001,262,"Djibouti",58.7164,,,1.89094,,
2001,212,"Dominica",78.0133,,,1.55458,,
2001,214,"Dominican Republic",24.6586,,,8.88373,,
2001,218,"Ecuador",50.8547,,,37.67414,,
2001,818,"Egypt",15.3673,,,2.42149,,
2001,222,"El Salvador",66.8259,,,3.74584,,
2001,226,"Equatorial Guinea",48.2416,,,8.73949,,
2001,232,"Eritrea",18.8592,,,14.62642,,
2001,233,"Estonia",56.0174,,,5.61682,,
2001,748,"Eswatini",30.8052,,,7.48765,,
2001,231,"Ethiopia",8.1615,,,-8.23944,,
2001,230,"Ethiopia (...1991)",,,"Not applicable",,,"Not applicable"
2001,242,"Fiji",55.9791,,,4.26441,,
2001,246,"Finland",75.8241,,,2.66942,,
2001,250,"France",75.4712,,,1.7831,,
2001,258,"French Polynesia",83.6934,,,0.9646,,
2001,266,"Gabon",68.7747,,,2.13604,,
2001,270,"Gambia",28.9831,,,4.49231,,
2001,268,"Georgia",39.3372,,,4.6878,,
2001,276,"Germany",75.9677,,,1.88023,,
2001,288,"Ghana",10.2465,,,32.93272,,
2001,300,"Greece",72.7459,,,3.6441,,
2001,308,"Grenada",70.7092,,,1.67094,,
2001,320,"Guatemala",37.684,,,7.29365,,
2001,324,"Guinea",8.2322,,,5.36975,,
2001,624,"Guinea-Bissau",72.3075,,,3.25182,,
2001,328,"Guyana",49.4811,,,2.64789,,
2001,332,"Haiti",14.3782,,,15.48786,,
2001,340,"Honduras",33.9249,,,9.67982,,
2001,348,"Hungary",50.2562,,,9.1525,,
2001,352,"Iceland",43.9071,,,6.39527,,
2001,356,"India",31.4236,,,4.44146,,
2001,360,"Indonesia",,,"Not applicable",,,"Not applicable"
2001,960,"Indonesia (...2002)",31.9376,,,11.46918,,
2001,364,"Iran (Islamic Republic of)",3.8411,,,11.56352,,
2001,372,"Ireland",79.2632,,,3.98945,,
2001,376,"Israel",76.1043,,,1.1157,,
2001,380,"Italy",73.72,,,2.34474,,
2001,388,"Jamaica",21.2746,,,6.88091,,
2001,392,"Japan",96.6257,,,-0.69378,,
2001,400,"Jordan",54.2964,,,1.76681,,
2001,398,"Kazakhstan",23.6789,,,8.36877,,
2001,404,"Kenya",24.8174,,,5.732,,
2001,296,"Kiribati",76.0225,,,6.00032,,
2001,412,"Kosovo",,,"Not applicable",,,"Not applicable"
2001,417,"Kyrgyzstan",31.6433,,,6.9202,,
2001,418,"Lao People's Dem. Rep.",36.3449,,,7.80984,,
2001,428,"Latvia",52.0895,,,2.52303,,
2001,422,"Lebanon",31.93,,,-0.3676,,
2001,426,"Lesotho",33.4182,,,7.96211,,
2001,430,"Liberia",13.0977,,,12.149,,
2001,434,"Libya",34.5219,,,-8.83901,,
2001,438,"Liechtenstein",93.7527,,,0.99001,,
2001,440,"Lithuania",63.0406,,,1.54674,,
2001,442,"Luxembourg",68.0759,,,2.39583,,
2001,450,"Madagascar",21.2098,,,7.91578,,
2001,454,"Malawi",8.9224,,,22.70677,,
2001,458,"Malaysia",67.9101,,,1.42765,,
2001,462,"Maldives",49.0313,,,0.6731,,
2001,466,"Mali",72.9568,,,5.184,,
2001,470,"Malta",69.7161,,,2.51318,,
2001,480,"Mauritius",45.5255,,,5.39152,,
2001,484,"Mexico",46.0093,,,6.36567,,
2001,583,"Micronesia (Federated States of)",62.4486,,,1.31757,,
2001,496,"Mongolia",21.9427,,,6.37566,,
2001,499,"Montenegro",,,"Not applicable",,,"Not applicable"
2001,500,"Montserrat",72.7746,,,,,"No value reported or collected"
2001,504,"Morocco",76.3902,,,0.64267,,
2001,508,"Mozambique",19.7839,,,9.05747,,
2001,104,"Myanmar",11.2365,,,21.10131,,
2001,524,"Nepal",27.7763,,,2.43655,,
2001,528,"Netherlands (Kingdom of the)",73.2475,,,5.11932,,
2001,540,"New Caledonia",86.8532,,,2.1238,,
2001,554,"New Zealand",68.0039,,,2.626,,
2001,558,"Nicaragua",28.7149,,,7.35683,,
2001,562,"Niger",74.0954,,,3.9471,,
2001,566,"Nigeria",11.6153,,,18.85923,,
2001,807,"North Macedonia",74.1079,,,5.13967,,
2001,578,"Norway",69.2514,,,2.98268,,
2001,512,"Oman",65.358,,,-0.84137,,
2001,586,"Pakistan",23.2915,,,4.39708,,
2001,585,"Palau",62.674,,,-0.72649,,
2001,591,"Panama",64.7602,,,0.3061,,
2001,598,"Papua New Guinea",35.6713,,,9.29812,,
2001,600,"Paraguay",34.6658,,,7.31516,,
2001,604,"Peru",61.0852,,,1.97645,,
2001,608,"Philippines",50.4651,,,5.39528,,
2001,616,"Poland",68.2495,,,5.5,,
2001,620,"Portugal",73.7665,,,4.40783,,
2001,630,"Puerto Rico",71.2622,,,0.58283,,
2001,634,"Qatar",54.8375,,,1.72444,,
2001,410,"Republic of Korea",65.719,,,4.06644,,
2001,498,"Republic of Moldova",25.5162,,,9.64127,,
2001,642,"Romania",33.822,,,34.45418,,
2001,643,"Russian Federation",19.9963,,,21.47889,,
2001,646,"Rwanda",31.8913,,,3.35953,,
2001,659,"Saint Kitts and Nevis",71.626,,,2.13682,,
2001,662,"Saint Lucia",74.6737,,,5.27266,,
2001,670,"Saint Vincent and the Grenadines",69.0063,,,1.87678,,
2001,882,"Samoa",48.8773,,,1.89227,,
2001,678,"Sao Tome and Principe",11.0598,,,9.2219,,
2001,682,"Saudi Arabia",66.9965,,,-1.12117,,
2001,686,"Senegal",75.678,,,3.05279,,
2001,688,"Serbia",,,"Not applicable",,,"Not applicable"
2001,690,"Seychelles",38.5854,,,6.00015,,
2001,694,"Sierra Leone",17.4722,,,2.57185,,
2001,702,"Singapore",75.285,,,1.01342,,
2001,534,"Sint Maarten (Dutch part)",,,"Not applicable",,,"Not applicable"
2001,703,"Slovakia",60.7651,,,7.14338,,
2001,705,"Slovenia",64.231,,,8.61679,,
2001,090,"Solomon Islands",34.4541,,,7.62904,,
2001,710,"South Africa",36.2752,,,5.74237,,
2001,728,"South Sudan",,,"Not applicable",,,"Not applicable"
2001,724,"Spain",70.4734,,,2.8294,,
2001,275,"State of Palestine",60.3642,,,1.22399,,
2001,729,"Sudan",,,"Not applicable",,,"Not applicable"
2001,736,"Sudan (...2011)",1.0325,,,1.93634,,
2001,740,"Suriname",9.8255,,,34.36419,,
2001,752,"Sweden",76.1049,,,2.67768,,
2001,756,"Switzerland",93.7537,,,0.99103,,
2001,762,"Tajikistan",20.2519,,,38.59173,,
2001,764,"Thailand",70.0016,,,1.61099,,
2001,626,"Timor-Leste",,,"Not applicable",,,"Not applicable"
2001,768,"Togo",67.3779,,,3.92128,,
2001,776,"Tonga",37.9113,,,7.25405,,
2001,780,"Trinidad and Tobago",37.4122,,,5.60169,,
2001,788,"Tunisia",44.7455,,,1.94491,,
2001,792,"Turkiye",11.7204,,,54.23729,,
2001,795,"Turkmenistan",29.1047,,,11.63241,,
2001,796,"Turks and Caicos Islands",59.8163,,,2.84553,,
2001,798,"Tuvalu",60.5721,,,1.531,,
2001,800,"Uganda",29.6744,,,1.92266,,
2001,804,"Ukraine",13.4845,,,11.95881,,
2001,784,"United Arab Emirates",57.4833,,,2.79986,,
2001,826,"United Kingdom",67.6703,,,1.23409,,
2001,834,"United Republic of Tanzania",28.6095,,,5.147,,
2001,840,"United States",68.394,,,2.81662,,
2001,858,"Uruguay",20.3703,,,4.35749,,
2001,860,"Uzbekistan",10.467,,,27.24289,,
2001,548,"Vanuatu",63.0896,,,3.57755,,
2001,862,"Venezuela (Bolivarian Rep. of)",0,,,12.4,,
2001,704,"Viet Nam",27.8543,,,-0.30962,,
2001,894,"Zambia",11.5309,,,21.35815,,
2002,004,"Afghanistan",25.9076,,,,,"No value reported or collected"
2002,008,"Albania",66.5055,,,5.20099,,
2002,012,"Algeria",48.0315,,,1.433,,
2002,020,"Andorra",76.1383,,,3.12763,,
2002,024,"Angola",3.3124,,,108.89149,,
2002,660,"Anguilla",67.4791,,,0.55344,,
2002,028,"Antigua and Barbuda",72.1739,,,2.40818,,
2002,032,"Argentina",2.2392,,,25.86851,,
2002,051,"Armenia",51.928,,,1.03865,,
2002,533,"Aruba",71.0486,,,3.31584,,
2002,036,"Australia",66.2075,,,3.04858,,
2002,040,"Austria",71.9375,,,1.68795,,
2002,031,"Azerbaijan",31.7067,,,2.74264,,
2002,044,"Bahamas",72.0672,,,1.4987,,
2002,048,"Bahrain",70.6272,,,-0.49523,,
2002,050,"Bangladesh",30.4054,,,2.40627,,
2002,052,"Barbados",52.7741,,,0.15007,,
2002,112,"Belarus",6.8755,,,42.56887,,
2002,056,"Belgium",72.0435,,,1.54764,,
2002,084,"Belize",75.775,,,2.19426,,
2002,204,"Benin",69.779,,,2.4223,,
2002,060,"Bermuda",86.4323,,,2.33172,,
2002,064,"Bhutan",38.2334,,,2.939,,
2002,068,"Bolivia (Plurinational State of)",43.7073,,,0.9221,,
2002,070,"Bosnia and Herzegovina",78.1087,,,0.31298,,
2002,072,"Botswana",33.2197,,,8.02703,,
2002,076,"Brazil",35.229,,,8.44998,,
2002,092,"British Virgin Islands",66.7009,,,0.39463,,
2002,096,"Brunei Darussalam",92.4826,,,-2.31458,,
2002,100,"Bulgaria",57.8062,,,5.81176,,
2002,854,"Burkina Faso",73.2672,,,2.29908,,
2002,108,"Burundi",23.158,,,-1.3652,,
2002,132,"Cabo Verde",74.8737,,,1.91765,,
2002,116,"Cambodia",45.3098,,,-0.03624,,
2002,120,"Cameroon",68.7851,,,2.81657,,
2002,124,"Canada",73.0092,,,2.25908,,
2002,136,"Cayman Islands",71.9024,,,2.49066,,
2002,140,"Central African Republic",50.2225,,,2.2998,,
2002,148,"Chad",81.1324,,,5.19173,,
2002,152,"Chile",57.124,,,2.4894,,
2002,156,"China",63.1623,,,-0.76613,,
2002,344,"China, Hong Kong SAR",67.7231,,,-3.04625,,
2002,446,"China, Macao SAR",52.9173,,,-2.63771,,
2002,158,"China, Taiwan Province of",83.3697,,,-0.19653,,
2002,170,"Colombia",46.2596,,,6.34921,,
2002,174,"Comoros",61.7325,,,3.57769,,
2002,178,"Congo",62.5001,,,2.98536,,
2002,188,"Costa Rica",34.9614,,,9.16609,,
2002,384,"Cote d'Ivoire",72.5564,,,3.08088,,
2002,191,"Croatia",71.9537,,,2.53227,,
2002,192,"Cuba",114.2669,,,8.6736,,
2002,531,"Curacao",,,"Not applicable",,,"Not applicable"
2002,196,"Cyprus",78.7918,,,2.78615,,
2002,203,"Czechia",69.1003,,,1.94572,,
2002,180,"Dem. Rep. of the Congo",9.9405,,,25.31644,,
2002,208,"Denmark",78.899,,,2.39848,,
2002,262,"Djibouti",59.5411,,,1.40457,,
2002,212,"Dominica",78.1463,,,0.1705,,
2002,214,"Dominican Republic",25.9469,,,5.2246,,
2002,218,"Ecuador",57.204,,,12.48527,,
2002,818,"Egypt",15.7136,,,2.25342,,
2002,222,"El Salvador",68.0747,,,1.86875,,
2002,226,"Equatorial Guinea",51.899,,,7.5813,,
2002,232,"Eritrea",22.0421,,,16.87688,,
2002,233,"Estonia",58.031,,,3.59475,,
2002,748,"Eswatini",34.4616,,,11.86949,,
2002,231,"Ethiopia",8.2964,,,1.65353,,
2002,230,"Ethiopia (...1991)",,,"Not applicable",,,"Not applicable"
2002,242,"Fiji",56.3833,,,0.72194,,
2002,246,"Finland",77.3437,,,2.00418,,
2002,250,"France",76.9361,,,1.94096,,
2002,258,"French Polynesia",86.1316,,,2.91328,,
2002,266,"Gabon",68.8876,,,0.16415,,
2002,270,"Gambia",31.4785,,,8.60973,,
2002,268,"Georgia",41.532,,,5.57927,,
2002,276,"Germany",77.0071,,,1.36816,,
2002,288,"Ghana",11.7679,,,14.84774,,
2002,300,"Greece",75.5924,,,3.91293,,
2002,308,"Grenada",71.4644,,,1.06807,,
2002,320,"Guatemala",40.7485,,,8.13221,,
2002,324,"Guinea",8.4763,,,2.9654,,
2002,624,"Guinea-Bissau",74.6946,,,3.30135,,
2002,328,"Guyana",52.1335,,,5.36047,,
2002,332,"Haiti",15.3205,,,6.5535,,
2002,340,"Honduras",36.5302,,,7.67941,,
2002,348,"Hungary",52.9003,,,5.26124,,
2002,352,"Iceland",46.1801,,,5.17676,,
2002,356,"India",32.9922,,,4.99183,,
2002,360,"Indonesia",,,"Not applicable",,,"Not applicable"
2002,960,"Indonesia (...2002)",35.7409,,,11.90847,,
2002,364,"Iran (Islamic Republic of)",4.4482,,,15.80292,,
2002,372,"Ireland",82.9797,,,4.68876,,
2002,376,"Israel",80.4326,,,5.68737,,
2002,380,"Italy",75.6406,,,2.60522,,
2002,388,"Jamaica",22.7621,,,6.99191,,
2002,392,"Japan",95.7587,,,-0.89735,,
2002,400,"Jordan",55.2924,,,1.83451,,
2002,398,"Kazakhstan",25.0903,,,5.96084,,
2002,404,"Kenya",25.3051,,,1.96535,,
2002,296,"Kiribati",78.437,,,3.17597,,
2002,412,"Kosovo",,,"Not applicable",,,"Not applicable"
2002,417,"Kyrgyzstan",32.3182,,,2.13262,,
2002,418,"Lao People's Dem. Rep.",40.2094,,,10.63276,,
2002,428,"Latvia",53.1131,,,1.96502,,
2002,422,"Lebanon",32.4914,,,1.75831,,
2002,426,"Lesotho",37.4994,,,12.21247,,
2002,430,"Liberia",14.9525,,,14.16063,,
2002,434,"Libya",31.1171,,,-9.8629,,
2002,438,"Liechtenstein",94.3542,,,0.6415,,
2002,440,"Lithuania",63.2507,,,0.33327,,
2002,442,"Luxembourg",69.4792,,,2.06127,,
2002,450,"Madagascar",24.7089,,,16.49773,,
2002,454,"Malawi",10.2378,,,14.74265,,
2002,458,"Malaysia",69.1274,,,1.79255,,
2002,462,"Maldives",49.4858,,,0.92687,,
2002,466,"Mali",76.6274,,,5.03118,,
2002,470,"Malta",71.54,,,2.61625,,
2002,480,"Mauritius",48.4452,,,6.41322,,
2002,484,"Mexico",48.3272,,,5.03783,,
2002,583,"Micronesia (Federated States of)",62.3487,,,-0.16,,
2002,496,"Mongolia",22.146,,,0.92639,,
2002,499,"Montenegro",,,"Not applicable",,,"Not applicable"
2002,500,"Montserrat",75.6682,,,3.97616,,
2002,504,"Morocco",78.5366,,,2.80971,,
2002,508,"Mozambique",23.1016,,,16.76955,,
2002,104,"Myanmar",17.6496,,,57.07451,,
2002,516,"Namibia",38.7282,,,,,"No value reported or collected"
2002,524,"Nepal",28.5797,,,2.89215,,
2002,528,"Netherlands (Kingdom of the)",76.0665,,,3.84849,,
2002,540,"New Caledonia",88.4875,,,1.88167,,
2002,554,"New Zealand",69.8241,,,2.67671,,
2002,558,"Nicaragua",29.7919,,,3.75065,,
2002,562,"Niger",75.9438,,,2.49462,,
2002,566,"Nigeria",13.1111,,,12.87769,,
2002,807,"North Macedonia",75.3603,,,1.69006,,
2002,578,"Norway",70.1511,,,1.29925,,
2002,512,"Oman",65.1712,,,-0.28589,,
2002,586,"Pakistan",24.1161,,,3.54023,,
2002,585,"Palau",62.5029,,,-0.27309,,
2002,591,"Panama",65.3338,,,0.88582,,
2002,598,"Papua New Guinea",39.8804,,,11.79966,,
2002,600,"Paraguay",38.2962,,,10.47258,,
2002,604,"Peru",61.2022,,,0.19153,,
2002,608,"Philippines",51.856,,,2.75614,,
2002,616,"Poland",69.5462,,,1.89995,,
2002,620,"Portugal",76.4975,,,3.70219,,
2002,630,"Puerto Rico",71.3976,,,0.19,,
2002,634,"Qatar",54.9689,,,0.23974,,
2002,410,"Republic of Korea",67.534,,,2.76176,,
2002,498,"Republic of Moldova",26.8478,,,5.21859,,
2002,642,"Romania",41.4314,,,22.49855,,
2002,643,"Russian Federation",23.1531,,,15.78734,,
2002,646,"Rwanda",32.5226,,,1.97964,,
2002,659,"Saint Kitts and Nevis",73.1149,,,2.07877,,
2002,662,"Saint Lucia",74.4826,,,-0.25585,,
2002,670,"Saint Vincent and the Grenadines",69.5218,,,0.74709,,
2002,882,"Samoa",52.5091,,,7.4304,,
2002,674,"San Marino",75.0826,,,,,"No value reported or collected"
2002,678,"Sao Tome and Principe",12.1801,,,10.12935,,
2002,682,"Saudi Arabia",67.0712,,,0.11161,,
2002,686,"Senegal",77.4936,,,2.39907,,
2002,688,"Serbia",,,"Not applicable",,,"Not applicable"
2002,690,"Seychelles",38.6623,,,0.19922,,
2002,694,"Sierra Leone",17.4926,,,0.11646,,
2002,702,"Singapore",74.9901,,,-0.3917,,
2002,534,"Sint Maarten (Dutch part)",,,"Not applicable",,,"Not applicable"
2002,703,"Slovakia",62.8836,,,3.48637,,
2002,705,"Slovenia",69.044,,,7.49333,,
2002,090,"Solomon Islands",37.6807,,,9.36493,,
2002,710,"South Africa",39.5729,,,9.09091,,
2002,728,"South Sudan",,,"Not applicable",,,"Not applicable"
2002,724,"Spain",73.0036,,,3.59033,,
2002,275,"State of Palestine",63.8065,,,5.7026,,
2002,729,"Sudan",,,"Not applicable",,,"Not applicable"
2002,736,"Sudan (...2011)",1.262,,,22.22497,,
2002,740,"Suriname",11.35,,,15.51585,,
2002,752,"Sweden",77.5768,,,1.93408,,
2002,756,"Switzerland",94.3543,,,0.64057,,
2002,762,"Tajikistan",22.7282,,,12.22718,,
2002,764,"Thailand",70.4636,,,0.65996,,
2002,626,"Timor-Leste",,,"Not applicable",,,"Not applicable"
2002,768,"Togo",69.4393,,,3.05945,,
2002,776,"Tonga",41.6969,,,9.98554,,
2002,780,"Trinidad and Tobago",38.9614,,,4.14091,,
2002,788,"Tunisia",45.9597,,,2.71359,,
2002,792,"Turkiye",17.0079,,,45.11278,,
2002,795,"Turkmenistan",31.6524,,,8.75357,,
2002,796,"Turks and Caicos Islands",60.762,,,1.58103,,
2002,798,"Tuvalu",63.6314,,,5.05067,,
2002,800,"Uganda",29.5849,,,-0.3017,,
2002,804,"Ukraine",13.5867,,,0.75742,,
2002,784,"United Arab Emirates",59.1609,,,2.91829,,
2002,826,"United Kingdom",68.5219,,,1.25846,,
2002,834,"United Republic of Tanzania",29.9128,,,4.55553,,
2002,840,"United States",69.4854,,,1.59567,,
2002,858,"Uruguay",23.2148,,,13.9638,,
2002,860,"Uzbekistan",13.324,,,27.29531,,
2002,548,"Vanuatu",64.3284,,,1.96357,,
2002,862,"Venezuela (Bolivarian Rep. of)",0,,,22.41993,,
2002,704,"Viet Nam",28.9902,,,4.07781,,
2002,894,"Zambia",14.0953,,,22.2389,,
2003,004,"Afghanistan",35.1476,,,35.66516,,
2003,008,"Albania",68.0772,,,2.36325,,
2003,012,"Algeria",50.0781,,,4.26094,,
2003,020,"Andorra",78.4647,,,3.05547,,
2003,024,"Angola",6.5657,,,98.21479,,
2003,660,"Anguilla",69.6379,,,3.19917,,
2003,028,"Antigua and Barbuda",73.6125,,,1.99332,,
2003,032,"Argentina",2.5402,,,13.44282,,
2003,051,"Armenia",54.3596,,,4.68273,,
2003,533,"Aruba",73.6453,,,3.65488,,
2003,036,"Australia",68.0155,,,2.73082,,
2003,040,"Austria",72.876,,,1.30454,,
2003,031,"Azerbaijan",32.3776,,,2.11588,,
2003,044,"Bahamas",74.7025,,,3.65677,,
2003,048,"Bahrain",71.8129,,,1.67881,,
2003,050,"Bangladesh",31.5852,,,3.88032,,
2003,052,"Barbados",53.6064,,,1.57707,,
2003,112,"Belarus",8.8279,,,28.39791,,
2003,056,"Belgium",73.1389,,,1.52058,,
2003,084,"Belize",77.762,,,2.62224,,
2003,204,"Benin",70.8309,,,1.50735,,
2003,060,"Bermuda",89.2148,,,3.21929,,
2003,064,"Bhutan",39.1784,,,2.47172,,
2003,068,"Bolivia (Plurinational State of)",45.1658,,,3.33699,,
2003,070,"Bosnia and Herzegovina",78.5362,,,0.54729,,
2003,072,"Botswana",36.2708,,,9.18441,,
2003,076,"Brazil",40.4127,,,14.71446,,
2003,092,"British Virgin Islands",69.113,,,3.61635,,
2003,096,"Brunei Darussalam",92.7601,,,0.30006,,
2003,100,"Bulgaria",59.1631,,,2.34732,,
2003,854,"Burkina Faso",74.7621,,,2.04036,,
2003,108,"Burundi",25.6238,,,10.64773,,
2003,132,"Cabo Verde",75.7634,,,1.18829,,
2003,116,"Cambodia",45.7751,,,1.02712,,
2003,120,"Cameroon",69.219,,,0.63076,,
2003,124,"Canada",75.023,,,2.75822,,
2003,136,"Cayman Islands",72.2955,,,0.54678,,
2003,140,"Central African Republic",52.4083,,,4.35212,,
2003,148,"Chad",79.7109,,,-1.75214,,
2003,152,"Chile",58.7288,,,2.80939,,
2003,156,"China",63.8965,,,1.16233,,
2003,344,"China, Hong Kong SAR",65.9707,,,-2.58749,,
2003,446,"China, Macao SAR",52.0918,,,-1.56002,,
2003,158,"China, Taiwan Province of",83.1352,,,-0.28131,,
2003,170,"Colombia",49.553,,,7.11936,,
2003,174,"Comoros",64.0251,,,3.71383,,
2003,178,"Congo",63.5563,,,1.68993,,
2003,188,"Costa Rica",38.2645,,,9.44782,,
2003,384,"Cote d'Ivoire",74.9482,,,3.29651,,
2003,191,"Croatia",73.6799,,,2.39906,,
2003,192,"Cuba",115.0033,,,0.64446,,
2003,531,"Curacao",,,"Not applicable",,,"Not applicable"
2003,196,"Cyprus",81.9225,,,3.97348,,
2003,203,"Czechia",69.1697,,,0.10045,,
2003,180,"Dem. Rep. of the Congo",11.2145,,,12.81675,,
2003,208,"Denmark",80.4522,,,1.96861,,
2003,262,"Djibouti",60.4872,,,1.58886,,
2003,212,"Dominica",79.2821,,,1.45348,,
2003,214,"Dominican Republic",33.0683,,,27.44626,,
2003,218,"Ecuador",61.7403,,,7.93009,,
2003,818,"Egypt",16.25,,,3.41402,,
2003,222,"El Salvador",69.5181,,,2.12032,,
2003,226,"Equatorial Guinea",55.6997,,,7.32329,,
2003,232,"Eritrea",27.0388,,,22.66904,,
2003,233,"Estonia",58.8321,,,1.38035,,
2003,748,"Eswatini",36.9695,,,7.27735,,
2003,231,"Ethiopia",9.7701,,,17.76253,,
2003,230,"Ethiopia (...1991)",,,"Not applicable",,,"Not applicable"
2003,242,"Fiji",58.7619,,,4.21866,,
2003,246,"Finland",78.3423,,,1.29115,,
2003,250,"France",78.6038,,,2.16768,,
2003,258,"French Polynesia",86.4916,,,0.4179,,
2003,266,"Gabon",70.3381,,,2.10557,,
2003,270,"Gambia",36.8398,,,17.03165,,
2003,268,"Georgia",43.5197,,,4.78597,,
2003,276,"Germany",77.8271,,,1.06486,,
2003,288,"Ghana",14.901,,,26.62385,,
2003,300,"Greece",78.2023,,,3.45259,,
2003,308,"Grenada",73.0046,,,2.15513,,
2003,320,"Guatemala",43.0314,,,5.60237,,
2003,324,"Guinea",9.4112,,,11.02933,,
2003,624,"Guinea-Bissau",72.0997,,,-3.47402,,
2003,328,"Guyana",55.2504,,,5.97878,,
2003,332,"Haiti",18.7277,,,22.23932,,
2003,340,"Honduras",39.3345,,,7.6769,,
2003,348,"Hungary",55.3678,,,4.66435,,
2003,352,"Iceland",47.1323,,,2.06192,,
2003,356,"India",34.3469,,,4.10598,,
2003,360,"Indonesia",38.1682,,,,,"No value reported or collected"
2003,960,"Indonesia (...2002)",,,"Not applicable",,,"Not applicable"
2003,364,"Iran (Islamic Republic of)",5.1407,,,15.56886,,
2003,372,"Ireland",86.318,,,4.02305,,
2003,376,"Israel",80.9708,,,0.66913,,
2003,380,"Italy",77.7723,,,2.81818,,
2003,388,"Jamaica",25.068,,,10.13028,,
2003,392,"Japan",95.5076,,,-0.26214,,
2003,400,"Jordan",56.1926,,,1.62794,,
2003,398,"Kazakhstan",26.6908,,,6.3786,,
2003,404,"Kenya",27.7864,,,9.80521,,
2003,296,"Kiribati",79.7174,,,1.63241,,
2003,412,"Kosovo",,,"Not applicable",,,"Not applicable"
2003,417,"Kyrgyzstan",33.28,,,2.97603,,
2003,418,"Lao People's Dem. Rep.",46.4372,,,15.48856,,
2003,428,"Latvia",54.6755,,,2.94171,,
2003,422,"Lebanon",32.9035,,,1.26826,,
2003,426,"Lesotho",39.8791,,,6.34585,,
2003,430,"Liberia",16.4971,,,10.33039,,
2003,434,"Libya",30.4767,,,-2.05777,,
2003,438,"Liechtenstein",94.9546,,,0.63636,,
2003,440,"Lithuania",62.5738,,,-1.07004,,
2003,442,"Luxembourg",71.2362,,,2.5289,,
2003,450,"Madagascar",24.2882,,,-1.70274,,
2003,454,"Malawi",11.2186,,,9.58026,,
2003,458,"Malaysia",69.8693,,,1.07321,,
2003,462,"Maldives",48.0989,,,-2.80254,,
2003,466,"Mali",75.6314,,,-1.29983,,
2003,470,"Malta",72.9201,,,1.92912,,
2003,584,"Marshall Islands",68.5572,,,,,"No value reported or collected"
2003,480,"Mauritius",49.746,,,2.68523,,
2003,484,"Mexico",50.5259,,,4.54966,,
2003,583,"Micronesia (Federated States of)",62.1962,,,-0.2446,,
2003,496,"Mongolia",23.292,,,5.17464,,
2003,499,"Montenegro",,,"Not applicable",,,"Not applicable"
2003,500,"Montserrat",76.5433,,,1.15647,,
2003,504,"Morocco",79.4146,,,1.11801,,
2003,508,"Mozambique",26.2103,,,13.45651,,
2003,516,"Namibia",41.5254,,,7.22265,,
2003,524,"Nepal",29.9361,,,4.74606,,
2003,528,"Netherlands (Kingdom of the)",77.7586,,,2.22452,,
2003,540,"New Caledonia",89.509,,,1.15444,,
2003,554,"New Zealand",71.0487,,,1.75377,,
2003,558,"Nicaragua",31.3718,,,5.30314,,
2003,562,"Niger",74.8272,,,-1.47039,,
2003,566,"Nigeria",14.9541,,,14.05668,,
2003,807,"North Macedonia",76.1921,,,1.10368,,
2003,578,"Norway",71.9101,,,2.50744,,
2003,512,"Oman",65.2921,,,0.18552,,
2003,586,"Pakistan",24.8644,,,3.10283,,
2003,585,"Palau",62.9077,,,0.64766,,
2003,591,"Panama",65.4503,,,0.17822,,
2003,598,"Papua New Guinea",45.7469,,,14.71023,,
2003,600,"Paraguay",43.7489,,,14.23809,,
2003,604,"Peru",62.5857,,,2.26065,,
2003,608,"Philippines",53.0093,,,2.22414,,
2003,616,"Poland",70.1025,,,0.79997,,
2003,620,"Portugal",78.9729,,,3.23602,,
2003,630,"Puerto Rico",72.3883,,,1.38758,,
2003,634,"Qatar",56.2112,,,2.25989,,
2003,410,"Republic of Korea",69.908,,,3.51527,,
2003,498,"Republic of Moldova",29.9801,,,11.66686,,
2003,642,"Romania",47.8,,,15.37147,,
2003,643,"Russian Federation",26.3173,,,13.66629,,
2003,646,"Rwanda",34.9439,,,7.44491,,
2003,659,"Saint Kitts and Nevis",74.773,,,2.2678,,
2003,662,"Saint Lucia",75.2528,,,1.0341,,
2003,670,"Saint Vincent and the Grenadines",69.6094,,,0.12597,,
2003,882,"Samoa",54.8013,,,4.36536,,
2003,674,"San Marino",76.0859,,,1.33627,,
2003,678,"Sao Tome and Principe",13.373,,,9.79372,,
2003,682,"Saudi Arabia",67.3931,,,0.47987,,
2003,686,"Senegal",77.4556,,,-0.04903,,
2003,688,"Serbia",,,"Not applicable",,,"Not applicable"
2003,690,"Seychelles",39.9382,,,3.29997,,
2003,694,"Sierra Leone",18.1916,,,3.99617,,
2003,702,"Singapore",75.3561,,,0.48806,,
2003,534,"Sint Maarten (Dutch part)",,,"Not applicable",,,"Not applicable"
2003,703,"Slovakia",68.1758,,,8.41573,,
2003,705,"Slovenia",72.9432,,,5.6474,,
2003,090,"Solomon Islands",41.478,,,10.07743,,
2003,710,"South Africa",41.9062,,,5.89623,,
2003,728,"South Sudan",,,"Not applicable",,,"Not applicable"
2003,724,"Spain",75.2694,,,3.10361,,
2003,144,"Sri Lanka",29.6752,,,,,"No value reported or collected"
2003,275,"State of Palestine",66.6171,,,4.40486,,
2003,729,"Sudan",,,"Not applicable",,,"Not applicable"
2003,736,"Sudan (...2011)",1.3439,,,6.48938,,
2003,740,"Suriname",13.9605,,,22.9994,,
2003,752,"Sweden",79.377,,,2.3206,,
2003,756,"Switzerland",94.9549,,,0.6365,,
2003,762,"Tajikistan",26.4455,,,16.35567,,
2003,764,"Thailand",71.7441,,,1.81726,,
2003,626,"Timor-Leste",52.137,,,,,"No value reported or collected"
2003,768,"Togo",68.7936,,,-0.92983,,
2003,776,"Tonga",46.1466,,,10.6715,,
2003,780,"Trinidad and Tobago",40.4349,,,3.78185,,
2003,788,"Tunisia",47.2095,,,2.71936,,
2003,792,"Turkiye",21.3124,,,25.30889,,
2003,795,"Turkmenistan",33.4207,,,5.58671,,
2003,796,"Turks and Caicos Islands",62.1468,,,2.27904,,
2003,798,"Tuvalu",65.4856,,,2.91396,,
2003,800,"Uganda",32.1622,,,8.7116,,
2003,804,"Ukraine",14.2945,,,5.20989,,
2003,784,"United Arab Emirates",61.0063,,,3.1193,,
2003,826,"United Kingdom",69.4554,,,1.36227,,
2003,834,"United Republic of Tanzania",31.2376,,,4.4289,,
2003,840,"United States",71.082,,,2.29781,,
2003,858,"Uruguay",27.7135,,,19.37828,,
2003,860,"Uzbekistan",14.989,,,12.49625,,
2003,548,"Vanuatu",66.2687,,,3.01624,,
2003,862,"Venezuela (Bolivarian Rep. of)",0,,,31.10465,,
2003,704,"Viet Nam",29.9477,,,3.30309,,
2003,894,"Zambia",17.1119,,,21.40131,,
2004,004,"Afghanistan",40.8972,,,16.35819,,
2004,008,"Albania",70.0292,,,2.86727,,
2004,012,"Algeria",52.0655,,,3.96861,,
2004,020,"Andorra",80.7453,,,2.90657,,
2004,024,"Angola",9.4236,,,43.52771,,
2004,660,"Anguilla",72.6787,,,4.36667,,
2004,028,"Antigua and Barbuda",75.107,,,2.0302,,
2004,032,"Argentina",2.6524,,,4.41575,,
2004,051,"Armenia",58.1036,,,6.8875,,
2004,533,"Aruba",75.5084,,,2.52983,,
2004,036,"Australia",69.6083,,,2.34177,,
2004,040,"Austria",74.306,,,1.96232,,
2004,031,"Azerbaijan",34.5506,,,6.71133,,
2004,044,"Bahamas",75.5695,,,1.16064,,
2004,048,"Bahrain",73.428,,,2.24902,,
2004,050,"Bangladesh",34.1561,,,8.13959,,
2004,052,"Barbados",54.3715,,,1.4272,,
2004,112,"Belarus",10.4252,,,18.09345,,
2004,056,"Belgium",74.4936,,,1.85214,,
2004,084,"Belize",80.147,,,3.06705,,
2004,204,"Benin",71.4558,,,0.88231,,
2004,060,"Bermuda",92.3346,,,3.49693,,
2004,064,"Bhutan",40.4894,,,3.34635,,
2004,068,"Bolivia (Plurinational State of)",46.2901,,,2.48924,,
2004,070,"Bosnia and Herzegovina",78.7569,,,0.28106,,
2004,072,"Botswana",38.8053,,,6.98772,,
2004,076,"Brazil",43.0791,,,6.598,,
2004,092,"British Virgin Islands",69.7947,,,0.98634,,
2004,096,"Brunei Darussalam",93.5153,,,0.81415,,
2004,100,"Bulgaria",62.8007,,,6.14844,,
2004,854,"Burkina Faso",74.4635,,,-0.3994,,
2004,108,"Burundi",27.7186,,,8.17519,,
2004,132,"Cabo Verde",74.331,,,-1.89061,,
2004,116,"Cambodia",47.5715,,,3.92436,,
2004,120,"Cameroon",69.3919,,,0.24984,,
2004,124,"Canada",76.4161,,,1.85693,,
2004,136,"Cayman Islands",75.5281,,,4.4713,,
2004,140,"Central African Republic",51.2326,,,-2.24324,,
2004,148,"Chad",75.883,,,-4.80223,,
2004,152,"Chile",59.3486,,,1.05523,,
2004,156,"China",66.384,,,3.89304,,
2004,344,"China, Hong Kong SAR",65.7294,,,-0.3658,,
2004,446,"China, Macao SAR",52.6014,,,0.97823,,
2004,158,"China, Taiwan Province of",84.472,,,1.60802,,
2004,170,"Colombia",52.4803,,,5.9073,,
2004,174,"Comoros",66.9038,,,4.49612,,
2004,178,"Congo",65.8888,,,3.66998,,
2004,188,"Costa Rica",42.9764,,,12.31413,,
2004,384,"Cote d'Ivoire",76.0416,,,1.45893,,
2004,191,"Croatia",75.2589,,,2.14308,,
2004,192,"Cuba",116.9865,,,1.72445,,
2004,531,"Curacao",,,"Not applicable",,,"Not applicable"
2004,196,"Cyprus",83.4731,,,1.89274,,
2004,203,"Czechia",71.0674,,,2.7436,,
2004,180,"Dem. Rep. of the Congo",11.6632,,,4.00051,,
2004,208,"Denmark",81.1786,,,0.903,,
2004,262,"Djibouti",61.9631,,,2.44014,,
2004,212,"Dominica",81.1806,,,2.3946,,
2004,214,"Dominican Republic",50.0864,,,51.46322,,
2004,218,"Ecuador",63.4325,,,2.74084,,
2004,818,"Egypt",17.5747,,,8.15138,,
2004,222,"El Salvador",72.6137,,,4.45306,,
2004,226,"Equatorial Guinea",58.0598,,,4.2372,,
2004,232,"Eritrea",33.8281,,,25.10944,,
2004,233,"Estonia",60.6236,,,3.04525,,
2004,748,"Eswatini",38.2519,,,3.46866,,
2004,231,"Ethiopia",10.085,,,3.22299,,
2004,230,"Ethiopia (...1991)",,,"Not applicable",,,"Not applicable"
2004,242,"Fiji",60.4229,,,2.82679,,
2004,246,"Finland",78.4585,,,0.14829,,
2004,250,"France",80.4425,,,2.33926,,
2004,258,"French Polynesia",86.8616,,,0.4278,,
2004,266,"Gabon",70.6253,,,0.40837,,
2004,270,"Gambia",42.1032,,,14.28728,,
2004,268,"Georgia",45.9812,,,5.65609,,
2004,276,"Germany",79.1979,,,1.76141,,
2004,288,"Ghana",16.7882,,,12.6655,,
2004,300,"Greece",80.5635,,,3.0193,,
2004,308,"Grenada",74.6924,,,2.31188,,
2004,320,"Guatemala",46.2908,,,7.57434,,
2004,324,"Guinea",11.055,,,17.46565,,
2004,624,"Guinea-Bissau",72.6908,,,0.81985,,
2004,328,"Guyana",57.8309,,,4.67043,,
2004,332,"Haiti",23.5424,,,25.709,,
2004,340,"Honduras",42.5291,,,8.12151,,
2004,348,"Hungary",59.106,,,6.75155,,
2004,352,"Iceland",48.6177,,,3.15161,,
2004,356,"India",35.7199,,,3.99744,,
2004,360,"Indonesia",40.4812,,,6.06019,,
2004,960,"Indonesia (...2002)",,,"Not applicable",,,"Not applicable"
2004,364,"Iran (Islamic Republic of)",5.9285,,,15.32588,,
2004,368,"Iraq",29.2853,,,,,"No value reported or collected"
2004,372,"Ireland",88.2966,,,2.29229,,
2004,376,"Israel",80.6363,,,-0.41314,,
2004,380,"Italy",79.5312,,,2.26162,,
2004,388,"Jamaica",28.4574,,,13.52089,,
2004,392,"Japan",95.4976,,,-0.01047,,
2004,400,"Jordan",58.0838,,,3.36566,,
2004,398,"Kazakhstan",28.5576,,,6.9942,,
2004,404,"Kenya",31.0637,,,11.79497,,
2004,296,"Kiribati",79.1273,,,-0.74021,,
2004,412,"Kosovo",,,"Not applicable",,,"Not applicable"
2004,417,"Kyrgyzstan",34.6478,,,4.10994,,
2004,418,"Lao People's Dem. Rep.",51.2983,,,10.46804,,
2004,428,"Latvia",58.0573,,,6.18523,,
2004,422,"Lebanon",33.4536,,,1.67183,,
2004,426,"Lesotho",41.7289,,,4.63862,,
2004,430,"Liberia",17.0835,,,3.55454,,
2004,434,"Libya",30.8583,,,1.252,,
2004,438,"Liechtenstein",95.7143,,,0.80012,,
2004,440,"Lithuania",63.2958,,,1.15372,,
2004,442,"Luxembourg",73.5439,,,3.23953,,
2004,450,"Madagascar",27.6779,,,13.95622,,
2004,454,"Malawi",12.5001,,,11.423,,
2004,458,"Malaysia",70.8618,,,1.42052,,
2004,462,"Maldives",51.1474,,,6.33785,,
2004,466,"Mali",73.2696,,,-3.12271,,
2004,470,"Malta",74.9086,,,2.72692,,
2004,584,"Marshall Islands",69.9386,,,2.01497,,
2004,480,"Mauritius",52.0891,,,4.71004,,
2004,484,"Mexico",52.8978,,,4.69435,,
2004,583,"Micronesia (Federated States of)",63.2818,,,1.74538,,
2004,496,"Mongolia",25.2183,,,8.27037,,
2004,499,"Montenegro",,,"Not applicable",,,"Not applicable"
2004,500,"Montserrat",78.9197,,,3.10468,,
2004,504,"Morocco",80.5854,,,1.4742,,
2004,508,"Mozambique",29.5217,,,12.6339,,
2004,104,"Myanmar",23.327,,,,,"No value reported or collected"
2004,516,"Namibia",43.25,,,4.15299,,
2004,520,"Nauru",47.6128,,,,,"No value reported or collected"
2004,524,"Nepal",31.1223,,,3.96255,,
2004,528,"Netherlands (Kingdom of the)",78.8384,,,1.38866,,
2004,540,"New Caledonia",90.2853,,,0.86725,,
2004,554,"New Zealand",72.6761,,,2.2906,,
2004,558,"Nicaragua",34.0287,,,8.46907,,
2004,562,"Niger",75.0067,,,0.23997,,
2004,566,"Nigeria",17.1893,,,14.94729,,
2004,807,"North Macedonia",75.9116,,,-0.36813,,
2004,578,"Norway",72.2378,,,0.45576,,
2004,512,"Oman",65.7867,,,0.75754,,
2004,586,"Pakistan",26.0003,,,4.56842,,
2004,585,"Palau",63.2452,,,0.5365,,
2004,591,"Panama",65.7611,,,0.47496,,
2004,598,"Papua New Guinea",46.7345,,,2.15902,,
2004,600,"Paraguay",45.634,,,4.30901,,
2004,604,"Peru",64.8774,,,3.66159,,
2004,608,"Philippines",55.5526,,,4.79781,,
2004,616,"Poland",72.555,,,3.49848,,
2004,620,"Portugal",80.9567,,,2.51194,,
2004,630,"Puerto Rico",74.2242,,,2.53619,,
2004,634,"Qatar",60.0414,,,6.814,,
2004,410,"Republic of Korea",72.418,,,3.59043,,
2004,498,"Republic of Moldova",33.7053,,,12.42559,,
2004,642,"Romania",53.466,,,11.8535,,
2004,643,"Russian Federation",29.1823,,,10.88618,,
2004,646,"Rwanda",39.1308,,,11.982,,
2004,659,"Saint Kitts and Nevis",76.455,,,2.24946,,
2004,662,"Saint Lucia",76.3521,,,1.46083,,
2004,670,"Saint Vincent and the Grenadines",71.5948,,,2.85221,,
2004,882,"Samoa",59.1015,,,7.84688,,
2004,674,"San Marino",77.1727,,,1.42843,,
2004,678,"Sao Tome and Principe",15.1495,,,13.28437,,
2004,682,"Saudi Arabia",67.5914,,,0.29426,,
2004,686,"Senegal",77.4188,,,-0.04752,,
2004,688,"Serbia",,,"Not applicable",,,"Not applicable"
2004,690,"Seychelles",41.4958,,,3.90027,,
2004,694,"Sierra Leone",20.5413,,,12.91617,,
2004,702,"Singapore",76.6161,,,1.67205,,
2004,534,"Sint Maarten (Dutch part)",,,"Not applicable",,,"Not applicable"
2004,703,"Slovakia",73.2588,,,7.45576,,
2004,705,"Slovenia",75.6135,,,3.66079,,
2004,090,"Solomon Islands",44.3459,,,6.91425,,
2004,710,"South Africa",42.4874,,,1.38679,,
2004,728,"South Sudan",,,"Not applicable",,,"Not applicable"
2004,724,"Spain",77.5656,,,3.05067,,
2004,144,"Sri Lanka",32.3502,,,9.01401,,
2004,275,"State of Palestine",68.6204,,,3.00721,,
2004,729,"Sudan",,,"Not applicable",,,"Not applicable"
2004,736,"Sudan (...2011)",1.4736,,,9.65688,,
2004,740,"Suriname",15.2346,,,9.12661,,
2004,752,"Sweden",80.1911,,,1.02555,,
2004,756,"Switzerland",95.7151,,,0.80068,,
2004,762,"Tajikistan",28.3511,,,7.20575,,
2004,764,"Thailand",73.7594,,,2.80905,,
2004,626,"Timor-Leste",53.2896,,,2.21078,,
2004,768,"Togo",69.0637,,,0.39264,,
2004,776,"Tonga",51.5727,,,11.75838,,
2004,780,"Trinidad and Tobago",41.9538,,,3.75643,,
2004,788,"Tunisia",48.963,,,3.71434,,
2004,792,"Turkiye",23.1494,,,8.61959,,
2004,795,"Turkmenistan",35.3875,,,5.88489,,
2004,796,"Turks and Caicos Islands",63.8018,,,2.66304,,
2004,798,"Tuvalu",67.0373,,,2.36956,,
2004,800,"Uganda",33.3415,,,3.66653,,
2004,804,"Ukraine",15.5862,,,9.03627,,
2004,784,"United Arab Emirates",64.0816,,,5.04092,,
2004,826,"United Kingdom",70.3888,,,1.34396,,
2004,834,"United Republic of Tanzania",32.5306,,,4.13916,,
2004,840,"United States",72.978,,,2.66739,,
2004,858,"Uruguay",30.2555,,,9.17272,,
2004,860,"Uzbekistan",16.087,,,7.32537,,
2004,548,"Vanuatu",67.209,,,1.41892,,
2004,862,"Venezuela (Bolivarian Rep. of)",0,,,21.72949,,
2004,704,"Viet Nam",32.3123,,,7.89544,,
2004,894,"Zambia",20.1864,,,17.96715,,
2005,004,"Afghanistan",45.2188,,,10.56716,,
2005,008,"Albania",71.6837,,,2.36267,,
2005,012,"Algeria",52.7853,,,1.38242,,
2005,020,"Andorra",83.5923,,,3.52587,,
2005,024,"Angola",11.5874,,,22.96183,,
2005,660,"Anguilla",75.9981,,,4.56723,,
2005,028,"Antigua and Barbuda",76.6828,,,2.09803,,
2005,032,"Argentina",2.9081,,,9.64167,,
2005,051,"Armenia",58.4345,,,0.56943,,
2005,533,"Aruba",78.0736,,,3.3972,,
2005,036,"Australia",71.4593,,,2.65925,,
2005,040,"Austria",75.8651,,,2.09812,,
2005,031,"Azerbaijan",37.8643,,,9.59112,,
2005,044,"Bahamas",76.9436,,,1.81834,,
2005,048,"Bahrain",75.3495,,,2.61685,,
2005,050,"Bangladesh",36.3716,,,6.48622,,
2005,052,"Barbados",57.669,,,6.06479,,
2005,112,"Belarus",11.5028,,,10.33631,,
2005,056,"Belgium",76.3866,,,2.54113,,
2005,084,"Belize",83.073,,,3.65079,,
2005,204,"Benin",75.2892,,,5.36466,,
2005,060,"Bermuda",95.2255,,,3.13091,,
2005,064,"Bhutan",42.4422,,,4.823,,
2005,068,"Bolivia (Plurinational State of)",48.7895,,,5.39959,,
2005,070,"Bosnia and Herzegovina",81.5785,,,3.58262,,
2005,072,"Botswana",42.1466,,,8.61052,,
2005,076,"Brazil",46.0388,,,6.87018,,
2005,092,"British Virgin Islands",71.1545,,,1.94825,,
2005,096,"Brunei Darussalam",94.6788,,,1.24422,,
2005,100,"Bulgaria",66.5952,,,6.0421,,
2005,854,"Burkina Faso",79.2354,,,6.40827,,
2005,108,"Burundi",31.3917,,,13.25118,,
2005,132,"Cabo Verde",74.6535,,,0.43382,,
2005,116,"Cambodia",50.5921,,,6.34963,,
2005,120,"Cameroon",70.7747,,,1.99262,,
2005,124,"Canada",78.1079,,,2.21388,,
2005,136,"Cayman Islands",81.0322,,,7.28745,,
2005,140,"Central African Republic",52.7106,,,2.88484,,
2005,148,"Chad",79.2584,,,4.44816,,
2005,152,"Chile",61.1594,,,3.05109,,
2005,156,"China",67.5852,,,1.80944,,
2005,344,"China, Hong Kong SAR",66.3302,,,0.91405,,
2005,446,"China, Macao SAR",54.9141,,,4.39654,,
2005,158,"China, Taiwan Province of",86.4227,,,2.30927,,
2005,170,"Colombia",55.1289,,,5.04684,,
2005,174,"Comoros",68.9153,,,3.00655,,
2005,178,"Congo",67.5139,,,2.46641,,
2005,188,"Costa Rica",48.9069,,,13.79933,,
2005,384,"Cote d'Ivoire",78.9956,,,3.88472,,
2005,191,"Croatia",77.5137,,,2.99603,,
2005,192,"Cuba",121.1233,,,3.53616,,
2005,531,"Curacao",,,"Not applicable",,,"Not applicable"
2005,196,"Cyprus",85.167,,,2.02929,,
2005,203,"Czechia",72.3863,,,1.85576,,
2005,180,"Dem. Rep. of the Congo",14.176,,,21.54499,,
2005,208,"Denmark",82.5644,,,1.70703,,
2005,262,"Djibouti",63.9957,,,3.28021,,
2005,212,"Dominica",82.5452,,,1.68087,,
2005,214,"Dominican Republic",52.1846,,,4.18921,,
2005,218,"Ecuador",64.8089,,,2.16987,,
2005,818,"Egypt",19.1046,,,8.70525,,
2005,222,"El Salvador",76.0192,,,4.68979,,
2005,226,"Equatorial Guinea",61.3332,,,5.638,,
2005,232,"Eritrea",38.0587,,,12.50619,,
2005,233,"Estonia",63.1171,,,4.11293,,
2005,748,"Eswatini",40.1244,,,4.89518,,
2005,231,"Ethiopia",11.2602,,,11.65377,,
2005,230,"Ethiopia (...1991)",,,"Not applicable",,,"Not applicable"
2005,242,"Fiji",61.8151,,,2.30409,,
2005,246,"Finland",79.064,,,0.77176,,
2005,250,"France",81.9569,,,1.88259,,
2005,258,"French Polynesia",87.7141,,,0.9814,,
2005,266,"Gabon",71.452,,,1.17054,,
2005,270,"Gambia",44.1912,,,4.95927,,
2005,268,"Georgia",49.7738,,,8.24811,,
2005,276,"Germany",80.7457,,,1.95437,,
2005,288,"Ghana",19.3225,,,15.09512,,
2005,300,"Greece",83.3748,,,3.48956,,
2005,308,"Grenada",77.2893,,,3.47683,,
2005,320,"Guatemala",50.5083,,,9.11099,,
2005,324,"Guinea",14.5214,,,31.35683,,
2005,624,"Guinea-Bissau",75.1317,,,3.35787,,
2005,328,"Guyana",61.835,,,6.9239,,
2005,332,"Haiti",26.8643,,,14.11027,,
2005,340,"Honduras",46.2723,,,8.80161,,
2005,348,"Hungary",61.2114,,,3.5621,,
2005,352,"Iceland",50.5625,,,4.00024,,
2005,356,"India",37.0317,,,3.67265,,
2005,360,"Indonesia",44.7171,,,10.46375,,
2005,960,"Indonesia (...2002)",,,"Not applicable",,,"Not applicable"
2005,364,"Iran (Islamic Republic of)",6.5369,,,10.26247,,
2005,368,"Iraq",40.1089,,,36.95893,,
2005,372,"Ireland",90.2223,,,2.18091,,
2005,376,"Israel",81.7081,,,1.32923,,
2005,380,"Italy",81.2901,,,2.2116,,
2005,388,"Jamaica",32.7545,,,15.1002,,
2005,392,"Japan",95.2226,,,-0.28799,,
2005,400,"Jordan",60.1116,,,3.49108,,
2005,398,"Kazakhstan",30.6742,,,7.41196,,
2005,404,"Kenya",34.1428,,,9.91205,,
2005,296,"Kiribati",78.8496,,,-0.35102,,
2005,412,"Kosovo",,,"Not applicable",,,"Not applicable"
2005,417,"Kyrgyzstan",36.1509,,,4.33827,,
2005,418,"Lao People's Dem. Rep.",54.9755,,,7.1682,,
2005,428,"Latvia",62.0557,,,6.88707,,
2005,422,"Lebanon",32.9765,,,-1.42628,,
2005,426,"Lesotho",43.2505,,,3.64623,,
2005,430,"Liberia",18.27,,,6.94504,,
2005,434,"Libya",31.6784,,,2.65773,,
2005,438,"Liechtenstein",96.8375,,,1.17348,,
2005,440,"Lithuania",64.9892,,,2.67543,,
2005,442,"Luxembourg",76.3154,,,3.76841,,
2005,450,"Madagascar",32.7605,,,18.36354,,
2005,454,"Malawi",14.4333,,,15.46536,,
2005,458,"Malaysia",73.0158,,,3.03977,,
2005,462,"Maldives",52.4056,,,2.45992,,
2005,466,"Mali",77.9522,,,6.39087,,
2005,470,"Malta",76.7964,,,2.52023,,
2005,584,"Marshall Islands",72.3781,,,3.488,,
2005,480,"Mauritius",54.6617,,,4.93878,,
2005,484,"Mexico",55.009,,,3.99113,,
2005,583,"Micronesia (Federated States of)",65.8683,,,4.08737,,
2005,496,"Mongolia",28.3915,,,12.58318,,
2005,499,"Montenegro",,,"Not applicable",,,"Not applicable"
2005,500,"Montserrat",81.0269,,,2.67002,,
2005,504,"Morocco",81.4634,,,1.08959,,
2005,508,"Mozambique",31.4204,,,6.43153,,
2005,104,"Myanmar",25.5125,,,9.36862,,
2005,516,"Namibia",44.2278,,,2.26089,,
2005,520,"Nauru",51.7367,,,8.66124,,
2005,524,"Nepal",32.535,,,4.53924,,
2005,528,"Netherlands (Kingdom of the)",80.0147,,,1.4921,,
2005,540,"New Caledonia",84.5834,,,-6.31541,,
2005,554,"New Zealand",74.8834,,,3.0371,,
2005,558,"Nicaragua",37.2955,,,9.60009,,
2005,562,"Niger",80.8729,,,7.82087,,
2005,566,"Nigeria",20.2654,,,17.89497,,
2005,807,"North Macedonia",75.9477,,,0.04756,,
2005,578,"Norway",73.3328,,,1.51572,,
2005,512,"Oman",67.0107,,,1.86063,,
2005,586,"Pakistan",28.4116,,,9.27413,,
2005,585,"Palau",65.4952,,,3.55758,,
2005,591,"Panama",67.6391,,,2.8558,,
2005,598,"Papua New Guinea",47.5666,,,1.7803,,
2005,600,"Paraguay",48.7481,,,6.82398,,
2005,604,"Peru",65.9271,,,1.61805,,
2005,608,"Philippines",59.2416,,,6.64056,,
2005,616,"Poland",74.0789,,,2.10026,,
2005,620,"Portugal",82.6801,,,2.12883,,
2005,630,"Puerto Rico",78.3888,,,5.61089,,
2005,634,"Qatar",65.4244,,,8.96552,,
2005,410,"Republic of Korea",74.413,,,2.75484,,
2005,498,"Republic of Moldova",37.6998,,,11.85123,,
2005,642,"Romania",58.2759,,,8.99619,,
2005,643,"Russian Federation",32.8849,,,12.68792,,
2005,646,"Rwanda",42.6998,,,9.12053,,
2005,659,"Saint Kitts and Nevis",79.0344,,,3.37371,,
2005,662,"Saint Lucia",79.338,,,3.91065,,
2005,670,"Saint Vincent and the Grenadines",74.0624,,,3.44654,,
2005,882,"Samoa",63.7235,,,7.82048,,
2005,674,"San Marino",78.4751,,,1.68771,,
2005,678,"Sao Tome and Principe",17.748,,,17.15292,,
2005,682,"Saudi Arabia",67.9772,,,0.57077,,
2005,686,"Senegal",78.6668,,,1.61199,,
2005,688,"Serbia",,,"Not applicable",,,"Not applicable"
2005,690,"Seychelles",41.7653,,,0.64942,,
2005,694,"Sierra Leone",23.3566,,,13.7055,,
2005,702,"Singapore",76.9786,,,0.47313,,
2005,534,"Sint Maarten (Dutch part)",,,"Not applicable",,,"Not applicable"
2005,703,"Slovakia",75.2934,,,2.77726,,
2005,705,"Slovenia",77.45,,,2.42874,,
2005,090,"Solomon Islands",47.6853,,,7.53046,,
2005,710,"South Africa",43.9284,,,3.39172,,
2005,728,"South Sudan",,,"Not applicable",,,"Not applicable"
2005,724,"Spain",80.1872,,,3.3799,,
2005,144,"Sri Lanka",35.9115,,,11.00873,,
2005,275,"State of Palestine",72.2551,,,5.29686,,
2005,729,"Sudan",,,"Not applicable",,,"Not applicable"
2005,736,"Sudan (...2011)",1.599,,,8.50609,,
2005,740,"Suriname",17.3643,,,13.97924,,
2005,752,"Sweden",80.8613,,,0.83572,,
2005,756,"Switzerland",96.8375,,,1.17257,,
2005,762,"Tajikistan",30.4141,,,7.27654,,
2005,764,"Thailand",77.0542,,,4.46688,,
2005,626,"Timor-Leste",54.1482,,,1.61111,,
2005,768,"Togo",73.7481,,,6.78263,,
2005,776,"Tonga",56.7206,,,9.98175,,
2005,780,"Trinidad and Tobago",44.8393,,,6.87787,,
2005,788,"Tunisia",49.9129,,,1.93995,,
2005,792,"Turkiye",25.0271,,,8.11127,,
2005,795,"Turkmenistan",39.177,,,10.70847,,
2005,796,"Turks and Caicos Islands",66.1661,,,3.70566,,
2005,798,"Tuvalu",69.197,,,3.22156,,
2005,800,"Uganda",36.2091,,,8.60072,,
2005,804,"Ukraine",17.6935,,,13.52014,,
2005,784,"United Arab Emirates",68.0518,,,6.19554,,
2005,826,"United Kingdom",71.8364,,,2.05649,,
2005,834,"United Republic of Tanzania",33.9484,,,4.35855,,
2005,840,"United States",75.4346,,,3.36619,,
2005,858,"Uruguay",31.6772,,,4.69876,,
2005,860,"Uzbekistan",17.808,,,10.69808,,
2005,548,"Vanuatu",68.0149,,,1.1992,,
2005,862,"Venezuela (Bolivarian Rep. of)",0,,,15.84699,,
2005,704,"Viet Nam",35.0246,,,8.39403,,
2005,894,"Zambia",23.8858,,,18.32634,,
2006,004,"Afghanistan",48.2875,,,6.78628,,
2006,008,"Albania",73.3825,,,2.36979,,
2006,012,"Algeria",54.0051,,,2.31089,,
2006,020,"Andorra",86.6711,,,3.68312,,
2006,024,"Angola",13.129,,,13.30451,,
2006,660,"Anguilla",82.428,,,8.4606,,
2006,028,"Antigua and Barbuda",78.0538,,,1.78799,,
2006,032,"Argentina",3.2251,,,10.898,,
2006,051,"Armenia",60.1282,,,2.8984,,
2006,533,"Aruba",80.8921,,,3.6101,,
2006,036,"Australia",73.9991,,,3.55422,,
2006,040,"Austria",77.1464,,,1.689,,
2006,031,"Azerbaijan",41.0071,,,8.30012,,
2006,044,"Bahamas",78.4501,,,1.95784,,
2006,048,"Bahrain",76.8877,,,2.04145,,
2006,050,"Bangladesh",38.9768,,,7.16276,,
2006,052,"Barbados",61.8838,,,7.30863,,
2006,112,"Belarus",12.3071,,,6.992,,
2006,056,"Belgium",78.1669,,,2.33065,,
2006,084,"Belize",86.596,,,4.24085,,
2006,204,"Benin",78.1406,,,3.78734,,
2006,060,"Bermuda",94.8086,,,-0.4378,,
2006,064,"Bhutan",44.5343,,,4.92926,,
2006,068,"Bolivia (Plurinational State of)",50.8877,,,4.30055,,
2006,070,"Bosnia and Herzegovina",86.5754,,,6.12527,,
2006,072,"Botswana",47.0159,,,11.55326,,
2006,076,"Brazil",47.9649,,,4.18371,,
2006,092,"British Virgin Islands",73.114,,,2.75392,,
2006,096,"Brunei Darussalam",94.8305,,,0.16016,,
2006,100,"Bulgaria",71.532,,,7.41322,,
2006,854,"Burkina Faso",81.0865,,,2.33623,,
2006,108,"Burundi",32.254,,,2.74696,,
2006,132,"Cabo Verde",78.2683,,,4.84224,,
2006,116,"Cambodia",53.6998,,,6.14259,,
2006,120,"Cameroon",74.2468,,,4.90586,,
2006,124,"Canada",79.6719,,,2.00234,,
2006,136,"Cayman Islands",81.6437,,,0.75472,,
2006,140,"Central African Republic",56.3416,,,6.88858,,
2006,148,"Chad",86.8995,,,9.64076,,
2006,152,"Chile",63.234,,,3.39214,,
2006,156,"China",68.5766,,,1.46692,,
2006,344,"China, Hong Kong SAR",67.657,,,2.00024,,
2006,446,"China, Macao SAR",57.7439,,,5.15327,,
2006,158,"China, Taiwan Province of",86.9407,,,0.59939,,
2006,170,"Colombia",57.5017,,,4.3041,,
2006,174,"Comoros",71.2514,,,3.38983,,
2006,178,"Congo",70.658,,,4.65692,,
2006,188,"Costa Rica",54.5161,,,11.46917,,
2006,384,"Cote d'Ivoire",80.9432,,,2.46543,,
2006,191,"Croatia",80.0616,,,3.28695,,
2006,192,"Cuba",126.243,,,4.22682,,
2006,531,"Curacao",,,"Not applicable",,,"Not applicable"
2006,196,"Cyprus",87.0813,,,2.24763,,
2006,203,"Czechia",74.2021,,,2.50853,,
2006,180,"Dem. Rep. of the Congo",15.9969,,,12.84497,,
2006,208,"Denmark",84.127,,,1.89264,,
2006,262,"Djibouti",66.2453,,,3.51525,,
2006,212,"Dominica",84.6858,,,2.59323,,
2006,214,"Dominican Republic",56.1369,,,7.57365,,
2006,218,"Ecuador",66.9463,,,3.29796,,
2006,818,"Egypt",19.9239,,,4.28883,,
2006,222,"El Salvador",79.0863,,,4.03466,,
2006,226,"Equatorial Guinea",64.0717,,,4.465,,
2006,232,"Eritrea",40.9919,,,7.707,,
2006,233,"Estonia",65.9155,,,4.43371,,
2006,748,"Eswatini",42.2096,,,5.19699,,
2006,231,"Ethiopia",12.7868,,,13.55752,,
2006,230,"Ethiopia (...1991)",,,"Not applicable",,,"Not applicable"
2006,242,"Fiji",63.35,,,2.48302,,
2006,246,"Finland",80.0744,,,1.2779,,
2006,250,"France",83.5079,,,1.89241,,
2006,258,"French Polynesia",90.1355,,,2.76061,,
2006,266,"Gabon",70.4474,,,-1.406,,
2006,270,"Gambia",45.0996,,,2.05562,,
2006,268,"Georgia",54.3333,,,9.16043,,
2006,276,"Germany",82.1677,,,1.76102,,
2006,288,"Ghana",21.5799,,,11.68305,,
2006,300,"Greece",86.1351,,,3.31078,,
2006,308,"Grenada",80.5748,,,4.25096,,
2006,320,"Guatemala",53.8225,,,6.56157,,
2006,324,"Guinea",19.5611,,,34.70519,,
2006,624,"Guinea-Bissau",76.5993,,,1.9534,,
2006,328,"Guyana",65.9639,,,6.67722,,
2006,332,"Haiti",30.3491,,,12.972,,
2006,340,"Honduras",48.8532,,,5.57751,,
2006,348,"Hungary",63.6016,,,3.90495,,
2006,352,"Iceland",53.9371,,,6.67408,,
2006,356,"India",39.5271,,,6.73842,,
2006,360,"Indonesia",50.5743,,,13.09839,,
2006,960,"Indonesia (...2002)",,,"Not applicable",,,"Not applicable"
2006,364,"Iran (Islamic Republic of)",7.3206,,,11.98799,,
2006,368,"Iraq",61.4592,,,53.23086,,
2006,372,"Ireland",92.6478,,,2.68831,,
2006,376,"Israel",83.4297,,,2.10695,,
2006,380,"Italy",83.0804,,,2.20234,,
2006,388,"Jamaica",35.5451,,,8.51978,,
2006,392,"Japan",95.4656,,,0.25521,,
2006,400,"Jordan",63.8713,,,6.25463,,
2006,398,"Kazakhstan",33.3165,,,8.61384,,
2006,404,"Kenya",36.2025,,,6.0325,,
2006,296,"Kiribati",78.0636,,,-0.99683,,
2006,412,"Kosovo",,,"Not applicable",,,"Not applicable"
2006,417,"Kyrgyzstan",38.1584,,,5.55333,,
2006,418,"Lao People's Dem. Rep.",58.574,,,6.54571,,
2006,428,"Latvia",66.1334,,,6.57088,,
2006,422,"Lebanon",34.3261,,,4.09261,,
2006,426,"Lesotho",45.9913,,,6.33703,,
2006,430,"Liberia",20.0081,,,9.51379,,
2006,434,"Libya",32.1426,,,1.46523,,
2006,438,"Liechtenstein",97.8671,,,1.06322,,
2006,440,"Lithuania",67.4271,,,3.75127,,
2006,442,"Luxembourg",78.5736,,,2.95905,,
2006,450,"Madagascar",36.2874,,,10.76561,,
2006,454,"Malawi",16.4431,,,13.92424,,
2006,458,"Malaysia",75.6595,,,3.62063,,
2006,462,"Maldives",54.2397,,,3.49995,,
2006,466,"Mali",79.1618,,,1.55179,,
2006,470,"Malta",78.7742,,,2.5754,,
2006,584,"Marshall Islands",76.1853,,,5.26018,,
2006,480,"Mauritius",59.5331,,,8.91195,,
2006,484,"Mexico",57.0076,,,3.63319,,
2006,583,"Micronesia (Federated States of)",68.7637,,,4.39563,,
2006,496,"Mongolia",29.6276,,,4.35347,,
2006,499,"Montenegro",,,"Not applicable",,,"Not applicable"
2006,500,"Montserrat",82.593,,,1.93282,,
2006,504,"Morocco",84.0976,,,3.23353,,
2006,508,"Mozambique",35.5816,,,13.24384,,
2006,104,"Myanmar",30.6141,,,19.99649,,
2006,516,"Namibia",46.4265,,,4.97119,,
2006,520,"Nauru",61.7229,,,19.30202,,
2006,524,"Nepal",35.1252,,,7.96123,,
2006,528,"Netherlands (Kingdom of the)",81.3321,,,1.6464,,
2006,540,"New Caledonia",86.8642,,,2.69645,,
2006,554,"New Zealand",77.4034,,,3.36525,,
2006,558,"Nicaragua",40.7042,,,9.13974,,
2006,562,"Niger",80.9032,,,0.03747,,
2006,566,"Nigeria",21.9282,,,8.20522,,
2006,807,"North Macedonia",78.4318,,,3.27081,,
2006,578,"Norway",75.0206,,,2.30156,,
2006,512,"Oman",69.1581,,,3.20445,,
2006,586,"Pakistan",30.6618,,,7.92015,,
2006,585,"Palau",68.2721,,,4.23989,,
2006,591,"Panama",69.3014,,,2.45748,,
2006,598,"Papua New Guinea",48.6934,,,2.36888,,
2006,600,"Paraguay",53.4112,,,9.56572,,
2006,604,"Peru",67.2463,,,2.00094,,
2006,608,"Philippines",62.4689,,,5.44767,,
2006,616,"Poland",74.8192,,,0.99942,,
2006,620,"Portugal",85.199,,,3.04651,,
2006,630,"Puerto Rico",82.4525,,,5.18405,,
2006,634,"Qatar",73.0849,,,11.70886,,
2006,410,"Republic of Korea",76.081,,,2.24154,,
2006,498,"Republic of Moldova",42.4904,,,12.7072,,
2006,642,"Romania",62.1164,,,6.59025,,
2006,643,"Russian Federation",36.0637,,,9.66636,,
2006,646,"Rwanda",46.4706,,,8.83091,,
2006,659,"Saint Kitts and Nevis",85.7423,,,8.4873,,
2006,662,"Saint Lucia",82.1658,,,3.56427,,
2006,670,"Saint Vincent and the Grenadines",76.297,,,3.01719,,
2006,882,"Samoa",65.7828,,,3.23165,,
2006,674,"San Marino",80.1195,,,2.09535,,
2006,678,"Sao Tome and Principe",21.8434,,,23.07507,,
2006,682,"Saudi Arabia",69.2733,,,1.90664,,
2006,686,"Senegal",80.3731,,,2.16906,,
2006,688,"Serbia",,,"Not applicable",,,"Not applicable"
2006,690,"Seychelles",40.9887,,,-1.85953,,
2006,694,"Sierra Leone",25.8163,,,10.53144,,
2006,702,"Singapore",77.7222,,,0.96604,,
2006,534,"Sint Maarten (Dutch part)",,,"Not applicable",,,"Not applicable"
2006,703,"Slovakia",78.5069,,,4.26799,,
2006,705,"Slovenia",79.4239,,,2.54871,,
2006,090,"Solomon Islands",53.0431,,,11.23574,,
2006,710,"South Africa",45.9718,,,4.65156,,
2006,728,"South Sudan",,,"Not applicable",,,"Not applicable"
2006,724,"Spain",83.0465,,,3.56578,,
2006,144,"Sri Lanka",39.4807,,,9.93884,,
2006,275,"State of Palestine",75.033,,,3.84452,,
2006,729,"Sudan",,,"Not applicable",,,"Not applicable"
2006,736,"Sudan (...2011)",1.7141,,,7.19954,,
2006,740,"Suriname",19.3231,,,11.28112,,
2006,752,"Sweden",82.07,,,1.49488,,
2006,756,"Switzerland",97.8672,,,1.06332,,
2006,762,"Tajikistan",33.4462,,,9.96924,,
2006,764,"Thailand",80.687,,,4.71461,,
2006,626,"Timor-Leste",56.9814,,,5.23237,,
2006,768,"Togo",75.3924,,,2.22972,,
2006,776,"Tonga",60.831,,,7.2468,,
2006,780,"Trinidad and Tobago",48.5652,,,8.30948,,
2006,788,"Tunisia",51.9808,,,4.14295,,
2006,792,"Turkiye",27.42,,,9.56121,,
2006,795,"Turkmenistan",42.3726,,,8.15697,,
2006,796,"Turks and Caicos Islands",67.1456,,,1.48035,,
2006,798,"Tuvalu",72.0958,,,4.18923,,
2006,800,"Uganda",38.8235,,,7.22028,,
2006,804,"Ukraine",19.2993,,,9.07559,,
2006,784,"United Arab Emirates",74.3706,,,9.28532,,
2006,826,"United Kingdom",73.5092,,,2.32871,,
2006,834,"United Republic of Tanzania",36.41,,,7.251,,
2006,840,"United States",77.8649,,,3.22174,,
2006,858,"Uruguay",33.7,,,6.38573,,
2006,860,"Uzbekistan",20.143,,,13.11208,,
2006,548,"Vanuatu",69.403,,,2.04082,,
2006,862,"Venezuela (Bolivarian Rep. of)",0,,,13.67925,,
2006,704,"Viet Nam",37.6524,,,7.503,,
2006,894,"Zambia",26.0397,,,9.01745,,
2007,004,"Afghanistan",52.4791,,,8.68043,,
2007,008,"Albania",75.5545,,,2.95985,,
2007,012,"Algeria",55.992,,,3.67915,,
2007,020,"Andorra",88.9761,,,2.65952,,
2007,024,"Angola",14.7372,,,12.24919,,
2007,660,"Anguilla",86.0492,,,4.39313,,
2007,028,"Antigua and Barbuda",79.1595,,,1.41656,,
2007,032,"Argentina",3.5099,,,8.83049,,
2007,051,"Armenia",62.78,,,4.41026,,
2007,533,"Aruba",85.2513,,,5.38887,,
2007,036,"Australia",75.7426,,,2.35602,,
2007,040,"Austria",78.8465,,,2.20378,,
2007,031,"Azerbaijan",47.8607,,,16.713,,
2007,044,"Bahamas",80.3387,,,2.40738,,
2007,048,"Bahrain",79.3872,,,3.25083,,
2007,050,"Bangladesh",41.7851,,,7.205,,
2007,052,"Barbados",64.3797,,,4.03316,,
2007,112,"Belarus",13.3444,,,8.42867,,
2007,056,"Belgium",79.5891,,,1.81949,,
2007,084,"Belize",88.603,,,2.31766,,
2007,204,"Benin",79.1522,,,1.29455,,
2007,060,"Bermuda",98.4166,,,3.80557,,
2007,064,"Bhutan",46.8706,,,5.24593,,
2007,068,"Bolivia (Plurinational State of)",55.3054,,,8.68117,,
2007,070,"Bosnia and Herzegovina",87.8748,,,1.50091,,
2007,072,"Botswana",50.3434,,,7.07736,,
2007,076,"Brazil",49.7115,,,3.64136,,
2007,092,"British Virgin Islands",74.9494,,,2.51022,,
2007,096,"Brunei Darussalam",95.7482,,,0.96778,,
2007,100,"Bulgaria",76.9489,,,7.57263,,
2007,854,"Burkina Faso",80.8973,,,-0.23326,,
2007,108,"Burundi",34.9671,,,8.4118,,
2007,132,"Cabo Verde",81.7122,,,4.40004,,
2007,116,"Cambodia",57.8176,,,7.66823,,
2007,120,"Cameroon",75.0824,,,1.12544,,
2007,124,"Canada",81.3753,,,2.13807,,
2007,136,"Cayman Islands",84.0245,,,2.916,,
2007,140,"Central African Republic",56.8303,,,0.86738,,
2007,148,"Chad",80.4342,,,-7.43989,,
2007,152,"Chile",66.0223,,,4.40949,,
2007,156,"China",71.8503,,,4.77373,,
2007,344,"China, Hong Kong SAR",69.0338,,,2.03502,,
2007,446,"China, Macao SAR",60.9594,,,5.56847,,
2007,158,"China, Taiwan Province of",88.5029,,,1.79684,,
2007,170,"Colombia",60.6885,,,5.54223,,
2007,174,"Comoros",74.4473,,,4.48542,,
2007,178,"Congo",72.4914,,,2.59473,,
2007,184,"Cook Islands",82.064,,,,,"No value reported or collected"
2007,188,"Costa Rica",59.6177,,,9.35809,,
2007,384,"Cote d'Ivoire",82.4775,,,1.89547,,
2007,191,"Croatia",82.1906,,,2.6592,,
2007,192,"Cuba",133.68,,,5.89098,,
2007,531,"Curacao",,,"Not applicable",,,"Not applicable"
2007,196,"Cyprus",88.9647,,,2.16285,,
2007,203,"Czechia",76.3539,,,2.89991,,
2007,180,"Dem. Rep. of the Congo",18.6639,,,16.67158,,
2007,208,"Denmark",85.5328,,,1.67104,,
2007,262,"Djibouti",70.1507,,,5.89539,,
2007,212,"Dominica",87.4282,,,3.23842,,
2007,214,"Dominican Republic",59.5859,,,6.14403,,
2007,218,"Ecuador",68.4702,,,2.27621,,
2007,818,"Egypt",22.0925,,,10.88422,,
2007,222,"El Salvador",82.7086,,,4.58024,,
2007,226,"Equatorial Guinea",65.8646,,,2.79816,,
2007,232,"Eritrea",44.8487,,,9.40886,,
2007,233,"Estonia",70.3574,,,6.73885,,
2007,748,"Eswatini",45.6177,,,8.07408,,
2007,231,"Ethiopia",14.9916,,,17.24261,,
2007,230,"Ethiopia (...1991)",,,"Not applicable",,,"Not applicable"
2007,242,"Fiji",66.3983,,,4.81187,,
2007,246,"Finland",81.3429,,,1.58418,,
2007,250,"France",84.8501,,,1.60728,,
2007,258,"French Polynesia",91.9218,,,1.98179,,
2007,266,"Gabon",73.99,,,5.0287,,
2007,270,"Gambia",47.5214,,,5.3699,,
2007,268,"Georgia",59.3559,,,9.2441,,
2007,276,"Germany",84.0483,,,2.28869,,
2007,288,"Ghana",23.8951,,,10.72853,,
2007,300,"Greece",88.7099,,,2.98915,,
2007,308,"Grenada",83.6848,,,3.85977,,
2007,320,"Guatemala",57.4946,,,6.8226,,
2007,324,"Guinea",24.033,,,22.8611,,
2007,624,"Guinea-Bissau",80.1435,,,4.62702,,
2007,328,"Guyana",74.0115,,,12.20007,,
2007,332,"Haiti",32.4472,,,6.91325,,
2007,340,"Honduras",52.2455,,,6.94398,,
2007,348,"Hungary",68.6591,,,7.95176,,
2007,352,"Iceland",56.6701,,,5.06692,,
2007,356,"India",41.866,,,5.9171,,
2007,360,"Indonesia",53.7705,,,6.3198,,
2007,960,"Indonesia (...2002)",,,"Not applicable",,,"Not applicable"
2007,364,"Iran (Islamic Republic of)",8.6692,,,18.42206,,
2007,368,"Iraq",80.4101,,,30.83493,,
2007,372,"Ireland",95.3177,,,2.8818,,
2007,376,"Israel",83.8609,,,0.51689,,
2007,380,"Italy",84.7693,,,2.0329,,
2007,388,"Jamaica",38.8461,,,9.28684,,
2007,392,"Japan",95.5106,,,0.04714,,
2007,400,"Jordan",66.9011,,,4.74354,,
2007,398,"Kazakhstan",36.9128,,,10.79431,,
2007,404,"Kenya",37.7486,,,4.2707,,
2007,296,"Kiribati",80.8572,,,3.57865,,
2007,412,"Kosovo",,,"Not applicable",,,"Not applicable"
2007,417,"Kyrgyzstan",42.0618,,,10.22941,,
2007,418,"Lao People's Dem. Rep.",61.3041,,,4.66084,,
2007,428,"Latvia",72.7997,,,10.08022,,
2007,422,"Lebanon",35.719,,,4.05807,,
2007,426,"Lesotho",50.2117,,,9.17662,,
2007,430,"Liberia",22.2873,,,11.39103,,
2007,434,"Libya",34.1391,,,6.21148,,
2007,438,"Liechtenstein",98.5861,,,0.73459,,
2007,440,"Lithuania",71.3512,,,5.81974,,
2007,442,"Luxembourg",80.6627,,,2.65884,,
2007,450,"Madagascar",40.0208,,,10.28837,,
2007,454,"Malawi",17.7486,,,7.93989,,
2007,458,"Malaysia",77.1923,,,2.02604,,
2007,462,"Maldives",57.9254,,,6.7952,,
2007,466,"Mali",80.2806,,,1.4133,,
2007,470,"Malta",79.3246,,,0.69868,,
2007,584,"Marshall Islands",78.1868,,,2.62715,,
2007,480,"Mauritius",64.7873,,,8.82576,,
2007,484,"Mexico",59.2706,,,3.96956,,
2007,583,"Micronesia (Federated States of)",71.2661,,,3.63916,,
2007,496,"Mongolia",32.4802,,,9.6284,,
2007,499,"Montenegro",,,"Not applicable",,,"Not applicable"
2007,500,"Montserrat",84.8314,,,2.71015,,
2007,504,"Morocco",85.7561,,,1.97216,,
2007,508,"Mozambique",39.2833,,,10.4034,,
2007,104,"Myanmar",41.3365,,,35.02459,,
2007,516,"Namibia",49.4666,,,6.54838,,
2007,520,"Nauru",65.18,,,5.60097,,
2007,524,"Nepal",37.3037,,,6.20213,,
2007,528,"Netherlands (Kingdom of the)",82.6228,,,1.58693,,
2007,540,"New Caledonia",87.6902,,,0.9509,,
2007,554,"New Zealand",79.2422,,,2.37563,,
2007,558,"Nicaragua",45.2334,,,11.12705,,
2007,562,"Niger",80.9515,,,0.05965,,
2007,566,"Nigeria",23.1087,,,5.38343,,
2007,807,"North Macedonia",80.6201,,,2.79012,,
2007,578,"Norway",75.5926,,,0.76247,,
2007,512,"Oman",73.2329,,,5.89204,,
2007,586,"Pakistan",33.0461,,,7.77621,,
2007,585,"Palau",70.3337,,,3.01959,,
2007,591,"Panama",72.1899,,,4.16814,,
2007,598,"Papua New Guinea",49.1365,,,0.91012,,
2007,600,"Paraguay",57.7607,,,8.1435,,
2007,604,"Peru",68.442,,,1.77813,,
2007,608,"Philippines",64.29,,,2.91526,,
2007,616,"Poland",76.691,,,2.50168,,
2007,620,"Portugal",87.2623,,,2.42174,,
2007,630,"Puerto Rico",85.9385,,,4.22782,,
2007,634,"Qatar",83.1263,,,13.73938,,
2007,410,"Republic of Korea",78.01,,,2.53546,,
2007,498,"Republic of Moldova",47.7515,,,12.38172,,
2007,642,"Romania",65.1198,,,4.83501,,
2007,643,"Russian Federation",39.3122,,,9.00771,,
2007,646,"Rwanda",50.6904,,,9.08066,,
2007,659,"Saint Kitts and Nevis",89.585,,,4.48177,,
2007,662,"Saint Lucia",84.4855,,,2.82316,,
2007,670,"Saint Vincent and the Grenadines",81.6329,,,6.99367,,
2007,882,"Samoa",68.7315,,,4.48248,,
2007,674,"San Marino",82.1018,,,2.47421,,
2007,678,"Sao Tome and Principe",25.8954,,,18.55002,,
2007,682,"Saudi Arabia",72.7226,,,4.97935,,
2007,686,"Senegal",84.7844,,,5.4885,,
2007,688,"Serbia",,,"Not applicable",,,"Not applicable"
2007,690,"Seychelles",43.1711,,,5.32431,,
2007,694,"Sierra Leone",30.1997,,,16.97886,,
2007,702,"Singapore",79.3622,,,2.11005,,
2007,534,"Sint Maarten (Dutch part)",,,"Not applicable",,,"Not applicable"
2007,703,"Slovakia",79.9981,,,1.89946,,
2007,705,"Slovenia",82.4468,,,3.80596,,
2007,090,"Solomon Islands",57.1028,,,7.65346,,
2007,710,"South Africa",49.2484,,,7.12739,,
2007,728,"South Sudan",,,"Not applicable",,,"Not applicable"
2007,724,"Spain",85.4073,,,2.84276,,
2007,144,"Sri Lanka",45.7562,,,15.89509,,
2007,275,"State of Palestine",76.4274,,,1.85836,,
2007,729,"Sudan",,,"Not applicable",,,"Not applicable"
2007,736,"Sudan (...2011)",1.967,,,14.75412,,
2007,740,"Suriname",20.5651,,,6.42732,,
2007,752,"Sweden",83.451,,,1.68262,,
2007,756,"Switzerland",98.5859,,,0.73442,,
2007,762,"Tajikistan",37.8504,,,13.16821,,
2007,764,"Thailand",82.4317,,,2.16226,,
2007,626,"Timor-Leste",61.9038,,,8.63858,,
2007,768,"Togo",76.1044,,,0.9444,,
2007,776,"Tonga",63.8967,,,5.03979,,
2007,780,"Trinidad and Tobago",52.3892,,,7.87391,,
2007,788,"Tunisia",53.7593,,,3.42149,,
2007,792,"Turkiye",29.8265,,,8.77627,,
2007,795,"Turkmenistan",45.0249,,,6.2594,,
2007,796,"Turks and Caicos Islands",68.6655,,,2.26358,,
2007,798,"Tuvalu",73.7436,,,2.28553,,
2007,800,"Uganda",41.1874,,,6.08884,,
2007,804,"Ukraine",21.7779,,,12.84295,,
2007,784,"United Arab Emirates",82.6463,,,11.12771,,
2007,826,"United Kingdom",75.217,,,2.32325,,
2007,834,"United Republic of Tanzania",38.9688,,,7.02756,,
2007,840,"United States",80.1001,,,2.87064,,
2007,858,"Uruguay",36.4348,,,8.11526,,
2007,860,"Uzbekistan",22.39,,,11.15524,,
2007,548,"Vanuatu",72.1343,,,3.93548,,
2007,862,"Venezuela (Bolivarian Rep. of)",0,,,18.6722,,
2007,704,"Viet Nam",40.7959,,,8.3486,,
2007,894,"Zambia",28.814,,,10.65407,,
2008,004,"Afghanistan",66.3432,,,26.41843,,
2008,008,"Albania",78.0552,,,3.30981,,
2008,012,"Algeria",58.7106,,,4.85521,,
2008,020,"Andorra",92.8439,,,4.34703,,
2008,024,"Angola",16.5741,,,12.46401,,
2008,660,"Anguilla",92.5023,,,7.49933,,
2008,028,"Antigua and Barbuda",83.3815,,,5.33348,,
2008,032,"Argentina",3.944,,,12.36917,,
2008,051,"Armenia",68.5018,,,9.11406,,
2008,533,"Aruba",92.8897,,,8.95982,,
2008,036,"Australia",79.0357,,,4.34783,,
2008,040,"Austria",81.3903,,,3.22621,,
2008,031,"Azerbaijan",57.8188,,,20.80659,,
2008,044,"Bahamas",83.9002,,,4.43321,,
2008,048,"Bahrain",82.1931,,,3.53445,,
2008,050,"Bangladesh",45.9373,,,9.93704,,
2008,052,"Barbados",69.5998,,,8.10827,,
2008,112,"Belarus",15.3231,,,14.82803,,
2008,056,"Belgium",83.1635,,,4.49104,,
2008,084,"Belize",94.269,,,6.39482,,
2008,204,"Benin",85.0108,,,7.40171,,
2008,060,"Bermuda",103.1196,,,4.77868,,
2008,064,"Bhutan",49.8235,,,6.3001,,
2008,068,"Bolivia (Plurinational State of)",63.0538,,,14.01015,,
2008,070,"Bosnia and Herzegovina",94.4008,,,7.42652,,
2008,072,"Botswana",56.6983,,,12.62302,,
2008,076,"Brazil",52.5342,,,5.6783,,
2008,092,"British Virgin Islands",80.5794,,,7.51182,,
2008,096,"Brunei Darussalam",97.7443,,,2.08469,,
2008,100,"Bulgaria",86.1455,,,11.95156,,
2008,854,"Burkina Faso",89.5279,,,10.66855,,
2008,108,"Burundi",43.5011,,,24.40574,,
2008,132,"Cabo Verde",87.2481,,,6.77487,,
2008,116,"Cambodia",72.2708,,,24.99787,,
2008,120,"Cameroon",79.0901,,,5.3378,,
2008,124,"Canada",83.3044,,,2.37057,,
2008,136,"Cayman Islands",87.4754,,,4.1071,,
2008,140,"Central African Republic",62.086,,,9.24805,,
2008,148,"Chad",87.1357,,,8.33159,,
2008,152,"Chile",71.7763,,,8.71534,,
2008,156,"China",76.049,,,5.84375,,
2008,344,"China, Hong Kong SAR",72.0038,,,4.30217,,
2008,446,"China, Macao SAR",66.2072,,,8.60873,,
2008,158,"China, Taiwan Province of",91.6272,,,3.53024,,
2008,170,"Colombia",64.9377,,,7.0016,,
2008,174,"Comoros",78.0328,,,4.81611,,
2008,178,"Congo",76.8557,,,6.02052,,
2008,184,"Cook Islands",86.0525,,,4.86025,,
2008,188,"Costa Rica",67.6207,,,13.42376,,
2008,384,"Cote d'Ivoire",83.8835,,,1.70473,,
2008,191,"Croatia",86.9597,,,5.80258,,
2008,192,"Cuba",136.079,,,1.79458,,
2008,531,"Curacao",,,"Not applicable",,,"Not applicable"
2008,196,"Cyprus",92.8631,,,4.38192,,
2008,203,"Czechia",81.2017,,,6.34909,,
2008,180,"Dem. Rep. of the Congo",22.0171,,,17.96624,,
2008,208,"Denmark",88.5992,,,3.58497,,
2008,262,"Djibouti",76.2748,,,8.73001,,
2008,212,"Dominica",92.9878,,,6.35904,,
2008,214,"Dominican Republic",65.9282,,,10.64397,,
2008,218,"Ecuador",74.2221,,,8.40071,,
2008,818,"Egypt",24.6868,,,11.74304,,
2008,222,"El Salvador",88.7116,,,7.25803,,
2008,226,"Equatorial Guinea",68.9284,,,4.65177,,
2008,232,"Eritrea",54.7908,,,22.16801,,
2008,233,"Estonia",77.8229,,,10.61072,,
2008,748,"Eswatini",51.3921,,,12.65828,,
2008,231,"Ethiopia",21.6441,,,44.37481,,
2008,230,"Ethiopia (...1991)",,,"Not applicable",,,"Not applicable"
2008,242,"Fiji",71.5284,,,7.72613,,
2008,246,"Finland",84.5266,,,3.91385,,
2008,250,"France",87.5298,,,3.15814,,
2008,258,"French Polynesia",94.8836,,,3.22207,,
2008,266,"Gabon",77.8842,,,5.26306,,
2008,270,"Gambia",49.6365,,,4.45083,,
2008,268,"Georgia",65.2913,,,9.99964,,
2008,276,"Germany",86.3637,,,2.75496,,
2008,288,"Ghana",27.8391,,,16.50526,,
2008,300,"Greece",92.4664,,,4.2346,,
2008,304,"Greenland",82.3864,,,,,"No value reported or collected"
2008,308,"Grenada",90.4071,,,8.03287,,
2008,320,"Guatemala",64.0206,,,11.35064,,
2008,324,"Guinea",28.447,,,18.3665,,
2008,624,"Guinea-Bissau",88.5146,,,10.44507,,
2008,328,"Guyana",80.0077,,,8.10169,,
2008,332,"Haiti",36.5068,,,12.51149,,
2008,340,"Honduras",58.1984,,,11.39405,,
2008,348,"Hungary",72.8166,,,6.0553,,
2008,352,"Iceland",63.8558,,,12.67992,,
2008,356,"India",45.7233,,,9.21356,,
2008,360,"Indonesia",59.0777,,,9.87018,,
2008,960,"Indonesia (...2002)",,,"Not applicable",,,"Not applicable"
2008,364,"Iran (Islamic Republic of)",10.8631,,,25.30724,,
2008,368,"Iraq",82.5552,,,2.66778,,
2008,372,"Ireland",98.2995,,,3.12832,,
2008,376,"Israel",87.7136,,,4.59418,,
2008,380,"Italy",87.7443,,,3.50947,,
2008,388,"Jamaica",47.4023,,,22.02594,,
2008,392,"Japan",96.8307,,,1.38216,,
2008,400,"Jordan",76.2486,,,13.97206,,
2008,398,"Kazakhstan",43.2452,,,17.15524,,
2008,404,"Kenya",43.4539,,,15.11404,,
2008,296,"Kiribati",91.9061,,,13.66468,,
2008,412,"Kosovo",83.6954,,,,,"No value reported or collected"
2008,417,"Kyrgyzstan",52.3752,,,24.51955,,
2008,418,"Lao People's Dem. Rep.",65.9814,,,7.62967,,
2008,428,"Latvia",83.9076,,,15.25812,,
2008,422,"Lebanon",39.5401,,,10.69758,,
2008,426,"Lesotho",55.5778,,,10.68699,,
2008,430,"Liberia",26.1854,,,17.49059,,
2008,434,"Libya",37.6897,,,10.40021,,
2008,438,"Liechtenstein",100.9798,,,2.42809,,
2008,440,"Lithuania",79.2657,,,11.09223,,
2008,442,"Luxembourg",83.9583,,,4.08557,,
2008,450,"Madagascar",43.7411,,,9.29588,,
2008,454,"Malawi",19.2958,,,8.71735,,
2008,458,"Malaysia",81.3838,,,5.42995,,
2008,462,"Maldives",64.9006,,,12.04161,,
2008,466,"Mali",87.6482,,,9.17723,,
2008,470,"Malta",83.0412,,,4.68524,,
2008,584,"Marshall Islands",89.6562,,,14.66924,,
2008,480,"Mauritius",71.0866,,,9.72299,,
2008,484,"Mexico",62.3108,,,5.12941,,
2008,583,"Micronesia (Federated States of)",75.9501,,,6.57264,,
2008,496,"Mongolia",41.5757,,,28.00319,,
2008,499,"Montenegro",82.6191,,,,,"No value reported or collected"
2008,500,"Montserrat",88.9895,,,4.90162,,
2008,504,"Morocco",88.9756,,,3.75427,,
2008,508,"Mozambique",44.9845,,,14.51282,,
2008,104,"Myanmar",52.4145,,,26.79954,,
2008,516,"Namibia",53.9647,,,9.09309,,
2008,520,"Nauru",65.8549,,,1.03548,,
2008,524,"Nepal",39.795,,,6.67852,,
2008,528,"Netherlands (Kingdom of the)",84.4508,,,2.21252,,
2008,540,"New Caledonia",90.2103,,,2.87389,,
2008,554,"New Zealand",82.3798,,,3.95949,,
2008,558,"Nicaragua",54.2014,,,19.82607,,
2008,562,"Niger",89.4494,,,10.49757,,
2008,566,"Nigeria",25.7887,,,11.5975,,
2008,807,"North Macedonia",86.4423,,,7.22172,,
2008,578,"Norway",78.4268,,,3.74941,,
2008,512,"Oman",82.4307,,,12.55969,,
2008,586,"Pakistan",37.0103,,,11.99571,,
2008,585,"Palau",77.3183,,,9.93069,,
2008,591,"Panama",78.513,,,8.7589,,
2008,598,"Papua New Guinea",54.4274,,,10.76763,,
2008,600,"Paraguay",63.6443,,,10.1861,,
2008,604,"Peru",72.4038,,,5.78853,,
2008,608,"Philippines",69.5683,,,8.21017,,
2008,616,"Poland",79.9112,,,4.19892,,
2008,620,"Portugal",89.5738,,,2.64899,,
2008,630,"Puerto Rico",90.416,,,5.21011,,
2008,634,"Qatar",95.6522,,,15.06849,,
2008,410,"Republic of Korea",81.656,,,4.67376,,
2008,498,"Republic of Moldova",53.8179,,,12.7043,,
2008,642,"Romania",70.2287,,,7.84539,,
2008,643,"Russian Federation",44.8596,,,14.11126,,
2008,646,"Rwanda",58.5175,,,15.44101,,
2008,659,"Saint Kitts and Nevis",94.3328,,,5.29977,,
2008,662,"Saint Lucia",89.1739,,,5.54931,,
2008,670,"Saint Vincent and the Grenadines",89.8969,,,10.12332,,
2008,882,"Samoa",73.0381,,,6.26584,,
2008,674,"San Marino",85.4652,,,4.09667,,
2008,678,"Sao Tome and Principe",34.1794,,,31.99022,,
2008,682,"Saudi Arabia",77.1701,,,6.11561,,
2008,686,"Senegal",90.072,,,6.23652,,
2008,688,"Serbia",59.5744,,,,,"No value reported or collected"
2008,690,"Seychelles",59.1297,,,36.96609,,
2008,694,"Sierra Leone",32.6798,,,8.21245,,
2008,702,"Singapore",84.6283,,,6.63553,,
2008,534,"Sint Maarten (Dutch part)",,,"Not applicable",,,"Not applicable"
2008,703,"Slovakia",83.1566,,,3.94821,,
2008,705,"Slovenia",86.9973,,,5.51933,,
2008,090,"Solomon Islands",67.0028,,,17.33717,,
2008,710,"South Africa",54.5994,,,10.86545,,
2008,728,"South Sudan",,,"Not applicable",,,"Not applicable"
2008,724,"Spain",88.9345,,,4.12986,,
2008,144,"Sri Lanka",55.9853,,,22.35556,,
2008,275,"State of Palestine",83.9874,,,9.89178,,
2008,729,"Sudan",,,"Not applicable",,,"Not applicable"
2008,736,"Sudan (...2011)",2.2482,,,14.29729,,
2008,740,"Suriname",23.5814,,,14.66728,,
2008,752,"Sweden",86.2411,,,3.34345,,
2008,756,"Switzerland",100.9796,,,2.42807,,
2008,762,"Tajikistan",45.5828,,,20.42883,,
2008,764,"Thailand",86.9536,,,5.48574,,
2008,626,"Timor-Leste",66.5015,,,7.42719,,
2008,768,"Togo",82.7222,,,8.69565,,
2008,776,"Tonga",70.0417,,,9.617,,
2008,780,"Trinidad and Tobago",58.6945,,,12.03543,,
2008,788,"Tunisia",56.4021,,,4.91595,,
2008,792,"Turkiye",32.9311,,,10.40909,,
2008,795,"Turkmenistan",51.571,,,14.53882,,
2008,796,"Turks and Caicos Islands",71.9752,,,4.81997,,
2008,798,"Tuvalu",81.4449,,,10.44341,,
2008,800,"Uganda",46.1485,,,12.04523,,
2008,804,"Ukraine",27.2662,,,25.20135,,
2008,784,"United Arab Emirates",92.7777,,,12.25865,,
2008,826,"United Kingdom",77.9254,,,3.60077,,
2008,834,"United Republic of Tanzania",42.9734,,,10.2765,,
2008,840,"United States",83.1559,,,3.81492,,
2008,858,"Uruguay",39.3046,,,7.87646,,
2008,860,"Uzbekistan",25.329,,,13.1264,,
2008,548,"Vanuatu",75.6269,,,4.84171,,
2008,862,"Venezuela (Bolivarian Rep. of)",0,,,31.46853,,
2008,704,"Viet Nam",50.2263,,,23.11595,,
2008,894,"Zambia",32.4013,,,12.44989,,
2008,716,"Zimbabwe",3.3582,,,,,"No value reported or collected"
2009,004,"Afghanistan",61.8243,,,-6.8114,,
2009,008,"Albania",79.7973,,,2.23179,,
2009,012,"Algeria",62.0812,,,5.74102,,
2009,020,"Andorra",91.7143,,,-1.21671,,
2009,024,"Angola",18.8481,,,13.72006,,
2009,660,"Anguilla",91.8756,,,-0.67754,,
2009,028,"Antigua and Barbuda",82.9232,,,-0.54968,,
2009,032,"Argentina",4.6231,,,17.21797,,
2009,051,"Armenia",70.9101,,,3.51564,,
2009,533,"Aruba",90.9046,,,-2.13704,,
2009,036,"Australia",80.4348,,,1.77015,,
2009,040,"Austria",81.7165,,,0.40081,,
2009,031,"Azerbaijan",58.6632,,,1.46031,,
2009,044,"Bahamas",85.2975,,,1.66536,,
2009,048,"Bahrain",84.4825,,,2.7854,,
2009,050,"Bangladesh",48.9942,,,6.65462,,
2009,052,"Barbados",72.1372,,,3.64569,,
2009,112,"Belarus",17.3076,,,12.95079,,
2009,056,"Belgium",83.1597,,,-0.00452,,
2009,084,"Belize",93.228,,,-1.10429,,
2009,204,"Benin",85.8063,,,0.93574,,
2009,060,"Bermuda",104.9787,,,1.8029,,
2009,064,"Bhutan",53.3744,,,7.12701,,
2009,068,"Bolivia (Plurinational State of)",65.1625,,,3.34437,,
2009,070,"Bosnia and Herzegovina",94.0413,,,-0.38089,,
2009,072,"Botswana",61.2954,,,8.10816,,
2009,076,"Brazil",55.1021,,,4.8881,,
2009,092,"British Virgin Islands",82.9572,,,2.95084,,
2009,096,"Brunei Darussalam",98.7562,,,1.03526,,
2009,100,"Bulgaria",88.2747,,,2.47163,,
2009,854,"Burkina Faso",90.3018,,,0.86438,,
2009,108,"Burundi",48.0928,,,10.55543,,
2009,132,"Cabo Verde",88.124,,,1.00398,,
2009,116,"Cambodia",71.7917,,,-0.66288,,
2009,120,"Cameroon",81.494,,,3.03942,,
2009,124,"Canada",83.5534,,,0.29888,,
2009,136,"Cayman Islands",86.1649,,,-1.49813,,
2009,140,"Central African Republic",64.3094,,,3.58118,,
2009,148,"Chad",95.939,,,10.10302,,
2009,152,"Chile",72.8421,,,1.48486,,
2009,156,"China",75.5237,,,-0.69073,,
2009,344,"China, Hong Kong SAR",72.4213,,,0.57991,,
2009,446,"China, Macao SAR",66.9835,,,1.17247,,
2009,158,"China, Taiwan Province of",90.8258,,,-0.87472,,
2009,170,"Colombia",67.6605,,,4.19291,,
2009,174,"Comoros",81.7695,,,4.78871,,
2009,178,"Congo",80.1914,,,4.34016,,
2009,184,"Cook Islands",89.9156,,,4.48927,,
2009,188,"Costa Rica",72.9247,,,7.84387,,
2009,384,"Cote d'Ivoire",84.3186,,,0.51868,,
2009,191,"Croatia",88.8907,,,2.22051,,
2009,192,"Cuba",137.7972,,,1.26269,,
2009,531,"Curacao",,,"Not applicable",,,"Not applicable"
2009,196,"Cyprus",93.023,,,0.1722,,
2009,203,"Czechia",82.0221,,,1.01039,,
2009,180,"Dem. Rep. of the Congo",32.1671,,,46.10091,,
2009,208,"Denmark",89.5332,,,1.05424,,
2009,262,"Djibouti",80.5091,,,5.55129,,
2009,212,"Dominica",92.9936,,,0.00617,,
2009,214,"Dominican Republic",66.8791,,,1.44225,,
2009,218,"Ecuador",78.0517,,,5.15962,,
2009,818,"Egypt",28.6758,,,16.15821,,
2009,222,"El Salvador",89.1883,,,0.53733,,
2009,226,"Equatorial Guinea",72.8643,,,5.71,,
2009,232,"Eritrea",73.3383,,,33.85152,,
2009,233,"Estonia",77.9783,,,0.19977,,
2009,748,"Eswatini",55.2199,,,7.4482,,
2009,231,"Ethiopia",23.4794,,,8.47912,,
2009,230,"Ethiopia (...1991)",,,"Not applicable",,,"Not applicable"
2009,242,"Fiji",74.1429,,,3.65519,,
2009,246,"Finland",85.9066,,,1.63263,,
2009,250,"France",87.623,,,0.10645,,
2009,258,"French Polynesia",94.9885,,,0.11053,,
2009,266,"Gabon",79.3525,,,1.88529,,
2009,270,"Gambia",51.8971,,,4.55427,,
2009,268,"Georgia",66.4196,,,1.72812,,
2009,276,"Germany",86.5607,,,0.22799,,
2009,288,"Ghana",31.497,,,13.13943,,
2009,300,"Greece",93.7125,,,1.34763,,
2009,304,"Greenland",84.1721,,,2.16749,,
2009,308,"Grenada",90.1281,,,-0.30865,,
2009,320,"Guatemala",65.2125,,,1.86185,,
2009,324,"Guinea",29.7788,,,4.68169,,
2009,624,"Guinea-Bissau",87.0661,,,-1.63647,,
2009,328,"Guyana",82.3705,,,2.95324,,
2009,332,"Haiti",38.5502,,,5.59713,,
2009,340,"Honduras",61.3998,,,5.50072,,
2009,348,"Hungary",75.8737,,,4.19831,,
2009,352,"Iceland",71.522,,,12.00551,,
2009,356,"India",50.571,,,10.60217,,
2009,360,"Indonesia",61.9164,,,4.80504,,
2009,960,"Indonesia (...2002)",,,"Not applicable",,,"Not applicable"
2009,364,"Iran (Islamic Republic of)",12.0379,,,10.8143,,
2009,368,"Iraq",84.4868,,,2.33979,,
2009,372,"Ireland",96.6364,,,-1.6919,,
2009,376,"Israel",90.6219,,,3.31569,,
2009,380,"Italy",88.4187,,,0.76856,,
2009,388,"Jamaica",51.9418,,,9.57652,,
2009,392,"Japan",95.5416,,,-1.3313,,
2009,400,"Jordan",75.6828,,,-0.74204,,
2009,398,"Kazakhstan",46.4037,,,7.30368,,
2009,404,"Kenya",48.0326,,,10.53686,,
2009,296,"Kiribati",100.9278,,,9.81617,,
2009,412,"Kosovo",81.6716,,,-2.41811,,
2009,417,"Kyrgyzstan",55.956,,,6.83677,,
2009,418,"Lao People's Dem. Rep.",66.0741,,,0.1406,,
2009,428,"Latvia",86.6436,,,3.26073,,
2009,422,"Lebanon",40.0207,,,1.21545,,
2009,426,"Lesotho",58.8201,,,5.83383,,
2009,430,"Liberia",28.1302,,,7.4269,,
2009,434,"Libya",38.6125,,,2.44851,,
2009,438,"Liechtenstein",100.4959,,,-0.47923,,
2009,440,"Lithuania",82.5637,,,4.16074,,
2009,442,"Luxembourg",83.9715,,,0.01582,,
2009,450,"Madagascar",47.6579,,,8.95446,,
2009,454,"Malawi",20.9196,,,8.41503,,
2009,458,"Malaysia",81.8693,,,0.59647,,
2009,462,"Maldives",67.8408,,,4.53029,,
2009,466,"Mali",89.7311,,,2.37645,,
2009,470,"Malta",84.568,,,1.83868,,
2009,584,"Marshall Islands",90.0866,,,0.48011,,
2009,480,"Mauritius",72.8803,,,2.52332,,
2009,484,"Mexico",65.6098,,,5.29445,,
2009,583,"Micronesia (Federated States of)",82.1427,,,8.15347,,
2009,496,"Mongolia",44.7367,,,7.60295,,
2009,499,"Montenegro",85.5528,,,3.5509,,
2009,500,"Montserrat",91.4699,,,2.78727,,
2009,504,"Morocco",88.7805,,,-0.2193,,
2009,508,"Mozambique",46.6842,,,3.77855,,
2009,104,"Myanmar",53.1862,,,1.47234,,
2009,516,"Namibia",59.0554,,,9.43334,,
2009,520,"Nauru",80.6209,,,22.422,,
2009,524,"Nepal",44.819,,,12.6246,,
2009,528,"Netherlands (Kingdom of the)",85.2766,,,0.97777,,
2009,540,"New Caledonia",91,,,0.87546,,
2009,554,"New Zealand",84.1225,,,2.11549,,
2009,558,"Nicaragua",56.1999,,,3.68705,,
2009,562,"Niger",90.4797,,,1.15178,,
2009,566,"Nigeria",29.0243,,,12.54639,,
2009,807,"North Macedonia",85.7813,,,-0.76461,,
2009,578,"Norway",80.1245,,,2.16459,,
2009,512,"Oman",85.3464,,,3.53718,,
2009,586,"Pakistan",44.2496,,,19.56024,,
2009,585,"Palau",80.9394,,,4.68344,,
2009,591,"Panama",80.4049,,,2.40965,,
2009,598,"Papua New Guinea",58.19,,,6.91309,,
2009,600,"Paraguay",65.3023,,,2.60503,,
2009,604,"Peru",74.5291,,,2.93529,,
2009,608,"Philippines",72.518,,,4.23997,,
2009,616,"Poland",82.7087,,,3.50082,,
2009,620,"Portugal",88.7664,,,-0.90147,,
2009,630,"Puerto Rico",90.6674,,,0.27811,,
2009,634,"Qatar",90.9938,,,-4.87013,,
2009,410,"Republic of Korea",83.906,,,2.75546,,
2009,498,"Republic of Moldova",53.821,,,0.00564,,
2009,642,"Romania",74.1502,,,5.584,,
2009,643,"Russian Federation",50.0843,,,11.64678,,
2009,646,"Rwanda",64.5695,,,10.34225,,
2009,659,"Saint Kitts and Nevis",96.2738,,,2.05758,,
2009,662,"Saint Lucia",89.0338,,,-0.15704,,
2009,670,"Saint Vincent and the Grenadines",90.2319,,,0.37261,,
2009,882,"Samoa",83.7326,,,14.64241,,
2009,674,"San Marino",87.5311,,,2.41718,,
2009,678,"Sao Tome and Principe",39.9751,,,16.95681,,
2009,682,"Saudi Arabia",80.4612,,,4.26479,,
2009,686,"Senegal",89.1291,,,-1.04673,,
2009,688,"Serbia",64.3887,,,8.0811,,
2009,690,"Seychelles",77.906,,,31.7544,,
2009,694,"Sierra Leone",35.1204,,,7.46832,,
2009,702,"Singapore",85.126,,,0.58811,,
2009,534,"Sint Maarten (Dutch part)",,,"Not applicable",,,"Not applicable"
2009,703,"Slovakia",83.9324,,,0.93302,,
2009,705,"Slovenia",87.7386,,,0.85213,,
2009,090,"Solomon Islands",71.8046,,,7.16662,,
2009,710,"South Africa",58.5293,,,7.19772,,
2009,728,"South Sudan",,,"Not applicable",,,"Not applicable"
2009,724,"Spain",88.7212,,,-0.23983,,
2009,144,"Sri Lanka",57.9463,,,3.50287,,
2009,275,"State of Palestine",86.2991,,,2.75249,,
2009,729,"Sudan",,,"Not applicable",,,"Not applicable"
2009,736,"Sudan (...2011)",2.5013,,,11.25675,,
2009,740,"Suriname",23.5103,,,-0.30178,,
2009,752,"Sweden",87.9123,,,1.93775,,
2009,756,"Switzerland",100.4962,,,-0.47874,,
2009,762,"Tajikistan",48.5089,,,6.41928,,
2009,764,"Thailand",86.1982,,,-0.86883,,
2009,626,"Timor-Leste",66.3624,,,-0.20924,,
2009,768,"Togo",84.3275,,,1.94057,,
2009,776,"Tonga",73.8801,,,5.48016,,
2009,780,"Trinidad and Tobago",62.8095,,,7.01089,,
2009,788,"Tunisia",58.3987,,,3.54006,,
2009,792,"Turkiye",34.9919,,,6.25772,,
2009,795,"Turkmenistan",50.193,,,-2.67202,,
2009,796,"Turks and Caicos Islands",74.9119,,,4.08026,,
2009,798,"Tuvalu",81.2141,,,-0.28348,,
2009,800,"Uganda",52.155,,,13.01562,,
2009,804,"Ukraine",31.6014,,,15.89964,,
2009,784,"United Arab Emirates",88.3942,,,-4.72465,,
2009,826,"United Kingdom",79.613,,,2.16563,,
2009,834,"United Republic of Tanzania",48.1921,,,12.14401,,
2009,840,"United States",82.8897,,,-0.32009,,
2009,858,"Uruguay",42.0828,,,7.06842,,
2009,860,"Uzbekistan",28.444,,,12.29816,,
2009,548,"Vanuatu",78.8764,,,4.29682,,
2009,862,"Venezuela (Bolivarian Rep. of)",0,,,26.06383,,
2009,704,"Viet Nam",53.5998,,,6.71674,,
2009,894,"Zambia",36.7403,,,13.39147,,
2009,716,"Zimbabwe",3.7313,,,11.11111,,
2010,004,"Afghanistan",63.1709,,,2.17817,,
2010,008,"Albania",82.6819,,,3.61499,,
2010,012,"Algeria",64.5089,,,3.91067,,
2010,020,"Andorra",93.2791,,,1.70619,,
2010,024,"Angola",21.5773,,,14.47993,,
2010,660,"Anguilla",93.779,,,2.07175,,
2010,028,"Antigua and Barbuda",85.7172,,,3.36947,,
2010,032,"Argentina",5.6805,,,22.87238,,
2010,051,"Armenia",76.6909,,,8.15236,,
2010,533,"Aruba",92.7933,,,2.07766,,
2010,036,"Australia",82.7378,,,2.86326,,
2010,040,"Austria",83.0988,,,1.69153,,
2010,031,"Azerbaijan",62.0221,,,5.72573,,
2010,044,"Bahamas",86.6809,,,1.62181,,
2010,048,"Bahrain",86.1396,,,1.96147,,
2010,050,"Bangladesh",52.5785,,,7.31577,,
2010,052,"Barbados",76.3381,,,5.82359,,
2010,112,"Belarus",18.6476,,,7.74272,,
2010,056,"Belgium",85.094,,,2.326,,
2010,084,"Belize",94.084,,,0.91818,,
2010,204,"Benin",87.6451,,,2.143,,
2010,060,"Bermuda",107.5232,,,2.42383,,
2010,064,"Bhutan",55.9503,,,4.82617,,
2010,068,"Bolivia (Plurinational State of)",66.7934,,,2.50279,,
2010,070,"Bosnia and Herzegovina",96.0378,,,2.12307,,
2010,072,"Botswana",65.5553,,,6.9497,,
2010,076,"Brazil",57.8788,,,5.03905,,
2010,092,"British Virgin Islands",84.9207,,,2.36687,,
2010,096,"Brunei Darussalam",99.0386,,,0.28602,,
2010,100,"Bulgaria",90.9522,,,3.03325,,
2010,854,"Burkina Faso",89.7526,,,-0.60817,,
2010,108,"Burundi",51.2157,,,6.49337,,
2010,132,"Cabo Verde",89.9516,,,2.0739,,
2010,116,"Cambodia",74.6612,,,3.99698,,
2010,120,"Cameroon",82.5366,,,1.27934,,
2010,124,"Canada",85.0385,,,1.77746,,
2010,136,"Cayman Islands",86.3833,,,0.25349,,
2010,140,"Central African Republic",65.265,,,1.48591,,
2010,148,"Chad",93.9148,,,-2.10987,,
2010,152,"Chile",73.869,,,1.40972,,
2010,156,"China",78.0381,,,3.3293,,
2010,344,"China, Hong Kong SAR",74.0815,,,2.29243,,
2010,446,"China, Macao SAR",68.8655,,,2.80972,,
2010,158,"China, Taiwan Province of",91.7027,,,0.96552,,
2010,170,"Colombia",69.1945,,,2.2672,,
2010,174,"Comoros",84.9575,,,3.89878,,
2010,178,"Congo",80.5048,,,0.39085,,
2010,184,"Cook Islands",91.2197,,,1.45028,,
2010,188,"Costa Rica",77.0536,,,5.66181,,
2010,384,"Cote d'Ivoire",85.7944,,,1.75034,,
2010,191,"Croatia",89.8595,,,1.0899,,
2010,192,"Cuba",97.0826,,,-29.54679,,
2010,531,"Curacao",,,"Not applicable",,,"Not applicable"
2010,196,"Cyprus",95.4063,,,2.56208,,
2010,203,"Czechia",83.2257,,,1.46743,,
2010,180,"Dem. Rep. of the Congo",39.7139,,,23.46107,,
2010,208,"Denmark",91.5086,,,2.20636,,
2010,262,"Djibouti",82.5097,,,2.48493,,
2010,212,"Dominica",95.6069,,,2.81019,,
2010,214,"Dominican Republic",71.1122,,,6.32958,,
2010,218,"Ecuador",80.8264,,,3.55493,,
2010,818,"Egypt",32.0195,,,11.66029,,
2010,222,"El Salvador",90.2399,,,1.179,,
2010,226,"Equatorial Guinea",76.7601,,,5.3467,,
2010,232,"Eritrea",80.8899,,,10.29694,,
2010,233,"Estonia",80.1149,,,2.73996,,
2010,748,"Eswatini",57.7095,,,4.50853,,
2010,231,"Ethiopia",25.3892,,,8.13406,,
2010,230,"Ethiopia (...1991)",,,"Not applicable",,,"Not applicable"
2010,242,"Fiji",76.8778,,,3.68871,,
2010,246,"Finland",87.357,,,1.68836,,
2010,250,"France",89.1433,,,1.73505,,
2010,258,"French Polynesia",96.2302,,,1.30728,,
2010,266,"Gabon",80.5007,,,1.447,,
2010,270,"Gambia",54.5176,,,5.04949,,
2010,268,"Georgia",71.142,,,7.10996,,
2010,276,"Germany",87.5689,,,1.16473,,
2010,288,"Ghana",33.6067,,,6.69833,,
2010,300,"Greece",98.1181,,,4.70124,,
2010,304,"Greenland",85.7549,,,1.88042,,
2010,308,"Grenada",93.2255,,,3.43667,,
2010,320,"Guatemala",67.7888,,,3.95064,,
2010,324,"Guinea",34.3846,,,15.46636,,
2010,624,"Guinea-Bissau",87.9987,,,1.07118,,
2010,328,"Guyana",85.9135,,,4.30126,,
2010,332,"Haiti",39.6762,,,2.92092,,
2010,340,"Honduras",64.2854,,,4.69981,,
2010,348,"Hungary",79.5697,,,4.87127,,
2010,352,"Iceland",75.38,,,5.39416,,
2010,356,"India",55.3098,,,9.37069,,
2010,360,"Indonesia",65.0968,,,5.13648,,
2010,960,"Indonesia (...2002)",,,"Not applicable",,,"Not applicable"
2010,364,"Iran (Islamic Republic of)",13.5183,,,12.29766,,
2010,368,"Iraq",86.5398,,,2.42987,,
2010,372,"Ireland",95.0889,,,-1.60139,,
2010,376,"Israel",93.0637,,,2.69449,,
2010,380,"Italy",89.8458,,,1.61409,,
2010,388,"Jamaica",58.4954,,,12.61711,,
2010,392,"Japan",94.8326,,,-0.74214,,
2010,400,"Jordan",79.3525,,,4.84885,,
2010,398,"Kazakhstan",49.6985,,,7.10026,,
2010,404,"Kenya",49.9944,,,4.08429,,
2010,296,"Kiribati",96.992,,,-3.89956,,
2010,412,"Kosovo",84.5306,,,3.50059,,
2010,417,"Kyrgyzstan",60.4146,,,7.96804,,
2010,418,"Lao People's Dem. Rep.",70.0269,,,5.9824,,
2010,428,"Latvia",85.577,,,-1.23105,,
2010,422,"Lebanon",41.6059,,,3.96098,,
2010,426,"Lesotho",60.7651,,,3.30658,,
2010,430,"Liberia",30.1812,,,7.29125,,
2010,434,"Libya",39.5613,,,2.45708,,
2010,438,"Liechtenstein",101.1869,,,0.68763,,
2010,440,"Lithuania",83.5465,,,1.19033,,
2010,442,"Luxembourg",86.3131,,,2.78848,,
2010,450,"Madagascar",52.0647,,,9.24686,,
2010,454,"Malawi",22.469,,,7.40644,,
2010,458,"Malaysia",83.2781,,,1.72082,,
2010,462,"Maldives",72.0126,,,6.14942,,
2010,466,"Mali",90.8041,,,1.19581,,
2010,470,"Malta",86.2937,,,2.04062,,
2010,584,"Marshall Islands",91.6809,,,1.76968,,
2010,478,"Mauritania",72.3379,,,,,"No value reported or collected"
2010,480,"Mauritius",75.0108,,,2.92326,,
2010,484,"Mexico",68.3363,,,4.15567,,
2010,583,"Micronesia (Federated States of)",85.1147,,,3.61804,,
2010,496,"Mongolia",48.4543,,,8.30995,,
2010,499,"Montenegro",85.8801,,,0.38254,,
2010,500,"Montserrat",93.3845,,,2.09315,,
2010,504,"Morocco",89.6585,,,0.98901,,
2010,508,"Mozambique",52.4861,,,12.42785,,
2010,104,"Myanmar",57.2914,,,7.71838,,
2010,516,"Namibia",61.9355,,,4.87707,,
2010,520,"Nauru",79.0337,,,-1.96874,,
2010,524,"Nepal",49.1059,,,9.56502,,
2010,528,"Netherlands (Kingdom of the)",86.068,,,0.92808,,
2010,540,"New Caledonia",92.9748,,,2.17011,,
2010,554,"New Zealand",86.0588,,,2.30168,,
2010,558,"Nicaragua",59.2655,,,5.45486,,
2010,562,"Niger",91.336,,,0.9464,,
2010,566,"Nigeria",33.0068,,,13.72131,,
2010,807,"North Macedonia",87.0727,,,1.50539,,
2010,578,"Norway",82.0578,,,2.41287,,
2010,512,"Oman",88.1253,,,3.25594,,
2010,586,"Pakistan",48.7223,,,10.10798,,
2010,585,"Palau",81.824,,,1.09294,,
2010,591,"Panama",83.2123,,,3.49157,,
2010,598,"Papua New Guinea",61.159,,,5.10228,,
2010,600,"Paraguay",68.3299,,,4.63642,,
2010,604,"Peru",75.669,,,1.52949,,
2010,608,"Philippines",75.2282,,,3.73732,,
2010,616,"Poland",84.8593,,,2.60025,,
2010,620,"Portugal",89.9993,,,1.38895,,
2010,630,"Puerto Rico",92.9104,,,2.47382,,
2010,634,"Qatar",88.8199,,,-2.38908,,
2010,410,"Republic of Korea",86.373,,,2.94019,,
2010,498,"Republic of Moldova",57.7809,,,7.35752,,
2010,642,"Romania",78.6832,,,6.11318,,
2010,643,"Russian Federation",53.5153,,,6.85038,,
2010,646,"Rwanda",66.0669,,,2.31899,,
2010,659,"Saint Kitts and Nevis",97.0938,,,0.85171,,
2010,662,"Saint Lucia",91.9277,,,3.25027,,
2010,670,"Saint Vincent and the Grenadines",90.9189,,,0.76146,,
2010,882,"Samoa",83.5648,,,-0.20039,,
2010,674,"San Marino",89.6436,,,2.4134,,
2010,678,"Sao Tome and Principe",45.3075,,,13.33927,,
2010,682,"Saudi Arabia",83.4359,,,3.69707,,
2010,686,"Senegal",89.1291,,,0,,
2010,688,"Serbia",68.3469,,,6.14741,,
2010,690,"Seychelles",76.0329,,,-2.40434,,
2010,694,"Sierra Leone",37.6436,,,7.18449,,
2010,702,"Singapore",87.5341,,,2.82886,,
2010,534,"Sint Maarten (Dutch part)",,,"Not applicable",,,"Not applicable"
2010,703,"Slovakia",84.5226,,,0.70313,,
2010,705,"Slovenia",89.5401,,,2.0532,,
2010,090,"Solomon Islands",72.4541,,,0.9046,,
2010,710,"South Africa",61.0082,,,4.23532,,
2010,728,"South Sudan",,,"Not applicable",,,"Not applicable"
2010,724,"Spain",90.5348,,,2.04412,,
2010,144,"Sri Lanka",61.5469,,,6.21362,,
2010,275,"State of Palestine",89.5362,,,3.75095,,
2010,729,"Sudan",,,"Not applicable",,,"Not applicable"
2010,736,"Sudan (...2011)",2.8259,,,12.97738,,
2010,740,"Suriname",25.1439,,,6.94859,,
2010,752,"Sweden",89.5846,,,1.90231,,
2010,756,"Switzerland",101.1873,,,0.68766,,
2010,760,"Syrian Arab Republic",7.5915,,,,,"No value reported or collected"
2010,762,"Tajikistan",51.6439,,,6.46275,,
2010,764,"Thailand",89.0429,,,3.30021,,
2010,626,"Timor-Leste",69.7986,,,5.17793,,
2010,768,"Togo",87.0393,,,3.21579,,
2010,776,"Tonga",75.1171,,,1.67441,,
2010,780,"Trinidad and Tobago",69.4273,,,10.53634,,
2010,788,"Tunisia",60.9453,,,4.36068,,
2010,792,"Turkiye",37.9881,,,8.56257,,
2010,795,"Turkmenistan",52.425,,,4.44688,,
2010,796,"Turks and Caicos Islands",77.309,,,3.19982,,
2010,798,"Tuvalu",79.7095,,,-1.85263,,
2010,800,"Uganda",54.2322,,,3.9828,,
2010,804,"Ukraine",34.5609,,,9.36489,,
2010,784,"United Arab Emirates",89.171,,,0.87873,,
2010,826,"United Kingdom",82.2386,,,3.29799,,
2010,834,"United Republic of Tanzania",51.6577,,,7.19125,,
2010,840,"United States",84.2461,,,1.63633,,
2010,858,"Uruguay",44.8996,,,6.69339,,
2010,860,"Uzbekistan",31.944,,,12.30488,,
2010,548,"Vanuatu",81.0555,,,2.76268,,
2010,862,"Venezuela (Bolivarian Rep. of)",0,,,28.19972,,
2010,704,"Viet Nam",59.2409,,,10.52439,,
2010,894,"Zambia",39.8634,,,8.50033,,
2010,716,"Zimbabwe",3.7313,,,0,,
2011,004,"Afghanistan",70.6276,,,11.80391,,
2011,008,"Albania",85.5288,,,3.44321,,
2011,012,"Algeria",67.4117,,,4.49974,,
2011,020,"Andorra",95.6594,,,2.55178,,
2011,024,"Angola",24.4869,,,13.48458,,
2011,660,"Anguilla",98.2358,,,4.75248,,
2011,028,"Antigua and Barbuda",88.6807,,,3.4573,,
2011,032,"Argentina",7.0675,,,24.41766,,
2011,051,"Armenia",82.4385,,,7.49455,,
2011,533,"Aruba",96.853,,,4.37505,,
2011,036,"Australia",85.5144,,,3.35588,,
2011,040,"Austria",86.0454,,,3.5459,,
2011,031,"Azerbaijan",66.9064,,,7.8752,,
2011,044,"Bahamas",89.3365,,,3.06375,,
2011,048,"Bahrain",85.8506,,,-0.33549,,
2011,050,"Bangladesh",57.1988,,,8.78745,,
2011,052,"Barbados",83.5381,,,9.43169,,
2011,112,"Belarus",28.5733,,,53.22736,,
2011,056,"Belgium",87.946,,,3.35158,,
2011,084,"Belize",95.642,,,1.65597,,
2011,204,"Benin",90.0411,,,2.73373,,
2011,060,"Bermuda",110.4222,,,2.69617,,
2011,064,"Bhutan",60.7354,,,8.5523,,
2011,068,"Bolivia (Plurinational State of)",73.3945,,,9.88286,,
2011,070,"Bosnia and Herzegovina",99.8692,,,3.98939,,
2011,072,"Botswana",71.1097,,,8.4728,,
2011,076,"Brazil",61.7198,,,6.63636,,
2011,092,"British Virgin Islands",87.069,,,2.52979,,
2011,096,"Brunei Darussalam",99.1754,,,0.1381,,
2011,100,"Bulgaria",94.0348,,,3.38916,,
2011,854,"Burkina Faso",92.2374,,,2.76851,,
2011,108,"Burundi",56.1288,,,9.59296,,
2011,132,"Cabo Verde",93.9755,,,4.47337,,
2011,116,"Cambodia",78.7511,,,5.47795,,
2011,120,"Cameroon",84.9756,,,2.95515,,
2011,124,"Canada",87.5144,,,2.91155,,
2011,136,"Cayman Islands",87.5869,,,1.39326,,
2011,140,"Central African Republic",66.0451,,,1.19532,,
2011,148,"Chad",95.8204,,,2.02902,,
2011,152,"Chile",76.3365,,,3.3404,,
2011,156,"China",82.2647,,,5.41599,,
2011,344,"China, Hong Kong SAR",78.0118,,,5.30527,,
2011,446,"China, Macao SAR",72.8632,,,5.80502,,
2011,158,"China, Taiwan Province of",93.0059,,,1.42109,,
2011,170,"Colombia",71.5578,,,3.41543,,
2011,174,"Comoros",86.8539,,,2.23209,,
2011,178,"Congo",81.9216,,,1.75989,,
2011,184,"Cook Islands",93.4792,,,2.477,,
2011,188,"Costa Rica",80.8129,,,4.87878,,
2011,384,"Cote d'Ivoire",89.9942,,,4.8951,,
2011,191,"Croatia",91.8426,,,2.20693,,
2011,192,"Cuba",98.4417,,,1.4,,
2011,531,"Curacao",86.6841,,,,,"No value reported or collected"
2011,196,"Cyprus",98.7302,,,3.4839,,
2011,203,"Czechia",84.8333,,,1.93161,,
2011,180,"Dem. Rep. of the Congo",45.651,,,14.94972,,
2011,208,"Denmark",93.9452,,,2.66265,,
2011,262,"Djibouti",86.8354,,,5.24273,,
2011,212,"Dominica",96.6231,,,1.06292,,
2011,214,"Dominican Republic",77.128,,,8.45953,,
2011,218,"Ecuador",84.4429,,,4.47442,,
2011,818,"Egypt",35.559,,,11.05431,,
2011,222,"El Salvador",94.8682,,,5.12894,,
2011,226,"Equatorial Guinea",80.4436,,,4.79876,,
2011,232,"Eritrea",85.6515,,,5.88642,,
2011,233,"Estonia",84.1837,,,5.07873,,
2011,748,"Eswatini",61.234,,,6.10737,,
2011,231,"Ethiopia",33.8263,,,33.23091,,
2011,230,"Ethiopia (...1991)",,,"Not applicable",,,"Not applicable"
2011,242,"Fiji",82.4763,,,7.28232,,
2011,246,"Finland",90.2602,,,3.32335,,
2011,250,"France",91.1837,,,2.28894,,
2011,258,"French Polynesia",98.0325,,,1.87284,,
2011,266,"Gabon",81.5168,,,1.26216,,
2011,270,"Gambia",57.1323,,,4.79603,,
2011,268,"Georgia",77.2196,,,8.543,,
2011,276,"Germany",89.7385,,,2.47769,,
2011,288,"Ghana",36.1863,,,7.67572,,
2011,300,"Greece",101.1782,,,3.11874,,
2011,304,"Greenland",87.4188,,,1.94037,,
2011,308,"Grenada",96.0529,,,3.03282,,
2011,320,"Guatemala",71.9893,,,6.19645,,
2011,324,"Guinea",41.7262,,,21.35156,,
2011,624,"Guinea-Bissau",92.4469,,,5.05489,,
2011,328,"Guyana",89.7,,,4.40738,,
2011,332,"Haiti",41.7556,,,5.2409,,
2011,340,"Honduras",68.6315,,,6.76066,,
2011,348,"Hungary",82.696,,,3.929,,
2011,352,"Iceland",78.3878,,,3.99014,,
2011,356,"India",59.7992,,,8.11689,,
2011,360,"Indonesia",68.5764,,,5.34533,,
2011,960,"Indonesia (...2002)",,,"Not applicable",,,"Not applicable"
2011,364,"Iran (Islamic Republic of)",16.9389,,,25.30333,,
2011,368,"Iraq",91.3895,,,5.60405,,
2011,372,"Ireland",96.2149,,,1.18417,,
2011,376,"Israel",96.2747,,,3.4503,,
2011,380,"Italy",92.4697,,,2.92044,,
2011,388,"Jamaica",62.8952,,,7.52157,,
2011,392,"Japan",94.5696,,,-0.27735,,
2011,400,"Jordan",82.6533,,,4.15965,,
2011,398,"Kazakhstan",53.8637,,,8.38094,,
2011,404,"Kenya",57.0045,,,14.02186,,
2011,296,"Kiribati",98.4441,,,1.49717,,
2011,412,"Kosovo",90.7216,,,7.32397,,
2011,417,"Kyrgyzstan",70.4651,,,16.636,,
2011,418,"Lao People's Dem. Rep.",75.3271,,,7.56876,,
2011,428,"Latvia",89.1921,,,4.22441,,
2011,422,"Lebanon",43.6806,,,4.98649,,
2011,426,"Lesotho",64.4138,,,6.00466,,
2011,430,"Liberia",32.7427,,,8.48676,,
2011,434,"Libya",45.8523,,,15.90195,,
2011,438,"Liechtenstein",101.4179,,,0.2283,,
2011,440,"Lithuania",86.9926,,,4.12476,,
2011,442,"Luxembourg",89.5337,,,3.73137,,
2011,450,"Madagascar",57.0017,,,9.48244,,
2011,454,"Malawi",24.1824,,,7.62568,,
2011,458,"Malaysia",85.9284,,,3.18246,,
2011,462,"Maldives",80.1305,,,11.27294,,
2011,466,"Mali",93.4884,,,2.95612,,
2011,470,"Malta",88.4621,,,2.51279,,
2011,584,"Marshall Islands",96.5871,,,5.35139,,
2011,478,"Mauritania",76.4513,,,5.68633,,
2011,480,"Mauritius",79.9105,,,6.53191,,
2011,484,"Mexico",70.6626,,,3.40412,,
2011,583,"Micronesia (Federated States of)",88.3924,,,3.85094,,
2011,496,"Mongolia",52.7053,,,8.77326,,
2011,499,"Montenegro",88.8447,,,3.45209,,
2011,500,"Montserrat",96.8107,,,3.6689,,
2011,504,"Morocco",90.5366,,,0.97933,,
2011,508,"Mozambique",58.3496,,,11.17162,,
2011,104,"Myanmar",60.1682,,,5.02146,,
2011,516,"Namibia",65.0409,,,5.01387,,
2011,520,"Nauru",76.3702,,,-3.37005,,
2011,524,"Nepal",53.8033,,,9.56579,,
2011,528,"Netherlands (Kingdom of the)",88.1958,,,2.47229,,
2011,540,"New Caledonia",95.087,,,2.27178,,
2011,554,"New Zealand",89.525,,,4.02778,,
2011,558,"Nicaragua",64.0555,,,8.0823,,
2011,562,"Niger",94.0216,,,2.94038,,
2011,566,"Nigeria",36.582,,,10.83186,,
2011,807,"North Macedonia",90.4885,,,3.92294,,
2011,578,"Norway",83.1318,,,1.3089,,
2011,512,"Oman",91.7045,,,4.0615,,
2011,586,"Pakistan",55.3767,,,13.65779,,
2011,585,"Palau",83.9788,,,2.63347,,
2011,591,"Panama",88.1017,,,5.87586,,
2011,598,"Papua New Guinea",63.875,,,4.44083,,
2011,600,"Paraguay",73.9628,,,8.24368,,
2011,604,"Peru",78.2182,,,3.36894,,
2011,608,"Philippines",78.798,,,4.74524,,
2011,616,"Poland",88.5079,,,4.29958,,
2011,620,"Portugal",93.2015,,,3.55804,,
2011,630,"Puerto Rico",95.6041,,,2.89927,,
2011,634,"Qatar",90.5797,,,1.98135,,
2011,410,"Republic of Korea",89.85,,,4.02556,,
2011,498,"Republic of Moldova",62.2009,,,7.64961,,
2011,642,"Romania",83.2428,,,5.795,,
2011,643,"Russian Federation",58.0321,,,8.44016,,
2011,646,"Rwanda",69.8087,,,5.66371,,
2011,659,"Saint Kitts and Nevis",102.759,,,5.83482,,
2011,662,"Saint Lucia",94.4734,,,2.76928,,
2011,670,"Saint Vincent and the Grenadines",93.8153,,,3.1857,,
2011,882,"Samoa",85.9671,,,2.8747,,
2011,674,"San Marino",91.5967,,,2.17884,,
2011,678,"Sao Tome and Principe",51.7957,,,14.3205,,
2011,682,"Saudi Arabia",86.5602,,,3.7445,,
2011,686,"Senegal",92.1618,,,3.40257,,
2011,688,"Serbia",75.9415,,,11.11181,,
2011,690,"Seychelles",77.9784,,,2.55886,,
2011,694,"Sierra Leone",40.2004,,,6.79195,,
2011,702,"Singapore",92.1312,,,5.25173,,
2011,534,"Sint Maarten (Dutch part)",86.1668,,,,,"No value reported or collected"
2011,703,"Slovakia",87.9631,,,4.07051,,
2011,705,"Slovenia",91.4015,,,2.07891,,
2011,090,"Solomon Islands",77.8284,,,7.41754,,
2011,710,"South Africa",64.0471,,,4.98113,,
2011,728,"South Sudan",,,"Not applicable",,,"Not applicable"
2011,724,"Spain",93.2978,,,3.05188,,
2011,144,"Sri Lanka",65.6887,,,6.72954,,
2011,275,"State of Palestine",92.1107,,,2.87543,,
2011,729,"Sudan",,,"Not applicable",,,"Not applicable"
2011,736,"Sudan (...2011)",3.3373,,,18.09639,,
2011,740,"Suriname",29.5904,,,17.68418,,
2011,752,"Sweden",90.8045,,,1.36166,,
2011,756,"Switzerland",101.4183,,,0.22836,,
2011,760,"Syrian Arab Republic",7.9524,,,4.75316,,
2011,762,"Tajikistan",58.0591,,,12.42203,,
2011,764,"Thailand",92.4365,,,3.81127,,
2011,626,"Timor-Leste",78.994,,,13.17423,,
2011,768,"Togo",90.1349,,,3.5566,,
2011,776,"Tonga",79.6392,,,6.02005,,
2011,780,"Trinidad and Tobago",72.9618,,,5.09101,,
2011,788,"Tunisia",62.92,,,3.24012,,
2011,792,"Turkiye",40.4488,,,6.47752,,
2011,795,"Turkmenistan",55.1915,,,5.27697,,
2011,796,"Turks and Caicos Islands",81.3289,,,5.19985,,
2011,798,"Tuvalu",80.108,,,0.49997,,
2011,800,"Uganda",64.3516,,,18.65933,,
2011,804,"Ukraine",37.3112,,,7.95805,,
2011,784,"United Arab Emirates",89.9516,,,0.87546,,
2011,826,"United Kingdom",85.9099,,,4.46418,,
2011,834,"United Republic of Tanzania",58.2137,,,12.69126,,
2011,840,"United States",86.8912,,,3.13973,,
2011,858,"Uruguay",48.5332,,,8.09273,,
2011,860,"Uzbekistan",35.92,,,12.44678,,
2011,548,"Vanuatu",81.7642,,,0.87429,,
2011,862,"Venezuela (Bolivarian Rep. of)",0,,,26.11081,,
2011,704,"Viet Nam",70.3055,,,18.67732,,
2011,894,"Zambia",43.3148,,,8.65831,,
2011,716,"Zimbabwe",3.7313,,,0,,
2012,004,"Afghanistan",75.1771,,,6.44162,,
2012,008,"Albania",87.2699,,,2.0357,,
2012,012,"Algeria",73.4222,,,8.91613,,
2012,020,"Andorra",97.0625,,,1.46682,,
2012,024,"Angola",27.0053,,,10.28468,,
2012,660,"Anguilla",99.6286,,,1.41777,,
2012,028,"Antigua and Barbuda",91.6746,,,3.376,,
2012,032,"Argentina",8.7762,,,24.17587,,
2012,051,"Armenia",84.4926,,,2.49161,,
2012,533,"Aruba",97.4058,,,0.57075,,
2012,036,"Australia",86.9565,,,1.68638,,
2012,040,"Austria",88.2553,,,2.56835,,
2012,031,"Azerbaijan",67.6257,,,1.07503,,
2012,044,"Bahamas",91.0447,,,1.91204,,
2012,048,"Bahrain",88.2168,,,2.75626,,
2012,050,"Bangladesh",62.2829,,,8.88853,,
2012,052,"Barbados",87.3249,,,4.53303,,
2012,112,"Belarus",45.4939,,,59.21829,,
2012,056,"Belgium",90.2521,,,2.62221,,
2012,084,"Belize",96.834,,,1.24631,,
2012,204,"Benin",96.1137,,,6.74423,,
2012,060,"Bermuda",113.1007,,,2.42563,,
2012,064,"Bhutan",66.8784,,,10.11446,,
2012,068,"Bolivia (Plurinational State of)",76.7099,,,4.51722,,
2012,070,"Bosnia and Herzegovina",101.9197,,,2.05318,,
2012,072,"Botswana",76.4695,,,7.53748,,
2012,076,"Brazil",65.0549,,,5.40363,,
2012,092,"British Virgin Islands",89.8552,,,3.2,,
2012,096,"Brunei Darussalam",99.2864,,,0.11193,,
2012,100,"Bulgaria",96.2819,,,2.38975,,
2012,854,"Burkina Faso",95.7582,,,3.81709,,
2012,108,"Burundi",66.3217,,,18.16002,,
2012,132,"Cabo Verde",96.3654,,,2.54315,,
2012,116,"Cambodia",81.0622,,,2.93461,,
2012,120,"Cameroon",87.0019,,,2.38451,,
2012,124,"Canada",88.8411,,,1.51596,,
2012,136,"Cayman Islands",88.6186,,,1.17798,,
2012,140,"Central African Republic",69.9339,,,5.888,,
2012,148,"Chad",103.0226,,,7.51641,,
2012,152,"Chile",78.6313,,,3.00615,,
2012,156,"China",84.4214,,,2.62171,,
2012,344,"China, Hong Kong SAR",81.175,,,4.05478,,
2012,446,"China, Macao SAR",77.3101,,,6.10313,,
2012,158,"China, Taiwan Province of",94.8056,,,1.93512,,
2012,170,"Colombia",73.8298,,,3.17505,,
2012,174,"Comoros",91.9862,,,5.90916,,
2012,178,"Congo",86.0256,,,5.00965,,
2012,184,"Cook Islands",95.3965,,,2.05107,,
2012,188,"Costa Rica",84.4453,,,4.49482,,
2012,384,"Cote d'Ivoire",91.1643,,,1.30025,,
2012,191,"Croatia",94.9231,,,3.35402,,
2012,192,"Cuba",96.3351,,,-2.14001,,
2012,531,"Curacao",89.4442,,,3.18399,,
2012,196,"Cyprus",101.7922,,,3.10145,,
2012,203,"Czechia",87.6223,,,3.28762,,
2012,180,"Dem. Rep. of the Congo",46.042,,,0.8566,,
2012,208,"Denmark",96.147,,,2.34377,,
2012,262,"Djibouti",90.5004,,,4.22054,,
2012,212,"Dominica",97.9341,,,1.35677,,
2012,214,"Dominican Republic",79.9776,,,3.6946,,
2012,218,"Ecuador",88.751,,,5.10172,,
2012,818,"Egypt",38.65,,,8.69276,,
2012,222,"El Salvador",96.5098,,,1.73037,,
2012,226,"Equatorial Guinea",83.2132,,,3.44284,,
2012,232,"Eritrea",90.8206,,,6.03508,,
2012,233,"Estonia",87.7328,,,4.21591,,
2012,748,"Eswatini",66.709,,,8.94112,,
2012,231,"Ethiopia",41.9894,,,24.13265,,
2012,230,"Ethiopia (...1991)",,,"Not applicable",,,"Not applicable"
2012,242,"Fiji",85.2937,,,3.416,,
2012,246,"Finland",93.1129,,,3.16055,,
2012,250,"France",93.2052,,,2.21702,,
2012,258,"French Polynesia",99.1727,,,1.16313,,
2012,266,"Gabon",83.7039,,,2.68306,,
2012,270,"Gambia",59.7861,,,4.64508,,
2012,268,"Georgia",76.4911,,,-0.9434,,
2012,276,"Germany",91.6291,,,2.10671,,
2012,288,"Ghana",38.7453,,,7.07178,,
2012,300,"Greece",102.2241,,,1.03372,,
2012,304,"Greenland",91.4367,,,4.5961,,
2012,308,"Grenada",98.3689,,,2.41125,,
2012,320,"Guatemala",74.7251,,,3.80029,,
2012,324,"Guinea",48.0796,,,15.22644,,
2012,624,"Guinea-Bissau",94.3516,,,2.0603,,
2012,328,"Guyana",91.8452,,,2.39153,,
2012,332,"Haiti",44.1352,,,5.69891,,
2012,340,"Honduras",72.1987,,,5.1975,,
2012,348,"Hungary",87.3771,,,5.6606,,
2012,352,"Iceland",82.4602,,,5.19529,,
2012,356,"India",65.8011,,,10.0366,,
2012,360,"Indonesia",71.3051,,,3.97909,,
2012,960,"Indonesia (...2002)",,,"Not applicable",,,"Not applicable"
2012,364,"Iran (Islamic Republic of)",21.9043,,,29.31391,,
2012,368,"Iraq",96.9543,,,6.0891,,
2012,372,"Ireland",98.0466,,,1.9038,,
2012,376,"Israel",97.9189,,,1.7078,,
2012,380,"Italy",95.5364,,,3.31637,,
2012,388,"Jamaica",67.2303,,,6.89264,,
2012,392,"Japan",94.5236,,,-0.04865,,
2012,400,"Jordan",86.3854,,,4.51532,,
2012,398,"Kazakhstan",56.6257,,,5.12776,,
2012,404,"Kenya",62.3505,,,9.37817,,
2012,296,"Kiribati",95.4465,,,-3.04499,,
2012,412,"Kosovo",92.9824,,,2.49206,,
2012,417,"Kyrgyzstan",72.4159,,,2.76844,,
2012,418,"Lao People's Dem. Rep.",78.5325,,,4.25527,,
2012,428,"Latvia",91.2309,,,2.28586,,
2012,422,"Lebanon",46.5518,,,6.57323,,
2012,426,"Lesotho",67.9357,,,5.46768,,
2012,430,"Liberia",34.9795,,,6.83162,,
2012,434,"Libya",48.6363,,,6.07178,,
2012,438,"Liechtenstein",100.7149,,,-0.69316,,
2012,440,"Lithuania",89.7477,,,3.16714,,
2012,442,"Luxembourg",92.1168,,,2.885,,
2012,450,"Madagascar",60.2589,,,5.71417,,
2012,454,"Malawi",29.3314,,,21.29228,,
2012,458,"Malaysia",87.3505,,,1.65504,,
2012,462,"Maldives",88.8581,,,10.89176,,
2012,466,"Mali",98.4442,,,5.30103,,
2012,470,"Malta",91.3182,,,3.22857,,
2012,584,"Marshall Islands",100.779,,,4.34009,,
2012,478,"Mauritania",80.1993,,,4.90242,,
2012,480,"Mauritius",82.9947,,,3.85964,,
2012,484,"Mexico",73.5679,,,4.11145,,
2012,583,"Micronesia (Federated States of)",93.9629,,,6.30206,,
2012,496,"Mongolia",60.0041,,,13.84826,,
2012,499,"Montenegro",92.5284,,,4.1462,,
2012,500,"Montserrat",101.4255,,,4.76685,,
2012,504,"Morocco",91.7073,,,1.2931,,
2012,508,"Mozambique",59.8655,,,2.59802,,
2012,104,"Myanmar",61.0512,,,1.46758,,
2012,516,"Namibia",69.4145,,,6.72437,,
2012,520,"Nauru",76.5705,,,0.26216,,
2012,524,"Nepal",58.2717,,,8.30504,,
2012,528,"Netherlands (Kingdom of the)",90.6807,,,2.81739,,
2012,540,"New Caledonia",96.7694,,,1.76925,,
2012,554,"New Zealand",90.4739,,,1.05992,,
2012,558,"Nicaragua",68.6635,,,7.1938,,
2012,562,"Niger",94.4537,,,0.45955,,
2012,566,"Nigeria",41.0562,,,12.23066,,
2012,807,"North Macedonia",93.4419,,,3.26387,,
2012,578,"Norway",83.7051,,,0.68955,,
2012,512,"Oman",94.4014,,,2.94086,,
2012,586,"Pakistan",61.4708,,,11.00488,,
2012,585,"Palau",88.5462,,,5.43864,,
2012,591,"Panama",93.1215,,,5.69769,,
2012,598,"Papua New Guinea",66.7731,,,4.53721,,
2012,600,"Paraguay",76.6939,,,3.69242,,
2012,604,"Peru",81.0777,,,3.65573,,
2012,608,"Philippines",81.286,,,3.15738,,
2012,616,"Poland",91.7828,,,3.70003,,
2012,620,"Portugal",95.7878,,,2.77501,,
2012,630,"Puerto Rico",96.8908,,,1.3459,,
2012,634,"Qatar",92.236,,,1.82857,,
2012,410,"Republic of Korea",91.815,,,2.18698,,
2012,498,"Republic of Moldova",65.0362,,,4.55831,,
2012,642,"Romania",86.0227,,,3.33948,,
2012,643,"Russian Federation",60.9773,,,5.07518,,
2012,646,"Rwanda",74.1968,,,6.28579,,
2012,659,"Saint Kitts and Nevis",103.5981,,,0.81655,,
2012,662,"Saint Lucia",98.4205,,,4.17805,,
2012,670,"Saint Vincent and the Grenadines",96.2531,,,2.59845,,
2012,882,"Samoa",91.2896,,,6.19134,,
2012,674,"San Marino",94.1861,,,2.82691,,
2012,678,"Sao Tome and Principe",57.306,,,10.63856,,
2012,682,"Saudi Arabia",89.0418,,,2.86694,,
2012,686,"Senegal",93.4692,,,1.41854,,
2012,688,"Serbia",81.5164,,,7.341,,
2012,690,"Seychelles",83.5227,,,7.11,,
2012,694,"Sierra Leone",42.8493,,,6.58925,,
2012,702,"Singapore",96.3517,,,4.58105,,
2012,534,"Sint Maarten (Dutch part)",89.6265,,,4.01519,,
2012,703,"Slovakia",91.2481,,,3.73458,,
2012,705,"Slovenia",93.9706,,,2.81072,,
2012,090,"Solomon Islands",82.4312,,,5.91397,,
2012,706,"Somalia",80.5131,,,,,"No value reported or collected"
2012,710,"South Africa",67.6659,,,5.65022,,
2012,728,"South Sudan",1.3603,,,,,"No value reported or collected"
2012,724,"Spain",95.5697,,,2.43504,,
2012,144,"Sri Lanka",70.6464,,,7.54717,,
2012,275,"State of Palestine",94.6724,,,2.78107,,
2012,729,"Sudan",4.524,,,,,"No value reported or collected"
2012,736,"Sudan (...2011)",,,"Not applicable",,,"Not applicable"
2012,740,"Suriname",31.0727,,,5.00953,,
2012,752,"Sweden",91.6542,,,0.93576,,
2012,756,"Switzerland",100.7156,,,-0.69296,,
2012,760,"Syrian Arab Republic",10.8711,,,36.70229,,
2012,762,"Tajikistan",61.4242,,,5.79596,,
2012,764,"Thailand",95.2182,,,3.00928,,
2012,626,"Timor-Leste",87.6319,,,10.93483,,
2012,768,"Togo",92.5138,,,2.63926,,
2012,776,"Tonga",82.255,,,3.28459,,
2012,780,"Trinidad and Tobago",79.7327,,,9.28006,,
2012,788,"Tunisia",65.8218,,,4.61194,,
2012,792,"Turkiye",44.0483,,,8.89894,,
2012,795,"Turkmenistan",58.1243,,,5.31387,,
2012,796,"Turks and Caicos Islands",83.8584,,,3.11014,,
2012,798,"Tuvalu",81.2415,,,1.41499,,
2012,800,"Uganda",73.3677,,,14.01068,,
2012,804,"Ukraine",37.5222,,,0.56538,,
2012,784,"United Arab Emirates",90.5476,,,0.66253,,
2012,826,"United Kingdom",88.3396,,,2.82824,,
2012,834,"United Republic of Tanzania",67.5285,,,16.00093,,
2012,840,"United States",88.6926,,,2.07315,,
2012,858,"Uruguay",52.4644,,,8.09999,,
2012,860,"Uzbekistan",40.194,,,11.89866,,
2012,548,"Vanuatu",82.8657,,,1.34716,,
2012,862,"Venezuela (Bolivarian Rep. of)",0,,,21.05263,,
2012,704,"Viet Nam",76.7055,,,9.10318,,
2012,894,"Zambia",46.1629,,,6.57518,,
2012,716,"Zimbabwe",4.1045,,,10,,
2013,004,"Afghanistan",80.7294,,,7.38561,,
2013,008,"Albania",88.9503,,,1.92545,,
2013,012,"Algeria",75.8121,,,3.25502,,
2013,020,"Andorra",97.5231,,,0.47454,,
2013,024,"Angola",29.3769,,,8.78201,,
2013,660,"Anguilla",99.7679,,,0.13979,,
2013,028,"Antigua and Barbuda",92.6461,,,1.05974,,
2013,032,"Argentina",10.9296,,,24.53677,,
2013,051,"Armenia",89.3202,,,5.71366,,
2013,533,"Aruba",95.0957,,,-2.37163,,
2013,036,"Australia",89.0874,,,2.4505,,
2013,040,"Austria",90.1239,,,2.11722,,
2013,031,"Azerbaijan",69.2541,,,2.40795,,
2013,044,"Bahamas",91.4509,,,0.44617,,
2013,048,"Bahrain",91.1293,,,3.3015,,
2013,050,"Bangladesh",66.5037,,,6.77681,,
2013,052,"Barbados",88.9094,,,1.8145,,
2013,112,"Belarus",53.8204,,,18.30252,,
2013,056,"Belgium",91.3727,,,1.24154,,
2013,084,"Belize",97.328,,,0.51015,,
2013,204,"Benin",96.5257,,,0.4287,,
2013,060,"Bermuda",115.1016,,,1.76917,,
2013,064,"Bhutan",72.302,,,8.10958,,
2013,068,"Bolivia (Plurinational State of)",81.1103,,,5.73644,,
2013,070,"Bosnia and Herzegovina",101.8248,,,-0.0931,,
2013,072,"Botswana",80.9675,,,5.88198,,
2013,076,"Brazil",69.0911,,,6.20422,,
2013,092,"British Virgin Islands",91.239,,,1.54,,
2013,096,"Brunei Darussalam",99.666,,,0.38232,,
2013,100,"Bulgaria",96.6507,,,0.38296,,
2013,854,"Burkina Faso",96.2613,,,0.52539,,
2013,108,"Burundi",71.5865,,,7.9382,,
2013,132,"Cabo Verde",97.8165,,,1.5058,,
2013,116,"Cambodia",83.4466,,,2.94145,,
2013,120,"Cameroon",88.7856,,,2.05017,,
2013,124,"Canada",89.6749,,,0.93857,,
2013,136,"Cayman Islands",90.5476,,,2.17666,,
2013,140,"Central African Republic",72.7104,,,3.97023,,
2013,148,"Chad",103.2526,,,0.22318,,
2013,152,"Chile",80.0425,,,1.79474,,
2013,156,"China",86.6373,,,2.62482,,
2013,344,"China, Hong Kong SAR",84.6956,,,4.33715,,
2013,446,"China, Macao SAR",81.5676,,,5.5071,,
2013,158,"China, Taiwan Province of",95.5572,,,0.79269,,
2013,170,"Colombia",75.3229,,,2.02236,,
2013,174,"Comoros",92.3684,,,0.4155,,
2013,178,"Congo",90.0097,,,4.63132,,
2013,184,"Cook Islands",97.3473,,,2.04499,,
2013,188,"Costa Rica",88.8632,,,5.23165,,
2013,384,"Cote d'Ivoire",93.5195,,,2.58346,,
2013,191,"Croatia",97.1337,,,2.32886,,
2013,192,"Cuba",95.7185,,,-0.64,,
2013,531,"Curacao",90.6358,,,1.33232,,
2013,196,"Cyprus",102.1784,,,0.37937,,
2013,203,"Czechia",88.8718,,,1.42592,,
2013,180,"Dem. Rep. of the Congo",46.4453,,,0.87596,,
2013,208,"Denmark",96.6388,,,0.5115,,
2013,262,"Djibouti",91.4624,,,1.06297,,
2013,212,"Dominica",97.8891,,,-0.04592,,
2013,214,"Dominican Republic",83.8415,,,4.83128,,
2013,218,"Ecuador",91.1661,,,2.72124,,
2013,818,"Egypt",41.3229,,,6.91554,,
2013,222,"El Salvador",97.2408,,,0.75751,,
2013,226,"Equatorial Guinea",85.858,,,3.17832,,
2013,232,"Eritrea",96.5184,,,6.27365,,
2013,233,"Estonia",90.5831,,,3.24878,,
2013,748,"Eswatini",70.4579,,,5.6197,,
2013,231,"Ethiopia",45.3786,,,8.07149,,
2013,230,"Ethiopia (...1991)",,,"Not applicable",,,"Not applicable"
2013,242,"Fiji",87.7745,,,2.90864,,
2013,246,"Finland",95.1782,,,2.21808,,
2013,250,"France",94.1287,,,0.99083,,
2013,258,"French Polynesia",100.61,,,1.44925,,
2013,266,"Gabon",84.1062,,,0.48059,,
2013,270,"Gambia",62.9198,,,5.24146,,
2013,268,"Georgia",76.0991,,,-0.51247,,
2013,276,"Germany",93.1034,,,1.60898,,
2013,288,"Ghana",43.2656,,,11.66678,,
2013,300,"Greece",101.3492,,,-0.85579,,
2013,304,"Greenland",92.5731,,,1.24279,,
2013,308,"Grenada",98.3257,,,-0.04392,,
2013,320,"Guatemala",77.9687,,,4.3406,,
2013,324,"Guinea",53.7947,,,11.88672,,
2013,624,"Guinea-Bissau",95.0872,,,0.77964,,
2013,328,"Guyana",93.5987,,,1.90918,,
2013,332,"Haiti",46.4739,,,5.29896,,
2013,340,"Honduras",75.9229,,,5.15837,,
2013,348,"Hungary",88.8738,,,1.71293,,
2013,352,"Iceland",85.6637,,,3.88488,,
2013,356,"India",72.2565,,,9.81048,,
2013,360,"Indonesia",75.8763,,,6.41066,,
2013,960,"Indonesia (...2002)",,,"Not applicable",,,"Not applicable"
2013,364,"Iran (Islamic Republic of)",29.1001,,,32.8512,,
2013,368,"Iraq",98.7765,,,1.8795,,
2013,372,"Ireland",98.5729,,,0.53676,,
2013,376,"Israel",99.4129,,,1.52573,,
2013,380,"Italy",96.7319,,,1.25139,,
2013,388,"Jamaica",73.5225,,,9.35914,,
2013,392,"Japan",94.8366,,,0.33116,,
2013,400,"Jordan",90.5556,,,4.8275,,
2013,398,"Kazakhstan",59.9205,,,5.81853,,
2013,404,"Kenya",65.9154,,,5.71756,,
2013,296,"Kiribati",94.0255,,,-1.48881,,
2013,412,"Kosovo",94.6204,,,1.76167,,
2013,414,"Kuwait",86.7126,,,,,"No value reported or collected"
2013,417,"Kyrgyzstan",77.2056,,,6.61411,,
2013,418,"Lao People's Dem. Rep.",83.5367,,,6.37214,,
2013,428,"Latvia",91.2434,,,0.0137,,
2013,422,"Lebanon",48.7877,,,4.80295,,
2013,426,"Lesotho",71.3332,,,5.00092,,
2013,430,"Liberia",37.6303,,,7.57802,,
2013,434,"Libya",49.8981,,,2.59423,,
2013,438,"Liechtenstein",100.4969,,,-0.21652,,
2013,440,"Lithuania",90.7883,,,1.15947,,
2013,442,"Luxembourg",93.6831,,,1.70029,,
2013,450,"Madagascar",63.7696,,,5.82601,,
2013,454,"Malawi",37.6262,,,28.27959,,
2013,458,"Malaysia",89.1898,,,2.10565,,
2013,462,"Maldives",92.4101,,,3.99729,,
2013,466,"Mali",97.8734,,,-0.57986,,
2013,470,"Malta",92.2118,,,0.97859,,
2013,584,"Marshall Islands",102.6441,,,1.85065,,
2013,478,"Mauritania",83.5108,,,4.1291,,
2013,480,"Mauritius",85.9285,,,3.53488,,
2013,484,"Mexico",76.3661,,,3.80357,,
2013,583,"Micronesia (Federated States of)",95.9718,,,2.13792,,
2013,496,"Mongolia",66.3711,,,10.61092,,
2013,499,"Montenegro",94.5673,,,2.20349,,
2013,500,"Montserrat",102.304,,,0.86614,,
2013,504,"Morocco",93.3659,,,1.80851,,
2013,508,"Mozambique",62.4189,,,4.26525,,
2013,104,"Myanmar",64.4943,,,5.63957,,
2013,516,"Namibia",73.308,,,5.60915,,
2013,520,"Nauru",75.7252,,,-1.10388,,
2013,524,"Nepal",64.0252,,,9.87352,,
2013,528,"Netherlands (Kingdom of the)",92.9991,,,2.55667,,
2013,540,"New Caledonia",98.0665,,,1.34045,,
2013,554,"New Zealand",91.5003,,,1.1345,,
2013,558,"Nicaragua",73.5631,,,7.13559,,
2013,562,"Niger",96.604,,,2.27656,,
2013,566,"Nigeria",44.5433,,,8.49333,,
2013,807,"North Macedonia",96.0246,,,2.76395,,
2013,578,"Norway",85.4849,,,2.12635,,
2013,512,"Oman",95.6584,,,1.33157,,
2013,586,"Pakistan",65.9952,,,7.36019,,
2013,585,"Palau",91.0654,,,2.8451,,
2013,591,"Panama",96.8711,,,4.02657,,
2013,598,"Papua New Guinea",70.0853,,,4.96032,,
2013,600,"Paraguay",78.7358,,,2.66244,,
2013,604,"Peru",83.3532,,,2.80661,,
2013,608,"Philippines",83.3933,,,2.59248,,
2013,616,"Poland",92.6079,,,0.89905,,
2013,620,"Portugal",96.2085,,,0.43911,,
2013,630,"Puerto Rico",97.9185,,,1.06068,,
2013,634,"Qatar",95.1346,,,3.14254,,
2013,410,"Republic of Korea",93.01,,,1.30153,,
2013,498,"Republic of Moldova",68.0078,,,4.56917,,
2013,642,"Romania",89.4651,,,4.00172,,
2013,643,"Russian Federation",65.0951,,,6.75302,,
2013,646,"Rwanda",77.326,,,4.21754,,
2013,659,"Saint Kitts and Nevis",104.7449,,,1.10698,,
2013,662,"Saint Lucia",99.872,,,1.47471,,
2013,670,"Saint Vincent and the Grenadines",97.0287,,,0.80576,,
2013,882,"Samoa",91.0998,,,-0.2079,,
2013,674,"San Marino",95.6974,,,1.60455,,
2013,678,"Sao Tome and Principe",61.9516,,,8.10656,,
2013,682,"Saudi Arabia",91.8236,,,3.12416,,
2013,686,"Senegal",94.1329,,,0.71015,,
2013,688,"Serbia",87.7564,,,7.65494,,
2013,690,"Seychelles",87.147,,,4.33932,,
2013,694,"Sierra Leone",45.2157,,,5.52265,,
2013,702,"Singapore",98.6293,,,2.36379,,
2013,534,"Sint Maarten (Dutch part)",91.8922,,,2.52789,,
2013,703,"Slovakia",92.5784,,,1.45784,,
2013,705,"Slovenia",95.7833,,,1.92901,,
2013,090,"Solomon Islands",86.7587,,,5.24986,,
2013,706,"Somalia",82.7677,,,2.80022,,
2013,710,"South Africa",71.5548,,,5.74713,,
2013,728,"South Sudan",1.323,,,-2.74255,,
2013,724,"Spain",97.031,,,1.52908,,
2013,144,"Sri Lanka",75.5099,,,6.8843,,
2013,275,"State of Palestine",96.3038,,,1.72322,,
2013,729,"Sudan",6.1763,,,36.52223,,
2013,736,"Sudan (...2011)",,,"Not applicable",,,"Not applicable"
2013,740,"Suriname",31.6684,,,1.91704,,
2013,752,"Sweden",92.0624,,,0.44543,,
2013,756,"Switzerland",100.4973,,,-0.21674,,
2013,760,"Syrian Arab Republic",15.223,,,40.03184,,
2013,762,"Tajikistan",64.517,,,5.03507,,
2013,764,"Thailand",97.2999,,,2.18617,,
2013,626,"Timor-Leste",95.9135,,,9.45045,,
2013,768,"Togo",94.1452,,,1.76335,,
2013,776,"Tonga",82.8105,,,0.67526,,
2013,780,"Trinidad and Tobago",83.8701,,,5.189,,
2013,788,"Tunisia",69.3501,,,5.36031,,
2013,792,"Turkiye",47.336,,,7.46384,,
2013,795,"Turkmenistan",62.0847,,,6.81367,,
2013,796,"Turks and Caicos Islands",85.9548,,,2.49998,,
2013,798,"Tuvalu",82.8821,,,2.01943,,
2013,800,"Uganda",77.3784,,,5.46654,,
2013,804,"Ukraine",37.4242,,,-0.26099,,
2013,784,"United Arab Emirates",91.5474,,,1.10416,,
2013,826,"United Kingdom",90.6057,,,2.56514,,
2013,834,"United Republic of Tanzania",72.8427,,,7.86956,,
2013,840,"United States",89.9929,,,1.46612,,
2013,858,"Uruguay",56.9642,,,8.57694,,
2013,860,"Uzbekistan",44.897,,,11.70075,,
2013,548,"Vanuatu",84.0746,,,1.45893,,
2013,862,"Venezuela (Bolivarian Rep. of)",0,,,40.6396,,
2013,704,"Viet Nam",81.7645,,,6.59528,,
2013,894,"Zambia",49.3845,,,6.97881,,
2013,716,"Zimbabwe",4.1045,,,0,,
2014,004,"Afghanistan",84.5025,,,4.67372,,
2014,008,"Albania",90.3857,,,1.61374,,
2014,012,"Algeria",78.0235,,,2.91693,,
2014,020,"Andorra",97.4296,,,-0.09592,,
2014,024,"Angola",31.521,,,7.29865,,
2014,660,"Anguilla",99.5357,,,-0.23267,,
2014,028,"Antigua and Barbuda",93.6558,,,1.08985,,
2014,032,"Argentina",15.0916,,,38.08068,,
2014,051,"Armenia",92.0187,,,3.02121,,
2014,533,"Aruba",95.4975,,,0.42252,,
2014,036,"Australia",91.3259,,,2.51268,,
2014,040,"Austria",91.4432,,,1.46387,,
2014,031,"Azerbaijan",70.2005,,,1.36663,,
2014,044,"Bahamas",92.5326,,,1.18283,,
2014,048,"Bahrain",93.5407,,,2.64608,,
2014,050,"Bangladesh",71.3914,,,7.34949,,
2014,052,"Barbados",90.4821,,,1.76882,,
2014,112,"Belarus",63.5658,,,18.10725,,
2014,056,"Belgium",91.8296,,,0.50012,,
2014,084,"Belize",98.497,,,1.20109,,
2014,204,"Benin",95.994,,,-0.55087,,
2014,060,"Bermuda",117.4019,,,1.99849,,
2014,064,"Bhutan",79.2423,,,9.59904,,
2014,068,"Bolivia (Plurinational State of)",85.7865,,,5.76526,,
2014,070,"Bosnia and Herzegovina",100.9109,,,-0.89751,,
2014,072,"Botswana",84.542,,,4.41474,,
2014,076,"Brazil",73.464,,,6.32919,,
2014,092,"British Virgin Islands",92.9725,,,1.9,,
2014,096,"Brunei Darussalam",99.4658,,,-0.20087,,
2014,100,"Bulgaria",95.1047,,,-1.59952,,
2014,854,"Burkina Faso",96.0126,,,-0.25833,,
2014,108,"Burundi",74.7405,,,4.40582,,
2014,132,"Cabo Verde",97.5825,,,-0.2392,,
2014,116,"Cambodia",86.6643,,,3.85602,,
2014,120,"Cameroon",90.4327,,,1.85514,,
2014,124,"Canada",91.3842,,,1.90609,,
2014,136,"Cayman Islands",91.669,,,1.23854,,
2014,140,"Central African Republic",85.6356,,,17.77617,,
2014,148,"Chad",97.5748,,,-5.49895,,
2014,152,"Chile",83.8159,,,4.71425,,
2014,156,"China",88.3656,,,1.99483,,
2014,344,"China, Hong Kong SAR",88.4426,,,4.42406,,
2014,446,"China, Macao SAR",86.4987,,,6.04533,,
2014,158,"China, Taiwan Province of",96.6982,,,1.1941,,
2014,170,"Colombia",77.5112,,,2.90523,,
2014,174,"Comoros",92.3611,,,-0.00795,,
2014,178,"Congo",90.8301,,,0.91146,,
2014,184,"Cook Islands",98.2552,,,0.93261,,
2014,188,"Costa Rica",92.8792,,,4.51939,,
2014,384,"Cote d'Ivoire",94.0004,,,0.51421,,
2014,191,"Croatia",97.3464,,,0.21904,,
2014,192,"Cuba",93.7084,,,-2.09999,,
2014,531,"Curacao",91.9942,,,1.49874,,
2014,196,"Cyprus",101.9142,,,-0.25852,,
2014,203,"Czechia",89.1841,,,0.35147,,
2014,180,"Dem. Rep. of the Congo",47.0212,,,1.23994,,
2014,208,"Denmark",96.9726,,,0.34537,,
2014,262,"Djibouti",92.6893,,,1.34149,,
2014,212,"Dominica",98.6785,,,0.80647,,
2014,214,"Dominican Republic",86.3556,,,2.99863,,
2014,218,"Ecuador",94.4383,,,3.58924,,
2014,818,"Egypt",45.4935,,,10.09273,,
2014,222,"El Salvador",98.3504,,,1.14104,,
2014,226,"Equatorial Guinea",89.547,,,4.29669,,
2014,232,"Eritrea",104.5872,,,8.35988,,
2014,233,"Estonia",91.0139,,,0.47566,,
2014,748,"Eswatini",74.4609,,,5.68141,,
2014,231,"Ethiopia",48.7387,,,7.40467,,
2014,230,"Ethiopia (...1991)",,,"Not applicable",,,"Not applicable"
2014,242,"Fiji",88.2323,,,0.5215,,
2014,246,"Finland",96.3282,,,1.20827,,
2014,250,"France",94.7031,,,0.61021,,
2014,258,"French Polynesia",100.8843,,,0.2727,,
2014,266,"Gabon",87.901,,,4.51194,,
2014,270,"Gambia",66.8599,,,6.26216,,
2014,268,"Georgia",78.4347,,,3.06914,,
2014,276,"Germany",93.8312,,,0.78171,,
2014,288,"Ghana",49.9659,,,15.48633,,
2014,300,"Greece",99.9381,,,-1.39233,,
2014,304,"Greenland",93.8312,,,1.35905,,
2014,308,"Grenada",97.3581,,,-0.98413,,
2014,320,"Guatemala",80.6375,,,3.42297,,
2014,324,"Guinea",59.0197,,,9.71293,,
2014,624,"Guinea-Bissau",94.1068,,,-1.03106,,
2014,328,"Guyana",94.239,,,0.68409,,
2014,332,"Haiti",47.9404,,,3.15544,,
2014,340,"Honduras",80.5766,,,6.12944,,
2014,348,"Hungary",88.6701,,,-0.2292,,
2014,352,"Iceland",87.407,,,2.035,,
2014,356,"India",76.5454,,,5.9357,,
2014,360,"Indonesia",80.7319,,,6.39941,,
2014,960,"Indonesia (...2002)",,,"Not applicable",,,"Not applicable"
2014,364,"Iran (Islamic Republic of)",33.3296,,,14.53416,,
2014,368,"Iraq",100.9852,,,2.23597,,
2014,372,"Ireland",98.8704,,,0.30177,,
2014,376,"Israel",99.8862,,,0.47614,,
2014,380,"Italy",96.9237,,,0.1983,,
2014,388,"Jamaica",79.6065,,,8.27505,,
2014,392,"Japan",97.4518,,,2.7576,,
2014,400,"Jordan",93.1788,,,2.89681,,
2014,398,"Kazakhstan",63.8616,,,6.57729,,
2014,404,"Kenya",70.449,,,6.87792,,
2014,296,"Kiribati",96.0043,,,2.10455,,
2014,412,"Kosovo",95.0224,,,0.42478,,
2014,414,"Kuwait",89.2282,,,2.90109,,
2014,417,"Kyrgyzstan",83.0223,,,7.53406,,
2014,418,"Lao People's Dem. Rep.",86.9859,,,4.12899,,
2014,428,"Latvia",91.8753,,,0.69256,,
2014,422,"Lebanon",49.6927,,,1.85496,,
2014,426,"Lesotho",74.5891,,,4.56435,,
2014,430,"Liberia",41.3399,,,9.85823,,
2014,434,"Libya",51.1119,,,2.43274,,
2014,438,"Liechtenstein",100.4849,,,-0.01189,,
2014,440,"Lithuania",91.0083,,,0.24228,,
2014,442,"Luxembourg",94.3339,,,0.69478,,
2014,450,"Madagascar",67.6471,,,6.08045,,
2014,454,"Malawi",46.5715,,,23.77437,,
2014,458,"Malaysia",91.9925,,,3.14236,,
2014,462,"Maldives",94.6721,,,2.44787,,
2014,466,"Mali",98.7466,,,0.89223,,
2014,470,"Malta",92.9232,,,0.77143,,
2014,584,"Marshall Islands",103.7717,,,1.09859,,
2014,478,"Mauritania",86.4624,,,3.53437,,
2014,480,"Mauritius",88.6995,,,3.22482,,
2014,484,"Mexico",79.4361,,,4.02014,,
2014,583,"Micronesia (Federated States of)",96.6667,,,0.72408,,
2014,496,"Mongolia",74.955,,,12.9332,,
2014,499,"Montenegro",93.8958,,,-0.71005,,
2014,500,"Montserrat",101.9146,,,-0.38063,,
2014,504,"Morocco",93.8537,,,0.52247,,
2014,508,"Mozambique",64.0142,,,2.55572,,
2014,104,"Myanmar",67.6896,,,4.95438,,
2014,516,"Namibia",77.2253,,,5.34357,,
2014,520,"Nauru",75.9336,,,0.27516,,
2014,524,"Nepal",69.8124,,,9.03903,,
2014,528,"Netherlands (Kingdom of the)",93.2963,,,0.31964,,
2014,540,"New Caledonia",98.1845,,,0.12033,,
2014,554,"New Zealand",92.6235,,,1.2275,,
2014,558,"Nicaragua",78.0032,,,6.03578,,
2014,562,"Niger",95.7331,,,-0.90151,,
2014,566,"Nigeria",48.1317,,,8.05595,,
2014,807,"North Macedonia",95.7608,,,-0.27475,,
2014,578,"Norway",87.2439,,,2.05767,,
2014,512,"Oman",96.8035,,,1.19708,,
2014,586,"Pakistan",71.6848,,,8.62117,,
2014,585,"Palau",94.674,,,3.96271,,
2014,591,"Panama",99.4157,,,2.62679,,
2014,598,"Papua New Guinea",73.7452,,,5.22212,,
2014,600,"Paraguay",82.6938,,,5.02701,,
2014,604,"Peru",86.0581,,,3.24508,,
2014,608,"Philippines",86.3897,,,3.59312,,
2014,616,"Poland",92.6079,,,0,,
2014,620,"Portugal",96.0566,,,-0.15784,,
2014,630,"Puerto Rico",98.4727,,,0.566,,
2014,634,"Qatar",99.1718,,,4.24374,,
2014,410,"Republic of Korea",94.196,,,1.27513,,
2014,498,"Republic of Moldova",71.4478,,,5.05818,,
2014,642,"Romania",90.4274,,,1.07561,,
2014,643,"Russian Federation",70.1876,,,7.82321,,
2014,646,"Rwanda",78.6951,,,1.7705,,
2014,659,"Saint Kitts and Nevis",105.0039,,,0.24726,,
2014,662,"Saint Lucia",103.383,,,3.51552,,
2014,670,"Saint Vincent and the Grenadines",97.2165,,,0.19355,,
2014,882,"Samoa",89.973,,,-1.23694,,
2014,674,"San Marino",96.7618,,,1.11235,,
2014,678,"Sao Tome and Principe",66.2804,,,6.98743,,
2014,682,"Saudi Arabia",93.5087,,,1.83518,,
2014,686,"Senegal",93.107,,,-1.08988,,
2014,688,"Serbia",89.6465,,,2.1538,,
2014,690,"Seychelles",88.3548,,,1.38595,,
2014,694,"Sierra Leone",47.314,,,4.64064,,
2014,702,"Singapore",99.6492,,,1.03406,,
2014,534,"Sint Maarten (Dutch part)",93.6208,,,1.88109,,
2014,703,"Slovakia",92.4958,,,-0.08916,,
2014,705,"Slovenia",96.1346,,,0.36675,,
2014,090,"Solomon Islands",91.3532,,,5.29572,,
2014,706,"Somalia",83.8434,,,1.29967,,
2014,710,"South Africa",75.9315,,,6.11652,,
2014,728,"South Sudan",1.3792,,,4.252,,
2014,724,"Spain",96.847,,,-0.18967,,
2014,144,"Sri Lanka",77.6122,,,2.78413,,
2014,275,"State of Palestine",97.9719,,,1.73213,,
2014,729,"Sudan",8.4557,,,36.90674,,
2014,736,"Sudan (...2011)",,,"Not applicable",,,"Not applicable"
2014,740,"Suriname",32.7401,,,3.3841,,
2014,752,"Sweden",92.2518,,,0.2057,,
2014,756,"Switzerland",100.4856,,,-0.01166,,
2014,760,"Syrian Arab Republic",16.8864,,,10.92711,,
2014,762,"Tajikistan",68.4376,,,6.07685,,
2014,764,"Thailand",99.1434,,,1.89474,,
2014,626,"Timor-Leste",96.7276,,,0.84884,,
2014,768,"Togo",94.3205,,,0.18624,,
2014,776,"Tonga",84.7033,,,2.28573,,
2014,780,"Trinidad and Tobago",88.6485,,,5.69736,,
2014,788,"Tunisia",72.5276,,,4.5819,,
2014,792,"Turkiye",51.5388,,,8.87871,,
2014,795,"Turkmenistan",65.8152,,,6.00876,,
2014,796,"Turks and Caicos Islands",87.9317,,,2.2999,,
2014,798,"Tuvalu",83.8146,,,1.12505,,
2014,800,"Uganda",80.6981,,,4.29031,,
2014,804,"Ukraine",41.9524,,,12.09951,,
2014,784,"United Arab Emirates",93.6949,,,2.34577,,
2014,826,"United Kingdom",91.9291,,,1.4606,,
2014,834,"United Republic of Tanzania",77.3096,,,6.13227,,
2014,840,"United States",91.4466,,,1.61535,,
2014,858,"Uruguay",62.0206,,,8.87653,,
2014,860,"Uzbekistan",48.973,,,9.07856,,
2014,548,"Vanuatu",84.7463,,,0.79886,,
2014,862,"Venezuela (Bolivarian Rep. of)",0,,,62.16147,,
2014,704,"Viet Nam",85.1041,,,4.0844,,
2014,887,"Yemen",24.2336,,,,,"No value reported or collected"
2014,894,"Zambia",53.2416,,,7.81027,,
2014,716,"Zimbabwe",4.1045,,,0,,
2015,004,"Afghanistan",83.9439,,,-0.66098,,
2015,008,"Albania",92.0734,,,1.86723,,
2015,012,"Algeria",81.7563,,,4.78424,,
2015,020,"Andorra",96.3264,,,-1.13231,,
2015,024,"Angola",34.4081,,,9.15933,,
2015,660,"Anguilla",98.5376,,,-1.0028,,
2015,028,"Antigua and Barbuda",94.5627,,,0.96831,,
2015,032,"Argentina",19.0967,,,26.53837,,
2015,051,"Armenia",95.4196,,,3.69583,,
2015,533,"Aruba",95.9488,,,0.47255,,
2015,036,"Australia",92.6819,,,1.4848,,
2015,040,"Austria",92.1851,,,0.81139,,
2015,031,"Azerbaijan",73.0366,,,4.03993,,
2015,044,"Bahamas",94.2704,,,1.878,,
2015,048,"Bahrain",95.2695,,,1.84822,,
2015,050,"Bangladesh",75.9642,,,6.40519,,
2015,052,"Barbados",89.4758,,,-1.11211,,
2015,112,"Belarus",72.1616,,,13.52269,,
2015,056,"Belgium",92.4005,,,0.62169,,
2015,084,"Belize",97.649,,,-0.86094,,
2015,204,"Benin",96.2037,,,0.21848,,
2015,060,"Bermuda",118.5998,,,1.02033,,
2015,064,"Bhutan",84.5253,,,6.66697,,
2015,068,"Bolivia (Plurinational State of)",89.2705,,,4.06117,,
2015,070,"Bosnia and Herzegovina",99.8781,,,-1.02342,,
2015,072,"Botswana",87.1241,,,3.05424,,
2015,076,"Brazil",80.0979,,,9.03015,,
2015,092,"British Virgin Islands",93.8093,,,0.9,,
2015,096,"Brunei Darussalam",99.0049,,,-0.46333,,
2015,100,"Bulgaria",94.0924,,,-1.06441,,
2015,854,"Burkina Faso",97.5997,,,1.653,,
2015,108,"Burundi",78.8846,,,5.54474,,
2015,132,"Cabo Verde",97.7221,,,0.14306,,
2015,116,"Cambodia",87.7221,,,1.22056,,
2015,120,"Cameroon",92.8549,,,2.67851,,
2015,124,"Canada",92.413,,,1.12578,,
2015,136,"Cayman Islands",89.5382,,,-2.32444,,
2015,140,"Central African Republic",86.837,,,1.40294,,
2015,148,"Chad",102.2909,,,4.83333,,
2015,152,"Chile",87.4612,,,4.34916,,
2015,156,"China",89.6403,,,1.44251,,
2015,344,"China, Hong Kong SAR",91.0881,,,2.99123,,
2015,446,"China, Macao SAR",90.4428,,,4.55978,,
2015,158,"China, Taiwan Province of",96.4025,,,-0.30581,,
2015,170,"Colombia",81.379,,,4.99,,
2015,174,"Comoros",93.2305,,,0.94131,,
2015,178,"Congo",93.7079,,,3.16834,,
2015,184,"Cook Islands",99.3114,,,1.07493,,
2015,188,"Costa Rica",93.6244,,,0.80234,,
2015,384,"Cote d'Ivoire",94.9931,,,1.05604,,
2015,191,"Croatia",97.0935,,,-0.2598,,
2015,192,"Cuba",91.0846,,,-2.8,,
2015,531,"Curacao",91.5558,,,-0.47654,,
2015,196,"Cyprus",100.3352,,,-1.54935,,
2015,203,"Czechia",89.484,,,0.33623,,
2015,180,"Dem. Rep. of the Congo",47.3683,,,0.73816,,
2015,208,"Denmark",97.2085,,,0.24324,,
2015,262,"Djibouti",92.2051,,,-0.52238,,
2015,212,"Dominica",97.8384,,,-0.85141,,
2015,214,"Dominican Republic",87.0782,,,0.83673,,
2015,218,"Ecuador",98.1841,,,3.96648,,
2015,818,"Egypt",50.4929,,,10.98933,,
2015,222,"El Salvador",97.6309,,,-0.73154,,
2015,226,"Equatorial Guinea",91.0641,,,1.69421,,
2015,232,"Eritrea",134.3768,,,28.48311,,
2015,233,"Estonia",91.0791,,,0.07158,,
2015,748,"Eswatini",78.1481,,,4.9519,,
2015,231,"Ethiopia",53.4023,,,9.56843,,
2015,230,"Ethiopia (...1991)",,,"Not applicable",,,"Not applicable"
2015,242,"Fiji",89.4447,,,1.3741,,
2015,246,"Finland",96.178,,,-0.15593,,
2015,250,"France",94.7833,,,0.08469,,
2015,258,"French Polynesia",100.5294,,,-0.3518,,
2015,266,"Gabon",87.7753,,,-0.14307,,
2015,270,"Gambia",71.412,,,6.80839,,
2015,268,"Georgia",81.5749,,,4.00359,,
2015,276,"Germany",94.4854,,,0.69729,,
2015,288,"Ghana",58.5368,,,17.15345,,
2015,300,"Greece",98.8425,,,-1.09633,,
2015,304,"Greenland",95.211,,,1.47059,,
2015,308,"Grenada",96.8567,,,-0.51499,,
2015,320,"Guatemala",82.5624,,,2.38714,,
2015,324,"Guinea",63.8298,,,8.14988,,
2015,624,"Guinea-Bissau",95.5004,,,1.48085,,
2015,328,"Guyana",93.4229,,,-0.86595,,
2015,332,"Haiti",50.4892,,,5.31659,,
2015,340,"Honduras",83.1195,,,3.15589,,
2015,348,"Hungary",88.612,,,-0.06551,,
2015,352,"Iceland",88.8326,,,1.63106,,
2015,356,"India",80.2854,,,4.88596,,
2015,360,"Indonesia",85.8667,,,6.36037,,
2015,960,"Indonesia (...2002)",,,"Not applicable",,,"Not applicable"
2015,364,"Iran (Islamic Republic of)",37.0446,,,11.14616,,
2015,368,"Iraq",98.6919,,,-2.27089,,
2015,372,"Ireland",98.833,,,-0.03776,,
2015,376,"Israel",99.2536,,,-0.63336,,
2015,380,"Italy",97.0745,,,0.15558,,
2015,388,"Jamaica",82.5368,,,3.68102,,
2015,392,"Japan",98.2309,,,0.79943,,
2015,400,"Jordan",92.3608,,,-0.87791,,
2015,398,"Kazakhstan",68.1724,,,6.7502,,
2015,404,"Kenya",75.0861,,,6.58224,,
2015,296,"Kiribati",96.5529,,,0.57141,,
2015,412,"Kosovo",94.5105,,,-0.5387,,
2015,414,"Kuwait",92.1521,,,3.27684,,
2015,417,"Kyrgyzstan",88.4215,,,6.50337,,
2015,418,"Lao People's Dem. Rep.",88.0974,,,1.27774,,
2015,428,"Latvia",92.067,,,0.20861,,
2015,422,"Lebanon",47.8295,,,-3.74948,,
2015,426,"Lesotho",77.7963,,,4.29985,,
2015,430,"Liberia",44.5403,,,7.74157,,
2015,434,"Libya",56.2293,,,10.01204,,
2015,438,"Liechtenstein",99.3378,,,-1.14155,,
2015,440,"Lithuania",90.3921,,,-0.67706,,
2015,442,"Luxembourg",94.3871,,,0.05633,,
2015,450,"Madagascar",72.6565,,,7.40526,,
2015,454,"Malawi",56.7525,,,21.86091,,
2015,458,"Malaysia",93.9284,,,2.1044,,
2015,462,"Maldives",95.9712,,,1.37214,,
2015,466,"Mali",100.1609,,,1.43222,,
2015,470,"Malta",94.0121,,,1.17186,,
2015,584,"Marshall Islands",101.4503,,,-2.23706,,
2015,478,"Mauritania",89.2765,,,3.25471,,
2015,480,"Mauritius",89.8301,,,1.27466,,
2015,484,"Mexico",81.5957,,,2.7187,,
2015,583,"Micronesia (Federated States of)",96.699,,,0.03342,,
2015,496,"Mongolia",80.0368,,,6.77988,,
2015,499,"Montenegro",95.3508,,,1.54956,,
2015,500,"Montserrat",100.7464,,,-1.14624,,
2015,504,"Morocco",95.3171,,,1.55925,,
2015,508,"Mozambique",66.2931,,,3.56005,,
2015,104,"Myanmar",74.0892,,,9.45446,,
2015,516,"Namibia",79.8507,,,3.39959,,
2015,520,"Nauru",83.3623,,,9.78322,,
2015,524,"Nepal",75.2819,,,7.83446,,
2015,528,"Netherlands (Kingdom of the)",93.4958,,,0.21378,,
2015,540,"New Caledonia",98.4837,,,0.30474,,
2015,554,"New Zealand",92.8952,,,0.29332,,
2015,558,"Nicaragua",81.1212,,,3.99733,,
2015,562,"Niger",96.6814,,,0.9906,,
2015,566,"Nigeria",52.4633,,,8.99945,,
2015,807,"North Macedonia",95.5955,,,-0.17255,,
2015,578,"Norway",89.1257,,,2.15688,,
2015,512,"Oman",96.9404,,,0.14141,,
2015,586,"Pakistan",74.9291,,,4.52586,,
2015,585,"Palau",96.7558,,,2.19884,,
2015,591,"Panama",99.5513,,,0.13647,,
2015,598,"Papua New Guinea",78.1669,,,5.99596,,
2015,600,"Paraguay",85.284,,,3.13227,,
2015,604,"Peru",89.1118,,,3.54844,,
2015,608,"Philippines",86.9859,,,0.69017,,
2015,616,"Poland",91.7756,,,-0.8988,,
2015,620,"Portugal",96.5423,,,0.50563,,
2015,630,"Puerto Rico",97.7335,,,-0.7507,,
2015,634,"Qatar",100.1035,,,0.93946,,
2015,410,"Republic of Korea",94.861,,,0.70597,,
2015,498,"Republic of Moldova",78.3266,,,9.62775,,
2015,642,"Romania",89.8884,,,-0.59604,,
2015,643,"Russian Federation",81.0912,,,15.53481,,
2015,646,"Rwanda",80.69,,,2.53499,,
2015,659,"Saint Kitts and Nevis",102.587,,,-2.30173,,
2015,662,"Saint Lucia",102.3657,,,-0.98401,,
2015,670,"Saint Vincent and the Grenadines",95.5389,,,-1.72556,,
2015,882,"Samoa",91.7022,,,1.92196,,
2015,674,"San Marino",96.9037,,,0.14655,,
2015,678,"Sao Tome and Principe",70.3438,,,6.13054,,
2015,682,"Saudi Arabia",94.6141,,,1.18209,,
2015,686,"Senegal",93.2329,,,0.13519,,
2015,688,"Serbia",90.8828,,,1.37911,,
2015,690,"Seychelles",91.927,,,4.043,,
2015,694,"Sierra Leone",50.4788,,,6.68893,,
2015,702,"Singapore",99.1281,,,-0.52285,,
2015,534,"Sint Maarten (Dutch part)",93.9356,,,0.3363,,
2015,703,"Slovakia",92.1836,,,-0.33761,,
2015,705,"Slovenia",95.4007,,,-0.76334,,
2015,090,"Solomon Islands",90.833,,,-0.56942,,
2015,706,"Somalia",84.6089,,,0.913,,
2015,710,"South Africa",79.4159,,,4.58889,,
2015,728,"South Sudan",2.11,,,52.98812,,
2015,724,"Spain",96.2351,,,-0.63176,,
2015,144,"Sri Lanka",79.3379,,,2.22357,,
2015,275,"State of Palestine",99.3742,,,1.43135,,
2015,729,"Sudan",9.8855,,,16.90947,,
2015,736,"Sudan (...2011)",,,"Not applicable",,,"Not applicable"
2015,740,"Suriname",34.9979,,,6.89605,,
2015,752,"Sweden",92.9035,,,0.70647,,
2015,756,"Switzerland",99.3377,,,-1.14234,,
2015,760,"Syrian Arab Republic",23.3811,,,38.46114,,
2015,762,"Tajikistan",72.3936,,,5.78051,,
2015,764,"Thailand",98.2532,,,-0.89796,,
2015,626,"Timor-Leste",97.3523,,,0.64581,,
2015,768,"Togo",96.0087,,,1.78986,,
2015,776,"Tonga",84.7488,,,0.05373,,
2015,780,"Trinidad and Tobago",92.7786,,,4.65903,,
2015,788,"Tunisia",75.7461,,,4.43755,,
2015,792,"Turkiye",55.4908,,,7.66803,,
2015,795,"Turkmenistan",70.6883,,,7.40431,,
2015,796,"Turks and Caicos Islands",89.8664,,,2.20018,,
2015,798,"Tuvalu",86.4461,,,3.13973,,
2015,800,"Uganda",83.6779,,,3.69246,,
2015,804,"Ukraine",62.3763,,,48.68353,,
2015,784,"United Arab Emirates",97.5062,,,4.06781,,
2015,826,"United Kingdom",91.9659,,,0.04002,,
2015,834,"United Republic of Tanzania",81.6301,,,5.5886,,
2015,840,"United States",91.5575,,,0.12124,,
2015,858,"Uruguay",67.3927,,,8.66178,,
2015,860,"Uzbekistan",53.119,,,8.46589,,
2015,548,"Vanuatu",86.8507,,,2.48327,,
2015,862,"Venezuela (Bolivarian Rep. of)",0,,,121.7268,,
2015,704,"Viet Nam",85.6413,,,0.63132,,
2015,887,"Yemen",29.565,,,22,,
2015,894,"Zambia",58.6227,,,10.10706,,
2015,716,"Zimbabwe",3.7313,,,-9.09091,,
2016,004,"Afghanistan",87.6234,,,4.38319,,
2016,008,"Albania",93.2519,,,1.28,,
2016,012,"Algeria",86.9869,,,6.3978,,
2016,020,"Andorra",95.9197,,,-0.42222,,
2016,024,"Angola",44.9694,,,30.69411,,
2016,660,"Anguilla",98.0501,,,-0.4947,,
2016,028,"Antigua and Barbuda",94.1004,,,-0.48883,,
2016,032,"Argentina",27.0007,,,41.38948,,
2016,051,"Armenia",94.0679,,,-1.41662,,
2016,533,"Aruba",95.0573,,,-0.9291,,
2016,036,"Australia",93.8657,,,1.27729,,
2016,040,"Austria",93.0811,,,0.97192,,
2016,031,"Azerbaijan",82.1279,,,12.44757,,
2016,044,"Bahamas",93.9595,,,-0.32981,,
2016,048,"Bahrain",97.9268,,,2.78925,,
2016,050,"Bangladesh",80.4586,,,5.91649,,
2016,052,"Barbados",90.6224,,,1.28148,,
2016,112,"Belarus",80.6975,,,11.82883,,
2016,056,"Belgium",94.0356,,,1.76955,,
2016,084,"Belize",98.294,,,0.66053,,
2016,204,"Benin",95.44,,,-0.79384,,
2016,060,"Bermuda",119.312,,,0.6005,,
2016,064,"Bhutan",87.3066,,,3.2904,,
2016,068,"Bolivia (Plurinational State of)",92.5054,,,3.62376,,
2016,070,"Bosnia and Herzegovina",98.2961,,,-1.584,,
2016,072,"Botswana",89.572,,,2.8097,,
2016,076,"Brazil",87.0981,,,8.73955,,
2016,092,"British Virgin Islands",94.7943,,,1.05,,
2016,096,"Brunei Darussalam",98.7294,,,-0.27829,,
2016,100,"Bulgaria",92.8468,,,-1.32381,,
2016,854,"Burkina Faso",98.0308,,,0.4417,,
2016,108,"Burundi",83.2686,,,5.55739,,
2016,132,"Cabo Verde",96.3192,,,-1.4356,,
2016,116,"Cambodia",90.3731,,,3.02209,,
2016,120,"Cameroon",93.6653,,,0.8727,,
2016,124,"Canada",93.7331,,,1.42849,,
2016,136,"Cayman Islands",88.9327,,,-0.67635,,
2016,140,"Central African Republic",91.1321,,,4.94623,,
2016,148,"Chad",100.6415,,,-1.61244,,
2016,152,"Chile",90.7734,,,3.78702,,
2016,156,"China",91.4295,,,1.996,,
2016,344,"China, Hong Kong SAR",93.2821,,,2.40857,,
2016,446,"China, Macao SAR",92.5856,,,2.36921,,
2016,158,"China, Taiwan Province of",97.7454,,,1.39306,,
2016,170,"Colombia",87.4883,,,7.5073,,
2016,174,"Comoros",93.9785,,,0.80234,,
2016,178,"Congo",96.6977,,,3.19056,,
2016,184,"Cook Islands",98.9631,,,-0.35068,,
2016,188,"Costa Rica",93.6073,,,-0.01829,,
2016,384,"Cote d'Ivoire",95.7178,,,0.76296,,
2016,191,"Croatia",96.4833,,,-0.62846,,
2016,192,"Cuba",88.4067,,,-2.94,,
2016,531,"Curacao",91.5126,,,-0.04721,,
2016,196,"Cyprus",99.1128,,,-1.21837,,
2016,203,"Czechia",90.0629,,,0.64693,,
2016,180,"Dem. Rep. of the Congo",48.8809,,,3.19324,,
2016,208,"Denmark",97.2474,,,0.04004,,
2016,262,"Djibouti",94.4207,,,2.40285,,
2016,212,"Dominica",97.9771,,,0.14182,,
2016,214,"Dominican Republic",88.4836,,,1.61399,,
2016,218,"Ecuador",99.8811,,,1.72835,,
2016,818,"Egypt",55.6494,,,10.2123,,
2016,222,"El Salvador",98.221,,,0.60435,,
2016,226,"Equatorial Guinea",92.3372,,,1.39804,,
2016,232,"Eritrea",126.8827,,,-5.57695,,
2016,233,"Estonia",91.8046,,,0.79658,,
2016,748,"Eswatini",84.2807,,,7.84734,,
2016,231,"Ethiopia",56.9418,,,6.628,,
2016,230,"Ethiopia (...1991)",,,"Not applicable",,,"Not applicable"
2016,242,"Fiji",92.9037,,,3.86726,,
2016,246,"Finland",96.5523,,,0.38921,,
2016,250,"France",95.0782,,,0.31109,,
2016,258,"French Polynesia",100.0285,,,-0.49826,,
2016,266,"Gabon",89.6066,,,2.08637,,
2016,270,"Gambia",76.5711,,,7.2244,,
2016,268,"Georgia",83.3165,,,2.13491,,
2016,276,"Germany",94.807,,,0.34029,,
2016,288,"Ghana",68.7538,,,17.4541,,
2016,300,"Greece",98.8595,,,0.01719,,
2016,304,"Greenland",96.2256,,,1.06564,,
2016,308,"Grenada",98.449,,,1.64404,,
2016,320,"Guatemala",86.237,,,4.45061,,
2016,324,"Guinea",69.0476,,,8.17457,,
2016,624,"Guinea-Bissau",98.0858,,,2.70716,,
2016,328,"Guyana",94.1938,,,0.82514,,
2016,332,"Haiti",56.2628,,,11.43536,,
2016,340,"Honduras",85.3874,,,2.72847,,
2016,348,"Hungary",88.9637,,,0.3969,,
2016,352,"Iceland",90.3368,,,1.69327,,
2016,356,"India",83.9116,,,4.51673,,
2016,360,"Indonesia",88.8979,,,3.53012,,
2016,960,"Indonesia (...2002)",,,"Not applicable",,,"Not applicable"
2016,364,"Iran (Islamic Republic of)",39.5792,,,6.84201,,
2016,368,"Iraq",99.0815,,,0.39481,,
2016,372,"Ireland",98.6223,,,-0.21324,,
2016,376,"Israel",98.7131,,,-0.54454,,
2016,380,"Italy",97.0142,,,-0.06214,,
2016,388,"Jamaica",84.4758,,,2.34923,,
2016,392,"Japan",98.1088,,,-0.12421,,
2016,400,"Jordan",91.6427,,,-0.77752,,
2016,398,"Kazakhstan",78.1022,,,14.56569,,
2016,404,"Kenya",79.8298,,,6.31766,,
2016,296,"Kiribati",98.405,,,1.91816,,
2016,412,"Kosovo",94.7939,,,0.2999,,
2016,414,"Kuwait",94.8676,,,2.94671,,
2016,417,"Kyrgyzstan",88.7653,,,0.38877,,
2016,418,"Lao People's Dem. Rep.",89.5039,,,1.59658,,
2016,428,"Latvia",92.16,,,0.10107,,
2016,422,"Lebanon",47.4548,,,-0.78323,,
2016,426,"Lesotho",82.6246,,,6.20643,,
2016,430,"Liberia",48.4795,,,8.84405,,
2016,434,"Libya",70.7667,,,25.8538,,
2016,438,"Liechtenstein",98.9067,,,-0.43403,,
2016,440,"Lithuania",91.0055,,,0.67855,,
2016,442,"Luxembourg",94.4293,,,0.04478,,
2016,450,"Madagascar",77.0564,,,6.05579,,
2016,454,"Malawi",69.0832,,,21.72707,,
2016,458,"Malaysia",95.8784,,,2.07609,,
2016,462,"Maldives",96.7402,,,0.80129,,
2016,466,"Mali",98.3561,,,-1.80188,,
2016,470,"Malta",94.8643,,,0.90648,,
2016,584,"Marshall Islands",99.9215,,,-1.5069,,
2016,478,"Mauritania",90.5904,,,1.47172,,
2016,480,"Mauritius",90.7275,,,0.99893,,
2016,484,"Mexico",83.8968,,,2.82015,,
2016,583,"Micronesia (Federated States of)",95.8125,,,-0.91674,,
2016,496,"Mongolia",80.6617,,,0.78068,,
2016,499,"Montenegro",95.0909,,,-0.27253,,
2016,500,"Montserrat",100.4985,,,-0.24612,,
2016,504,"Morocco",96.7805,,,1.53531,,
2016,508,"Mozambique",78.4823,,,18.38677,,
2016,104,"Myanmar",79.2233,,,6.92951,,
2016,516,"Namibia",85.208,,,6.70922,,
2016,520,"Nauru",90.1497,,,8.14197,,
2016,524,"Nepal",82.7521,,,9.92304,,
2016,528,"Netherlands (Kingdom of the)",93.6012,,,0.11277,,
2016,540,"New Caledonia",98.611,,,0.12923,,
2016,554,"New Zealand",93.4949,,,0.64555,,
2016,558,"Nicaragua",83.9797,,,3.52373,,
2016,562,"Niger",96.8711,,,0.19618,,
2016,566,"Nigeria",60.6985,,,15.69722,,
2016,807,"North Macedonia",95.3664,,,-0.23967,,
2016,578,"Norway",92.2864,,,3.54644,,
2016,512,"Oman",97.8007,,,0.88748,,
2016,586,"Pakistan",77.0753,,,2.86431,,
2016,585,"Palau",95.4635,,,-1.33564,,
2016,591,"Panama",100.2863,,,0.73828,,
2016,598,"Papua New Guinea",83.3836,,,6.67373,,
2016,600,"Paraguay",88.7652,,,4.08181,,
2016,604,"Peru",92.3136,,,3.59307,,
2016,608,"Philippines",88.0591,,,1.23378,,
2016,616,"Poland",91.225,,,-0.59994,,
2016,620,"Portugal",97.1569,,,0.63666,,
2016,630,"Puerto Rico",97.4467,,,-0.29343,,
2016,634,"Qatar",102.795,,,2.68873,,
2016,410,"Republic of Korea",95.783,,,0.97195,,
2016,498,"Republic of Moldova",83.3066,,,6.35808,,
2016,642,"Romania",88.491,,,-1.55461,,
2016,643,"Russian Federation",86.8016,,,7.042,,
2016,646,"Rwanda",85.3057,,,5.72027,,
2016,659,"Saint Kitts and Nevis",101.8817,,,-0.6875,,
2016,662,"Saint Lucia",99.2168,,,-3.07614,,
2016,670,"Saint Vincent and the Grenadines",95.3881,,,-0.15782,,
2016,882,"Samoa",91.77,,,0.07399,,
2016,674,"San Marino",97.5272,,,0.64347,,
2016,678,"Sao Tome and Principe",74.1473,,,5.4071,,
2016,682,"Saudi Arabia",97.3753,,,2.9184,,
2016,686,"Senegal",94.0154,,,0.83931,,
2016,688,"Serbia",91.9055,,,1.12527,,
2016,690,"Seychelles",90.9922,,,-1.01689,,
2016,694,"Sierra Leone",55.9741,,,10.88637,,
2016,702,"Singapore",98.6036,,,-0.52913,,
2016,534,"Sint Maarten (Dutch part)",94.0406,,,0.11173,,
2016,703,"Slovakia",91.7475,,,-0.47306,,
2016,705,"Slovenia",95.252,,,-0.15594,,
2016,090,"Solomon Islands",91.2844,,,0.49693,,
2016,706,"Somalia",84.629,,,0.02378,,
2016,710,"South Africa",84.4347,,,6.31963,,
2016,728,"South Sudan",9.4118,,,346.05389,,
2016,724,"Spain",95.9134,,,-0.33435,,
2016,144,"Sri Lanka",82.4992,,,3.98458,,
2016,275,"State of Palestine",99.156,,,-0.21956,,
2016,729,"Sudan",11.6403,,,17.75033,,
2016,736,"Sudan (...2011)",,,"Not applicable",,,"Not applicable"
2016,740,"Suriname",54.4217,,,55.49999,,
2016,752,"Sweden",93.9598,,,1.13698,,
2016,756,"Switzerland",98.9075,,,-0.43306,,
2016,760,"Syrian Arab Republic",34.5351,,,47.70516,,
2016,762,"Tajikistan",76.6748,,,5.91375,,
2016,764,"Thailand",98.4358,,,0.18587,,
2016,626,"Timor-Leste",95.9214,,,-1.46984,,
2016,768,"Togo",96.8321,,,0.8576,,
2016,776,"Tonga",84.2234,,,-0.62,,
2016,780,"Trinidad and Tobago",95.6259,,,3.06887,,
2016,788,"Tunisia",78.4949,,,3.629,,
2016,792,"Turkiye",59.8088,,,7.78158,,
2016,795,"Turkmenistan",73.2653,,,3.64552,,
2016,796,"Turks and Caicos Islands",91.6635,,,1.99985,,
2016,798,"Tuvalu",89.4649,,,3.49204,,
2016,800,"Uganda",88.0033,,,5.16908,,
2016,804,"Ukraine",71.0548,,,13.91307,,
2016,784,"United Arab Emirates",99.0843,,,1.6185,,
2016,826,"United Kingdom",92.5728,,,0.66,,
2016,834,"United Republic of Tanzania",85.8499,,,5.16948,,
2016,840,"United States",92.7176,,,1.26708,,
2016,858,"Uruguay",73.8889,,,9.63924,,
2016,860,"Uzbekistan",57.805,,,8.8217,,
2016,548,"Vanuatu",87.5821,,,0.84207,,
2016,862,"Venezuela (Bolivarian Rep. of)",0,,,254.9563,,
2016,704,"Viet Nam",87.9263,,,2.66811,,
2016,887,"Yemen",35.8624,,,21.3,,
2016,894,"Zambia",69.0983,,,17.86957,,
2016,716,"Zimbabwe",3.7313,,,0,,
2017,004,"Afghanistan",91.984,,,4.97655,,
2017,008,"Albania",95.1072,,,1.98953,,
2017,012,"Algeria",91.8506,,,5.59121,,
2017,020,"Andorra",98.4006,,,2.58647,,
2017,024,"Angola",58.3904,,,29.84478,,
2017,660,"Anguilla",99.3036,,,1.27841,,
2017,028,"Antigua and Barbuda",96.3892,,,2.43222,,
2017,032,"Argentina",34.1522,,,26.48616,,
2017,051,"Armenia",94.9903,,,0.98065,,
2017,533,"Aruba",94.0797,,,-1.02845,,
2017,036,"Australia",95.7383,,,1.99496,,
2017,040,"Austria",95.1606,,,2.23403,,
2017,031,"Azerbaijan",92.7528,,,12.93708,,
2017,044,"Bahamas",95.3687,,,1.49987,,
2017,048,"Bahrain",99.2837,,,1.38556,,
2017,050,"Bangladesh",84.8357,,,5.44018,,
2017,052,"Barbados",94.8461,,,4.66078,,
2017,112,"Belarus",85.5649,,,6.03167,,
2017,056,"Belgium",96.1289,,,2.22607,,
2017,084,"Belize",99.425,,,1.15063,,
2017,204,"Benin",97.1284,,,1.76909,,
2017,060,"Bermuda",97.7312,,,-18.08769,,
2017,064,"Bhutan",91.0952,,,4.33942,,
2017,068,"Bolivia (Plurinational State of)",95.1169,,,2.8231,,
2017,070,"Bosnia and Herzegovina",99.0921,,,0.80983,,
2017,072,"Botswana",92.5243,,,3.29606,,
2017,076,"Brazil",90.0998,,,3.44631,,
2017,092,"British Virgin Islands",95.9223,,,1.19,,
2017,096,"Brunei Darussalam",97.4846,,,-1.26083,,
2017,100,"Bulgaria",93.9476,,,1.18561,,
2017,854,"Burkina Faso",99.4844,,,1.48283,,
2017,108,"Burundi",96.4616,,,15.84392,,
2017,132,"Cabo Verde",97.0733,,,0.78286,,
2017,116,"Cambodia",93.0056,,,2.91284,,
2017,120,"Cameroon",94.2652,,,0.64049,,
2017,124,"Canada",95.2299,,,1.59688,,
2017,136,"Cayman Islands",90.7046,,,1.99243,,
2017,140,"Central African Republic",94.9416,,,4.18013,,
2017,148,"Chad",99.7228,,,-0.9128,,
2017,152,"Chile",92.754,,,2.18198,,
2017,156,"China",92.8736,,,1.57947,,
2017,344,"China, Hong Kong SAR",94.6759,,,1.49424,,
2017,446,"China, Macao SAR",93.722,,,1.22737,,
2017,158,"China, Taiwan Province of",98.3532,,,0.62176,,
2017,170,"Colombia",91.2601,,,4.31115,,
2017,174,"Comoros",94.0643,,,0.09131,,
2017,178,"Congo",97.132,,,0.4491,,
2017,184,"Cook Islands",98.664,,,-0.30222,,
2017,188,"Costa Rica",95.129,,,1.62555,,
2017,384,"Cote d'Ivoire",96.4231,,,0.73685,,
2017,191,"Croatia",97.7399,,,1.30232,,
2017,192,"Cuba",88.893,,,0.55,,
2017,531,"Curacao",92.9636,,,1.58559,,
2017,196,"Cyprus",99.7785,,,0.67168,,
2017,203,"Czechia",92.2605,,,2.44008,,
2017,180,"Dem. Rep. of the Congo",66.3479,,,35.7338,,
2017,208,"Denmark",98.2699,,,1.05144,,
2017,262,"Djibouti",94.9655,,,0.57704,,
2017,212,"Dominica",98.2671,,,0.29593,,
2017,214,"Dominican Republic",91.3858,,,3.2799,,
2017,218,"Ecuador",100.2977,,,0.41713,,
2017,818,"Egypt",68.745,,,23.53231,,
2017,222,"El Salvador",99.2172,,,1.01423,,
2017,226,"Equatorial Guinea",93.0258,,,0.74574,,
2017,232,"Eritrea",110.0003,,,-13.30556,,
2017,233,"Estonia",95.1568,,,3.65144,,
2017,748,"Eswatini",89.5236,,,6.22087,,
2017,231,"Ethiopia",63.0271,,,10.687,,
2017,230,"Ethiopia (...1991)",,,"Not applicable",,,"Not applicable"
2017,242,"Fiji",96.0156,,,3.34952,,
2017,246,"Finland",97.3632,,,0.83983,,
2017,250,"France",96.1798,,,1.15862,,
2017,258,"French Polynesia",100.4782,,,0.44959,,
2017,266,"Gabon",91.9831,,,2.65214,,
2017,270,"Gambia",82.7347,,,8.04947,,
2017,268,"Georgia",88.3448,,,6.0352,,
2017,276,"Germany",96.4482,,,1.73119,,
2017,288,"Ghana",77.26,,,12.37188,,
2017,300,"Greece",99.9806,,,1.13406,,
2017,304,"Greenland",97.0373,,,0.84353,,
2017,308,"Grenada",99.3474,,,0.9125,,
2017,320,"Guatemala",90.0515,,,4.42333,,
2017,324,"Guinea",75.203,,,8.91473,,
2017,624,"Guinea-Bissau",97.9043,,,-0.18505,,
2017,328,"Guyana",96.026,,,1.9451,,
2017,332,"Haiti",62.2319,,,10.6094,,
2017,340,"Honduras",88.7472,,,3.93482,,
2017,348,"Hungary",91.058,,,2.35408,,
2017,352,"Iceland",91.9336,,,1.76756,,
2017,356,"India",86.9376,,,3.60614,,
2017,360,"Indonesia",92.2824,,,3.80712,,
2017,960,"Indonesia (...2002)",,,"Not applicable",,,"Not applicable"
2017,364,"Iran (Islamic Republic of)",42.8385,,,8.23504,,
2017,368,"Iraq",99.2671,,,0.18727,,
2017,372,"Ireland",98.8752,,,0.25644,,
2017,376,"Israel",98.9521,,,0.24206,,
2017,380,"Italy",98.3002,,,1.32559,,
2017,388,"Jamaica",88.1741,,,4.37796,,
2017,392,"Japan",98.5859,,,0.48623,,
2017,400,"Jordan",94.6902,,,3.32549,,
2017,398,"Kazakhstan",83.9267,,,7.4575,,
2017,404,"Kenya",86.2043,,,7.98513,,
2017,296,"Kiribati",98.7542,,,0.35486,,
2017,412,"Kosovo",96.1959,,,1.479,,
2017,414,"Kuwait",96.3471,,,1.55956,,
2017,417,"Kyrgyzstan",91.5843,,,3.17573,,
2017,418,"Lao People's Dem. Rep.",90.2425,,,0.82523,,
2017,428,"Latvia",94.8266,,,2.8934,,
2017,422,"Lebanon",49.5625,,,4.44149,,
2017,426,"Lesotho",86.3085,,,4.45851,,
2017,430,"Liberia",54.5076,,,12.43447,,
2017,434,"Libya",89.0272,,,25.80373,,
2017,438,"Liechtenstein",99.4354,,,0.53458,,
2017,440,"Lithuania",94.3909,,,3.72006,,
2017,442,"Luxembourg",96.4243,,,2.11264,,
2017,450,"Madagascar",83.6756,,,8.59,,
2017,454,"Malawi",77.0554,,,11.54004,,
2017,458,"Malaysia",99.5212,,,3.79939,,
2017,462,"Maldives",98.9379,,,2.27179,,
2017,466,"Mali",100.7047,,,2.38782,,
2017,470,"Malta",96.0574,,,1.25767,,
2017,584,"Marshall Islands",99.972,,,0.05052,,
2017,478,"Mauritania",92.6325,,,2.25429,,
2017,480,"Mauritius",94.061,,,3.67421,,
2017,484,"Mexico",88.9654,,,6.04147,,
2017,583,"Micronesia (Federated States of)",95.9064,,,0.09801,,
2017,496,"Mongolia",84.1173,,,4.28414,,
2017,499,"Montenegro",97.3554,,,2.38143,,
2017,500,"Montserrat",101.6973,,,1.19292,,
2017,504,"Morocco",97.561,,,0.80645,,
2017,508,"Mozambique",90.8704,,,15.78458,,
2017,104,"Myanmar",82.8453,,,4.57199,,
2017,516,"Namibia",90.4587,,,6.16219,,
2017,520,"Nauru",94.1739,,,4.46392,,
2017,524,"Nepal",86.4735,,,4.497,,
2017,528,"Netherlands (Kingdom of the)",94.8169,,,1.29884,,
2017,540,"New Caledonia",99.9705,,,1.37867,,
2017,554,"New Zealand",95.2257,,,1.85123,,
2017,558,"Nicaragua",87.2133,,,3.85039,,
2017,562,"Niger",97.0203,,,0.15408,,
2017,566,"Nigeria",70.7167,,,16.50485,,
2017,807,"North Macedonia",96.6619,,,1.35845,,
2017,578,"Norway",94.0467,,,1.90735,,
2017,512,"Oman",99.2266,,,1.45795,,
2017,586,"Pakistan",80.7558,,,4.77524,,
2017,585,"Palau",96.5144,,,1.1009,,
2017,591,"Panama",101.1665,,,0.87773,,
2017,598,"Papua New Guinea",87.9047,,,5.42205,,
2017,600,"Paraguay",91.9731,,,3.61396,,
2017,604,"Peru",94.9026,,,2.80452,,
2017,608,"Philippines",90.5719,,,2.85349,,
2017,616,"Poland",93.0493,,,1.99978,,
2017,620,"Portugal",98.6719,,,1.55926,,
2017,630,"Puerto Rico",99.154,,,1.75196,,
2017,634,"Qatar",103.4161,,,0.60423,,
2017,410,"Republic of Korea",97.645,,,1.94398,,
2017,498,"Republic of Moldova",88.7267,,,6.50623,,
2017,642,"Romania",89.6807,,,1.34442,,
2017,643,"Russian Federation",89.999,,,3.6836,,
2017,646,"Rwanda",89.4199,,,4.82291,,
2017,659,"Saint Kitts and Nevis",102.5899,,,0.69508,,
2017,662,"Saint Lucia",99.3188,,,0.10284,,
2017,670,"Saint Vincent and the Grenadines",97.4422,,,2.15334,,
2017,882,"Samoa",93.0051,,,1.3458,,
2017,674,"San Marino",98.5169,,,1.0148,,
2017,678,"Sao Tome and Principe",78.3658,,,5.68936,,
2017,682,"Saudi Arabia",96.5387,,,-0.85915,,
2017,686,"Senegal",96.1112,,,2.22921,,
2017,688,"Serbia",94.8168,,,3.16776,,
2017,690,"Seychelles",93.5925,,,2.8577,,
2017,694,"Sierra Leone",66.1723,,,18.21953,,
2017,702,"Singapore",99.1724,,,0.57686,,
2017,534,"Sint Maarten (Dutch part)",96.1149,,,2.20573,,
2017,703,"Slovakia",93.0282,,,1.39593,,
2017,705,"Slovenia",96.7371,,,1.5592,,
2017,090,"Solomon Islands",91.7431,,,0.50251,,
2017,706,"Somalia",87.9769,,,3.95593,,
2017,710,"South Africa",88.9047,,,5.29403,,
2017,728,"South Sudan",29.459,,,212.99936,,
2017,724,"Spain",97.8659,,,2.03571,,
2017,144,"Sri Lanka",87.9275,,,6.57982,,
2017,275,"State of Palestine",99.3673,,,0.21304,,
2017,729,"Sudan",15.4061,,,32.35163,,
2017,736,"Sudan (...2011)",,,"Not applicable",,,"Not applicable"
2017,740,"Suriname",66.4075,,,22.02387,,
2017,752,"Sweden",95.7121,,,1.86494,,
2017,756,"Switzerland",99.4367,,,0.53506,,
2017,760,"Syrian Arab Republic",40.7774,,,18.07527,,
2017,762,"Tajikistan",82.2799,,,7.31023,,
2017,764,"Thailand",99.0902,,,0.66478,,
2017,626,"Timor-Leste",96.4227,,,0.52263,,
2017,768,"Togo",96.6236,,,-0.21533,,
2017,776,"Tonga",90.2876,,,7.20023,,
2017,780,"Trinidad and Tobago",97.427,,,1.88355,,
2017,788,"Tunisia",82.6625,,,5.30932,,
2017,792,"Turkiye",66.4859,,,11.164,,
2017,795,"Turkmenistan",79.1564,,,8.04085,,
2017,796,"Turks and Caicos Islands",93.5884,,,2.09992,,
2017,798,"Tuvalu",93.1207,,,4.0864,,
2017,800,"Uganda",92.911,,,5.57679,,
2017,804,"Ukraine",81.3175,,,14.44335,,
2017,784,"United Arab Emirates",101.0323,,,1.96593,,
2017,826,"United Kingdom",95.0568,,,2.68329,,
2017,834,"United Republic of Tanzania",90.4167,,,5.31947,,
2017,840,"United States",94.694,,,2.13162,,
2017,858,"Uruguay",78.4863,,,6.22208,,
2017,860,"Uzbekistan",65.826,,,13.87596,,
2017,548,"Vanuatu",90.2687,,,3.06748,,
2017,862,"Venezuela (Bolivarian Rep. of)",0,,,438.11383,,
2017,704,"Viet Nam",91.0222,,,3.52092,,
2017,887,"Yemen",46.7646,,,30.40017,,
2017,894,"Zambia",73.6431,,,6.5773,,
2017,716,"Zimbabwe",3.7313,,,0,,
2018,004,"Afghanistan",92.5599,,,0.62614,,
2018,008,"Albania",97.0334,,,2.02527,,
2018,012,"Algeria",95.7728,,,4.27025,,
2018,020,"Andorra",99.3808,,,0.9961,,
2018,024,"Angola",69.8514,,,19.62827,,
2018,660,"Anguilla",99.675,,,0.37401,,
2018,028,"Antigua and Barbuda",97.5565,,,1.21111,,
2018,032,"Argentina",45.8586,,,34.27722,,
2018,051,"Armenia",97.3912,,,2.52752,,
2018,533,"Aruba",97.4903,,,3.62519,,
2018,036,"Australia",97.5893,,,1.93345,,
2018,040,"Austria",97.1755,,,2.11745,,
2018,031,"Azerbaijan",94.8503,,,2.2614,,
2018,044,"Bahamas",97.5312,,,2.2675,,
2018,048,"Bahrain",101.3599,,,2.09123,,
2018,050,"Bangladesh",89.7413,,,5.78249,,
2018,052,"Barbados",97.8086,,,3.1234,,
2018,112,"Belarus",89.7297,,,4.86744,,
2018,056,"Belgium",98.3499,,,2.31044,,
2018,084,"Belize",99.693,,,0.26955,,
2018,204,"Benin",97.9525,,,0.84845,,
2018,060,"Bermuda",99.0468,,,1.34612,,
2018,064,"Bhutan",94.3955,,,3.62291,,
2018,068,"Bolivia (Plurinational State of)",97.2774,,,2.27138,,
2018,070,"Bosnia and Herzegovina",100.4964,,,1.41715,,
2018,072,"Botswana",95.5229,,,3.24079,,
2018,076,"Brazil",93.4016,,,3.66468,,
2018,092,"British Virgin Islands",97.9367,,,2.1,,
2018,096,"Brunei Darussalam",98.3806,,,0.91906,,
2018,100,"Bulgaria",96.4241,,,2.63601,,
2018,854,"Burkina Faso",101.4306,,,1.95626,,
2018,108,"Burundi",93.7661,,,-2.79435,,
2018,132,"Cabo Verde",98.311,,,1.27505,,
2018,116,"Cambodia",95.2936,,,2.46012,,
2018,120,"Cameroon",95.268,,,1.0638,,
2018,124,"Canada",97.3897,,,2.26797,,
2018,136,"Cayman Islands",93.7325,,,3.33828,,
2018,140,"Central African Republic",96.4721,,,1.61206,,
2018,148,"Chad",103.7387,,,4.02699,,
2018,152,"Chile",94.9055,,,2.31956,,
2018,156,"China",94.8161,,,2.09156,,
2018,344,"China, Hong Kong SAR",96.9539,,,2.40613,,
2018,446,"China, Macao SAR",96.5391,,,3.00584,,
2018,158,"China, Taiwan Province of",99.6808,,,1.34988,,
2018,170,"Colombia",94.2187,,,3.24198,,
2018,174,"Comoros",95.6659,,,1.7027,,
2018,178,"Congo",98.2521,,,1.15315,,
2018,184,"Cook Islands",98.7392,,,0.07614,,
2018,188,"Costa Rica",97.2427,,,2.22201,,
2018,384,"Cote d'Ivoire",97.0162,,,0.61509,,
2018,191,"Croatia",99.2627,,,1.55803,,
2018,192,"Cuba",90.9819,,,2.35,,
2018,531,"Curacao",95.3655,,,2.58369,,
2018,196,"Cyprus",100.571,,,0.79423,,
2018,203,"Czechia",94.2512,,,2.15775,,
2018,180,"Dem. Rep. of the Congo",85.7652,,,29.26588,,
2018,208,"Denmark",98.948,,,0.69007,,
2018,262,"Djibouti",95.0975,,,0.13895,,
2018,212,"Dominica",99.2393,,,0.98936,,
2018,214,"Dominican Republic",94.6433,,,3.56456,,
2018,218,"Ecuador",100.0732,,,-0.22382,,
2018,818,"Egypt",83.0791,,,20.85111,,
2018,222,"El Salvador",100.2964,,,1.08772,,
2018,226,"Equatorial Guinea",94.2776,,,1.34558,,
2018,232,"Eritrea",94.1591,,,-14.40103,,
2018,233,"Estonia",98.4039,,,3.41233,,
2018,748,"Eswatini",93.8347,,,4.81557,,
2018,231,"Ethiopia",71.7461,,,13.8336,,
2018,230,"Ethiopia (...1991)",,,"Not applicable",,,"Not applicable"
2018,242,"Fiji",99.9324,,,4.07934,,
2018,246,"Finland",98.5003,,,1.16789,,
2018,250,"France",98.2025,,,2.10308,,
2018,258,"French Polynesia",99.8154,,,-0.65968,,
2018,266,"Gabon",96.3774,,,4.77729,,
2018,270,"Gambia",88.1296,,,6.52082,,
2018,268,"Georgia",90.6548,,,2.61473,,
2018,276,"Germany",98.2652,,,1.88392,,
2018,288,"Ghana",84.8603,,,9.8373,,
2018,300,"Greece",100.7596,,,0.77912,,
2018,304,"Greenland",97.0373,,,0,,
2018,308,"Grenada",100.1485,,,0.80639,,
2018,320,"Guatemala",93.4302,,,3.75193,,
2018,324,"Guinea",82.5925,,,9.82615,,
2018,624,"Guinea-Bissau",98.2768,,,0.38055,,
2018,328,"Guyana",97.2304,,,1.25427,,
2018,332,"Haiti",69.3361,,,11.41565,,
2018,340,"Honduras",92.6029,,,4.34457,,
2018,348,"Hungary",93.6432,,,2.83909,,
2018,352,"Iceland",94.3946,,,2.677,,
2018,356,"India",89.8829,,,3.3878,,
2018,360,"Indonesia",95.3189,,,3.29043,,
2018,960,"Indonesia (...2002)",,,"Not applicable",,,"Not applicable"
2018,364,"Iran (Islamic Republic of)",54.3689,,,26.91603,,
2018,368,"Iraq",99.6104,,,0.34579,,
2018,372,"Ireland",99.6062,,,0.73932,,
2018,376,"Israel",99.7508,,,0.80722,,
2018,380,"Italy",99.5174,,,1.2383,,
2018,388,"Jamaica",91.4713,,,3.73944,,
2018,392,"Japan",99.561,,,0.98906,,
2018,400,"Jordan",98.9169,,,4.46364,,
2018,398,"Kazakhstan",88.9695,,,6.00864,,
2018,404,"Kenya",90.2472,,,4.6898,,
2018,296,"Kiribati",99.3108,,,0.56367,,
2018,412,"Kosovo",97.2121,,,1.05638,,
2018,414,"Kuwait",96.8831,,,0.55638,,
2018,417,"Kyrgyzstan",92.9967,,,1.54229,,
2018,418,"Lao People's Dem. Rep.",92.0838,,,2.04032,,
2018,428,"Latvia",97.2487,,,2.55426,,
2018,422,"Lebanon",52.5703,,,6.06862,,
2018,426,"Lesotho",90.4055,,,4.74698,,
2018,430,"Liberia",67.3425,,,23.54688,,
2018,434,"Libya",100.7522,,,13.17016,,
2018,438,"Liechtenstein",100.3654,,,0.9353,,
2018,440,"Lithuania",96.7809,,,2.532,,
2018,442,"Luxembourg",98.3697,,,2.01758,,
2018,450,"Madagascar",90.8704,,,8.5984,,
2018,454,"Malawi",84.1561,,,9.21514,,
2018,458,"Malaysia",100.4854,,,0.96883,,
2018,462,"Maldives",100.29,,,1.36665,,
2018,466,"Mali",102.6302,,,1.91199,,
2018,470,"Malta",97.7286,,,1.73986,,
2018,584,"Marshall Islands",100.7729,,,0.8011,,
2018,478,"Mauritania",95.4739,,,3.06735,,
2018,480,"Mauritius",97.1001,,,3.231,,
2018,484,"Mexico",93.3228,,,4.89788,,
2018,583,"Micronesia (Federated States of)",96.9041,,,1.04025,,
2018,496,"Mongolia",89.8131,,,6.77122,,
2018,499,"Montenegro",99.8958,,,2.60935,,
2018,500,"Montserrat",103.0334,,,1.31375,,
2018,504,"Morocco",99.122,,,1.6,,
2018,508,"Mozambique",93.7487,,,3.16743,,
2018,104,"Myanmar",88.5377,,,6.87104,,
2018,516,"Namibia",94.3286,,,4.27804,,
2018,520,"Nauru",95.1813,,,1.06973,,
2018,524,"Nepal",90.0447,,,4.12983,,
2018,528,"Netherlands (Kingdom of the)",96.3299,,,1.5957,,
2018,540,"New Caledonia",100.6777,,,0.70736,,
2018,554,"New Zealand",96.7478,,,1.59839,,
2018,558,"Nicaragua",91.5281,,,4.94742,,
2018,562,"Niger",99.6947,,,2.75654,,
2018,566,"Nigeria",79.2711,,,12.0966,,
2018,807,"North Macedonia",98.0644,,,1.45086,,
2018,578,"Norway",96.6244,,,2.74091,,
2018,512,"Oman",99.9251,,,0.7039,,
2018,586,"Pakistan",84.5512,,,4.69979,,
2018,585,"Palau",98.8702,,,2.44085,,
2018,591,"Panama",101.9368,,,0.76134,,
2018,598,"Papua New Guinea",91.7825,,,4.41145,,
2018,600,"Paraguay",95.6261,,,3.97175,,
2018,604,"Peru",96.152,,,1.3165,,
2018,608,"Philippines",95.3809,,,5.30956,,
2018,616,"Poland",94.5372,,,1.59905,,
2018,620,"Portugal",99.824,,,1.16768,,
2018,630,"Puerto Rico",100.4155,,,1.27226,,
2018,634,"Qatar",103.5197,,,0.1001,,
2018,410,"Republic of Korea",99.086,,,1.47575,,
2018,498,"Republic of Moldova",91.9122,,,3.59024,,
2018,642,"Romania",93.8328,,,4.62988,,
2018,643,"Russian Federation",92.5899,,,2.87877,,
2018,646,"Rwanda",90.6317,,,1.35519,,
2018,659,"Saint Kitts and Nevis",101.5272,,,-1.03588,,
2018,662,"Saint Lucia",101.2414,,,1.93574,,
2018,670,"Saint Vincent and the Grenadines",99.7066,,,2.32384,,
2018,882,"Samoa",96.4306,,,3.68311,,
2018,674,"San Marino",99.663,,,1.16333,,
2018,678,"Sao Tome and Principe",84.5352,,,7.87256,,
2018,682,"Saudi Arabia",98.9239,,,2.4707,,
2018,686,"Senegal",96.5482,,,0.45465,,
2018,688,"Serbia",96.6713,,,1.95587,,
2018,690,"Seychelles",97.0578,,,3.70251,,
2018,694,"Sierra Leone",76.7799,,,16.03024,,
2018,702,"Singapore",99.6072,,,0.43839,,
2018,534,"Sint Maarten (Dutch part)",98.9022,,,2.9,,
2018,703,"Slovakia",95.3847,,,2.53309,,
2018,705,"Slovenia",98.6073,,,1.93329,,
2018,090,"Solomon Islands",95.0459,,,3.6,,
2018,706,"Somalia",91.7305,,,4.26665,,
2018,710,"South Africa",92.9901,,,4.59534,,
2018,728,"South Sudan",54.0267,,,83.39634,,
2018,724,"Spain",99.5649,,,1.73605,,
2018,144,"Sri Lanka",91.685,,,4.27335,,
2018,275,"State of Palestine",99.1729,,,-0.19562,,
2018,729,"Sudan",25.157,,,63.29251,,
2018,736,"Sudan (...2011)",,,"Not applicable",,,"Not applicable"
2018,740,"Suriname",71.0158,,,6.93947,,
2018,752,"Sweden",97.6611,,,2.03636,,
2018,756,"Switzerland",100.3663,,,0.93486,,
2018,760,"Syrian Arab Republic",41.1611,,,0.94098,,
2018,762,"Tajikistan",85.4415,,,3.84256,,
2018,764,"Thailand",100.1467,,,1.06628,,
2018,626,"Timor-Leste",98.6352,,,2.29459,,
2018,768,"Togo",97.5204,,,0.92816,,
2018,776,"Tonga",95.7892,,,6.09341,,
2018,780,"Trinidad and Tobago",98.4197,,,1.01889,,
2018,788,"Tunisia",88.7032,,,7.30773,,
2018,792,"Turkiye",77.3319,,,16.31321,,
2018,795,"Turkmenistan",89.6843,,,13.30009,,
2018,796,"Turks and Caicos Islands",95.5538,,,2.10004,,
2018,798,"Tuvalu",95.1318,,,2.15967,,
2018,800,"Uganda",95.2794,,,2.54913,,
2018,804,"Ukraine",90.219,,,10.94669,,
2018,784,"United Arab Emirates",104.1345,,,3.07058,,
2018,826,"United Kingdom",97.4121,,,2.47772,,
2018,834,"United Republic of Tanzania",93.589,,,3.50853,,
2018,840,"United States",97.0037,,,2.4392,,
2018,858,"Uruguay",84.456,,,7.60599,,
2018,860,"Uzbekistan",77.362,,,17.52499,,
2018,548,"Vanuatu",92.4179,,,2.38095,,
2018,862,"Venezuela (Bolivarian Rep. of)",0.0204,,,65374.10641,,
2018,704,"Viet Nam",94.2444,,,3.54008,,
2018,887,"Yemen",62.4941,,,33.63562,,
2018,894,"Zambia",79.1624,,,7.49456,,
2018,716,"Zimbabwe",4.1045,,,10,,
2019,004,"Afghanistan",94.6905,,,2.30185,,
2019,008,"Albania",98.4053,,,1.41384,,
2019,012,"Algeria",97.6418,,,1.95152,,
2019,020,"Andorra",99.9075,,,0.52997,,
2019,024,"Angola",81.7815,,,17.07932,,
2019,660,"Anguilla",100.4875,,,0.81509,,
2019,028,"Antigua and Barbuda",98.9531,,,1.43153,,
2019,032,"Argentina",70.4151,,,53.5483,,
2019,051,"Armenia",98.7909,,,1.4372,,
2019,533,"Aruba",101.3291,,,3.93763,,
2019,036,"Australia",99.1175,,,1.56595,,
2019,040,"Austria",98.6299,,,1.4966,,
2019,031,"Azerbaijan",97.3116,,,2.59488,,
2019,044,"Bahamas",99.9611,,,2.49141,,
2019,048,"Bahrain",102.3806,,,1.00701,,
2019,050,"Bangladesh",94.6543,,,5.47465,,
2019,052,"Barbados",99.4316,,,1.65942,,
2019,112,"Belarus",94.7544,,,5.59976,,
2019,056,"Belgium",99.5793,,,1.25006,,
2019,084,"Belize",99.878,,,0.18557,,
2019,204,"Benin",97.0564,,,-0.91484,,
2019,060,"Bermuda",100.0158,,,0.97829,,
2019,064,"Bhutan",97.0524,,,2.81467,,
2019,068,"Bolivia (Plurinational State of)",99.0663,,,1.83896,,
2019,070,"Bosnia and Herzegovina",101.0587,,,0.55954,,
2019,072,"Botswana",98.1448,,,2.74482,,
2019,076,"Brazil",96.8883,,,3.73304,,
2019,092,"British Virgin Islands",99.6016,,,1.7,,
2019,096,"Brunei Darussalam",98.0991,,,-0.2861,,
2019,100,"Bulgaria",98.7933,,,2.45707,,
2019,854,"Burkina Faso",98.1508,,,-3.23353,,
2019,108,"Burundi",92.9988,,,-0.81826,,
2019,132,"Cabo Verde",99.3983,,,1.106,,
2019,116,"Cambodia",97.1436,,,1.94141,,
2019,120,"Cameroon",97.6084,,,2.45662,,
2019,124,"Canada",99.2881,,,1.94927,,
2019,136,"Cayman Islands",99.0259,,,5.64728,,
2019,140,"Central African Republic",99.1267,,,2.75169,,
2019,148,"Chad",102.7318,,,-0.97056,,
2019,152,"Chile",97.0447,,,2.25398,,
2019,156,"China",97.5699,,,2.90431,,
2019,344,"China, Hong Kong SAR",99.7497,,,2.88355,,
2019,446,"China, Macao SAR",99.1957,,,2.75185,,
2019,158,"China, Taiwan Province of",100.2386,,,0.55956,,
2019,170,"Colombia",97.5378,,,3.52273,,
2019,174,"Comoros",99.2062,,,3.70069,,
2019,178,"Congo",98.6451,,,0.4,,
2019,184,"Cook Islands",99.1246,,,0.39038,,
2019,188,"Costa Rica",99.281,,,2.09604,,
2019,384,"Cote d'Ivoire",97.7627,,,0.76948,,
2019,191,"Croatia",100.0482,,,0.79133,,
2019,192,"Cuba",89.7628,,,-1.34,,
2019,531,"Curacao",97.8662,,,2.62221,,
2019,196,"Cyprus",101.1218,,,0.54769,,
2019,203,"Czechia",96.9347,,,2.84717,,
2019,180,"Dem. Rep. of the Congo",89.8004,,,4.70494,,
2019,208,"Denmark",99.6556,,,0.71514,,
2019,262,"Djibouti",98.2527,,,3.31785,,
2019,212,"Dominica",100.733,,,1.50517,,
2019,214,"Dominican Republic",96.3564,,,1.81008,,
2019,218,"Ecuador",100.3396,,,0.26614,,
2019,818,"Egypt",94.607,,,13.87573,,
2019,222,"El Salvador",100.3713,,,0.07476,,
2019,226,"Equatorial Guinea",95.4507,,,1.24437,,
2019,232,"Eritrea",95.3834,,,1.3003,,
2019,233,"Estonia",100.6367,,,2.26903,,
2019,748,"Eswatini",96.2723,,,2.59778,,
2019,231,"Ethiopia",83.0883,,,15.80886,,
2019,230,"Ethiopia (...1991)",,,"Not applicable",,,"Not applicable"
2019,242,"Fiji",101.7295,,,1.79837,,
2019,246,"Finland",99.6198,,,1.13654,,
2019,250,"France",99.4775,,,1.29831,,
2019,258,"French Polynesia",100.1141,,,0.29925,,
2019,266,"Gabon",98.3259,,,2.02174,,
2019,270,"Gambia",94.4008,,,7.11585,,
2019,268,"Georgia",95.0542,,,4.85294,,
2019,276,"Germany",99.6361,,,1.39505,,
2019,288,"Ghana",90.9768,,,7.20775,,
2019,300,"Greece",101.2813,,,0.5178,,
2019,304,"Greenland",97.9708,,,0.96194,,
2019,308,"Grenada",100.7471,,,0.59771,,
2019,320,"Guatemala",96.8868,,,3.69965,,
2019,324,"Guinea",90.4143,,,9.47027,,
2019,624,"Guinea-Bissau",98.5587,,,0.28676,,
2019,328,"Guyana",99.2819,,,2.10989,,
2019,332,"Haiti",81.3368,,,17.308,,
2019,340,"Honduras",96.6469,,,4.36704,,
2019,348,"Hungary",96.8013,,,3.37251,,
2019,352,"Iceland",97.2313,,,3.00512,,
2019,356,"India",94.2024,,,4.80569,,
2019,360,"Indonesia",98.0095,,,2.82278,,
2019,960,"Indonesia (...2002)",,,"Not applicable",,,"Not applicable"
2019,364,"Iran (Islamic Republic of)",73.2831,,,34.78844,,
2019,368,"Iraq",99.4434,,,-0.16764,,
2019,372,"Ireland",100.4781,,,0.87536,,
2019,376,"Israel",100.5905,,,0.84182,,
2019,380,"Italy",100.1701,,,0.65582,,
2019,388,"Jamaica",95.048,,,3.91014,,
2019,392,"Japan",100.027,,,0.46809,,
2019,400,"Jordan",99.6667,,,0.75798,,
2019,398,"Kazakhstan",93.6675,,,5.28044,,
2019,404,"Kenya",94.9758,,,5.23968,,
2019,296,"Kiribati",97.5106,,,-1.81267,,
2019,412,"Kosovo",99.8038,,,2.66599,,
2019,414,"Kuwait",97.9415,,,1.09244,,
2019,417,"Kyrgyzstan",94.0534,,,1.13622,,
2019,418,"Lao People's Dem. Rep.",95.1433,,,3.32262,,
2019,428,"Latvia",99.9194,,,2.74628,,
2019,422,"Lebanon",54.0924,,,2.8954,,
2019,426,"Lesotho",94.8626,,,4.93006,,
2019,430,"Liberia",85.5044,,,26.9695,,
2019,434,"Libya",98.5737,,,-2.16221,,
2019,438,"Liechtenstein",100.7299,,,0.36311,,
2019,440,"Lithuania",98.9481,,,2.23928,,
2019,442,"Luxembourg",99.994,,,1.65114,,
2019,450,"Madagascar",95.98,,,5.62297,,
2019,454,"Malawi",92.0485,,,9.37829,,
2019,458,"Malaysia",101.1515,,,0.66289,,
2019,462,"Maldives",101.6197,,,1.32583,,
2019,466,"Mali",99.5207,,,-3.02977,,
2019,470,"Malta",99.2164,,,1.52238,,
2019,584,"Marshall Islands",100.6624,,,-0.10966,,
2019,478,"Mauritania",97.6699,,,2.30009,,
2019,480,"Mauritius",97.5412,,,0.45432,,
2019,484,"Mexico",96.7149,,,3.6348,,
2019,583,"Micronesia (Federated States of)",99.0452,,,2.20947,,
2019,496,"Mongolia",96.3956,,,7.32915,,
2019,499,"Montenegro",100.2582,,,0.36282,,
2019,500,"Montserrat",101.9299,,,-1.07095,,
2019,504,"Morocco",99.3171,,,0.19685,,
2019,508,"Mozambique",99.0796,,,5.68643,,
2019,104,"Myanmar",96.352,,,8.82604,,
2019,516,"Namibia",97.8428,,,3.72558,,
2019,520,"Nauru",99.0777,,,4.09373,,
2019,524,"Nepal",94.2077,,,4.62334,,
2019,528,"Netherlands (Kingdom of the)",98.9024,,,2.67048,,
2019,540,"New Caledonia",100.5613,,,-0.11553,,
2019,554,"New Zealand",98.3142,,,1.61913,,
2019,558,"Nicaragua",96.4489,,,5.37633,,
2019,562,"Niger",97.1808,,,-2.52161,,
2019,566,"Nigeria",88.304,,,11.39495,,
2019,807,"North Macedonia",98.8142,,,0.76461,,
2019,578,"Norway",98.721,,,2.1698,,
2019,512,"Oman",100.3967,,,0.47199,,
2019,586,"Pakistan",90.3024,,,6.80205,,
2019,585,"Palau",99.3029,,,0.43764,,
2019,591,"Panama",101.5746,,,-0.35526,,
2019,598,"Papua New Guinea",95.3544,,,3.89162,,
2019,600,"Paraguay",98.2632,,,2.75776,,
2019,604,"Peru",98.2053,,,2.13552,,
2019,608,"Philippines",97.6628,,,2.39241,,
2019,616,"Poland",96.7122,,,2.30076,,
2019,620,"Portugal",100.1205,,,0.297,,
2019,630,"Puerto Rico",100.4996,,,0.08375,,
2019,634,"Qatar",102.588,,,-0.9,,
2019,410,"Republic of Korea",99.466,,,0.38351,,
2019,498,"Republic of Moldova",96.3659,,,4.84558,,
2019,642,"Romania",97.4223,,,3.82545,,
2019,643,"Russian Federation",96.7288,,,4.47013,,
2019,646,"Rwanda",92.8222,,,2.41692,,
2019,659,"Saint Kitts and Nevis",101.1917,,,-0.3304,,
2019,662,"Saint Lucia",101.7875,,,0.53946,,
2019,670,"Saint Vincent and the Grenadines",100.6094,,,0.90553,,
2019,882,"Samoa",98.5422,,,2.18975,,
2019,674,"San Marino",100.134,,,0.47265,,
2019,678,"Sao Tome and Principe",91.0584,,,7.71647,,
2019,682,"Saudi Arabia",96.9093,,,-2.03648,,
2019,686,"Senegal",97.5325,,,1.01957,,
2019,688,"Serbia",98.4788,,,1.86972,,
2019,690,"Seychelles",98.8116,,,1.80701,,
2019,694,"Sierra Leone",88.1476,,,14.80552,,
2019,702,"Singapore",100.1725,,,0.56754,,
2019,534,"Sint Maarten (Dutch part)",99.2904,,,0.3925,,
2019,703,"Slovakia",98.0273,,,2.77049,,
2019,705,"Slovenia",100.275,,,1.69124,,
2019,090,"Solomon Islands",97.156,,,2.22008,,
2019,706,"Somalia",96.0493,,,4.70811,,
2019,710,"South Africa",96.8167,,,4.11509,,
2019,728,"South Sudan",80.6555,,,49.28826,,
2019,724,"Spain",100.34,,,0.77854,,
2019,144,"Sri Lanka",95.6307,,,4.30356,,
2019,275,"State of Palestine",100.717,,,1.55702,,
2019,729,"Sudan",37.9855,,,50.99403,,
2019,736,"Sudan (...2011)",,,"Not applicable",,,"Not applicable"
2019,740,"Suriname",74.1344,,,4.39143,,
2019,752,"Sweden",99.3434,,,1.72249,,
2019,756,"Switzerland",100.7294,,,0.36178,,
2019,760,"Syrian Arab Republic",46.6839,,,13.41757,,
2019,762,"Tajikistan",92.0976,,,7.79016,,
2019,764,"Thailand",100.8533,,,0.70552,,
2019,626,"Timor-Leste",99.5155,,,0.89245,,
2019,768,"Togo",98.191,,,0.68759,,
2019,776,"Tonga",99.76,,,4.14534,,
2019,780,"Trinidad and Tobago",99.4044,,,1.00051,,
2019,788,"Tunisia",94.6652,,,6.72126,,
2019,792,"Turkiye",89.0659,,,15.17356,,
2019,795,"Turkmenistan",94.2505,,,5.09143,,
2019,796,"Turks and Caicos Islands",97.7516,,,2.30003,,
2019,798,"Tuvalu",98.4542,,,3.49241,,
2019,800,"Uganda",97.316,,,2.13743,,
2019,804,"Ukraine",97.3335,,,7.88579,,
2019,784,"United Arab Emirates",102.1201,,,-1.93447,,
2019,826,"United Kingdom",99.1567,,,1.79094,,
2019,834,"United Republic of Tanzania",96.8157,,,3.44775,,
2019,840,"United States",98.7626,,,1.81322,,
2019,858,"Uruguay",91.1136,,,7.88291,,
2019,860,"Uzbekistan",88.599,,,14.52522,,
2019,548,"Vanuatu",94.9254,,,2.71318,,
2019,862,"Venezuela (Bolivarian Rep. of)",4.0731,,,19906.02435,,
2019,704,"Viet Nam",96.8793,,,2.79581,,
2019,887,"Yemen",76.5991,,,22.57001,,
2019,894,"Zambia",86.4062,,,9.15062,,
2019,716,"Zimbabwe",15.2985,,,272.72727,,
2020,004,"Afghanistan",100,,,5.60719,,
2020,008,"Albania",100,,,1.62055,,
2020,012,"Algeria",100,,,2.41513,,
2020,020,"Andorra",100,,,0.09261,,
2020,024,"Angola",100,,,22.27701,,
2020,660,"Anguilla",100,,,-0.4851,,
2020,028,"Antigua and Barbuda",100,,,1.058,,
2020,032,"Argentina",100,,,42.01509,,
2020,051,"Armenia",100,,,1.22385,,
2020,533,"Aruba",100,,,-1.31165,,
2020,036,"Australia",100,,,0.89034,,
2020,040,"Austria",100,,,1.38916,,
2020,031,"Azerbaijan",100,,,2.7627,,
2020,044,"Bahamas",100,,,0.03888,,
2020,048,"Bahrain",100,,,-2.32526,,
2020,050,"Bangladesh",100,,,5.64757,,
2020,052,"Barbados",100,,,0.57162,,
2020,112,"Belarus",100,,,5.53602,,
2020,056,"Belgium",100,,,0.42244,,
2020,084,"Belize",100,,,0.12215,,
2020,204,"Benin",100,,,3.03288,,
2020,060,"Bermuda",100,,,-0.01575,,
2020,064,"Bhutan",100,,,3.03716,,
2020,068,"Bolivia (Plurinational State of)",100,,,0.94251,,
2020,070,"Bosnia and Herzegovina",100,,,-1.04762,,
2020,072,"Botswana",100,,,1.89028,,
2020,076,"Brazil",100,,,3.21159,,
2020,092,"British Virgin Islands",100,,,0.4,,
2020,096,"Brunei Darussalam",100,,,1.93775,,
2020,100,"Bulgaria",100,,,1.22147,,
2020,854,"Burkina Faso",100,,,1.88404,,
2020,108,"Burundi",100,,,7.52822,,
2020,132,"Cabo Verde",100,,,0.60531,,
2020,116,"Cambodia",100,,,2.94035,,
2020,120,"Cameroon",100,,,2.45024,,
2020,124,"Canada",100,,,0.717,,
2020,136,"Cayman Islands",100,,,0.98369,,
2020,140,"Central African Republic",100,,,0.881,,
2020,148,"Chad",100,,,-2.65917,,
2020,152,"Chile",100,,,3.04533,,
2020,156,"China",100,,,2.49067,,
2020,344,"China, Hong Kong SAR",100,,,0.25096,,
2020,446,"China, Macao SAR",100,,,0.81081,,
2020,158,"China, Taiwan Province of",100,,,-0.23804,,
2020,170,"Colombia",100,,,2.52435,,
2020,174,"Comoros",100,,,0.80011,,
2020,178,"Congo",100,,,1.37351,,
2020,184,"Cook Islands",100,,,0.88311,,
2020,188,"Costa Rica",100,,,0.72423,,
2020,384,"Cote d'Ivoire",100,,,2.28846,,
2020,191,"Croatia",100,,,-0.04815,,
2020,192,"Cuba",100,,,11.40476,,
2020,531,"Curacao",100,,,2.18032,,
2020,196,"Cyprus",100,,,-1.10933,,
2020,203,"Czechia",100,,,3.16219,,
2020,180,"Dem. Rep. of the Congo",100,,,11.35806,,
2020,208,"Denmark",100,,,0.34556,,
2020,262,"Djibouti",100,,,1.7784,,
2020,212,"Dominica",100,,,-0.72765,,
2020,214,"Dominican Republic",100,,,3.78138,,
2020,218,"Ecuador",100,,,-0.33843,,
2020,818,"Egypt",100,,,5.70046,,
2020,222,"El Salvador",100,,,-0.36997,,
2020,226,"Equatorial Guinea",100,,,4.7661,,
2020,232,"Eritrea",100,,,4.84,,
2020,233,"Estonia",100,,,-0.63265,,
2020,748,"Eswatini",100,,,3.872,,
2020,231,"Ethiopia",100,,,20.3539,,
2020,230,"Ethiopia (...1991)",,,"Not applicable",,,"Not applicable"
2020,242,"Fiji",100,,,-1.70012,,
2020,246,"Finland",100,,,0.38166,,
2020,250,"France",100,,,0.52524,,
2020,258,"French Polynesia",100,,,-0.11398,,
2020,266,"Gabon",100,,,1.70263,,
2020,270,"Gambia",100,,,5.93131,,
2020,268,"Georgia",100,,,5.20313,,
2020,276,"Germany",100,,,0.36523,,
2020,288,"Ghana",100,,,9.91815,,
2020,300,"Greece",100,,,-1.26508,,
2020,304,"Greenland",100,,,2.07125,,
2020,308,"Grenada",100,,,-0.74158,,
2020,320,"Guatemala",100,,,3.21328,,
2020,324,"Guinea",100,,,10.602,,
2020,624,"Guinea-Bissau",100,,,1.46243,,
2020,328,"Guyana",100,,,0.72333,,
2020,332,"Haiti",100,,,22.94558,,
2020,340,"Honduras",100,,,3.4694,,
2020,348,"Hungary",100,,,3.3044,,
2020,352,"Iceland",100,,,2.84753,,
2020,356,"India",100,,,6.15445,,
2020,360,"Indonesia",100,,,2.03091,,
2020,960,"Indonesia (...2002)",,,"Not applicable",,,"Not applicable"
2020,364,"Iran (Islamic Republic of)",100,,,36.4572,,
2020,368,"Iraq",100,,,0.55975,,
2020,372,"Ireland",100,,,-0.47583,,
2020,376,"Israel",100,,,-0.58707,,
2020,380,"Italy",100,,,-0.16981,,
2020,388,"Jamaica",100,,,5.21,,
2020,392,"Japan",100,,,-0.02699,,
2020,400,"Jordan",100,,,0.33446,,
2020,398,"Kazakhstan",100,,,6.76059,,
2020,404,"Kenya",100,,,5.28995,,
2020,296,"Kiribati",100,,,2.55292,,
2020,412,"Kosovo",100,,,0.19661,,
2020,414,"Kuwait",100,,,2.10172,,
2020,417,"Kyrgyzstan",100,,,6.32258,,
2020,418,"Lao People's Dem. Rep.",100,,,5.10456,,
2020,428,"Latvia",100,,,0.08062,,
2020,422,"Lebanon",100,,,84.86878,,
2020,426,"Lesotho",100,,,5.41566,,
2020,430,"Liberia",100,,,16.95302,,
2020,434,"Libya",100,,,1.44695,,
2020,438,"Liechtenstein",100,,,-0.72459,,
2020,440,"Lithuania",100,,,1.06306,,
2020,442,"Luxembourg",100,,,0.00604,,
2020,450,"Madagascar",100,,,4.18841,,
2020,454,"Malawi",100,,,8.63832,,
2020,458,"Malaysia",100,,,-1.13843,,
2020,462,"Maldives",100,,,-1.59389,,
2020,466,"Mali",100,,,0.48159,,
2020,470,"Malta",100,,,0.78974,,
2020,584,"Marshall Islands",100,,,-0.65803,,
2020,478,"Mauritania",100,,,2.38571,,
2020,480,"Mauritius",100,,,2.52073,,
2020,484,"Mexico",100,,,3.39663,,
2020,583,"Micronesia (Federated States of)",100,,,0.96405,,
2020,496,"Mongolia",100,,,3.73914,,
2020,499,"Montenegro",100,,,-0.25757,,
2020,500,"Montserrat",100,,,-1.8934,,
2020,504,"Morocco",100,,,0.68762,,
2020,508,"Mozambique",100,,,0.92894,,
2020,104,"Myanmar",100,,,3.78608,,
2020,516,"Namibia",100,,,2.20472,,
2020,520,"Nauru",100,,,0.93084,,
2020,524,"Nepal",100,,,6.14839,,
2020,528,"Netherlands (Kingdom of the)",100,,,1.10977,,
2020,540,"New Caledonia",100,,,-0.55821,,
2020,554,"New Zealand",100,,,1.71466,,
2020,558,"Nicaragua",100,,,3.68181,,
2020,562,"Niger",100,,,2.90096,,
2020,566,"Nigeria",100,,,13.2452,,
2020,807,"North Macedonia",100,,,1.20004,,
2020,578,"Norway",100,,,1.29562,,
2020,512,"Oman",100,,,-0.39512,,
2020,586,"Pakistan",100,,,10.73903,,
2020,585,"Palau",100,,,0.70201,,
2020,591,"Panama",100,,,-1.55021,,
2020,598,"Papua New Guinea",100,,,4.87197,,
2020,600,"Paraguay",100,,,1.76751,,
2020,604,"Peru",100,,,1.82746,,
2020,608,"Philippines",100,,,2.39316,,
2020,616,"Poland",100,,,3.39953,,
2020,620,"Portugal",100,,,-0.12037,,
2020,630,"Puerto Rico",100,,,-0.49707,,
2020,634,"Qatar",100,,,-2.5227,,
2020,410,"Republic of Korea",100,,,0.53687,,
2020,498,"Republic of Moldova",100,,,3.77112,,
2020,642,"Romania",100,,,2.64586,,
2020,643,"Russian Federation",100,,,3.38185,,
2020,646,"Rwanda",100,,,7.73283,,
2020,659,"Saint Kitts and Nevis",100,,,-1.17769,,
2020,662,"Saint Lucia",100,,,-1.75613,,
2020,670,"Saint Vincent and the Grenadines",100,,,-0.60575,,
2020,882,"Samoa",100,,,1.47941,,
2020,674,"San Marino",100,,,-0.13385,,
2020,678,"Sao Tome and Principe",100,,,9.81968,,
2020,682,"Saudi Arabia",100,,,3.18923,,
2020,686,"Senegal",100,,,2.52989,,
2020,688,"Serbia",100,,,1.54469,,
2020,690,"Seychelles",100,,,1.20266,,
2020,694,"Sierra Leone",100,,,13.44613,,
2020,702,"Singapore",100,,,-0.17221,,
2020,534,"Sint Maarten (Dutch part)",100,,,0.71469,,
2020,703,"Slovakia",100,,,2.01238,,
2020,705,"Slovenia",100,,,-0.27428,,
2020,090,"Solomon Islands",100,,,2.92729,,
2020,706,"Somalia",100,,,4.1132,,
2020,710,"South Africa",100,,,3.28792,,
2020,728,"South Sudan",100,,,23.98403,,
2020,724,"Spain",100,,,-0.33889,,
2020,144,"Sri Lanka",100,,,4.56894,,
2020,275,"State of Palestine",100,,,-0.71192,,
2020,729,"Sudan",100,,,163.25835,,
2020,736,"Sudan (...2011)",,,"Not applicable",,,"Not applicable"
2020,740,"Suriname",100,,,34.8901,,
2020,752,"Sweden",100,,,0.66099,,
2020,756,"Switzerland",100,,,-0.72412,,
2020,760,"Syrian Arab Republic",100,,,114.20658,,
2020,762,"Tajikistan",100,,,8.58051,,
2020,764,"Thailand",100,,,-0.84609,,
2020,626,"Timor-Leste",100,,,0.4869,,
2020,768,"Togo",100,,,1.84238,,
2020,776,"Tonga",100,,,0.24054,,
2020,780,"Trinidad and Tobago",100,,,0.59917,,
2020,788,"Tunisia",100,,,5.63544,,
2020,792,"Turkiye",100,,,12.27643,,
2020,795,"Turkmenistan",100,,,6.10019,,
2020,796,"Turks and Caicos Islands",100,,,2.30015,,
2020,798,"Tuvalu",100,,,1.57003,,
2020,800,"Uganda",100,,,2.75806,,
2020,804,"Ukraine",100,,,2.73955,,
2020,784,"United Arab Emirates",100,,,-2.07608,,
2020,826,"United Kingdom",100,,,0.8505,,
2020,834,"United Republic of Tanzania",100,,,3.289,,
2020,840,"United States",100,,,1.25287,,
2020,858,"Uruguay",100,,,9.75313,,
2020,860,"Uzbekistan",100,,,12.86809,,
2020,548,"Vanuatu",100,,,5.34591,,
2020,862,"Venezuela (Bolivarian Rep. of)",100,,,2355.14724,,
2020,704,"Viet Nam",100,,,3.22121,,
2020,887,"Yemen",100,,,30.54991,,
2020,894,"Zambia",100,,,15.73241,,
2020,716,"Zimbabwe",100,,,553.65854,,
2021,004,"Afghanistan",107.7624,,,7.76243,,
2021,008,"Albania",102.0468,,,2.04679,,
2021,012,"Algeria",107.2261,,,7.22606,,
2021,020,"Andorra",101.6767,,,1.67666,,
2021,024,"Angola",125.7653,,,25.76532,,
2021,660,"Anguilla",101.7874,,,1.78737,,
2021,028,"Antigua and Barbuda",101.6267,,,1.62669,,
2021,032,"Argentina",148.4094,,,48.40938,,
2021,051,"Armenia",107.1732,,,7.17317,,
2021,533,"Aruba",100.7439,,,0.74387,,
2021,036,"Australia",102.8412,,,2.84115,,
2021,040,"Austria",102.7645,,,2.76452,,
2021,031,"Azerbaijan",106.6641,,,6.66407,,
2021,044,"Bahamas",102.9046,,,2.9046,,
2021,048,"Bahrain",99.3882,,,-0.61181,,
2021,050,"Bangladesh",105.5577,,,5.5577,,
2021,052,"Barbados",101.5361,,,1.53607,,
2021,112,"Belarus",109.4527,,,9.45265,,
2021,056,"Belgium",103.2188,,,3.21882,,
2021,084,"Belize",103.239,,,3.239,,
2021,204,"Benin",101.7329,,,1.7329,,
2021,060,"Bermuda",101.5222,,,1.52215,,
2021,064,"Bhutan",108.2202,,,8.22017,,
2021,068,"Bolivia (Plurinational State of)",100.7364,,,0.73643,,
2021,070,"Bosnia and Herzegovina",101.9816,,,1.98158,,
2021,072,"Botswana",106.6789,,,6.67892,,
2021,076,"Brazil",108.3016,,,8.30157,,
2021,092,"British Virgin Islands",102.8,,,2.8,,
2021,096,"Brunei Darussalam",101.7364,,,1.73639,,
2021,100,"Bulgaria",102.8371,,,2.83715,,
2021,854,"Burkina Faso",103.9087,,,3.90867,,
2021,108,"Burundi",108.3624,,,8.36236,,
2021,132,"Cabo Verde",101.864,,,1.86398,,
2021,116,"Cambodia",102.9215,,,2.92151,,
2021,120,"Cameroon",102.2619,,,2.26194,,
2021,124,"Canada",103.3952,,,3.3952,,
2021,136,"Cayman Islands",103.3323,,,3.33234,,
2021,140,"Central African Republic",104.2595,,,4.25947,,
2021,148,"Chad",99.2031,,,-0.79687,,
2021,152,"Chile",104.5251,,,4.52505,,
2021,156,"China",100.9188,,,0.91881,,
2021,344,"China, Hong Kong SAR",101.5681,,,1.56809,,
2021,446,"China, Macao SAR",100.028,,,0.02803,,
2021,158,"China, Taiwan Province of",101.9701,,,1.97006,,
2021,170,"Colombia",103.5055,,,3.50547,,
2021,174,"Comoros",99.9853,,,-0.01468,,
2021,178,"Congo",101.969,,,1.96897,,
2021,184,"Cook Islands",102.0956,,,2.09564,,
2021,188,"Costa Rica",101.7271,,,1.72707,,
2021,384,"Cote d'Ivoire",104.1826,,,4.18255,,
2021,191,"Croatia",102.7459,,,2.74589,,
2021,192,"Cuba",167.3601,,,67.36008,,
2021,531,"Curacao",103.7678,,,3.76778,,
2021,196,"Cyprus",102.2637,,,2.26368,,
2021,203,"Czechia",103.8524,,,3.8524,,
2021,180,"Dem. Rep. of the Congo",108.9891,,,8.98915,,
2021,208,"Denmark",101.9353,,,1.93532,,
2021,262,"Djibouti",101.1812,,,1.1812,,
2021,212,"Dominica",101.5712,,,1.57123,,
2021,214,"Dominican Republic",108.242,,,8.24202,,
2021,218,"Ecuador",100.1332,,,0.13317,,
2021,818,"Egypt",104.4999,,,4.49987,,
2021,222,"El Salvador",103.4679,,,3.46791,,
2021,226,"Equatorial Guinea",99.9063,,,-0.09374,,
2021,232,"Eritrea",104.5,,,4.5,,
2021,233,"Estonia",104.4849,,,4.48488,,
2021,748,"Eswatini",103.718,,,3.71804,,
2021,231,"Ethiopia",126.794,,,26.79395,,
2021,230,"Ethiopia (...1991)",,,"Not applicable",,,"Not applicable"
2021,242,"Fiji",101.5349,,,1.53488,,
2021,246,"Finland",102.0688,,,2.06884,,
2021,250,"France",102.0676,,,2.06756,,
2021,258,"French Polynesia",100.4556,,,0.45559,,
2021,266,"Gabon",101.0775,,,1.0775,,
2021,270,"Gambia",107.3703,,,7.37026,,
2021,268,"Georgia",109.5665,,,9.56646,,
2021,276,"Germany",103.219,,,3.21901,,
2021,288,"Ghana",109.9756,,,9.97558,,
2021,300,"Greece",100.5763,,,0.57634,,
2021,304,"Greenland",100.0406,,,0.04058,,
2021,308,"Grenada",101.2215,,,1.2215,,
2021,320,"Guatemala",104.2626,,,4.2626,,
2021,324,"Guinea",112.5965,,,12.59652,,
2021,624,"Guinea-Bissau",103.2541,,,3.25408,,
2021,328,"Guyana",104.5072,,,4.50718,,
2021,332,"Haiti",115.9411,,,15.94106,,
2021,340,"Honduras",104.4816,,,4.4816,,
2021,348,"Hungary",105.1052,,,5.10519,,
2021,352,"Iceland",104.4586,,,4.45862,,
2021,356,"India",105.5115,,,5.51154,,
2021,360,"Indonesia",101.5611,,,1.56108,,
2021,960,"Indonesia (...2002)",,,"Not applicable",,,"Not applicable"
2021,364,"Iran (Islamic Republic of)",140.1876,,,40.18757,,
2021,368,"Iraq",106.0581,,,6.05808,,
2021,372,"Ireland",102.423,,,2.42305,,
2021,376,"Israel",101.4917,,,1.49171,,
2021,380,"Italy",101.9495,,,1.94952,,
2021,388,"Jamaica",105.8816,,,5.88157,,
2021,392,"Japan",99.765,,,-0.23502,,
2021,400,"Jordan",101.3462,,,1.34623,,
2021,398,"Kazakhstan",108.0021,,,8.00207,,
2021,404,"Kenya",106.1093,,,6.10929,,
2021,296,"Kiribati",102.0537,,,2.05373,,
2021,412,"Kosovo",103.3481,,,3.34812,,
2021,414,"Kuwait",103.423,,,3.42305,,
2021,417,"Kyrgyzstan",111.9089,,,11.90892,,
2021,418,"Lao People's Dem. Rep.",103.7531,,,3.75315,,
2021,428,"Latvia",103.2388,,,3.23875,,
2021,422,"Lebanon",254.7588,,,154.75884,,
2021,426,"Lesotho",106.4507,,,6.45066,,
2021,430,"Liberia",107.8159,,,7.81585,,
2021,434,"Libya",102.8685,,,2.86847,,
2021,438,"Liechtenstein",100.5835,,,0.5835,,
2021,440,"Lithuania",104.6277,,,4.62768,,
2021,442,"Luxembourg",103.4731,,,3.47305,,
2021,450,"Madagascar",105.8193,,,5.8193,,
2021,454,"Malawi",109.3434,,,9.34339,,
2021,458,"Malaysia",102.4771,,,2.4771,,
2021,462,"Maldives",100.2134,,,0.21344,,
2021,466,"Mali",103.8079,,,3.80793,,
2021,470,"Malta",100.7043,,,0.70425,,
2021,584,"Marshall Islands",102.2464,,,2.2464,,
2021,478,"Mauritania",103.5651,,,3.56515,,
2021,480,"Mauritius",104.038,,,4.03804,,
2021,484,"Mexico",105.6914,,,5.69136,,
2021,583,"Micronesia (Federated States of)",101.7715,,,1.77145,,
2021,496,"Mongolia",107.367,,,7.36698,,
2021,499,"Montenegro",102.4146,,,2.41465,,
2021,500,"Montserrat",102.6082,,,2.60819,,
2021,504,"Morocco",101.3659,,,1.36585,,
2021,508,"Mozambique",106.6202,,,6.62025,,
2021,104,"Myanmar",106.2367,,,6.23666,,
2021,516,"Namibia",103.6328,,,3.63281,,
2021,520,"Nauru",102.0076,,,2.00757,,
2021,524,"Nepal",103.5775,,,3.57746,,
2021,528,"Netherlands (Kingdom of the)",102.8215,,,2.82146,,
2021,540,"New Caledonia",100.6355,,,0.63551,,
2021,554,"New Zealand",103.9414,,,3.94137,,
2021,558,"Nicaragua",104.9281,,,4.9281,,
2021,562,"Niger",103.8348,,,3.83484,,
2021,566,"Nigeria",116.9548,,,16.95475,,
2021,807,"North Macedonia",103.2228,,,3.22281,,
2021,578,"Norway",103.4677,,,3.46766,,
2021,512,"Oman",101.6647,,,1.6647,,
2021,586,"Pakistan",108.8961,,,8.89615,,
2021,585,"Palau",99.5192,,,-0.48077,,
2021,591,"Panama",101.6302,,,1.63017,,
2021,598,"Papua New Guinea",104.4833,,,4.48334,,
2021,600,"Paraguay",104.788,,,4.78797,,
2021,604,"Peru",103.979,,,3.97896,,
2021,608,"Philippines",103.9275,,,3.9275,,
2021,616,"Poland",105.1006,,,5.10056,,
2021,620,"Portugal",100.9437,,,0.94367,,
2021,630,"Puerto Rico",102.4103,,,2.41031,,
2021,634,"Qatar",102.2774,,,2.27743,,
2021,410,"Republic of Korea",102.498,,,2.498,,
2021,498,"Republic of Moldova",105.0991,,,5.0991,,
2021,642,"Romania",105.0467,,,5.04674,,
2021,643,"Russian Federation",106.6941,,,6.69408,,
2021,646,"Rwanda",100.8277,,,0.82769,,
2021,659,"Saint Kitts and Nevis",101.2061,,,1.20606,,
2021,662,"Saint Lucia",102.4107,,,2.4107,,
2021,670,"Saint Vincent and the Grenadines",101.5574,,,1.55745,,
2021,882,"Samoa",96.9899,,,-3.01013,,
2021,674,"San Marino",101.6152,,,1.61519,,
2021,678,"Sao Tome and Principe",108.1381,,,8.13808,,
2021,682,"Saudi Arabia",103.1275,,,3.12751,,
2021,686,"Senegal",102.173,,,2.17298,,
2021,688,"Serbia",104.0893,,,4.08928,,
2021,690,"Seychelles",109.7703,,,9.77028,,
2021,694,"Sierra Leone",111.874,,,11.87398,,
2021,702,"Singapore",102.316,,,2.31601,,
2021,534,"Sint Maarten (Dutch part)",102.7668,,,2.76679,,
2021,703,"Slovakia",102.827,,,2.82696,,
2021,705,"Slovenia",102.0477,,,2.04773,,
2021,090,"Solomon Islands",100.1835,,,0.18349,,
2021,706,"Somalia",104.6256,,,4.62564,,
2021,710,"South Africa",104.5534,,,4.55337,,
2021,728,"South Sudan",130.2285,,,30.22851,,
2021,724,"Spain",103.0092,,,3.00921,,
2021,144,"Sri Lanka",105.9539,,,5.95388,,
2021,275,"State of Palestine",101.2387,,,1.23868,,
2021,729,"Sudan",459.0921,,,359.09213,,
2021,736,"Sudan (...2011)",,,"Not applicable",,,"Not applicable"
2021,740,"Suriname",159.1197,,,59.11966,,
2021,752,"Sweden",102.6573,,,2.65734,,
2021,756,"Switzerland",100.5825,,,0.58246,,
2021,760,"Syrian Arab Republic",218.8467,,,118.84668,,
2021,762,"Tajikistan",108.9739,,,8.97386,,
2021,764,"Thailand",101.2316,,,1.23159,,
2021,626,"Timor-Leste",103.7747,,,3.77468,,
2021,768,"Togo",104.5386,,,4.53862,,
2021,776,"Tonga",100.5875,,,0.5875,,
2021,780,"Trinidad and Tobago",102.0611,,,2.06109,,
2021,788,"Tunisia",105.7067,,,5.70671,,
2021,792,"Turkiye",119.6041,,,19.60412,,
2021,795,"Turkmenistan",119.4791,,,19.47911,,
2021,796,"Turks and Caicos Islands",104.4999,,,4.4999,,
2021,798,"Tuvalu",106.6866,,,6.68655,,
2021,800,"Uganda",102.2065,,,2.20655,,
2021,804,"Ukraine",109.3606,,,9.36063,,
2021,784,"United Arab Emirates",99.8869,,,-0.11309,,
2021,826,"United Kingdom",102.5888,,,2.58884,,
2021,834,"United Republic of Tanzania",103.6898,,,3.68982,,
2021,840,"United States",104.681,,,4.68098,,
2021,858,"Uruguay",107.7503,,,7.75032,,
2021,860,"Uzbekistan",110.849,,,10.849,,
2021,548,"Vanuatu",102.3433,,,2.34328,,
2021,862,"Venezuela (Bolivarian Rep. of)",1688.5131,,,1588.51314,,
2021,704,"Viet Nam",101.8346,,,1.83459,,
2021,887,"Yemen",159.8258,,,59.82576,,
2021,894,"Zambia",122.0209,,,22.02086,,
2021,716,"Zimbabwe",198.1343,,,98.13433,,
2022,004,"Afghanistan",119.1852,,,10.59998,,
2022,008,"Albania",108.9072,,,6.72279,,
2022,012,"Algeria",117.1631,,,9.26736,,
2022,020,"Andorra",107.9837,,,6.20306,,
2022,024,"Angola",152.6294,,,21.36045,,
2022,660,"Anguilla",107.4745,,,5.58723,,
2022,028,"Antigua and Barbuda",109.2803,,,7.53108,,
2022,032,"Argentina",255.9034,,,72.43076,,
2022,051,"Armenia",116.4336,,,8.64062,,
2022,533,"Aruba",106.3067,,,5.52178,,
2022,036,"Australia",109.6427,,,6.61365,,
2022,040,"Austria",111.624,,,8.62119,,
2022,031,"Azerbaijan",121.4463,,,13.8587,,
2022,044,"Bahamas",108.6731,,,5.60566,,
2022,048,"Bahrain",103.0006,,,3.63466,,
2022,050,"Bangladesh",112.0493,,,6.1498,,
2022,052,"Barbados",105.9634,,,4.36035,,
2022,112,"Belarus",126.132,,,15.23891,,
2022,056,"Belgium",113.8831,,,10.33174,,
2022,084,"Belize",109.716,,,6.27379,,
2022,204,"Benin",103.1078,,,1.35146,,
2022,060,"Bermuda",105.4671,,,3.88585,,
2022,064,"Bhutan",114.6547,,,5.94582,,
2022,068,"Bolivia (Plurinational State of)",102.4956,,,1.74635,,
2022,070,"Bosnia and Herzegovina",116.2801,,,14.02072,,
2022,072,"Botswana",119.6735,,,12.18098,,
2022,076,"Brazil",118.3519,,,9.27994,,
2022,092,"British Virgin Islands",106.912,,,4,,
2022,096,"Brunei Darussalam",105.4837,,,3.68335,,
2022,100,"Bulgaria",116.2264,,,13.0199,,
2022,854,"Burkina Faso",118.2261,,,13.77883,,
2022,108,"Burundi",128.7946,,,18.85549,,
2022,132,"Cabo Verde",109.9422,,,7.9304,,
2022,116,"Cambodia",108.4163,,,5.33884,,
2022,120,"Cameroon",108.6556,,,6.25222,,
2022,124,"Canada",110.4046,,,6.77928,,
2022,136,"Cayman Islands",113.1562,,,9.50703,,
2022,140,"Central African Republic",110.0762,,,5.57911,,
2022,148,"Chad",104.9891,,,5.83242,,
2022,152,"Chile",116.6956,,,11.64368,,
2022,156,"China",102.9133,,,1.97634,,
2022,344,"China, Hong Kong SAR",103.4796,,,1.88203,,
2022,446,"China, Macao SAR",101.0727,,,1.04435,,
2022,158,"China, Taiwan Province of",104.9751,,,2.947,,
2022,170,"Colombia",114.0428,,,10.18045,,
2022,174,"Comoros",112.4269,,,12.4434,,
2022,178,"Congo",105.0541,,,3.02554,,
2022,184,"Cook Islands",111.823,,,9.5277,,
2022,188,"Costa Rica",110.1449,,,8.27493,,
2022,384,"Cote d'Ivoire",109.6406,,,5.23892,,
2022,191,"Croatia",113.7027,,,10.66396,,
2022,192,"Cuba",219.4878,,,31.14707,,
2022,531,"Curacao",111.3995,,,7.35458,,
2022,196,"Cyprus",110.5461,,,8.09906,,
2022,203,"Czechia",119.5049,,,15.07192,,
2022,180,"Dem. Rep. of the Congo",119.0884,,,9.26633,,
2022,208,"Denmark",110.6531,,,8.55229,,
2022,262,"Djibouti",106.4147,,,5.17238,,
2022,212,"Dominica",109.3996,,,7.70731,,
2022,214,"Dominican Republic",117.7803,,,8.81199,,
2022,218,"Ecuador",103.6032,,,3.46541,,
2022,818,"Egypt",113.3823,,,8.49993,,
2022,222,"El Salvador",110.9134,,,7.19598,,
2022,226,"Equatorial Guinea",104.7705,,,4.86884,,
2022,232,"Eritrea",112.3375,,,7.5,,
2022,233,"Estonia",124.8038,,,19.44677,,
2022,748,"Eswatini",108.6992,,,4.80257,,
2022,231,"Ethiopia",169.8248,,,33.93766,,
2022,230,"Ethiopia (...1991)",,,"Not applicable",,,"Not applicable"
2022,242,"Fiji",107.7066,,,6.0784,,
2022,246,"Finland",109.389,,,7.17176,,
2022,250,"France",108.0933,,,5.9037,,
2022,258,"French Polynesia",106.8926,,,6.40786,,
2022,266,"Gabon",105.3739,,,4.25061,,
2022,270,"Gambia",119.7322,,,11.51334,,
2022,268,"Georgia",122.6032,,,11.8985,,
2022,276,"Germany",112.1707,,,8.6725,,
2022,288,"Ghana",145.0812,,,31.92129,,
2022,300,"Greece",109.9264,,,9.29643,,
2022,304,"Greenland",101.2581,,,1.21704,,
2022,308,"Grenada",103.8139,,,2.56114,,
2022,320,"Guatemala",111.4388,,,6.88278,,
2022,324,"Guinea",124.4182,,,10.49914,,
2022,624,"Guinea-Bissau",111.4508,,,7.93838,,
2022,328,"Guyana",111.753,,,6.93331,,
2022,332,"Haiti",147.9133,,,27.57631,,
2022,340,"Honduras",113.9799,,,9.09091,,
2022,348,"Hungary",120.4717,,,14.62011,,
2022,352,"Iceland",113.1356,,,8.30664,,
2022,356,"India",112.511,,,6.63384,,
2022,360,"Indonesia",105.7641,,,4.13846,,
2022,960,"Indonesia (...2002)",,,"Not applicable",,,"Not applicable"
2022,364,"Iran (Islamic Republic of)",204.3234,,,45.75,,
2022,368,"Iraq",111.3276,,,4.96851,,
2022,372,"Ireland",110.6893,,,8.07074,,
2022,376,"Israel",105.952,,,4.39477,,
2022,380,"Italy",110.8672,,,8.7471,,
2022,388,"Jamaica",116.8378,,,10.34758,,
2022,392,"Japan",102.2552,,,2.49607,,
2022,400,"Jordan",105.6332,,,4.23003,,
2022,398,"Kazakhstan",124.1869,,,14.98566,,
2022,404,"Kenya",114.225,,,7.64841,,
2022,296,"Kiribati",107.5096,,,5.34607,,
2022,412,"Kosovo",115.3206,,,11.58461,,
2022,414,"Kuwait",107.54,,,3.98066,,
2022,417,"Kyrgyzstan",127.4753,,,13.9099,,
2022,418,"Lao People's Dem. Rep.",127.5743,,,22.95947,,
2022,428,"Latvia",121.0408,,,17.24356,,
2022,422,"Lebanon",690.8934,,,171.19507,,
2022,426,"Lesotho",115.1315,,,8.15484,,
2022,430,"Liberia",116.0024,,,7.59308,,
2022,434,"Libya",107.5083,,,4.5104,,
2022,438,"Liechtenstein",103.4343,,,2.83426,,
2022,440,"Lithuania",124.3539,,,18.85369,,
2022,442,"Luxembourg",111.8997,,,8.14378,,
2022,450,"Madagascar",114.4504,,,8.15644,,
2022,454,"Malawi",132.1295,,,20.839,,
2022,458,"Malaysia",105.9392,,,3.37843,,
2022,462,"Maldives",102.8197,,,2.60068,,
2022,466,"Mali",113.9125,,,9.73387,,
2022,470,"Malta",106.8803,,,6.13291,,
2022,584,"Marshall Islands",105.0842,,,2.7755,,
2022,478,"Mauritania",113.43,,,9.52527,,
2022,480,"Mauritius",115.2586,,,10.78503,,
2022,484,"Mexico",114.0376,,,7.89678,,
2022,583,"Micronesia (Federated States of)",106.8604,,,5.00041,,
2022,496,"Mongolia",123.6248,,,15.14231,,
2022,499,"Montenegro",115.7683,,,13.03883,,
2022,500,"Montserrat",105.6663,,,2.98035,,
2022,504,"Morocco",108.0976,,,6.641,,
2022,508,"Mozambique",117.6762,,,10.3695,,
2022,104,"Myanmar",128.107,,,20.5864,,
2022,516,"Namibia",109.9206,,,6.06736,,
2022,520,"Nauru",103.1753,,,1.14478,,
2022,524,"Nepal",110.1768,,,6.37141,,
2022,528,"Netherlands (Kingdom of the)",114.7768,,,11.62727,,
2022,540,"New Caledonia",104.5212,,,3.86115,,
2022,554,"New Zealand",111.396,,,7.172,,
2022,558,"Nicaragua",115.9116,,,10.46763,,
2022,562,"Niger",108.2297,,,4.23255,,
2022,566,"Nigeria",138.9956,,,18.84558,,
2022,807,"North Macedonia",117.883,,,14.2025,,
2022,578,"Norway",109.4406,,,5.77279,,
2022,512,"Oman",104.2177,,,2.5112,,
2022,586,"Pakistan",122.1302,,,12.15289,,
2022,585,"Palau",112.6404,,,13.18454,,
2022,591,"Panama",104.5369,,,2.86012,,
2022,598,"Papua New Guinea",109.9722,,,5.25338,,
2022,600,"Paraguay",115.0211,,,9.76554,,
2022,604,"Peru",112.1623,,,7.87018,,
2022,608,"Philippines",109.9766,,,5.82053,,
2022,616,"Poland",120.234,,,14.39905,,
2022,620,"Portugal",109.1197,,,8.09962,,
2022,630,"Puerto Rico",108.5732,,,6.0178,,
2022,634,"Qatar",107.3499,,,4.95951,,
2022,410,"Republic of Korea",107.715,,,5.08986,,
2022,498,"Republic of Moldova",135.2857,,,28.72206,,
2022,642,"Romania",119.5433,,,13.80013,,
2022,643,"Russian Federation",121.3643,,,13.74978,,
2022,646,"Rwanda",114.825,,,13.88236,,
2022,659,"Saint Kitts and Nevis",103.9058,,,2.66761,,
2022,662,"Saint Lucia",112.2956,,,9.65218,,
2022,670,"Saint Vincent and the Grenadines",107.306,,,5.66041,,
2022,882,"Samoa",105.4729,,,8.74629,,
2022,674,"San Marino",107.027,,,5.32579,,
2022,678,"Sao Tome and Principe",127.7253,,,18.11313,,
2022,682,"Saudi Arabia",105.7544,,,2.54718,,
2022,686,"Senegal",112.0856,,,9.70179,,
2022,688,"Serbia",116.5451,,,11.9665,,
2022,690,"Seychelles",112.6524,,,2.62561,,
2022,694,"Sierra Leone",142.3142,,,27.20941,,
2022,702,"Singapore",108.5892,,,6.13117,,
2022,534,"Sint Maarten (Dutch part)",106.5152,,,3.64747,,
2022,703,"Slovakia",115.3027,,,12.13277,,
2022,705,"Slovenia",111.5601,,,9.32144,,
2022,090,"Solomon Islands",105.5963,,,5.40293,,
2022,706,"Somalia",111.718,,,6.77875,,
2022,710,"South Africa",111.7288,,,6.8629,,
2022,728,"South Sudan",126.0478,,,-3.21029,,
2022,724,"Spain",111.581,,,8.3214,,
2022,144,"Sri Lanka",153.8594,,,45.21359,,
2022,275,"State of Palestine",105.0251,,,3.74013,,
2022,729,"Sudan",1096.3508,,,138.80845,,
2022,736,"Sudan (...2011)",,,"Not applicable",,,"Not applicable"
2022,740,"Suriname",242.5746,,,52.4479,,
2022,752,"Sweden",110.9294,,,8.05793,,
2022,756,"Switzerland",103.433,,,2.83403,,
2022,760,"Syrian Arab Republic",358.2151,,,63.68314,,
2022,762,"Tajikistan",116.2113,,,6.64147,,
2022,764,"Thailand",107.3819,,,6.07551,,
2022,626,"Timor-Leste",111.0448,,,7.00565,,
2022,768,"Togo",112.5058,,,7.62126,,
2022,776,"Tonga",107.1762,,,6.5502,,
2022,780,"Trinidad and Tobago",108.0076,,,5.82638,,
2022,788,"Tunisia",114.4887,,,8.3079,,
2022,792,"Turkiye",206.0805,,,72.3022,,
2022,795,"Turkmenistan",132.8741,,,11.21114,,
2022,796,"Turks and Caicos Islands",110.77,,,6.00008,,
2022,798,"Tuvalu",119.6856,,,12.18433,,
2022,800,"Uganda",109.5578,,,7.19253,,
2022,804,"Ukraine",131.4326,,,20.18274,,
2022,784,"United Arab Emirates",104.7055,,,4.82401,,
2022,826,"United Kingdom",111.8903,,,9.0667,,
2022,834,"United Republic of Tanzania",108.2008,,,4.35046,,
2022,840,"United States",113.0459,,,7.99083,,
2022,858,"Uruguay",117.562,,,9.10595,,
2022,860,"Uzbekistan",123.538,,,11.4471,,
2022,548,"Vanuatu",109.1791,,,6.67931,,
2022,862,"Venezuela (Bolivarian Rep. of)",4838.3024,,,186.54218,,
2022,704,"Viet Nam",105.0491,,,3.15664,,
2022,887,"Yemen",218.0671,,,36.44054,,
2022,894,"Zambia",135.4348,,,10.99316,,
2022,716,"Zimbabwe",581.7164,,,193.59699,,
2023,004,"Afghanistan",109.9916,,,-7.7137,,
2023,008,"Albania",114.113,,,4.78006,,
2023,012,"Algeria",128.0832,,,9.3204,,
2023,020,"Andorra",114.0386,,,5.60724,,
2023,024,"Angola",173.446,,,13.63869,,
2023,660,"Anguilla",111.1188,,,3.39093,,
2023,028,"Antigua and Barbuda",114.8175,,,5.06699,,
2023,032,"Argentina",597.5062,,,133.48894,,
2023,051,"Armenia",118.7398,,,1.98069,,
2023,533,"Aruba",109.8819,,,3.3631,,
2023,036,"Australia",115.7985,,,5.61445,,
2023,040,"Austria",120.2294,,,7.70925,,
2023,031,"Azerbaijan",132.1115,,,8.78177,,
2023,044,"Bahamas",111.9978,,,3.05936,,
2023,048,"Bahrain",103.0775,,,0.07462,,
2023,050,"Bangladesh",122.1517,,,9.01603,,
2023,052,"Barbados",109.341,,,3.1875,,
2023,112,"Belarus",132.4607,,,5.01745,,
2023,056,"Belgium",116.4972,,,2.29544,,
2023,084,"Belize",114.543,,,4.39954,,
2023,204,"Benin",105.9232,,,2.73058,,
2023,060,"Bermuda",109.0436,,,3.3911,,
2023,064,"Bhutan",119.8548,,,4.53541,,
2023,068,"Bolivia (Plurinational State of)",105.1368,,,2.5769,,
2023,070,"Bosnia and Herzegovina",123.3795,,,6.10538,,
2023,072,"Botswana",125.8214,,,5.13728,,
2023,076,"Brazil",123.7884,,,4.59353,,
2023,092,"British Virgin Islands",110.6539,,,3.5,,
2023,096,"Brunei Darussalam",105.8593,,,0.3561,,
2023,100,"Bulgaria",126.2221,,,8.6002,,
2023,854,"Burkina Faso",119.3398,,,0.94205,,
2023,108,"Burundi",163.67,,,27.07831,,
2023,132,"Cabo Verde",114.028,,,3.71632,,
2023,116,"Cambodia",110.7274,,,2.13164,,
2023,120,"Cameroon",116.6814,,,7.38648,,
2023,124,"Canada",114.7067,,,3.89662,,
2023,136,"Cayman Islands",117.4931,,,3.83264,,
2023,140,"Central African Republic",113.3563,,,2.97985,,
2023,148,"Chad",109.3041,,,4.11,,
2023,152,"Chile",125.5426,,,7.58127,,
2023,156,"China",103.1473,,,0.22734,,
2023,344,"China, Hong Kong SAR",105.6485,,,2.09595,,
2023,446,"China, Macao SAR",102.0213,,,0.9386,,
2023,158,"China, Taiwan Province of",107.5917,,,2.49254,,
2023,170,"Colombia",127.4208,,,11.73071,,
2023,174,"Comoros",121.9633,,,8.4823,,
2023,178,"Congo",109.5825,,,4.31058,,
2023,184,"Cook Islands",121.9758,,,9.07932,,
2023,188,"Costa Rica",110.723,,,0.5248,,
2023,384,"Cote d'Ivoire",114.5044,,,4.43614,,
2023,191,"Croatia",123.249,,,8.3959,,
2023,192,"Cuba",307.0784,,,39.90678,,
2023,531,"Curacao",115.3306,,,3.5289,,
2023,196,"Cyprus",114.8839,,,3.92401,,
2023,203,"Czechia",132.2894,,,10.69781,,
2023,180,"Dem. Rep. of the Congo",142.7804,,,19.89446,,
2023,208,"Denmark",114.3681,,,3.35731,,
2023,262,"Djibouti",107.9545,,,1.447,,
2023,212,"Dominica",114.0033,,,4.2081,,
2023,214,"Dominican Republic",123.4169,,,4.7857,,
2023,218,"Ecuador",105.8994,,,2.21637,,
2023,818,"Egypt",141.0391,,,24.3925,,
2023,222,"El Salvador",115.4016,,,4.04658,,
2023,226,"Equatorial Guinea",107.2871,,,2.40199,,
2023,232,"Eritrea",121.4368,,,8.1,,
2023,233,"Estonia",136.1811,,,9.11615,,
2023,748,"Eswatini",114.0789,,,4.94916,,
2023,231,"Ethiopia",221.1442,,,30.21898,,
2023,230,"Ethiopia (...1991)",,,"Not applicable",,,"Not applicable"
2023,242,"Fiji",110.9116,,,2.9757,,
2023,246,"Finland",114.1357,,,4.33929,,
2023,250,"France",114.2123,,,5.66079,,
2023,258,"French Polynesia",110.4317,,,3.31083,,
2023,266,"Gabon",109.203,,,3.63384,,
2023,270,"Gambia",140.0461,,,16.96613,,
2023,268,"Georgia",125.6531,,,2.48758,,
2023,276,"Germany",118.9003,,,5.99947,,
2023,288,"Ghana",201.9675,,,39.20998,,
2023,300,"Greece",114.4946,,,4.15572,,
2023,304,"Greenland",103.8961,,,2.60521,,
2023,308,"Grenada",106.6323,,,2.71482,,
2023,320,"Guatemala",118.358,,,6.20903,,
2023,324,"Guinea",131.1776,,,5.43278,,
2023,624,"Guinea-Bissau",119.4349,,,7.16383,,
2023,328,"Guyana",114.9051,,,2.82059,,
2023,332,"Haiti",213.1427,,,44.0997,,
2023,340,"Honduras",121.5748,,,6.66334,,
2023,348,"Hungary",141.1208,,,17.14023,,
2023,352,"Iceland",123.0238,,,8.74013,,
2023,356,"India",118.5532,,,5.37028,,
2023,360,"Indonesia",109.6912,,,3.713,,
2023,960,"Indonesia (...2002)",,,"Not applicable",,,"Not applicable"
2023,364,"Iran (Islamic Republic of)",287.4658,,,40.6916,,
2023,368,"Iraq",116.226,,,4.4,,
2023,372,"Ireland",116.4338,,,5.18975,,
2023,376,"Israel",110.4112,,,4.20868,,
2023,380,"Italy",117.4215,,,5.91186,,
2023,388,"Jamaica",124.3988,,,6.47143,,
2023,392,"Japan",105.5964,,,3.26758,,
2023,400,"Jordan",107.835,,,2.08443,,
2023,398,"Kazakhstan",142.222,,,14.52255,,
2023,404,"Kenya",122.9917,,,7.67502,,
2023,296,"Kiribati",117.4544,,,9.25015,,
2023,412,"Kosovo",121.0149,,,4.93777,,
2023,414,"Kuwait",111.457,,,3.64244,,
2023,417,"Kyrgyzstan",141.2384,,,10.79663,,
2023,418,"Lao People's Dem. Rep.",167.4153,,,31.22961,,
2023,428,"Latvia",132.0056,,,9.05878,,
2023,422,"Lebanon",2220.1356,,,221.3427,,
2023,426,"Lesotho",122.6226,,,6.50652,,
2023,430,"Liberia",127.7122,,,10.09447,,
2023,434,"Libya",110.0595,,,2.37304,,
2023,438,"Liechtenstein",105.6428,,,2.13522,,
2023,440,"Lithuania",135.1574,,,8.68776,,
2023,442,"Luxembourg",115.1735,,,2.92566,,
2023,450,"Madagascar",125.7369,,,9.86144,,
2023,454,"Malawi",170.181,,,28.79865,,
2023,458,"Malaysia",108.5762,,,2.48913,,
2023,462,"Maldives",105.4984,,,2.60528,,
2023,466,"Mali",116.2576,,,2.05869,,
2023,470,"Malta",112.8256,,,5.56257,,
2023,584,"Marshall Islands",112.9033,,,7.44078,,
2023,478,"Mauritania",119.0482,,,4.95304,,
2023,480,"Mauritius",123.3789,,,7.04528,,
2023,484,"Mexico",120.3387,,,5.52544,,
2023,583,"Micronesia (Federated States of)",113.5038,,,6.21683,,
2023,496,"Mongolia",136.4256,,,10.35457,,
2023,499,"Montenegro",125.707,,,8.58495,,
2023,500,"Montserrat",104.5151,,,-1.08942,,
2023,504,"Morocco",114.7317,,,6.13718,,
2023,508,"Mozambique",125.9081,,,6.99536,,
2023,104,"Myanmar",163.9856,,,28.00679,,
2023,516,"Namibia",116.3862,,,5.88204,,
2023,520,"Nauru",108.11,,,4.78281,,
2023,524,"Nepal",118.6931,,,7.7297,,
2023,528,"Netherlands (Kingdom of the)",119.5,,,4.11511,,
2023,540,"New Caledonia",107.307,,,2.66528,,
2023,554,"New Zealand",117.7825,,,5.73315,,
2023,558,"Nicaragua",125.7009,,,8.44548,,
2023,562,"Niger",112.2295,,,3.69568,,
2023,566,"Nigeria",173.2729,,,24.66075,,
2023,807,"North Macedonia",128.9178,,,9.36075,,
2023,578,"Norway",115.4553,,,5.49586,,
2023,512,"Oman",105.2099,,,0.95207,,
2023,586,"Pakistan",157.7695,,,29.18142,,
2023,585,"Palau",126.6269,,,12.41698,,
2023,591,"Panama",106.0912,,,1.48686,,
2023,598,"Papua New Guinea",112.5001,,,2.29862,,
2023,600,"Paraguay",120.3489,,,4.63201,,
2023,604,"Peru",119.1939,,,6.26914,,
2023,608,"Philippines",116.5514,,,5.97833,,
2023,616,"Poland",133.9414,,,11.40059,,
2023,620,"Portugal",114.8649,,,5.26502,,
2023,630,"Puerto Rico",112.3493,,,3.47792,,
2023,634,"Qatar",110.6625,,,3.08582,,
2023,410,"Republic of Korea",111.59,,,3.59746,,
2023,498,"Republic of Moldova",153.4776,,,13.44699,,
2023,642,"Romania",131.9721,,,10.39689,,
2023,643,"Russian Federation",128.476,,,5.85979,,
2023,646,"Rwanda",130.9337,,,14.02896,,
2023,659,"Saint Kitts and Nevis",107.6014,,,3.55668,,
2023,662,"Saint Lucia",116.5848,,,3.8196,,
2023,670,"Saint Vincent and the Grenadines",112.2041,,,4.56458,,
2023,882,"Samoa",118.1103,,,11.98167,,
2023,674,"San Marino",113.3741,,,5.9304,,
2023,678,"Sao Tome and Principe",154.7374,,,21.1486,,
2023,682,"Saudi Arabia",108.3704,,,2.47366,,
2023,686,"Senegal",118.7423,,,5.93894,,
2023,688,"Serbia",130.9523,,,12.3619,,
2023,690,"Seychelles",111.4861,,,-1.03529,,
2023,694,"Sierra Leone",210.2198,,,47.71521,,
2023,702,"Singapore",113.8378,,,4.83346,,
2023,534,"Sint Maarten (Dutch part)",108.738,,,2.08686,,
2023,703,"Slovakia",127.9435,,,10.96317,,
2023,705,"Slovenia",119.611,,,7.21666,,
2023,090,"Solomon Islands",110.9697,,,5.08862,,
2023,706,"Somalia",118.6141,,,6.17279,,
2023,710,"South Africa",118.3242,,,5.90312,,
2023,728,"South Sudan",176.0456,,,39.66578,,
2023,724,"Spain",115.3764,,,3.40142,,
2023,144,"Sri Lanka",180.5773,,,17.36515,,
2023,275,"State of Palestine",111.1918,,,5.87158,,
2023,729,"Sudan",1943.2663,,,77.24858,,
2023,736,"Sudan (...2011)",,,"Not applicable",,,"Not applicable"
2023,740,"Suriname",367.7011,,,51.5827,,
2023,752,"Sweden",117.4811,,,5.90622,,
2023,756,"Switzerland",105.6415,,,2.13515,,
2023,760,"Syrian Arab Republic",778.4991,,,117.32726,,
2023,762,"Tajikistan",120.4554,,,3.65201,,
2023,764,"Thailand",108.7016,,,1.22892,,
2023,626,"Timor-Leste",120.3951,,,8.42035,,
2023,768,"Togo",118.4708,,,5.30195,,
2023,776,"Tonga",120.6307,,,12.55368,,
2023,780,"Trinidad and Tobago",113.0076,,,4.62934,,
2023,788,"Tunisia",125.1629,,,9.32331,,
2023,792,"Turkiye",317.0689,,,53.85678,,
2023,795,"Turkmenistan",130.7645,,,-1.58763,,
2023,796,"Turks and Caicos Islands",116.8631,,,5.50067,,
2023,798,"Tuvalu",128.2687,,,7.17138,,
2023,800,"Uganda",115.4214,,,5.35209,,
2023,804,"Ukraine",148.3229,,,12.85092,,
2023,784,"United Arab Emirates",106.4096,,,1.62756,,
2023,826,"United Kingdom",120.0614,,,7.30284,,
2023,834,"United Republic of Tanzania",112.3115,,,3.79918,,
2023,840,"United States",117.7114,,,4.12711,,
2023,858,"Uruguay",124.4582,,,5.86596,,
2023,860,"Uzbekistan",135.838,,,9.95645,,
2023,548,"Vanuatu",121.3881,,,11.1825,,
2023,862,"Venezuela (Bolivarian Rep. of)",21165.521,,,337.45759,,
2023,704,"Viet Nam",108.4661,,,3.25276,,
2023,887,"Yemen",256.4088,,,17.58252,,
2023,894,"Zambia",150.1764,,,10.88468,,
2023,716,"Zimbabwe",4462.6866,,,667.15843,,
2024,004,"Afghanistan",105.302,,,-4.26361,,
2024,008,"Albania",116.6423,,,2.21645,,
2024,012,"Algeria",133.2655,,,4.04605,,
2024,020,"Andorra",117.5435,,,3.07337,,
2024,024,"Angola",222.413,,,28.23185,,
2024,660,"Anguilla",110.585,,,-0.48047,,
2024,028,"Antigua and Barbuda",121.9393,,,6.20271,,
2024,032,"Argentina",1911.3297,,,219.88451,,
2024,051,"Armenia",119.0596,,,0.26932,,
2024,533,"Aruba",111.7629,,,1.71185,,
2024,036,"Australia",119.4576,,,3.15985,,
2024,040,"Austria",123.7397,,,2.91965,,
2024,031,"Azerbaijan",135.0373,,,2.21469,,
2024,044,"Bahamas",112.4484,,,0.40236,,
2024,048,"Bahrain",104.0254,,,0.91964,,
2024,050,"Bangladesh",134.0341,,,9.72763,,
2024,052,"Barbados",110.9552,,,1.47626,,
2024,112,"Belarus",140.0767,,,5.74963,,
2024,056,"Belgium",121.5277,,,4.31806,,
2024,084,"Belize",118.3,,,3.27999,,
2024,204,"Benin",107.1572,,,1.165,,
2024,060,"Bermuda",111.2125,,,1.98902,,
2024,064,"Bhutan",125.0026,,,4.29505,,
2024,068,"Bolivia (Plurinational State of)",110.4987,,,5.09992,,
2024,070,"Bosnia and Herzegovina",125.4679,,,1.69271,,
2024,072,"Botswana",129.3699,,,2.82029,,
2024,076,"Brazil",129.1948,,,4.36742,,
2024,092,"British Virgin Islands",113.4203,,,2.5,,
2024,096,"Brunei Darussalam",105.448,,,-0.38854,,
2024,100,"Bulgaria",129.4991,,,2.59616,,
2024,854,"Burkina Faso",124.344,,,4.19322,,
2024,108,"Burundi",196.7114,,,20.18782,,
2024,132,"Cabo Verde",115.2313,,,1.05529,,
2024,116,"Cambodia",111.6149,,,0.80153,,
2024,120,"Cameroon",121.9418,,,4.50833,,
2024,124,"Canada",117.4389,,,2.38192,,
2024,136,"Cayman Islands",120.4806,,,2.54276,,
2024,140,"Central African Republic",115.0286,,,1.47523,,
2024,148,"Chad",115.5405,,,5.7055,,
2024,152,"Chile",130.4729,,,3.92719,,
2024,156,"China",103.366,,,0.21205,,
2024,344,"China, Hong Kong SAR",107.4759,,,1.72973,,
2024,446,"China, Macao SAR",102.7747,,,0.7384,,
2024,158,"China, Taiwan Province of",109.937,,,2.17983,,
2024,170,"Colombia",135.8326,,,6.60158,,
2024,174,"Comoros",128.1191,,,5.04731,,
2024,178,"Congo",112.9496,,,3.07266,,
2024,184,"Cook Islands",125.7932,,,3.12969,,
2024,188,"Costa Rica",110.2668,,,-0.41201,,
2024,384,"Cote d'Ivoire",118.4477,,,3.44376,,
2024,191,"Croatia",128.1988,,,4.01611,,
2024,192,"Cuba",398.9427,,,29.91561,,
2024,531,"Curacao",118.3583,,,2.62522,,
2024,196,"Cyprus",117.4781,,,2.25808,,
2024,203,"Czechia",135.4935,,,2.42203,,
2024,180,"Dem. Rep. of the Congo",167.9848,,,17.65253,,
2024,208,"Denmark",115.8222,,,1.27146,,
2024,262,"Djibouti",110.2371,,,2.1144,,
2024,212,"Dominica",117.5151,,,3.08046,,
2024,214,"Dominican Republic",127.4923,,,3.3021,,
2024,218,"Ecuador",107.5374,,,1.54674,,
2024,818,"Egypt",188.0067,,,33.30113,,
2024,222,"El Salvador",116.3871,,,0.85395,,
2024,226,"Equatorial Guinea",110.9555,,,3.41921,,
2024,232,"Eritrea",130.5446,,,7.5,,
2024,233,"Estonia",141.2612,,,3.7304,,
2024,748,"Eswatini",118.6807,,,4.03389,,
2024,231,"Ethiopia",267.6827,,,21.04442,,
2024,230,"Ethiopia (...1991)",,,"Not applicable",,,"Not applicable"
2024,242,"Fiji",115.2268,,,3.89063,,
2024,246,"Finland",115.2505,,,0.97673,,
2024,250,"France",116.8577,,,2.31629,,
2024,258,"French Polynesia",111.7565,,,1.19968,,
2024,266,"Gabon",110.4742,,,1.16401,,
2024,270,"Gambia",156.2403,,,11.56352,,
2024,268,"Georgia",127.0475,,,1.10971,,
2024,276,"Germany",121.8502,,,2.48092,,
2024,288,"Ghana",248.1674,,,22.87489,,
2024,300,"Greece",117.9271,,,2.998,,
2024,304,"Greenland",106.5341,,,2.53906,,
2024,308,"Grenada",107.7908,,,1.08643,,
2024,320,"Guatemala",121.7537,,,2.86902,,
2024,324,"Guinea",137.0228,,,4.45601,,
2024,624,"Guinea-Bissau",123.8581,,,3.70341,,
2024,328,"Guyana",118.2438,,,2.90566,,
2024,332,"Haiti",268.2267,,,25.84376,,
2024,340,"Honduras",127.1727,,,4.60452,,
2024,348,"Hungary",146.3525,,,3.70725,,
2024,352,"Iceland",130.2312,,,5.85854,,
2024,356,"India",124.0525,,,4.63869,,
2024,360,"Indonesia",112.2136,,,2.29962,,
2024,960,"Indonesia (...2002)",,,"Not applicable",,,"Not applicable"
2024,364,"Iran (Islamic Republic of)",380.8546,,,32.48691,,
2024,368,"Iraq",119.2318,,,2.58621,,
2024,372,"Ireland",117.9922,,,1.33841,,
2024,376,"Israel",113.802,,,3.07103,,
2024,380,"Italy",118.6882,,,1.07877,,
2024,388,"Jamaica",131.3003,,,5.54783,,
2024,392,"Japan",108.4887,,,2.73895,,
2024,400,"Jordan",109.5117,,,1.55479,,
2024,398,"Kazakhstan",154.5607,,,8.67564,,
2024,404,"Kenya",128.5222,,,4.49662,,
2024,296,"Kiribati",120.3771,,,2.48837,,
2024,412,"Kosovo",122.9761,,,1.6207,,
2024,414,"Kuwait",114.688,,,2.89881,,
2024,417,"Kyrgyzstan",148.3292,,,5.02049,,
2024,418,"Lao People's Dem. Rep.",206.143,,,23.13274,,
2024,428,"Latvia",133.7861,,,1.34879,,
2024,422,"Lebanon",3224.5964,,,45.24322,,
2024,426,"Lesotho",128.9884,,,5.19134,,
2024,430,"Liberia",138.2037,,,8.21494,,
2024,434,"Libya",112.3995,,,2.12613,,
2024,438,"Liechtenstein",106.7621,,,1.05943,,
2024,440,"Lithuania",136.3094,,,0.85233,,
2024,442,"Luxembourg",117.7686,,,2.25323,,
2024,450,"Madagascar",135.3419,,,7.63904,,
2024,454,"Malawi",224.915,,,32.16225,,
2024,458,"Malaysia",110.5679,,,1.83436,,
2024,462,"Maldives",107.0232,,,1.44526,,
2024,466,"Mali",119.9496,,,3.17579,,
2024,470,"Malta",115.5775,,,2.43908,,
2024,584,"Marshall Islands",118.7734,,,5.19924,,
2024,478,"Mauritania",122.0145,,,2.49164,,
2024,480,"Mauritius",127.8195,,,3.59917,,
2024,484,"Mexico",126.0226,,,4.72326,,
2024,583,"Micronesia (Federated States of)",119.6783,,,5.43995,,
2024,496,"Mongolia",144.8731,,,6.192,,
2024,499,"Montenegro",129.8993,,,3.33501,,
2024,500,"Montserrat",107.724,,,3.07028,,
2024,504,"Morocco",115.8049,,,0.93537,,
2024,508,"Mozambique",129.9397,,,3.202,,
2024,104,"Myanmar",210.8991,,,28.6083,,
2024,516,"Namibia",121.3227,,,4.24156,,
2024,520,"Nauru",118.1361,,,9.27397,,
2024,524,"Nepal",125.1298,,,5.42296,,
2024,528,"Netherlands (Kingdom of the)",123.3555,,,3.22639,,
2024,540,"New Caledonia",109.2674,,,1.8269,,
2024,554,"New Zealand",121.2256,,,2.92324,,
2024,558,"Nicaragua",131.5283,,,4.63591,,
2024,562,"Niger",122.4086,,,9.06991,,
2024,566,"Nigeria",225.2144,,,29.97671,,
2024,807,"North Macedonia",133.4194,,,3.49188,,
2024,578,"Norway",119.128,,,3.18102,,
2024,512,"Oman",105.8275,,,0.58694,,
2024,586,"Pakistan",194.7042,,,23.41057,,
2024,585,"Palau",131.2221,,,3.62892,,
2024,591,"Panama",106.8262,,,0.69277,,
2024,598,"Papua New Guinea",113.1599,,,0.58647,,
2024,600,"Paraguay",124.9641,,,3.83487,,
2024,604,"Peru",121.9954,,,2.35036,,
2024,608,"Philippines",120.2957,,,3.2126,,
2024,616,"Poland",138.7631,,,3.59983,,
2024,620,"Portugal",117.9321,,,2.67029,,
2024,630,"Puerto Rico",114.6141,,,2.01587,,
2024,634,"Qatar",112.0083,,,1.21609,,
2024,410,"Republic of Korea",114.181,,,2.32189,,
2024,498,"Republic of Moldova",160.6642,,,4.68251,,
2024,642,"Romania",139.3416,,,5.58411,,
2024,643,"Russian Federation",139.3211,,,8.44137,,
2024,646,"Rwanda",137.1782,,,4.76919,,
2024,659,"Saint Kitts and Nevis",108.8142,,,1.12708,,
2024,662,"Saint Lucia",115.7986,,,-0.67438,,
2024,670,"Saint Vincent and the Grenadines",116.2372,,,3.59445,,
2024,882,"Samoa",122.3445,,,3.58493,,
2024,674,"San Marino",114.7844,,,1.2439,,
2024,678,"Sao Tome and Principe",176.9452,,,14.35195,,
2024,682,"Saudi Arabia",109.997,,,1.50097,,
2024,686,"Senegal",119.6946,,,0.802,,
2024,688,"Serbia",137.0855,,,4.68354,,
2024,690,"Seychelles",111.8334,,,0.31146,,
2024,694,"Sierra Leone",269.9823,,,28.42859,,
2024,702,"Singapore",116.5583,,,2.38978,,
2024,534,"Sint Maarten (Dutch part)",112.6526,,,3.6,,
2024,703,"Slovakia",131.9714,,,3.14818,,
2024,705,"Slovenia",121.9875,,,1.98687,,
2024,090,"Solomon Islands",115.6642,,,4.23043,,
2024,706,"Somalia",125.1723,,,5.52905,,
2024,710,"South Africa",123.5621,,,4.42666,,
2024,728,"South Sudan",351.7573,,,99.81026,,
2024,724,"Spain",118.6854,,,2.86804,,
2024,144,"Sri Lanka",182.8208,,,1.2424,,
2024,275,"State of Palestine",170.8657,,,53.66756,,
2024,729,"Sudan",5551.5513,,,185.68145,,
2024,736,"Sudan (...2011)",,,"Not applicable",,,"Not applicable"
2024,740,"Suriname",427.35,,,16.22212,,
2024,752,"Sweden",119.8396,,,2.00758,,
2024,756,"Switzerland",106.7627,,,1.06138,,
2024,760,"Syrian Arab Republic",1208.7072,,,55.26122,,
2024,762,"Tajikistan",124.6548,,,3.4863,,
2024,764,"Thailand",109.1342,,,0.398,,
2024,626,"Timor-Leste",122.879,,,2.06311,,
2024,768,"Togo",121.878,,,2.876,,
2024,776,"Tonga",130.2821,,,8.00072,,
2024,780,"Trinidad and Tobago",113.6032,,,0.52705,,
2024,788,"Tunisia",133.9327,,,7.00678,,
2024,792,"Turkiye",502.5691,,,58.50472,,
2024,795,"Turkmenistan",136.7537,,,4.58012,,
2024,796,"Turks and Caicos Islands",121.5241,,,3.98844,,
2024,798,"Tuvalu",129.7632,,,1.16509,,
2024,800,"Uganda",119.2576,,,3.32359,,
2024,804,"Ukraine",157.9695,,,6.5038,,
2024,784,"United Arab Emirates",108.1775,,,1.66143,,
2024,826,"United Kingdom",123.0991,,,2.53007,,
2024,834,"United Republic of Tanzania",115.7448,,,3.05689,,
2024,840,"United States",121.1863,,,2.95205,,
2024,858,"Uruguay",130.4941,,,4.84976,,
2024,860,"Uzbekistan",148.913,,,9.62544,,
2024,548,"Vanuatu",122.7761,,,1.14349,,
2024,862,"Venezuela (Bolivarian Rep. of)",31611.9537,,,49.3559,,
2024,704,"Viet Nam",112.3934,,,3.62076,,
2024,887,"Yemen",324.5217,,,26.56419,,
2024,894,"Zambia",172.6811,,,14.98549,,
2024,716,"Zimbabwe",37313.4328,,,736.1204,,
2025,004,"Afghanistan",108.3541,,,2.89843,,
2025,008,"Albania",119.2424,,,2.22917,,
2025,012,"Algeria",135.1174,,,1.38969,,
2025,020,"Andorra",120.3854,,,2.41774,,
2025,024,"Angola",267.2588,,,20.16328,,
2025,660,"Anguilla",113.1491,,,2.31873,,
2025,028,"Antigua and Barbuda",123.6012,,,1.36293,,
2025,032,"Argentina",2712.5676,,,41.92044,,
2025,051,"Armenia",122.9967,,,3.30685,,
2025,533,"Aruba",111.8534,,,0.08091,,
2025,036,"Australia",122.8799,,,2.86486,,
2025,040,"Austria",128.1657,,,3.57684,,
2025,031,"Azerbaijan",142.5994,,,5.60003,,
2025,044,"Bahamas",113.1461,,,0.62046,,
2025,048,"Bahrain",103.8819,,,-0.13792,,
2025,050,"Bangladesh",147.4983,,,10.04531,,
2025,052,"Barbados",111.8062,,,0.76704,,
2025,112,"Belarus",149.2944,,,6.58051,,
2025,056,"Belgium",125.2034,,,3.02465,,
2025,084,"Belize",119.561,,,1.06593,,
2025,204,"Benin",108.3637,,,1.12588,,
2025,060,"Bermuda",113.4368,,,2,,
2025,064,"Bhutan",128.1993,,,2.55726,,
2025,068,"Bolivia (Plurinational State of)",132.0641,,,19.5164,,
2025,070,"Bosnia and Herzegovina",130.4608,,,3.97943,,
2025,072,"Botswana",132.9869,,,2.7958,,
2025,076,"Brazil",135.6762,,,5.01675,,
2025,092,"British Virgin Islands",116.8229,,,3,,
2025,096,"Brunei Darussalam",105.1279,,,-0.30358,,
2025,100,"Bulgaria",134.0793,,,3.53685,,
2025,854,"Burkina Faso",123.6604,,,-0.54977,,
2025,108,"Burundi",263.9788,,,34.19595,,
2025,132,"Cabo Verde",117.9319,,,2.34364,,
2025,116,"Cambodia",114.4242,,,2.51694,,
2025,120,"Cameroon",126.1041,,,3.41336,,
2025,124,"Canada",119.8784,,,2.07719,,
2025,136,"Cayman Islands",123.4482,,,2.46309,,
2025,140,"Central African Republic",116.1874,,,1.00739,,
2025,148,"Chad",112.5672,,,-2.57338,,
2025,152,"Chile",135.9679,,,4.21158,,
2025,156,"China",103.4171,,,0.04943,,
2025,344,"China, Hong Kong SAR",109.02,,,1.43665,,
2025,446,"China, Macao SAR",103.1178,,,0.33385,,
2025,158,"China, Taiwan Province of",111.7612,,,1.65935,,
2025,170,"Colombia",142.8179,,,5.14255,,
2025,174,"Comoros",132.2539,,,3.22728,,
2025,178,"Congo",115.9198,,,2.62963,,
2025,184,"Cook Islands",127.2985,,,1.1966,,
2025,188,"Costa Rica",110.1852,,,-0.07398,,
2025,384,"Cote d'Ivoire",118.5954,,,0.1247,,
2025,191,"Croatia",133.8151,,,4.38086,,
2025,192,"Cuba",464.7683,,,16.5,,
2025,531,"Curacao",120.7255,,,2,,
2025,196,"Cyprus",118.4553,,,0.83186,,
2025,203,"Czechia",138.8266,,,2.46004,,
2025,180,"Dem. Rep. of the Congo",180.4388,,,7.41379,,
2025,208,"Denmark",117.9357,,,1.8247,,
2025,262,"Djibouti",109.887,,,-0.31759,,
2025,212,"Dominica",120.2174,,,2.29952,,
2025,214,"Dominican Republic",132.4301,,,3.87307,,
2025,218,"Ecuador",108.3022,,,0.71117,,
2025,818,"Egypt",226.3965,,,20.41941,,
2025,222,"El Salvador",116.687,,,0.2577,,
2025,226,"Equatorial Guinea",114.0104,,,2.75327,,
2025,232,"Eritrea",137.4635,,,5.3,,
2025,233,"Estonia",148.0648,,,4.81631,,
2025,748,"Eswatini",122.34,,,3.08333,,
2025,231,"Ethiopia",303.0521,,,13.21317,,
2025,230,"Ethiopia (...1991)",,,"Not applicable",,,"Not applicable"
2025,242,"Fiji",113.6135,,,-1.40005,,
2025,246,"Finland",117.3475,,,1.81951,,
2025,250,"France",117.9405,,,0.92653,,
2025,258,"French Polynesia",113.1803,,,1.27405,,
2025,266,"Gabon",112.667,,,1.98496,,
2025,270,"Gambia",168.5098,,,7.85296,,
2025,268,"Georgia",131.9634,,,3.86935,,
2025,276,"Germany",124.6542,,,2.3012,,
2025,288,"Ghana",283.3951,,,14.19515,,
2025,300,"Greece",121.3342,,,2.88913,,
2025,304,"Greenland",110.349,,,3.58095,,
2025,308,"Grenada",108.4551,,,0.61629,,
2025,320,"Guatemala",123.6738,,,1.577,,
2025,324,"Guinea",141.3374,,,3.1488,,
2025,624,"Guinea-Bissau",124.9292,,,0.86483,,
2025,328,"Guyana",122.1802,,,3.32902,,
2025,332,"Haiti",344.1498,,,28.30554,,
2025,340,"Honduras",133.0172,,,4.59572,,
2025,348,"Hungary",152.8446,,,4.43593,,
2025,352,"Iceland",135.5536,,,4.08684,,
2025,356,"India",126.6456,,,2.09038,,
2025,360,"Indonesia",114.3607,,,1.91333,,
2025,960,"Indonesia (...2002)",,,"Not applicable",,,"Not applicable"
2025,364,"Iran (Islamic Republic of)",574.563,,,50.86151,,
2025,368,"Iraq",119.5937,,,0.30345,,
2025,372,"Ireland",120.4285,,,2.06479,,
2025,376,"Israel",117.2542,,,3.03351,,
2025,380,"Italy",120.6293,,,1.63545,,
2025,388,"Jamaica",136.3977,,,3.88227,,
2025,392,"Japan",111.933,,,3.17478,,
2025,400,"Jordan",111.4474,,,1.76763,,
2025,398,"Kazakhstan",172.1477,,,11.3787,,
2025,404,"Kenya",133.7501,,,4.06771,,
2025,296,"Kiribati",128.2198,,,6.51508,,
2025,412,"Kosovo",127.7253,,,3.86187,,
2025,414,"Kuwait",117.3966,,,2.3617,,
2025,417,"Kyrgyzstan",160.5106,,,8.2124,,
2025,418,"Lao People's Dem. Rep.",222.0992,,,7.74034,,
2025,428,"Latvia",138.8817,,,3.80878,,
2025,422,"Lebanon",3695.3134,,,14.5977,,
2025,426,"Lesotho",134.6318,,,4.37519,,
2025,430,"Liberia",149.6962,,,8.31561,,
2025,434,"Libya",114.4694,,,1.84163,,
2025,438,"Liechtenstein",106.9283,,,0.15576,,
2025,440,"Lithuania",141.0005,,,3.44153,,
2025,442,"Luxembourg",120.7574,,,2.53786,,
2025,450,"Madagascar",146.22,,,8.03746,,
2025,454,"Malawi",288.7486,,,28.3812,,
2025,458,"Malaysia",112.0941,,,1.38035,,
2025,462,"Maldives",110.7558,,,3.48773,,
2025,466,"Mali",122.7088,,,2.30029,,
2025,470,"Malta",118.3626,,,2.40968,,
2025,584,"Marshall Islands",125.2705,,,5.47011,,
2025,478,"Mauritania",123.9032,,,1.54796,,
2025,480,"Mauritius",132.5253,,,3.68165,,
2025,484,"Mexico",130.8408,,,3.82328,,
2025,583,"Micronesia (Federated States of)",123.509,,,3.20078,,
2025,496,"Mongolia",157.3438,,,8.60799,,
2025,499,"Montenegro",134.9657,,,3.90023,,
2025,500,"Montserrat",110.3884,,,2.47334,,
2025,504,"Morocco",116.6829,,,0.75821,,
2025,508,"Mozambique",135.6156,,,4.36813,,
2025,104,"Myanmar",262.1476,,,24.3,,
2025,516,"Namibia",125.5837,,,3.51211,,
2025,520,"Nauru",125.3728,,,6.12572,,
2025,524,"Nepal",130.2063,,,4.057,,
2025,528,"Netherlands (Kingdom of the)",127.0357,,,2.98343,,
2025,540,"New Caledonia",111.47,,,2.01579,,
2025,554,"New Zealand",124.668,,,2.83967,,
2025,558,"Nicaragua",134.2683,,,2.08321,,
2025,562,"Niger",116.8253,,,-4.56125,,
2025,566,"Nigeria",277.0283,,,23.00647,,
2025,807,"North Macedonia",138.8542,,,4.07343,,
2025,578,"Norway",122.7491,,,3.03967,,
2025,512,"Oman",106.8856,,,0.99991,,
2025,586,"Pakistan",203.4563,,,4.49504,,
2025,585,"Palau",131.551,,,0.2506,,
2025,591,"Panama",106.8326,,,0.006,,
2025,598,"Papua New Guinea",118.1387,,,4.39982,,
2025,600,"Paraguay",130.0985,,,4.10869,,
2025,604,"Peru",123.8265,,,1.50101,,
2025,608,"Philippines",122.2914,,,1.659,,
2025,616,"Poland",143.7587,,,3.6001,,
2025,620,"Portugal",120.5209,,,2.19513,,
2025,630,"Puerto Rico",116.1657,,,1.3538,,
2025,634,"Qatar",112.6294,,,0.55453,,
2025,410,"Republic of Korea",116.605,,,2.12295,,
2025,498,"Republic of Moldova",173.1351,,,7.76212,,
2025,642,"Romania",149.5507,,,7.3267,,
2025,643,"Russian Federation",151.4142,,,8.68004,,
2025,646,"Rwanda",146.8296,,,7.03572,,
2025,659,"Saint Kitts and Nevis",110.2401,,,1.31037,,
2025,662,"Saint Lucia",118.1453,,,2.02652,,
2025,670,"Saint Vincent and the Grenadines",117.2981,,,0.91268,,
2025,882,"Samoa",124.6569,,,1.89006,,
2025,674,"San Marino",117.4641,,,2.33453,,
2025,678,"Sao Tome and Principe",178.5737,,,0.92032,,
2025,682,"Saudi Arabia",112.2348,,,2.03442,,
2025,686,"Senegal",121.4187,,,1.44045,,
2025,688,"Serbia",142.4339,,,3.9015,,
2025,690,"Seychelles",112.1656,,,0.29706,,
2025,694,"Sierra Leone",290.5152,,,7.60527,,
2025,702,"Singapore",117.6108,,,0.903,,
2025,534,"Sint Maarten (Dutch part)",113.6664,,,0.9,,
2025,703,"Slovakia",137.5676,,,4.24042,,
2025,705,"Slovenia",125.0128,,,2.48004,,
2025,090,"Solomon Islands",119.544,,,3.35438,,
2025,706,"Somalia",129.8038,,,3.70011,,
2025,710,"South Africa",127.5442,,,3.22282,,
2025,728,"South Sudan",695.1284,,,97.61594,,
2025,724,"Spain",121.8799,,,2.69155,,
2025,144,"Sri Lanka",181.9109,,,-0.49773,,
2025,275,"State of Palestine",188.8806,,,10.54333,,
2025,729,"Sudan",11115.4213,,,100.2219,,
2025,736,"Sudan (...2011)",,,"Not applicable",,,"Not applicable"
2025,740,"Suriname",466.7217,,,9.21297,,
2025,752,"Sweden",122.968,,,2.61041,,
2025,756,"Switzerland",106.9256,,,0.1526,,
2025,760,"Syrian Arab Republic",1086.6278,,,-10.1,,
2025,762,"Tajikistan",128.8663,,,3.37853,,
2025,764,"Thailand",108.9885,,,-0.13347,,
2025,626,"Timor-Leste",123.4544,,,0.46821,,
2025,768,"Togo",122.3874,,,0.41798,,
2025,776,"Tonga",134.4452,,,3.19551,,
2025,780,"Trinidad and Tobago",114.7322,,,0.99382,,
2025,788,"Tunisia",141.0923,,,5.34561,,
2025,792,"Turkiye",677.881,,,34.88312,,
2025,795,"Turkmenistan",140.4039,,,2.66916,,
2025,796,"Turks and Caicos Islands",124.5622,,,2.5,,
2025,798,"Tuvalu",132.3404,,,1.98612,,
2025,800,"Uganda",123.5287,,,3.58142,,
2025,804,"Ukraine",178.0751,,,12.7275,,
2025,784,"United Arab Emirates",109.5604,,,1.27834,,
2025,826,"United Kingdom",127.2513,,,3.3731,,
2025,834,"United Republic of Tanzania",119.5957,,,3.32706,,
2025,840,"United States",124.4943,,,2.7297,,
2025,858,"Uruguay",136.5637,,,4.65129,,
2025,860,"Uzbekistan",162.012,,,8.79641,,
2025,548,"Vanuatu",124.8472,,,1.68685,,
2025,862,"Venezuela (Bolivarian Rep. of)",111259.5306,,,251.95398,,
2025,704,"Viet Nam",116.1137,,,3.31008,,
2025,887,"Yemen",393.9646,,,21.39853,,
2025,894,"Zambia",196.7013,,,13.9101,,
2025,716,"Zimbabwe",67700.7463,,,81.438,,
