date,route,freight_rate,source
2020-01-01,Gladstone-Dhamra,11.92924762887766,SYNTHETIC DEMO DATA
2020-01-02,Gladstone-Dhamra,17.632721526755297,SYNTHETIC DEMO DATA
2020-01-03,Gladstone-Dhamra,13.145227500796059,SYNTHETIC DEMO DATA
2020-01-04,Gladstone-Dhamra,14.72561145726865,SYNTHETIC DEMO DATA
2020-01-05,Gladstone-Dhamra,19.125300872984464,SYNTHETIC DEMO DATA
2020-01-06,Gladstone-Dhamra,12.861594871545982,SYNTHETIC DEMO DATA
2020-01-07,Gladstone-Dhamra,14.664336802234748,SYNTHETIC DEMO DATA
2020-01-08,Gladstone-Dhamra,16.588914952500982,SYNTHETIC DEMO DATA
2020-01-09,Gladstone-Dhamra,14.311658184704722,SYNTHETIC DEMO DATA
2020-01-10,Gladstone-Dhamra,17.655264495835386,SYNTHETIC DEMO DATA
2020-01-11,Gladstone-Dhamra,15.087507722981222,SYNTHETIC DEMO DATA
2020-01-12,Gladstone-Dhamra,11.565980882233289,SYNTHETIC DEMO DATA
2020-01-13,Gladstone-Dhamra,14.659731450654967,SYNTHETIC DEMO DATA
2020-01-14,Gladstone-Dhamra,13.414434181617125,SYNTHETIC DEMO DATA
2020-01-15,Gladstone-Dhamra,14.524186071178727,SYNTHETIC DEMO DATA
2020-01-16,Gladstone-Dhamra,17.7312010385128,SYNTHETIC DEMO DATA
2020-01-17,Gladstone-Dhamra,16.11945135004102,SYNTHETIC DEMO DATA
2020-01-18,Gladstone-Dhamra,14.533266639408886,SYNTHETIC DEMO DATA
2020-01-19,Gladstone-Dhamra,15.168933753848552,SYNTHETIC DEMO DATA
2020-01-20,Gladstone-Dhamra,16.883661751810877,SYNTHETIC DEMO DATA
2020-01-21,Gladstone-Dhamra,16.09368335876774,SYNTHETIC DEMO DATA
2020-01-22,Gladstone-Dhamra,15.778982485311232,SYNTHETIC DEMO DATA
2020-01-23,Gladstone-Dhamra,20.92242193496205,SYNTHETIC DEMO DATA
2020-01-24,Gladstone-Dhamra,12.172997155120598,SYNTHETIC DEMO DATA
2020-01-25,Gladstone-Dhamra,13.943581567236713,SYNTHETIC DEMO DATA
2020-01-26,Gladstone-Dhamra,19.57924372709019,SYNTHETIC DEMO DATA
2020-01-27,Gladstone-Dhamra,17.25483627658847,SYNTHETIC DEMO DATA
2020-01-28,Gladstone-Dhamra,14.593984494446376,SYNTHETIC DEMO DATA
2020-01-29,Gladstone-Dhamra,17.618276145656882,SYNTHETIC DEMO DATA
2020-01-30,Gladstone-Dhamra,11.665394965790925,SYNTHETIC DEMO DATA
2020-01-31,Gladstone-Dhamra,16.736584143811555,SYNTHETIC DEMO DATA
2020-02-01,Gladstone-Dhamra,12.404432023491388,SYNTHETIC DEMO DATA
2020-02-02,Gladstone-Dhamra,14.033216251673542,SYNTHETIC DEMO DATA
2020-02-03,Gladstone-Dhamra,12.689006561079962,SYNTHETIC DEMO DATA
2020-02-04,Gladstone-Dhamra,17.301649730617953,SYNTHETIC DEMO DATA
2020-02-05,Gladstone-Dhamra,16.322234982007394,SYNTHETIC DEMO DATA
2020-02-06,Gladstone-Dhamra,14.427956010325355,SYNTHETIC DEMO DATA
2020-02-07,Gladstone-Dhamra,16.029522510142574,SYNTHETIC DEMO DATA
2020-02-08,Gladstone-Dhamra,16.578006400476912,SYNTHETIC DEMO DATA
2020-02-09,Gladstone-Dhamra,15.73663309174368,SYNTHETIC DEMO DATA
2020-02-10,Gladstone-Dhamra,18.3713755440057,SYNTHETIC DEMO DATA
2020-02-11,Gladstone-Dhamra,16.482261608952452,SYNTHETIC DEMO DATA
2020-02-12,Gladstone-Dhamra,16.822057537240823,SYNTHETIC DEMO DATA
2020-02-13,Gladstone-Dhamra,16.290060087936165,SYNTHETIC DEMO DATA
2020-02-14,Gladstone-Dhamra,18.82583032611974,SYNTHETIC DEMO DATA
2020-02-15,Gladstone-Dhamra,12.931831407679539,SYNTHETIC DEMO DATA
2020-02-16,Gladstone-Dhamra,13.21741737542988,SYNTHETIC DEMO DATA
2020-02-17,Gladstone-Dhamra,16.94307833064571,SYNTHETIC DEMO DATA
2020-02-18,Gladstone-Dhamra,17.915110436093514,SYNTHETIC DEMO DATA
2020-02-19,Gladstone-Dhamra,19.915233318947514,SYNTHETIC DEMO DATA
2020-02-20,Gladstone-Dhamra,18.082988802193114,SYNTHETIC DEMO DATA
2020-02-21,Gladstone-Dhamra,16.525578431716255,SYNTHETIC DEMO DATA
2020-02-22,Gladstone-Dhamra,15.340890667335415,SYNTHETIC DEMO DATA
2020-02-23,Gladstone-Dhamra,16.37187430475413,SYNTHETIC DEMO DATA
2020-02-24,Gladstone-Dhamra,15.327110767808891,SYNTHETIC DEMO DATA
2020-02-25,Gladstone-Dhamra,16.070048270620667,SYNTHETIC DEMO DATA
2020-02-26,Gladstone-Dhamra,14.387826919488614,SYNTHETIC DEMO DATA
2020-02-27,Gladstone-Dhamra,15.393306046405389,SYNTHETIC DEMO DATA
2020-02-28,Gladstone-Dhamra,18.221275601223137,SYNTHETIC DEMO DATA
2020-02-29,Gladstone-Dhamra,17.265539228337648,SYNTHETIC DEMO DATA
2020-03-01,Gladstone-Dhamra,17.003561977460727,SYNTHETIC DEMO DATA
2020-03-02,Gladstone-Dhamra,14.775332037713572,SYNTHETIC DEMO DATA
2020-03-03,Gladstone-Dhamra,16.905830410397797,SYNTHETIC DEMO DATA
2020-03-04,Gladstone-Dhamra,19.55525145751331,SYNTHETIC DEMO DATA
2020-03-05,Gladstone-Dhamra,18.202224250375096,SYNTHETIC DEMO DATA
2020-03-06,Gladstone-Dhamra,17.508373588467432,SYNTHETIC DEMO DATA
2020-03-07,Gladstone-Dhamra,12.036257295708651,SYNTHETIC DEMO DATA
2020-03-08,Gladstone-Dhamra,15.605421778169086,SYNTHETIC DEMO DATA
2020-03-09,Gladstone-Dhamra,20.976673415312682,SYNTHETIC DEMO DATA
2020-03-10,Gladstone-Dhamra,14.246613217148337,SYNTHETIC DEMO DATA
2020-03-11,Gladstone-Dhamra,18.270880440003456,SYNTHETIC DEMO DATA
2020-03-12,Gladstone-Dhamra,16.308211268716096,SYNTHETIC DEMO DATA
2020-03-13,Gladstone-Dhamra,16.85956349032569,SYNTHETIC DEMO DATA
2020-03-14,Gladstone-Dhamra,16.67752393562754,SYNTHETIC DEMO DATA
2020-03-15,Gladstone-Dhamra,16.771531211342534,SYNTHETIC DEMO DATA
2020-03-16,Gladstone-Dhamra,13.788792859814002,SYNTHETIC DEMO DATA
2020-03-17,Gladstone-Dhamra,12.16723720372163,SYNTHETIC DEMO DATA
2020-03-18,Gladstone-Dhamra,17.66624128382327,SYNTHETIC DEMO DATA
2020-03-19,Gladstone-Dhamra,15.654925649362697,SYNTHETIC DEMO DATA
2020-03-20,Gladstone-Dhamra,16.43940514162694,SYNTHETIC DEMO DATA
2020-03-21,Gladstone-Dhamra,18.894108193571736,SYNTHETIC DEMO DATA
2020-03-22,Gladstone-Dhamra,19.853602818192343,SYNTHETIC DEMO DATA
2020-03-23,Gladstone-Dhamra,17.44699083406906,SYNTHETIC DEMO DATA
2020-03-24,Gladstone-Dhamra,17.716853296867864,SYNTHETIC DEMO DATA
2020-03-25,Gladstone-Dhamra,16.45077175094503,SYNTHETIC DEMO DATA
2020-03-26,Gladstone-Dhamra,15.976342248265983,SYNTHETIC DEMO DATA
2020-03-27,Gladstone-Dhamra,16.2650140916658,SYNTHETIC DEMO DATA
2020-03-28,Gladstone-Dhamra,16.166182562953225,SYNTHETIC DEMO DATA
2020-03-29,Gladstone-Dhamra,16.49631315441363,SYNTHETIC DEMO DATA
2020-03-30,Gladstone-Dhamra,17.226676548548937,SYNTHETIC DEMO DATA
2020-03-31,Gladstone-Dhamra,17.59937025743531,SYNTHETIC DEMO DATA
2020-04-01,Gladstone-Dhamra,16.128026690475863,SYNTHETIC DEMO DATA
2020-04-02,Gladstone-Dhamra,12.914153444152966,SYNTHETIC DEMO DATA
2020-04-03,Gladstone-Dhamra,13.94646231756622,SYNTHETIC DEMO DATA
2020-04-04,Gladstone-Dhamra,16.224105689887786,SYNTHETIC DEMO DATA
2020-04-05,Gladstone-Dhamra,16.203085962300452,SYNTHETIC DEMO DATA
2020-04-06,Gladstone-Dhamra,23.67302880431978,SYNTHETIC DEMO DATA
2020-04-07,Gladstone-Dhamra,16.108317744452773,SYNTHETIC DEMO DATA
2020-04-08,Gladstone-Dhamra,18.843227635776337,SYNTHETIC DEMO DATA
2020-04-09,Gladstone-Dhamra,15.762984491222689,SYNTHETIC DEMO DATA
2020-04-10,Gladstone-Dhamra,15.28874514518742,SYNTHETIC DEMO DATA
2020-04-11,Gladstone-Dhamra,13.362981246085763,SYNTHETIC DEMO DATA
2020-04-12,Gladstone-Dhamra,18.18971338241424,SYNTHETIC DEMO DATA
2020-04-13,Gladstone-Dhamra,20.83139577896953,SYNTHETIC DEMO DATA
2020-04-14,Gladstone-Dhamra,16.97812916221439,SYNTHETIC DEMO DATA
2020-04-15,Gladstone-Dhamra,15.353524829612754,SYNTHETIC DEMO DATA
2020-04-16,Gladstone-Dhamra,17.875224582157966,SYNTHETIC DEMO DATA
2020-04-17,Gladstone-Dhamra,18.636622647312535,SYNTHETIC DEMO DATA
2020-04-18,Gladstone-Dhamra,17.86693087607499,SYNTHETIC DEMO DATA
2020-04-19,Gladstone-Dhamra,20.665823632793415,SYNTHETIC DEMO DATA
2020-04-20,Gladstone-Dhamra,19.30354892369284,SYNTHETIC DEMO DATA
2020-04-21,Gladstone-Dhamra,19.43813778374465,SYNTHETIC DEMO DATA
2020-04-22,Gladstone-Dhamra,16.524802183363963,SYNTHETIC DEMO DATA
2020-04-23,Gladstone-Dhamra,22.484856995970482,SYNTHETIC DEMO DATA
2020-04-24,Gladstone-Dhamra,15.360917912951153,SYNTHETIC DEMO DATA
2020-04-25,Gladstone-Dhamra,20.038205609537382,SYNTHETIC DEMO DATA
2020-04-26,Gladstone-Dhamra,19.635530495324183,SYNTHETIC DEMO DATA
2020-04-27,Gladstone-Dhamra,19.819880603111383,SYNTHETIC DEMO DATA
2020-04-28,Gladstone-Dhamra,19.560181466104734,SYNTHETIC DEMO DATA
2020-04-29,Gladstone-Dhamra,18.524831921882406,SYNTHETIC DEMO DATA
2020-04-30,Gladstone-Dhamra,15.896663754721411,SYNTHETIC DEMO DATA
2020-05-01,Gladstone-Dhamra,17.563640868158956,SYNTHETIC DEMO DATA
2020-05-02,Gladstone-Dhamra,17.836279266558574,SYNTHETIC DEMO DATA
2020-05-03,Gladstone-Dhamra,14.490511720075132,SYNTHETIC DEMO DATA
2020-05-04,Gladstone-Dhamra,14.659902269826368,SYNTHETIC DEMO DATA
2020-05-05,Gladstone-Dhamra,21.607925573405634,SYNTHETIC DEMO DATA
2020-05-06,Gladstone-Dhamra,23.20206688008694,SYNTHETIC DEMO DATA
2020-05-07,Gladstone-Dhamra,17.94833594223547,SYNTHETIC DEMO DATA
2020-05-08,Gladstone-Dhamra,19.17410872397822,SYNTHETIC DEMO DATA
2020-05-09,Gladstone-Dhamra,14.556597822212117,SYNTHETIC DEMO DATA
2020-05-10,Gladstone-Dhamra,15.57871443413659,SYNTHETIC DEMO DATA
2020-05-11,Gladstone-Dhamra,18.67281321057701,SYNTHETIC DEMO DATA
2020-05-12,Gladstone-Dhamra,15.997621909642639,SYNTHETIC DEMO DATA
2020-05-13,Gladstone-Dhamra,16.006734664677268,SYNTHETIC DEMO DATA
2020-05-14,Gladstone-Dhamra,16.679012099970276,SYNTHETIC DEMO DATA
2020-05-15,Gladstone-Dhamra,20.072280675951344,SYNTHETIC DEMO DATA
2020-05-16,Gladstone-Dhamra,16.316142572364228,SYNTHETIC DEMO DATA
2020-05-17,Gladstone-Dhamra,14.808322759286948,SYNTHETIC DEMO DATA
2020-05-18,Gladstone-Dhamra,20.195982621331325,SYNTHETIC DEMO DATA
2020-05-19,Gladstone-Dhamra,15.251378874318526,SYNTHETIC DEMO DATA
2020-05-20,Gladstone-Dhamra,20.108597009689102,SYNTHETIC DEMO DATA
2020-05-21,Gladstone-Dhamra,16.701943294533812,SYNTHETIC DEMO DATA
2020-05-22,Gladstone-Dhamra,18.71496295030963,SYNTHETIC DEMO DATA
2020-05-23,Gladstone-Dhamra,18.30179780334563,SYNTHETIC DEMO DATA
2020-05-24,Gladstone-Dhamra,18.028841441633283,SYNTHETIC DEMO DATA
2020-05-25,Gladstone-Dhamra,17.16337335295715,SYNTHETIC DEMO DATA
2020-05-26,Gladstone-Dhamra,18.377508686209357,SYNTHETIC DEMO DATA
2020-05-27,Gladstone-Dhamra,18.144868566994308,SYNTHETIC DEMO DATA
2020-05-28,Gladstone-Dhamra,15.091671711103295,SYNTHETIC DEMO DATA
2020-05-29,Gladstone-Dhamra,21.272309013014233,SYNTHETIC DEMO DATA
2020-05-30,Gladstone-Dhamra,19.855080644249757,SYNTHETIC DEMO DATA
2020-05-31,Gladstone-Dhamra,19.31348938088639,SYNTHETIC DEMO DATA
2020-06-01,Gladstone-Dhamra,14.454745014339014,SYNTHETIC DEMO DATA
2020-06-02,Gladstone-Dhamra,16.783379708383485,SYNTHETIC DEMO DATA
2020-06-03,Gladstone-Dhamra,17.539202901609023,SYNTHETIC DEMO DATA
2020-06-04,Gladstone-Dhamra,18.452055227074617,SYNTHETIC DEMO DATA
2020-06-05,Gladstone-Dhamra,16.900017454955183,SYNTHETIC DEMO DATA
2020-06-06,Gladstone-Dhamra,15.256628743228685,SYNTHETIC DEMO DATA
2020-06-07,Gladstone-Dhamra,17.441106836400632,SYNTHETIC DEMO DATA
2020-06-08,Gladstone-Dhamra,17.405566863354373,SYNTHETIC DEMO DATA
2020-06-09,Gladstone-Dhamra,20.507955221437427,SYNTHETIC DEMO DATA
2020-06-10,Gladstone-Dhamra,20.645108704089363,SYNTHETIC DEMO DATA
2020-06-11,Gladstone-Dhamra,18.352884468436358,SYNTHETIC DEMO DATA
2020-06-12,Gladstone-Dhamra,20.310364016020586,SYNTHETIC DEMO DATA
2020-06-13,Gladstone-Dhamra,21.72504606233197,SYNTHETIC DEMO DATA
2020-06-14,Gladstone-Dhamra,19.648880745241957,SYNTHETIC DEMO DATA
2020-06-15,Gladstone-Dhamra,17.68978349988518,SYNTHETIC DEMO DATA
2020-06-16,Gladstone-Dhamra,19.42044528230783,SYNTHETIC DEMO DATA
2020-06-17,Gladstone-Dhamra,16.87883259737424,SYNTHETIC DEMO DATA
2020-06-18,Gladstone-Dhamra,17.930066411124926,SYNTHETIC DEMO DATA
2020-06-19,Gladstone-Dhamra,20.76225777588038,SYNTHETIC DEMO DATA
2020-06-20,Gladstone-Dhamra,18.50037532255573,SYNTHETIC DEMO DATA
2020-06-21,Gladstone-Dhamra,17.674142797253644,SYNTHETIC DEMO DATA
2020-06-22,Gladstone-Dhamra,18.93774782307085,SYNTHETIC DEMO DATA
2020-06-23,Gladstone-Dhamra,23.730268654556067,SYNTHETIC DEMO DATA
2020-06-24,Gladstone-Dhamra,19.395415161318056,SYNTHETIC DEMO DATA
2020-06-25,Gladstone-Dhamra,18.298580951732028,SYNTHETIC DEMO DATA
2020-06-26,Gladstone-Dhamra,15.737715406700048,SYNTHETIC DEMO DATA
2020-06-27,Gladstone-Dhamra,18.395408735492968,SYNTHETIC DEMO DATA
2020-06-28,Gladstone-Dhamra,18.839670298505258,SYNTHETIC DEMO DATA
2020-06-29,Gladstone-Dhamra,15.400381252760136,SYNTHETIC DEMO DATA
2020-06-30,Gladstone-Dhamra,18.9486228459957,SYNTHETIC DEMO DATA
2020-07-01,Gladstone-Dhamra,15.346413687994776,SYNTHETIC DEMO DATA
2020-07-02,Gladstone-Dhamra,17.05247432763653,SYNTHETIC DEMO DATA
2020-07-03,Gladstone-Dhamra,20.453583873803247,SYNTHETIC DEMO DATA
2020-07-04,Gladstone-Dhamra,19.135071974958855,SYNTHETIC DEMO DATA
2020-07-05,Gladstone-Dhamra,15.064590828694143,SYNTHETIC DEMO DATA
2020-07-06,Gladstone-Dhamra,17.74934275065436,SYNTHETIC DEMO DATA
2020-07-07,Gladstone-Dhamra,15.049674865078536,SYNTHETIC DEMO DATA
2020-07-08,Gladstone-Dhamra,17.118178596882636,SYNTHETIC DEMO DATA
2020-07-09,Gladstone-Dhamra,18.279085872000273,SYNTHETIC DEMO DATA
2020-07-10,Gladstone-Dhamra,19.417351391176513,SYNTHETIC DEMO DATA
2020-07-11,Gladstone-Dhamra,20.70599113074403,SYNTHETIC DEMO DATA
2020-07-12,Gladstone-Dhamra,17.73195394402181,SYNTHETIC DEMO DATA
2020-07-13,Gladstone-Dhamra,15.762114958073337,SYNTHETIC DEMO DATA
2020-07-14,Gladstone-Dhamra,22.723843273866986,SYNTHETIC DEMO DATA
2020-07-15,Gladstone-Dhamra,15.45258745127257,SYNTHETIC DEMO DATA
2020-07-16,Gladstone-Dhamra,13.48908422065752,SYNTHETIC DEMO DATA
2020-07-17,Gladstone-Dhamra,21.147522520510517,SYNTHETIC DEMO DATA
2020-07-18,Gladstone-Dhamra,17.742520665340596,SYNTHETIC DEMO DATA
2020-07-19,Gladstone-Dhamra,18.15030981695853,SYNTHETIC DEMO DATA
2020-07-20,Gladstone-Dhamra,17.153980752003683,SYNTHETIC DEMO DATA
2020-07-21,Gladstone-Dhamra,21.58200194184667,SYNTHETIC DEMO DATA
2020-07-22,Gladstone-Dhamra,20.250622597716944,SYNTHETIC DEMO DATA
2020-07-23,Gladstone-Dhamra,17.380402384913506,SYNTHETIC DEMO DATA
2020-07-24,Gladstone-Dhamra,18.210101252014603,SYNTHETIC DEMO DATA
2020-07-25,Gladstone-Dhamra,19.131112057865806,SYNTHETIC DEMO DATA
2020-07-26,Gladstone-Dhamra,14.920267360058961,SYNTHETIC DEMO DATA
2020-07-27,Gladstone-Dhamra,17.070230073893608,SYNTHETIC DEMO DATA
2020-07-28,Gladstone-Dhamra,15.196428627559687,SYNTHETIC DEMO DATA
2020-07-29,Gladstone-Dhamra,19.345385568818237,SYNTHETIC DEMO DATA
2020-07-30,Gladstone-Dhamra,15.617419127909182,SYNTHETIC DEMO DATA
2020-07-31,Gladstone-Dhamra,19.299022539735095,SYNTHETIC DEMO DATA
2020-08-01,Gladstone-Dhamra,21.279919232518782,SYNTHETIC DEMO DATA
2020-08-02,Gladstone-Dhamra,19.655477164045326,SYNTHETIC DEMO DATA
2020-08-03,Gladstone-Dhamra,22.488990009100135,SYNTHETIC DEMO DATA
2020-08-04,Gladstone-Dhamra,16.61230867796013,SYNTHETIC DEMO DATA
2020-08-05,Gladstone-Dhamra,15.40113842458846,SYNTHETIC DEMO DATA
2020-08-06,Gladstone-Dhamra,17.28665706773426,SYNTHETIC DEMO DATA
2020-08-07,Gladstone-Dhamra,19.14163319715977,SYNTHETIC DEMO DATA
2020-08-08,Gladstone-Dhamra,19.359078664044127,SYNTHETIC DEMO DATA
2020-08-09,Gladstone-Dhamra,15.054871819653904,SYNTHETIC DEMO DATA
2020-08-10,Gladstone-Dhamra,14.222016471646326,SYNTHETIC DEMO DATA
2020-08-11,Gladstone-Dhamra,17.95972846620704,SYNTHETIC DEMO DATA
2020-08-12,Gladstone-Dhamra,17.562732508570036,SYNTHETIC DEMO DATA
2020-08-13,Gladstone-Dhamra,18.908111095397267,SYNTHETIC DEMO DATA
2020-08-14,Gladstone-Dhamra,15.528188347797379,SYNTHETIC DEMO DATA
2020-08-15,Gladstone-Dhamra,13.70367427962727,SYNTHETIC DEMO DATA
2020-08-16,Gladstone-Dhamra,14.403552990904306,SYNTHETIC DEMO DATA
2020-08-17,Gladstone-Dhamra,19.59037986535232,SYNTHETIC DEMO DATA
2020-08-18,Gladstone-Dhamra,16.236833089049167,SYNTHETIC DEMO DATA
2020-08-19,Gladstone-Dhamra,13.38316116566757,SYNTHETIC DEMO DATA
2020-08-20,Gladstone-Dhamra,18.65928011590109,SYNTHETIC DEMO DATA
2020-08-21,Gladstone-Dhamra,18.17036476450525,SYNTHETIC DEMO DATA
2020-08-22,Gladstone-Dhamra,16.745700179104347,SYNTHETIC DEMO DATA
2020-08-23,Gladstone-Dhamra,15.811617694793284,SYNTHETIC DEMO DATA
2020-08-24,Gladstone-Dhamra,14.967078071250398,SYNTHETIC DEMO DATA
2020-08-25,Gladstone-Dhamra,21.98128268379251,SYNTHETIC DEMO DATA
2020-08-26,Gladstone-Dhamra,17.818730643350428,SYNTHETIC DEMO DATA
2020-08-27,Gladstone-Dhamra,20.38063399658556,SYNTHETIC DEMO DATA
2020-08-28,Gladstone-Dhamra,16.404650670451716,SYNTHETIC DEMO DATA
2020-08-29,Gladstone-Dhamra,16.508481264728903,SYNTHETIC DEMO DATA
2020-08-30,Gladstone-Dhamra,16.99622851536877,SYNTHETIC DEMO DATA
2020-08-31,Gladstone-Dhamra,18.873106724936086,SYNTHETIC DEMO DATA
2020-09-01,Gladstone-Dhamra,18.56793042738255,SYNTHETIC DEMO DATA
2020-09-02,Gladstone-Dhamra,15.246204356483842,SYNTHETIC DEMO DATA
2020-09-03,Gladstone-Dhamra,16.29883408546694,SYNTHETIC DEMO DATA
2020-09-04,Gladstone-Dhamra,15.693761985243727,SYNTHETIC DEMO DATA
2020-09-05,Gladstone-Dhamra,15.614366498523895,SYNTHETIC DEMO DATA
2020-09-06,Gladstone-Dhamra,17.719582643111888,SYNTHETIC DEMO DATA
2020-09-07,Gladstone-Dhamra,20.373217147689438,SYNTHETIC DEMO DATA
2020-09-08,Gladstone-Dhamra,17.865031715066348,SYNTHETIC DEMO DATA
2020-09-09,Gladstone-Dhamra,14.689267872962883,SYNTHETIC DEMO DATA
2020-09-10,Gladstone-Dhamra,13.444350836199431,SYNTHETIC DEMO DATA
2020-09-11,Gladstone-Dhamra,18.40047976063106,SYNTHETIC DEMO DATA
2020-09-12,Gladstone-Dhamra,19.341011810359166,SYNTHETIC DEMO DATA
2020-09-13,Gladstone-Dhamra,14.806529048617172,SYNTHETIC DEMO DATA
2020-09-14,Gladstone-Dhamra,14.735738296635642,SYNTHETIC DEMO DATA
2020-09-15,Gladstone-Dhamra,14.783615803383196,SYNTHETIC DEMO DATA
2020-09-16,Gladstone-Dhamra,19.056452782841582,SYNTHETIC DEMO DATA
2020-09-17,Gladstone-Dhamra,15.309693933227088,SYNTHETIC DEMO DATA
2020-09-18,Gladstone-Dhamra,15.22888842442391,SYNTHETIC DEMO DATA
2020-09-19,Gladstone-Dhamra,15.19673702655819,SYNTHETIC DEMO DATA
2020-09-20,Gladstone-Dhamra,13.227394910266657,SYNTHETIC DEMO DATA
2020-09-21,Gladstone-Dhamra,18.11022972617367,SYNTHETIC DEMO DATA
2020-09-22,Gladstone-Dhamra,15.800930146305765,SYNTHETIC DEMO DATA
2020-09-23,Gladstone-Dhamra,15.631674224752878,SYNTHETIC DEMO DATA
2020-09-24,Gladstone-Dhamra,16.252721912281785,SYNTHETIC DEMO DATA
2020-09-25,Gladstone-Dhamra,17.876088917575558,SYNTHETIC DEMO DATA
2020-09-26,Gladstone-Dhamra,17.728008992865163,SYNTHETIC DEMO DATA
2020-09-27,Gladstone-Dhamra,15.134881580705446,SYNTHETIC DEMO DATA
2020-09-28,Gladstone-Dhamra,13.250005472743013,SYNTHETIC DEMO DATA
2020-09-29,Gladstone-Dhamra,12.660629624824058,SYNTHETIC DEMO DATA
2020-09-30,Gladstone-Dhamra,17.92568313478219,SYNTHETIC DEMO DATA
2020-10-01,Gladstone-Dhamra,16.70526886809828,SYNTHETIC DEMO DATA
2020-10-02,Gladstone-Dhamra,11.518019082043951,SYNTHETIC DEMO DATA
2020-10-03,Gladstone-Dhamra,16.50254686599117,SYNTHETIC DEMO DATA
2020-10-04,Gladstone-Dhamra,13.580395089204405,SYNTHETIC DEMO DATA
2020-10-05,Gladstone-Dhamra,13.40186332508863,SYNTHETIC DEMO DATA
2020-10-06,Gladstone-Dhamra,16.136292837107245,SYNTHETIC DEMO DATA
2020-10-07,Gladstone-Dhamra,16.30665371197518,SYNTHETIC DEMO DATA
2020-10-08,Gladstone-Dhamra,15.981297027797845,SYNTHETIC DEMO DATA
2020-10-09,Gladstone-Dhamra,17.105746933660278,SYNTHETIC DEMO DATA
2020-10-10,Gladstone-Dhamra,17.181250509389468,SYNTHETIC DEMO DATA
2020-10-11,Gladstone-Dhamra,16.820977238576575,SYNTHETIC DEMO DATA
2020-10-12,Gladstone-Dhamra,19.35142640176501,SYNTHETIC DEMO DATA
2020-10-13,Gladstone-Dhamra,15.269546497723342,SYNTHETIC DEMO DATA
2020-10-14,Gladstone-Dhamra,16.679392602492005,SYNTHETIC DEMO DATA
2020-10-15,Gladstone-Dhamra,14.776790626596812,SYNTHETIC DEMO DATA
2020-10-16,Gladstone-Dhamra,14.670358972627094,SYNTHETIC DEMO DATA
2020-10-17,Gladstone-Dhamra,16.649384636344507,SYNTHETIC DEMO DATA
2020-10-18,Gladstone-Dhamra,15.68171420314134,SYNTHETIC DEMO DATA
2020-10-19,Gladstone-Dhamra,17.663696788317026,SYNTHETIC DEMO DATA
2020-10-20,Gladstone-Dhamra,15.929626371264051,SYNTHETIC DEMO DATA
2020-10-21,Gladstone-Dhamra,14.089032250270515,SYNTHETIC DEMO DATA
2020-10-22,Gladstone-Dhamra,15.627723238364103,SYNTHETIC DEMO DATA
2020-10-23,Gladstone-Dhamra,17.91311837252418,SYNTHETIC DEMO DATA
2020-10-24,Gladstone-Dhamra,13.532174032581226,SYNTHETIC DEMO DATA
2020-10-25,Gladstone-Dhamra,16.37686974031386,SYNTHETIC DEMO DATA
2020-10-26,Gladstone-Dhamra,14.294179650024184,SYNTHETIC DEMO DATA
2020-10-27,Gladstone-Dhamra,18.832796347751867,SYNTHETIC DEMO DATA
2020-10-28,Gladstone-Dhamra,16.884823345026188,SYNTHETIC DEMO DATA
2020-10-29,Gladstone-Dhamra,17.138211023465267,SYNTHETIC DEMO DATA
2020-10-30,Gladstone-Dhamra,16.596755585444114,SYNTHETIC DEMO DATA
2020-10-31,Gladstone-Dhamra,16.163835215211325,SYNTHETIC DEMO DATA
2020-11-01,Gladstone-Dhamra,15.56768042486408,SYNTHETIC DEMO DATA
2020-11-02,Gladstone-Dhamra,15.329752078393948,SYNTHETIC DEMO DATA
2020-11-03,Gladstone-Dhamra,18.7909729224477,SYNTHETIC DEMO DATA
2020-11-04,Gladstone-Dhamra,12.838599548327082,SYNTHETIC DEMO DATA
2020-11-05,Gladstone-Dhamra,13.780136674834125,SYNTHETIC DEMO DATA
2020-11-06,Gladstone-Dhamra,14.131149766513422,SYNTHETIC DEMO DATA
2020-11-07,Gladstone-Dhamra,14.704568046034385,SYNTHETIC DEMO DATA
2020-11-08,Gladstone-Dhamra,13.382864293041633,SYNTHETIC DEMO DATA
2020-11-09,Gladstone-Dhamra,17.628176147227624,SYNTHETIC DEMO DATA
2020-11-10,Gladstone-Dhamra,14.310171328282516,SYNTHETIC DEMO DATA
2020-11-11,Gladstone-Dhamra,11.87144200043384,SYNTHETIC DEMO DATA
2020-11-12,Gladstone-Dhamra,16.34448091715926,SYNTHETIC DEMO DATA
2020-11-13,Gladstone-Dhamra,14.939197941803114,SYNTHETIC DEMO DATA
2020-11-14,Gladstone-Dhamra,15.629832557937137,SYNTHETIC DEMO DATA
2020-11-15,Gladstone-Dhamra,15.143639441578587,SYNTHETIC DEMO DATA
2020-11-16,Gladstone-Dhamra,13.70440669608852,SYNTHETIC DEMO DATA
2020-11-17,Gladstone-Dhamra,15.044241381530435,SYNTHETIC DEMO DATA
2020-11-18,Gladstone-Dhamra,15.290623704473798,SYNTHETIC DEMO DATA
2020-11-19,Gladstone-Dhamra,11.44293766325459,SYNTHETIC DEMO DATA
2020-11-20,Gladstone-Dhamra,17.516957601467936,SYNTHETIC DEMO DATA
2020-11-21,Gladstone-Dhamra,15.173226166124802,SYNTHETIC DEMO DATA
2020-11-22,Gladstone-Dhamra,13.0295013247706,SYNTHETIC DEMO DATA
2020-11-23,Gladstone-Dhamra,15.635417306924706,SYNTHETIC DEMO DATA
2020-11-24,Gladstone-Dhamra,19.58406522378384,SYNTHETIC DEMO DATA
2020-11-25,Gladstone-Dhamra,15.591926707591425,SYNTHETIC DEMO DATA
2020-11-26,Gladstone-Dhamra,14.413579169254847,SYNTHETIC DEMO DATA
2020-11-27,Gladstone-Dhamra,14.767679226769328,SYNTHETIC DEMO DATA
2020-11-28,Gladstone-Dhamra,14.589653194242157,SYNTHETIC DEMO DATA
2020-11-29,Gladstone-Dhamra,13.952703556215537,SYNTHETIC DEMO DATA
2020-11-30,Gladstone-Dhamra,14.591307249143732,SYNTHETIC DEMO DATA
2020-12-01,Gladstone-Dhamra,15.04683950041191,SYNTHETIC DEMO DATA
2020-12-02,Gladstone-Dhamra,15.574186647617916,SYNTHETIC DEMO DATA
2020-12-03,Gladstone-Dhamra,14.693562833947341,SYNTHETIC DEMO DATA
2020-12-04,Gladstone-Dhamra,16.18935241763626,SYNTHETIC DEMO DATA
2020-12-05,Gladstone-Dhamra,13.033450222220319,SYNTHETIC DEMO DATA
2020-12-06,Gladstone-Dhamra,17.42859905974338,SYNTHETIC DEMO DATA
2020-12-07,Gladstone-Dhamra,16.075034737552794,SYNTHETIC DEMO DATA
2020-12-08,Gladstone-Dhamra,12.580629229384781,SYNTHETIC DEMO DATA
2020-12-09,Gladstone-Dhamra,12.60288107405399,SYNTHETIC DEMO DATA
2020-12-10,Gladstone-Dhamra,13.801922650729889,SYNTHETIC DEMO DATA
2020-12-11,Gladstone-Dhamra,15.110374388868086,SYNTHETIC DEMO DATA
2020-12-12,Gladstone-Dhamra,13.878825853026397,SYNTHETIC DEMO DATA
2020-12-13,Gladstone-Dhamra,13.855081321642873,SYNTHETIC DEMO DATA
2020-12-14,Gladstone-Dhamra,10.599345111311958,SYNTHETIC DEMO DATA
2020-12-15,Gladstone-Dhamra,14.613208952989345,SYNTHETIC DEMO DATA
2020-12-16,Gladstone-Dhamra,13.55403920576598,SYNTHETIC DEMO DATA
2020-12-17,Gladstone-Dhamra,14.245352383677474,SYNTHETIC DEMO DATA
2020-12-18,Gladstone-Dhamra,14.490665543577396,SYNTHETIC DEMO DATA
2020-12-19,Gladstone-Dhamra,14.116293216872915,SYNTHETIC DEMO DATA
2020-12-20,Gladstone-Dhamra,14.29283831519274,SYNTHETIC DEMO DATA
2020-12-21,Gladstone-Dhamra,9.768893581867477,SYNTHETIC DEMO DATA
2020-12-22,Gladstone-Dhamra,13.529559712622085,SYNTHETIC DEMO DATA
2020-12-23,Gladstone-Dhamra,15.139193802692477,SYNTHETIC DEMO DATA
2020-12-24,Gladstone-Dhamra,15.893610749251584,SYNTHETIC DEMO DATA
2020-12-25,Gladstone-Dhamra,12.083867731443284,SYNTHETIC DEMO DATA
2020-12-26,Gladstone-Dhamra,18.480046871144932,SYNTHETIC DEMO DATA
2020-12-27,Gladstone-Dhamra,13.951079111675096,SYNTHETIC DEMO DATA
2020-12-28,Gladstone-Dhamra,13.494437718671286,SYNTHETIC DEMO DATA
2020-12-29,Gladstone-Dhamra,15.748067033958899,SYNTHETIC DEMO DATA
2020-12-30,Gladstone-Dhamra,11.417054229598012,SYNTHETIC DEMO DATA
2020-12-31,Gladstone-Dhamra,13.327840915643785,SYNTHETIC DEMO DATA
2021-01-01,Gladstone-Dhamra,11.61208434493253,SYNTHETIC DEMO DATA
2021-01-02,Gladstone-Dhamra,12.17886665532353,SYNTHETIC DEMO DATA
2021-01-03,Gladstone-Dhamra,9.331996731011271,SYNTHETIC DEMO DATA
2021-01-04,Gladstone-Dhamra,11.071569180552297,SYNTHETIC DEMO DATA
2021-01-05,Gladstone-Dhamra,13.822680183266327,SYNTHETIC DEMO DATA
2021-01-06,Gladstone-Dhamra,13.431692538906299,SYNTHETIC DEMO DATA
2021-01-07,Gladstone-Dhamra,12.594725501949437,SYNTHETIC DEMO DATA
2021-01-08,Gladstone-Dhamra,9.603278274926494,SYNTHETIC DEMO DATA
2021-01-09,Gladstone-Dhamra,16.357911098796766,SYNTHETIC DEMO DATA
2021-01-10,Gladstone-Dhamra,14.126214236814336,SYNTHETIC DEMO DATA
2021-01-11,Gladstone-Dhamra,16.740529886545264,SYNTHETIC DEMO DATA
2021-01-12,Gladstone-Dhamra,16.46917393544214,SYNTHETIC DEMO DATA
2021-01-13,Gladstone-Dhamra,12.696096011705952,SYNTHETIC DEMO DATA
2021-01-14,Gladstone-Dhamra,13.612598913940177,SYNTHETIC DEMO DATA
2021-01-15,Gladstone-Dhamra,12.340605305286651,SYNTHETIC DEMO DATA
2021-01-16,Gladstone-Dhamra,12.951298199760124,SYNTHETIC DEMO DATA
2021-01-17,Gladstone-Dhamra,15.391716293571108,SYNTHETIC DEMO DATA
2021-01-18,Gladstone-Dhamra,13.756402785150122,SYNTHETIC DEMO DATA
2021-01-19,Gladstone-Dhamra,16.296959214574333,SYNTHETIC DEMO DATA
2021-01-20,Gladstone-Dhamra,12.004180647418696,SYNTHETIC DEMO DATA
2021-01-21,Gladstone-Dhamra,13.73421809750315,SYNTHETIC DEMO DATA
2021-01-22,Gladstone-Dhamra,10.402995570748107,SYNTHETIC DEMO DATA
2021-01-23,Gladstone-Dhamra,10.035173714953148,SYNTHETIC DEMO DATA
2021-01-24,Gladstone-Dhamra,17.76749953188836,SYNTHETIC DEMO DATA
2021-01-25,Gladstone-Dhamra,12.792874946869418,SYNTHETIC DEMO DATA
2021-01-26,Gladstone-Dhamra,12.742934829041705,SYNTHETIC DEMO DATA
2021-01-27,Gladstone-Dhamra,14.602261084538153,SYNTHETIC DEMO DATA
2021-01-28,Gladstone-Dhamra,11.650761357451092,SYNTHETIC DEMO DATA
2021-01-29,Gladstone-Dhamra,13.801983313400594,SYNTHETIC DEMO DATA
2021-01-30,Gladstone-Dhamra,14.963510774485048,SYNTHETIC DEMO DATA
2021-01-31,Gladstone-Dhamra,10.931218778011054,SYNTHETIC DEMO DATA
2021-02-01,Gladstone-Dhamra,13.024774133591055,SYNTHETIC DEMO DATA
2021-02-02,Gladstone-Dhamra,11.872335036977606,SYNTHETIC DEMO DATA
2021-02-03,Gladstone-Dhamra,13.578050386896233,SYNTHETIC DEMO DATA
2021-02-04,Gladstone-Dhamra,15.966615987867865,SYNTHETIC DEMO DATA
2021-02-05,Gladstone-Dhamra,12.363649843009142,SYNTHETIC DEMO DATA
2021-02-06,Gladstone-Dhamra,14.312762171756336,SYNTHETIC DEMO DATA
2021-02-07,Gladstone-Dhamra,13.35848724376493,SYNTHETIC DEMO DATA
2021-02-08,Gladstone-Dhamra,12.902914139996316,SYNTHETIC DEMO DATA
2021-02-09,Gladstone-Dhamra,9.985069522918668,SYNTHETIC DEMO DATA
2021-02-10,Gladstone-Dhamra,14.5698494517056,SYNTHETIC DEMO DATA
2021-02-11,Gladstone-Dhamra,9.876092982374054,SYNTHETIC DEMO DATA
2021-02-12,Gladstone-Dhamra,13.856711300769618,SYNTHETIC DEMO DATA
2021-02-13,Gladstone-Dhamra,11.22718349763501,SYNTHETIC DEMO DATA
2021-02-14,Gladstone-Dhamra,13.427663751384578,SYNTHETIC DEMO DATA
2021-02-15,Gladstone-Dhamra,15.141747283677685,SYNTHETIC DEMO DATA
2021-02-16,Gladstone-Dhamra,14.953268334490426,SYNTHETIC DEMO DATA
2021-02-17,Gladstone-Dhamra,11.731759483689457,SYNTHETIC DEMO DATA
2021-02-18,Gladstone-Dhamra,10.01479211835738,SYNTHETIC DEMO DATA
2021-02-19,Gladstone-Dhamra,12.199575291602965,SYNTHETIC DEMO DATA
2021-02-20,Gladstone-Dhamra,11.19756552148717,SYNTHETIC DEMO DATA
2021-02-21,Gladstone-Dhamra,12.198864712736833,SYNTHETIC DEMO DATA
2021-02-22,Gladstone-Dhamra,11.99338550596002,SYNTHETIC DEMO DATA
2021-02-23,Gladstone-Dhamra,11.274614438948174,SYNTHETIC DEMO DATA
2021-02-24,Gladstone-Dhamra,8.12371861429628,SYNTHETIC DEMO DATA
2021-02-25,Gladstone-Dhamra,10.415929719948757,SYNTHETIC DEMO DATA
2021-02-26,Gladstone-Dhamra,15.03984568292135,SYNTHETIC DEMO DATA
2021-02-27,Gladstone-Dhamra,15.109689198137207,SYNTHETIC DEMO DATA
2021-02-28,Gladstone-Dhamra,9.434018053172482,SYNTHETIC DEMO DATA
2021-03-01,Gladstone-Dhamra,13.290452001400404,SYNTHETIC DEMO DATA
2021-03-02,Gladstone-Dhamra,14.223623488271095,SYNTHETIC DEMO DATA
2021-03-03,Gladstone-Dhamra,8.964506786704852,SYNTHETIC DEMO DATA
2021-03-04,Gladstone-Dhamra,10.232831172144104,SYNTHETIC DEMO DATA
2021-03-05,Gladstone-Dhamra,12.383804835375024,SYNTHETIC DEMO DATA
2021-03-06,Gladstone-Dhamra,13.922800470208218,SYNTHETIC DEMO DATA
2021-03-07,Gladstone-Dhamra,11.10354256111636,SYNTHETIC DEMO DATA
2021-03-08,Gladstone-Dhamra,15.207394441191418,SYNTHETIC DEMO DATA
2021-03-09,Gladstone-Dhamra,11.151020739643098,SYNTHETIC DEMO DATA
2021-03-10,Gladstone-Dhamra,12.447478529280364,SYNTHETIC DEMO DATA
2021-03-11,Gladstone-Dhamra,10.973169751935863,SYNTHETIC DEMO DATA
2021-03-12,Gladstone-Dhamra,15.30221365941328,SYNTHETIC DEMO DATA
2021-03-13,Gladstone-Dhamra,10.573635542473443,SYNTHETIC DEMO DATA
2021-03-14,Gladstone-Dhamra,10.377573288755464,SYNTHETIC DEMO DATA
2021-03-15,Gladstone-Dhamra,15.014020858924068,SYNTHETIC DEMO DATA
2021-03-16,Gladstone-Dhamra,15.87423133398673,SYNTHETIC DEMO DATA
2021-03-17,Gladstone-Dhamra,14.195222029876751,SYNTHETIC DEMO DATA
2021-03-18,Gladstone-Dhamra,13.237705006067308,SYNTHETIC DEMO DATA
2021-03-19,Gladstone-Dhamra,16.19849319338666,SYNTHETIC DEMO DATA
2021-03-20,Gladstone-Dhamra,10.989101991738153,SYNTHETIC DEMO DATA
2021-03-21,Gladstone-Dhamra,11.811543733362845,SYNTHETIC DEMO DATA
2021-03-22,Gladstone-Dhamra,10.15991998573941,SYNTHETIC DEMO DATA
2021-03-23,Gladstone-Dhamra,10.162131680636712,SYNTHETIC DEMO DATA
2021-03-24,Gladstone-Dhamra,11.134814262232382,SYNTHETIC DEMO DATA
2021-03-25,Gladstone-Dhamra,8.667058074545473,SYNTHETIC DEMO DATA
2021-03-26,Gladstone-Dhamra,13.082960440788302,SYNTHETIC DEMO DATA
2021-03-27,Gladstone-Dhamra,12.576963774310054,SYNTHETIC DEMO DATA
2021-03-28,Gladstone-Dhamra,14.704223268861343,SYNTHETIC DEMO DATA
2021-03-29,Gladstone-Dhamra,8.84181068421494,SYNTHETIC DEMO DATA
2021-03-30,Gladstone-Dhamra,10.61093467564017,SYNTHETIC DEMO DATA
2021-03-31,Gladstone-Dhamra,10.045335766911922,SYNTHETIC DEMO DATA
2021-04-01,Gladstone-Dhamra,13.671577619686994,SYNTHETIC DEMO DATA
2021-04-02,Gladstone-Dhamra,10.061107546319512,SYNTHETIC DEMO DATA
2021-04-03,Gladstone-Dhamra,12.371045351045268,SYNTHETIC DEMO DATA
2021-04-04,Gladstone-Dhamra,9.799580525541206,SYNTHETIC DEMO DATA
2021-04-05,Gladstone-Dhamra,8.808284353901955,SYNTHETIC DEMO DATA
2021-04-06,Gladstone-Dhamra,10.074929230568307,SYNTHETIC DEMO DATA
2021-04-07,Gladstone-Dhamra,11.738548516512417,SYNTHETIC DEMO DATA
2021-04-08,Gladstone-Dhamra,12.894662124072669,SYNTHETIC DEMO DATA
2021-04-09,Gladstone-Dhamra,15.592354196466543,SYNTHETIC DEMO DATA
2021-04-10,Gladstone-Dhamra,11.608733414213216,SYNTHETIC DEMO DATA
2021-04-11,Gladstone-Dhamra,12.009190637209375,SYNTHETIC DEMO DATA
2021-04-12,Gladstone-Dhamra,10.45429815720505,SYNTHETIC DEMO DATA
2021-04-13,Gladstone-Dhamra,12.96897628560397,SYNTHETIC DEMO DATA
2021-04-14,Gladstone-Dhamra,12.015532085052502,SYNTHETIC DEMO DATA
2021-04-15,Gladstone-Dhamra,10.043194303064528,SYNTHETIC DEMO DATA
2021-04-16,Gladstone-Dhamra,10.086608344395783,SYNTHETIC DEMO DATA
2021-04-17,Gladstone-Dhamra,11.552873411820931,SYNTHETIC DEMO DATA
2021-04-18,Gladstone-Dhamra,12.970001602067043,SYNTHETIC DEMO DATA
2021-04-19,Gladstone-Dhamra,11.287765563035899,SYNTHETIC DEMO DATA
2021-04-20,Gladstone-Dhamra,16.523063790241117,SYNTHETIC DEMO DATA
2021-04-21,Gladstone-Dhamra,10.99498334282147,SYNTHETIC DEMO DATA
2021-04-22,Gladstone-Dhamra,13.705926150830273,SYNTHETIC DEMO DATA
2021-04-23,Gladstone-Dhamra,8.269137299193291,SYNTHETIC DEMO DATA
2021-04-24,Gladstone-Dhamra,10.642624503266193,SYNTHETIC DEMO DATA
2021-04-25,Gladstone-Dhamra,12.97090091693057,SYNTHETIC DEMO DATA
2021-04-26,Gladstone-Dhamra,12.36406814449884,SYNTHETIC DEMO DATA
2021-04-27,Gladstone-Dhamra,11.620139917819372,SYNTHETIC DEMO DATA
2021-04-28,Gladstone-Dhamra,11.08755585393298,SYNTHETIC DEMO DATA
2021-04-29,Gladstone-Dhamra,9.634297890129698,SYNTHETIC DEMO DATA
2021-04-30,Gladstone-Dhamra,11.576084239250296,SYNTHETIC DEMO DATA
2021-05-01,Gladstone-Dhamra,11.761956602883178,SYNTHETIC DEMO DATA
2021-05-02,Gladstone-Dhamra,13.191136923160908,SYNTHETIC DEMO DATA
2021-05-03,Gladstone-Dhamra,9.02689352046104,SYNTHETIC DEMO DATA
2021-05-04,Gladstone-Dhamra,13.305913060387448,SYNTHETIC DEMO DATA
2021-05-05,Gladstone-Dhamra,13.056912745326398,SYNTHETIC DEMO DATA
2021-05-06,Gladstone-Dhamra,8.904975178621406,SYNTHETIC DEMO DATA
2021-05-07,Gladstone-Dhamra,13.831613149611638,SYNTHETIC DEMO DATA
2021-05-08,Gladstone-Dhamra,14.529294303431161,SYNTHETIC DEMO DATA
2021-05-09,Gladstone-Dhamra,10.855200493531383,SYNTHETIC DEMO DATA
2021-05-10,Gladstone-Dhamra,10.279647489097073,SYNTHETIC DEMO DATA
2021-05-11,Gladstone-Dhamra,16.296389917332565,SYNTHETIC DEMO DATA
2021-05-12,Gladstone-Dhamra,13.106000946347311,SYNTHETIC DEMO DATA
2021-05-13,Gladstone-Dhamra,10.44244426220476,SYNTHETIC DEMO DATA
2021-05-14,Gladstone-Dhamra,11.7180895672798,SYNTHETIC DEMO DATA
2021-05-15,Gladstone-Dhamra,12.948429375219739,SYNTHETIC DEMO DATA
2021-05-16,Gladstone-Dhamra,10.70620619201506,SYNTHETIC DEMO DATA
2021-05-17,Gladstone-Dhamra,13.692711079394204,SYNTHETIC DEMO DATA
2021-05-18,Gladstone-Dhamra,9.745429258291477,SYNTHETIC DEMO DATA
2021-05-19,Gladstone-Dhamra,12.841643611509518,SYNTHETIC DEMO DATA
2021-05-20,Gladstone-Dhamra,11.533666154090373,SYNTHETIC DEMO DATA
2021-05-21,Gladstone-Dhamra,11.881268352034736,SYNTHETIC DEMO DATA
2021-05-22,Gladstone-Dhamra,12.471366676714446,SYNTHETIC DEMO DATA
2021-05-23,Gladstone-Dhamra,12.098581975724446,SYNTHETIC DEMO DATA
2021-05-24,Gladstone-Dhamra,11.556480583899706,SYNTHETIC DEMO DATA
2021-05-25,Gladstone-Dhamra,11.512396314206566,SYNTHETIC DEMO DATA
2021-05-26,Gladstone-Dhamra,10.690875244385554,SYNTHETIC DEMO DATA
2021-05-27,Gladstone-Dhamra,9.793916072530344,SYNTHETIC DEMO DATA
2021-05-28,Gladstone-Dhamra,10.659688846661282,SYNTHETIC DEMO DATA
2021-05-29,Gladstone-Dhamra,8.797998972952758,SYNTHETIC DEMO DATA
2021-05-30,Gladstone-Dhamra,9.846292021918543,SYNTHETIC DEMO DATA
2021-05-31,Gladstone-Dhamra,12.454213398629214,SYNTHETIC DEMO DATA
2021-06-01,Gladstone-Dhamra,11.209463560207903,SYNTHETIC DEMO DATA
2021-06-02,Gladstone-Dhamra,10.913113645010217,SYNTHETIC DEMO DATA
2021-06-03,Gladstone-Dhamra,8.416055360170146,SYNTHETIC DEMO DATA
2021-06-04,Gladstone-Dhamra,10.399408006513468,SYNTHETIC DEMO DATA
2021-06-05,Gladstone-Dhamra,12.157221466204735,SYNTHETIC DEMO DATA
2021-06-06,Gladstone-Dhamra,11.514319745824881,SYNTHETIC DEMO DATA
2021-06-07,Gladstone-Dhamra,16.274177024337806,SYNTHETIC DEMO DATA
2021-06-08,Gladstone-Dhamra,12.016127695947816,SYNTHETIC DEMO DATA
2021-06-09,Gladstone-Dhamra,12.642070506091802,SYNTHETIC DEMO DATA
2021-06-10,Gladstone-Dhamra,10.029771341192863,SYNTHETIC DEMO DATA
2021-06-11,Gladstone-Dhamra,12.474066148148829,SYNTHETIC DEMO DATA
2021-06-12,Gladstone-Dhamra,12.951135400400581,SYNTHETIC DEMO DATA
2021-06-13,Gladstone-Dhamra,13.44557840314815,SYNTHETIC DEMO DATA
2021-06-14,Gladstone-Dhamra,11.87917100113604,SYNTHETIC DEMO DATA
2021-06-15,Gladstone-Dhamra,14.592102247680046,SYNTHETIC DEMO DATA
2021-06-16,Gladstone-Dhamra,12.395462280906036,SYNTHETIC DEMO DATA
2021-06-17,Gladstone-Dhamra,14.144448376681002,SYNTHETIC DEMO DATA
2021-06-18,Gladstone-Dhamra,11.609721184575479,SYNTHETIC DEMO DATA
2021-06-19,Gladstone-Dhamra,11.722200048518179,SYNTHETIC DEMO DATA
2021-06-20,Gladstone-Dhamra,16.761484676239654,SYNTHETIC DEMO DATA
2021-06-21,Gladstone-Dhamra,13.78118056730639,SYNTHETIC DEMO DATA
2021-06-22,Gladstone-Dhamra,13.530882197098379,SYNTHETIC DEMO DATA
2021-06-23,Gladstone-Dhamra,10.399493078319768,SYNTHETIC DEMO DATA
2021-06-24,Gladstone-Dhamra,10.92917965987043,SYNTHETIC DEMO DATA
2021-06-25,Gladstone-Dhamra,12.776903317877316,SYNTHETIC DEMO DATA
2021-06-26,Gladstone-Dhamra,13.103417606430522,SYNTHETIC DEMO DATA
2021-06-27,Gladstone-Dhamra,12.54659152217973,SYNTHETIC DEMO DATA
2021-06-28,Gladstone-Dhamra,14.901365750984068,SYNTHETIC DEMO DATA
2021-06-29,Gladstone-Dhamra,10.504349526928197,SYNTHETIC DEMO DATA
2021-06-30,Gladstone-Dhamra,11.617539048498248,SYNTHETIC DEMO DATA
2021-07-01,Gladstone-Dhamra,12.104383038707143,SYNTHETIC DEMO DATA
2021-07-02,Gladstone-Dhamra,12.580154217944653,SYNTHETIC DEMO DATA
2021-07-03,Gladstone-Dhamra,11.397330727684118,SYNTHETIC DEMO DATA
2021-07-04,Gladstone-Dhamra,12.063845916896334,SYNTHETIC DEMO DATA
2021-07-05,Gladstone-Dhamra,12.995837002463762,SYNTHETIC DEMO DATA
2021-07-06,Gladstone-Dhamra,13.97952412450935,SYNTHETIC DEMO DATA
2021-07-07,Gladstone-Dhamra,12.391196883075835,SYNTHETIC DEMO DATA
2021-07-08,Gladstone-Dhamra,16.790480017176435,SYNTHETIC DEMO DATA
2021-07-09,Gladstone-Dhamra,11.299979759888028,SYNTHETIC DEMO DATA
2021-07-10,Gladstone-Dhamra,12.63137054699942,SYNTHETIC DEMO DATA
2021-07-11,Gladstone-Dhamra,12.588746517950103,SYNTHETIC DEMO DATA
2021-07-12,Gladstone-Dhamra,12.91784957999605,SYNTHETIC DEMO DATA
2021-07-13,Gladstone-Dhamra,13.86891920509161,SYNTHETIC DEMO DATA
2021-07-14,Gladstone-Dhamra,8.942908165583528,SYNTHETIC DEMO DATA
2021-07-15,Gladstone-Dhamra,15.640774068622772,SYNTHETIC DEMO DATA
2021-07-16,Gladstone-Dhamra,13.874504471380085,SYNTHETIC DEMO DATA
2021-07-17,Gladstone-Dhamra,9.62521340885329,SYNTHETIC DEMO DATA
2021-07-18,Gladstone-Dhamra,13.858737956562459,SYNTHETIC DEMO DATA
2021-07-19,Gladstone-Dhamra,15.867301793716702,SYNTHETIC DEMO DATA
2021-07-20,Gladstone-Dhamra,15.579916824285657,SYNTHETIC DEMO DATA
2021-07-21,Gladstone-Dhamra,9.833215325781676,SYNTHETIC DEMO DATA
2021-07-22,Gladstone-Dhamra,15.010044564157393,SYNTHETIC DEMO DATA
2021-07-23,Gladstone-Dhamra,16.694160954724428,SYNTHETIC DEMO DATA
2021-07-24,Gladstone-Dhamra,12.53117532597233,SYNTHETIC DEMO DATA
2021-07-25,Gladstone-Dhamra,14.12039801013021,SYNTHETIC DEMO DATA
2021-07-26,Gladstone-Dhamra,16.232285808975327,SYNTHETIC DEMO DATA
2021-07-27,Gladstone-Dhamra,14.59415694141377,SYNTHETIC DEMO DATA
2021-07-28,Gladstone-Dhamra,15.701265944895662,SYNTHETIC DEMO DATA
2021-07-29,Gladstone-Dhamra,11.514792328566324,SYNTHETIC DEMO DATA
2021-07-30,Gladstone-Dhamra,13.061963335828164,SYNTHETIC DEMO DATA
2021-07-31,Gladstone-Dhamra,14.162307122554523,SYNTHETIC DEMO DATA
2021-08-01,Gladstone-Dhamra,11.056455347323139,SYNTHETIC DEMO DATA
2021-08-02,Gladstone-Dhamra,9.856028145954614,SYNTHETIC DEMO DATA
2021-08-03,Gladstone-Dhamra,15.942313612555605,SYNTHETIC DEMO DATA
2021-08-04,Gladstone-Dhamra,15.748042509770912,SYNTHETIC DEMO DATA
2021-08-05,Gladstone-Dhamra,15.574614284637114,SYNTHETIC DEMO DATA
2021-08-06,Gladstone-Dhamra,16.208788885669488,SYNTHETIC DEMO DATA
2021-08-07,Gladstone-Dhamra,12.542360535184473,SYNTHETIC DEMO DATA
2021-08-08,Gladstone-Dhamra,14.974771903349392,SYNTHETIC DEMO DATA
2021-08-09,Gladstone-Dhamra,12.685488053399798,SYNTHETIC DEMO DATA
2021-08-10,Gladstone-Dhamra,12.25166748228256,SYNTHETIC DEMO DATA
2021-08-11,Gladstone-Dhamra,14.43954045741944,SYNTHETIC DEMO DATA
2021-08-12,Gladstone-Dhamra,14.02627157000531,SYNTHETIC DEMO DATA
2021-08-13,Gladstone-Dhamra,14.838782851526055,SYNTHETIC DEMO DATA
2021-08-14,Gladstone-Dhamra,11.78767511579283,SYNTHETIC DEMO DATA
2021-08-15,Gladstone-Dhamra,12.782730980588026,SYNTHETIC DEMO DATA
2021-08-16,Gladstone-Dhamra,13.934114837896548,SYNTHETIC DEMO DATA
2021-08-17,Gladstone-Dhamra,14.953172304856727,SYNTHETIC DEMO DATA
2021-08-18,Gladstone-Dhamra,11.702639985780218,SYNTHETIC DEMO DATA
2021-08-19,Gladstone-Dhamra,11.912495287882944,SYNTHETIC DEMO DATA
2021-08-20,Gladstone-Dhamra,12.927428863403657,SYNTHETIC DEMO DATA
2021-08-21,Gladstone-Dhamra,15.220060413946955,SYNTHETIC DEMO DATA
2021-08-22,Gladstone-Dhamra,14.472333922960264,SYNTHETIC DEMO DATA
2021-08-23,Gladstone-Dhamra,15.469244713688855,SYNTHETIC DEMO DATA
2021-08-24,Gladstone-Dhamra,13.57498291774874,SYNTHETIC DEMO DATA
2021-08-25,Gladstone-Dhamra,19.162301456140423,SYNTHETIC DEMO DATA
2021-08-26,Gladstone-Dhamra,16.56559145029039,SYNTHETIC DEMO DATA
2021-08-27,Gladstone-Dhamra,16.34212684140174,SYNTHETIC DEMO DATA
2021-08-28,Gladstone-Dhamra,11.5370420965901,SYNTHETIC DEMO DATA
2021-08-29,Gladstone-Dhamra,18.021944687471183,SYNTHETIC DEMO DATA
2021-08-30,Gladstone-Dhamra,13.58138855104416,SYNTHETIC DEMO DATA
2021-08-31,Gladstone-Dhamra,13.787959140843972,SYNTHETIC DEMO DATA
2021-09-01,Gladstone-Dhamra,15.864527111812055,SYNTHETIC DEMO DATA
2021-09-02,Gladstone-Dhamra,15.284477745966296,SYNTHETIC DEMO DATA
2021-09-03,Gladstone-Dhamra,13.71244053582359,SYNTHETIC DEMO DATA
2021-09-04,Gladstone-Dhamra,11.486396841520511,SYNTHETIC DEMO DATA
2021-09-05,Gladstone-Dhamra,14.599614977018124,SYNTHETIC DEMO DATA
2021-09-06,Gladstone-Dhamra,14.567929085891496,SYNTHETIC DEMO DATA
2021-09-07,Gladstone-Dhamra,13.294381492408071,SYNTHETIC DEMO DATA
2021-09-08,Gladstone-Dhamra,17.16213705300749,SYNTHETIC DEMO DATA
2021-09-09,Gladstone-Dhamra,12.689568941838294,SYNTHETIC DEMO DATA
2021-09-10,Gladstone-Dhamra,13.634861024526607,SYNTHETIC DEMO DATA
2021-09-11,Gladstone-Dhamra,13.357056552889869,SYNTHETIC DEMO DATA
2021-09-12,Gladstone-Dhamra,10.561525357420429,SYNTHETIC DEMO DATA
2021-09-13,Gladstone-Dhamra,14.482141287295365,SYNTHETIC DEMO DATA
2021-09-14,Gladstone-Dhamra,16.133978976811836,SYNTHETIC DEMO DATA
2021-09-15,Gladstone-Dhamra,14.682123417125997,SYNTHETIC DEMO DATA
2021-09-16,Gladstone-Dhamra,12.80018503667236,SYNTHETIC DEMO DATA
2021-09-17,Gladstone-Dhamra,17.238793640398374,SYNTHETIC DEMO DATA
2021-09-18,Gladstone-Dhamra,14.690534182228403,SYNTHETIC DEMO DATA
2021-09-19,Gladstone-Dhamra,15.845776607262748,SYNTHETIC DEMO DATA
2021-09-20,Gladstone-Dhamra,14.388348942155737,SYNTHETIC DEMO DATA
2021-09-21,Gladstone-Dhamra,19.438365169073126,SYNTHETIC DEMO DATA
2021-09-22,Gladstone-Dhamra,16.445772375876967,SYNTHETIC DEMO DATA
2021-09-23,Gladstone-Dhamra,15.23102337974355,SYNTHETIC DEMO DATA
2021-09-24,Gladstone-Dhamra,14.881624424003574,SYNTHETIC DEMO DATA
2021-09-25,Gladstone-Dhamra,15.190194082722616,SYNTHETIC DEMO DATA
2021-09-26,Gladstone-Dhamra,16.1799909070816,SYNTHETIC DEMO DATA
2021-09-27,Gladstone-Dhamra,13.505298804517084,SYNTHETIC DEMO DATA
2021-09-28,Gladstone-Dhamra,16.560630442552,SYNTHETIC DEMO DATA
2021-09-29,Gladstone-Dhamra,15.678345470005548,SYNTHETIC DEMO DATA
2021-09-30,Gladstone-Dhamra,15.807139141471726,SYNTHETIC DEMO DATA
2021-10-01,Gladstone-Dhamra,15.753130267996351,SYNTHETIC DEMO DATA
2021-10-02,Gladstone-Dhamra,14.517195898202955,SYNTHETIC DEMO DATA
2021-10-03,Gladstone-Dhamra,18.112008352158018,SYNTHETIC DEMO DATA
2021-10-04,Gladstone-Dhamra,16.19812912955475,SYNTHETIC DEMO DATA
2021-10-05,Gladstone-Dhamra,18.4759954246108,SYNTHETIC DEMO DATA
2021-10-06,Gladstone-Dhamra,18.349338366819644,SYNTHETIC DEMO DATA
2021-10-07,Gladstone-Dhamra,17.407144194915272,SYNTHETIC DEMO DATA
2021-10-08,Gladstone-Dhamra,15.157177207750806,SYNTHETIC DEMO DATA
2021-10-09,Gladstone-Dhamra,13.992258092667587,SYNTHETIC DEMO DATA
2021-10-10,Gladstone-Dhamra,18.41771706225398,SYNTHETIC DEMO DATA
2021-10-11,Gladstone-Dhamra,11.641266597679506,SYNTHETIC DEMO DATA
2021-10-12,Gladstone-Dhamra,13.91045989796155,SYNTHETIC DEMO DATA
2021-10-13,Gladstone-Dhamra,18.347774288601205,SYNTHETIC DEMO DATA
2021-10-14,Gladstone-Dhamra,12.509977988989814,SYNTHETIC DEMO DATA
2021-10-15,Gladstone-Dhamra,14.21546953495165,SYNTHETIC DEMO DATA
2021-10-16,Gladstone-Dhamra,13.531344214759597,SYNTHETIC DEMO DATA
2021-10-17,Gladstone-Dhamra,15.836198945821296,SYNTHETIC DEMO DATA
2021-10-18,Gladstone-Dhamra,17.87919292106461,SYNTHETIC DEMO DATA
2021-10-19,Gladstone-Dhamra,17.153325056623373,SYNTHETIC DEMO DATA
2021-10-20,Gladstone-Dhamra,19.095782857275815,SYNTHETIC DEMO DATA
2021-10-21,Gladstone-Dhamra,17.13915758264938,SYNTHETIC DEMO DATA
2021-10-22,Gladstone-Dhamra,16.09026415840334,SYNTHETIC DEMO DATA
2021-10-23,Gladstone-Dhamra,19.949751943958432,SYNTHETIC DEMO DATA
2021-10-24,Gladstone-Dhamra,17.222408734163114,SYNTHETIC DEMO DATA
2021-10-25,Gladstone-Dhamra,15.932818411129077,SYNTHETIC DEMO DATA
2021-10-26,Gladstone-Dhamra,13.597451163881656,SYNTHETIC DEMO DATA
2021-10-27,Gladstone-Dhamra,15.194517543804846,SYNTHETIC DEMO DATA
2021-10-28,Gladstone-Dhamra,10.998378331786103,SYNTHETIC DEMO DATA
2021-10-29,Gladstone-Dhamra,17.850096730212535,SYNTHETIC DEMO DATA
2021-10-30,Gladstone-Dhamra,16.87334145942812,SYNTHETIC DEMO DATA
2021-10-31,Gladstone-Dhamra,16.169158862201346,SYNTHETIC DEMO DATA
2021-11-01,Gladstone-Dhamra,15.58779309211822,SYNTHETIC DEMO DATA
2021-11-02,Gladstone-Dhamra,17.64920818204131,SYNTHETIC DEMO DATA
2021-11-03,Gladstone-Dhamra,14.444606416705835,SYNTHETIC DEMO DATA
2021-11-04,Gladstone-Dhamra,15.628381872337677,SYNTHETIC DEMO DATA
2021-11-05,Gladstone-Dhamra,13.889935499614673,SYNTHETIC DEMO DATA
2021-11-06,Gladstone-Dhamra,18.243593897971987,SYNTHETIC DEMO DATA
2021-11-07,Gladstone-Dhamra,15.559194524171716,SYNTHETIC DEMO DATA
2021-11-08,Gladstone-Dhamra,13.293346302872422,SYNTHETIC DEMO DATA
2021-11-09,Gladstone-Dhamra,17.21560262345485,SYNTHETIC DEMO DATA
2021-11-10,Gladstone-Dhamra,12.993527517603606,SYNTHETIC DEMO DATA
2021-11-11,Gladstone-Dhamra,15.314856430121711,SYNTHETIC DEMO DATA
2021-11-12,Gladstone-Dhamra,15.56868954231912,SYNTHETIC DEMO DATA
2021-11-13,Gladstone-Dhamra,16.496578885727224,SYNTHETIC DEMO DATA
2021-11-14,Gladstone-Dhamra,13.941110518900475,SYNTHETIC DEMO DATA
2021-11-15,Gladstone-Dhamra,16.778108965405778,SYNTHETIC DEMO DATA
2021-11-16,Gladstone-Dhamra,17.15644318723513,SYNTHETIC DEMO DATA
2021-11-17,Gladstone-Dhamra,18.197655616777052,SYNTHETIC DEMO DATA
2021-11-18,Gladstone-Dhamra,16.690984020082123,SYNTHETIC DEMO DATA
2021-11-19,Gladstone-Dhamra,19.144825106985994,SYNTHETIC DEMO DATA
2021-11-20,Gladstone-Dhamra,12.359187335796442,SYNTHETIC DEMO DATA
2021-11-21,Gladstone-Dhamra,18.254132876912394,SYNTHETIC DEMO DATA
2021-11-22,Gladstone-Dhamra,15.479738253526687,SYNTHETIC DEMO DATA
2021-11-23,Gladstone-Dhamra,17.800029660323407,SYNTHETIC DEMO DATA
2021-11-24,Gladstone-Dhamra,17.312030870026703,SYNTHETIC DEMO DATA
2021-11-25,Gladstone-Dhamra,14.776061940543643,SYNTHETIC DEMO DATA
2021-11-26,Gladstone-Dhamra,19.03432981388222,SYNTHETIC DEMO DATA
2021-11-27,Gladstone-Dhamra,17.40000869241407,SYNTHETIC DEMO DATA
2021-11-28,Gladstone-Dhamra,19.17548612466073,SYNTHETIC DEMO DATA
2021-11-29,Gladstone-Dhamra,14.026386425222608,SYNTHETIC DEMO DATA
2021-11-30,Gladstone-Dhamra,14.66207056978826,SYNTHETIC DEMO DATA
2021-12-01,Gladstone-Dhamra,17.956011028655574,SYNTHETIC DEMO DATA
2021-12-02,Gladstone-Dhamra,17.072821950223222,SYNTHETIC DEMO DATA
2021-12-03,Gladstone-Dhamra,13.572233919966862,SYNTHETIC DEMO DATA
2021-12-04,Gladstone-Dhamra,13.11767513751094,SYNTHETIC DEMO DATA
2021-12-05,Gladstone-Dhamra,14.762994041853503,SYNTHETIC DEMO DATA
2021-12-06,Gladstone-Dhamra,20.255517324209443,SYNTHETIC DEMO DATA
2021-12-07,Gladstone-Dhamra,18.820605816716643,SYNTHETIC DEMO DATA
2021-12-08,Gladstone-Dhamra,17.47490622404318,SYNTHETIC DEMO DATA
2021-12-09,Gladstone-Dhamra,18.526328656073417,SYNTHETIC DEMO DATA
2021-12-10,Gladstone-Dhamra,16.40997220369368,SYNTHETIC DEMO DATA
2021-12-11,Gladstone-Dhamra,17.014409518462372,SYNTHETIC DEMO DATA
2021-12-12,Gladstone-Dhamra,18.82869747345895,SYNTHETIC DEMO DATA
2021-12-13,Gladstone-Dhamra,18.587334756886168,SYNTHETIC DEMO DATA
2021-12-14,Gladstone-Dhamra,17.461768835897473,SYNTHETIC DEMO DATA
2021-12-15,Gladstone-Dhamra,17.005812239757333,SYNTHETIC DEMO DATA
2021-12-16,Gladstone-Dhamra,18.295166331422642,SYNTHETIC DEMO DATA
2021-12-17,Gladstone-Dhamra,17.175272956282896,SYNTHETIC DEMO DATA
2021-12-18,Gladstone-Dhamra,16.465477474890008,SYNTHETIC DEMO DATA
2021-12-19,Gladstone-Dhamra,18.2286071149982,SYNTHETIC DEMO DATA
2021-12-20,Gladstone-Dhamra,17.179830591890415,SYNTHETIC DEMO DATA
2021-12-21,Gladstone-Dhamra,16.33929086637664,SYNTHETIC DEMO DATA
2021-12-22,Gladstone-Dhamra,17.253613356133336,SYNTHETIC DEMO DATA
2021-12-23,Gladstone-Dhamra,17.390629499680394,SYNTHETIC DEMO DATA
2021-12-24,Gladstone-Dhamra,18.940696147635247,SYNTHETIC DEMO DATA
2021-12-25,Gladstone-Dhamra,18.970832389005295,SYNTHETIC DEMO DATA
2021-12-26,Gladstone-Dhamra,21.81805275948742,SYNTHETIC DEMO DATA
2021-12-27,Gladstone-Dhamra,14.913463957883435,SYNTHETIC DEMO DATA
2021-12-28,Gladstone-Dhamra,19.46015464150844,SYNTHETIC DEMO DATA
2021-12-29,Gladstone-Dhamra,17.239500346311228,SYNTHETIC DEMO DATA
2021-12-30,Gladstone-Dhamra,17.402176139518822,SYNTHETIC DEMO DATA
2021-12-31,Gladstone-Dhamra,19.225849908772737,SYNTHETIC DEMO DATA
2022-01-01,Gladstone-Dhamra,19.40236195389393,SYNTHETIC DEMO DATA
2022-01-02,Gladstone-Dhamra,20.41147258166526,SYNTHETIC DEMO DATA
2022-01-03,Gladstone-Dhamra,17.986606733251765,SYNTHETIC DEMO DATA
2022-01-04,Gladstone-Dhamra,20.224961527359216,SYNTHETIC DEMO DATA
2022-01-05,Gladstone-Dhamra,16.05839938573187,SYNTHETIC DEMO DATA
2022-01-06,Gladstone-Dhamra,20.686261076419086,SYNTHETIC DEMO DATA
2022-01-07,Gladstone-Dhamra,17.656643149464816,SYNTHETIC DEMO DATA
2022-01-08,Gladstone-Dhamra,20.11020040186301,SYNTHETIC DEMO DATA
2022-01-09,Gladstone-Dhamra,15.871478935306541,SYNTHETIC DEMO DATA
2022-01-10,Gladstone-Dhamra,15.59508007113351,SYNTHETIC DEMO DATA
2022-01-11,Gladstone-Dhamra,18.640108849968634,SYNTHETIC DEMO DATA
2022-01-12,Gladstone-Dhamra,16.75628024588967,SYNTHETIC DEMO DATA
2022-01-13,Gladstone-Dhamra,14.974766104152174,SYNTHETIC DEMO DATA
2022-01-14,Gladstone-Dhamra,15.534568513262084,SYNTHETIC DEMO DATA
2022-01-15,Gladstone-Dhamra,18.80465067735179,SYNTHETIC DEMO DATA
2022-01-16,Gladstone-Dhamra,16.994414106337693,SYNTHETIC DEMO DATA
2022-01-17,Gladstone-Dhamra,15.785271729581364,SYNTHETIC DEMO DATA
2022-01-18,Gladstone-Dhamra,16.995838577735142,SYNTHETIC DEMO DATA
2022-01-19,Gladstone-Dhamra,19.26189955323851,SYNTHETIC DEMO DATA
2022-01-20,Gladstone-Dhamra,19.726519703538287,SYNTHETIC DEMO DATA
2022-01-21,Gladstone-Dhamra,19.923398326379207,SYNTHETIC DEMO DATA
2022-01-22,Gladstone-Dhamra,18.855668625238707,SYNTHETIC DEMO DATA
2022-01-23,Gladstone-Dhamra,18.09521791390422,SYNTHETIC DEMO DATA
2022-01-24,Gladstone-Dhamra,18.730573571109137,SYNTHETIC DEMO DATA
2022-01-25,Gladstone-Dhamra,18.616616222625776,SYNTHETIC DEMO DATA
2022-01-26,Gladstone-Dhamra,20.678741872380012,SYNTHETIC DEMO DATA
2022-01-27,Gladstone-Dhamra,16.176029151192974,SYNTHETIC DEMO DATA
2022-01-28,Gladstone-Dhamra,13.894417524930398,SYNTHETIC DEMO DATA
2022-01-29,Gladstone-Dhamra,17.752908960110005,SYNTHETIC DEMO DATA
2022-01-30,Gladstone-Dhamra,12.22861035875645,SYNTHETIC DEMO DATA
2022-01-31,Gladstone-Dhamra,19.234010170311237,SYNTHETIC DEMO DATA
2022-02-01,Gladstone-Dhamra,18.248255372301685,SYNTHETIC DEMO DATA
2022-02-02,Gladstone-Dhamra,21.99195469442144,SYNTHETIC DEMO DATA
2022-02-03,Gladstone-Dhamra,20.738450219082125,SYNTHETIC DEMO DATA
2022-02-04,Gladstone-Dhamra,15.504181533183308,SYNTHETIC DEMO DATA
2022-02-05,Gladstone-Dhamra,15.887067742985405,SYNTHETIC DEMO DATA
2022-02-06,Gladstone-Dhamra,19.91459338574669,SYNTHETIC DEMO DATA
2022-02-07,Gladstone-Dhamra,15.710740874480905,SYNTHETIC DEMO DATA
2022-02-08,Gladstone-Dhamra,19.28982317531367,SYNTHETIC DEMO DATA
2022-02-09,Gladstone-Dhamra,22.933274764126633,SYNTHETIC DEMO DATA
2022-02-10,Gladstone-Dhamra,20.75112775392735,SYNTHETIC DEMO DATA
2022-02-11,Gladstone-Dhamra,14.541566722774343,SYNTHETIC DEMO DATA
2022-02-12,Gladstone-Dhamra,15.39869533595457,SYNTHETIC DEMO DATA
2022-02-13,Gladstone-Dhamra,16.39665316205916,SYNTHETIC DEMO DATA
2022-02-14,Gladstone-Dhamra,21.657522944447415,SYNTHETIC DEMO DATA
2022-02-15,Gladstone-Dhamra,23.601589084443344,SYNTHETIC DEMO DATA
2022-02-16,Gladstone-Dhamra,13.971347293707526,SYNTHETIC DEMO DATA
2022-02-17,Gladstone-Dhamra,16.612686975452757,SYNTHETIC DEMO DATA
2022-02-18,Gladstone-Dhamra,18.160189704000853,SYNTHETIC DEMO DATA
2022-02-19,Gladstone-Dhamra,19.97749334114903,SYNTHETIC DEMO DATA
2022-02-20,Gladstone-Dhamra,20.421762449821216,SYNTHETIC DEMO DATA
2022-02-21,Gladstone-Dhamra,15.488900786651028,SYNTHETIC DEMO DATA
2022-02-22,Gladstone-Dhamra,16.57220870453728,SYNTHETIC DEMO DATA
2022-02-23,Gladstone-Dhamra,15.40310685302898,SYNTHETIC DEMO DATA
2022-02-24,Gladstone-Dhamra,22.331454379593247,SYNTHETIC DEMO DATA
2022-02-25,Gladstone-Dhamra,16.715677349992443,SYNTHETIC DEMO DATA
2022-02-26,Gladstone-Dhamra,16.45431140697744,SYNTHETIC DEMO DATA
2022-02-27,Gladstone-Dhamra,16.364498361962053,SYNTHETIC DEMO DATA
2022-02-28,Gladstone-Dhamra,18.601922804526282,SYNTHETIC DEMO DATA
2022-03-01,Gladstone-Dhamra,19.664613058499253,SYNTHETIC DEMO DATA
2022-03-02,Gladstone-Dhamra,16.187053895330248,SYNTHETIC DEMO DATA
2022-03-03,Gladstone-Dhamra,17.231482957573053,SYNTHETIC DEMO DATA
2022-03-04,Gladstone-Dhamra,18.06250457697183,SYNTHETIC DEMO DATA
2022-03-05,Gladstone-Dhamra,18.348982188017505,SYNTHETIC DEMO DATA
2022-03-06,Gladstone-Dhamra,23.80433729406087,SYNTHETIC DEMO DATA
2022-03-07,Gladstone-Dhamra,17.679373208494972,SYNTHETIC DEMO DATA
2022-03-08,Gladstone-Dhamra,16.34037322062865,SYNTHETIC DEMO DATA
2022-03-09,Gladstone-Dhamra,18.133574610550326,SYNTHETIC DEMO DATA
2022-03-10,Gladstone-Dhamra,16.836067086897057,SYNTHETIC DEMO DATA
2022-03-11,Gladstone-Dhamra,17.19194806984624,SYNTHETIC DEMO DATA
2022-03-12,Gladstone-Dhamra,17.913437600706274,SYNTHETIC DEMO DATA
2022-03-13,Gladstone-Dhamra,19.4297447305216,SYNTHETIC DEMO DATA
2022-03-14,Gladstone-Dhamra,19.300361610296765,SYNTHETIC DEMO DATA
2022-03-15,Gladstone-Dhamra,18.64325481174969,SYNTHETIC DEMO DATA
2022-03-16,Gladstone-Dhamra,14.006081615925481,SYNTHETIC DEMO DATA
2022-03-17,Gladstone-Dhamra,18.8391166000399,SYNTHETIC DEMO DATA
2022-03-18,Gladstone-Dhamra,13.05175728349297,SYNTHETIC DEMO DATA
2022-03-19,Gladstone-Dhamra,18.290451224690926,SYNTHETIC DEMO DATA
2022-03-20,Gladstone-Dhamra,15.49492540663896,SYNTHETIC DEMO DATA
2022-03-21,Gladstone-Dhamra,16.87925909944632,SYNTHETIC DEMO DATA
2022-03-22,Gladstone-Dhamra,16.26163635816939,SYNTHETIC DEMO DATA
2022-03-23,Gladstone-Dhamra,17.1623515805231,SYNTHETIC DEMO DATA
2022-03-24,Gladstone-Dhamra,17.408046472121192,SYNTHETIC DEMO DATA
2022-03-25,Gladstone-Dhamra,21.872437399729733,SYNTHETIC DEMO DATA
2022-03-26,Gladstone-Dhamra,19.569030385993678,SYNTHETIC DEMO DATA
2022-03-27,Gladstone-Dhamra,15.406587812802814,SYNTHETIC DEMO DATA
2022-03-28,Gladstone-Dhamra,17.959818009944527,SYNTHETIC DEMO DATA
2022-03-29,Gladstone-Dhamra,17.290808786498992,SYNTHETIC DEMO DATA
2022-03-30,Gladstone-Dhamra,19.357930050524974,SYNTHETIC DEMO DATA
2022-03-31,Gladstone-Dhamra,18.4761383294032,SYNTHETIC DEMO DATA
2022-04-01,Gladstone-Dhamra,18.789966404479227,SYNTHETIC DEMO DATA
2022-04-02,Gladstone-Dhamra,18.864035659736615,SYNTHETIC DEMO DATA
2022-04-03,Gladstone-Dhamra,16.76249887366343,SYNTHETIC DEMO DATA
2022-04-04,Gladstone-Dhamra,15.977986773885608,SYNTHETIC DEMO DATA
2022-04-05,Gladstone-Dhamra,17.759786318773198,SYNTHETIC DEMO DATA
2022-04-06,Gladstone-Dhamra,11.731135990585212,SYNTHETIC DEMO DATA
2022-04-07,Gladstone-Dhamra,13.4583493307208,SYNTHETIC DEMO DATA
2022-04-08,Gladstone-Dhamra,16.01401635726301,SYNTHETIC DEMO DATA
2022-04-09,Gladstone-Dhamra,14.175298297948382,SYNTHETIC DEMO DATA
2022-04-10,Gladstone-Dhamra,17.422439191076204,SYNTHETIC DEMO DATA
2022-04-11,Gladstone-Dhamra,14.673945150768622,SYNTHETIC DEMO DATA
2022-04-12,Gladstone-Dhamra,21.059921590645516,SYNTHETIC DEMO DATA
2022-04-13,Gladstone-Dhamra,13.884605122488932,SYNTHETIC DEMO DATA
2022-04-14,Gladstone-Dhamra,15.604319403132362,SYNTHETIC DEMO DATA
2022-04-15,Gladstone-Dhamra,17.911506989185558,SYNTHETIC DEMO DATA
2022-04-16,Gladstone-Dhamra,18.111935142770044,SYNTHETIC DEMO DATA
2022-04-17,Gladstone-Dhamra,20.123590595599566,SYNTHETIC DEMO DATA
2022-04-18,Gladstone-Dhamra,14.963168996318437,SYNTHETIC DEMO DATA
2022-04-19,Gladstone-Dhamra,15.786030342615271,SYNTHETIC DEMO DATA
2022-04-20,Gladstone-Dhamra,16.499259166825084,SYNTHETIC DEMO DATA
2022-04-21,Gladstone-Dhamra,21.040826088177788,SYNTHETIC DEMO DATA
2022-04-22,Gladstone-Dhamra,16.942024279427784,SYNTHETIC DEMO DATA
2022-04-23,Gladstone-Dhamra,16.122171407850594,SYNTHETIC DEMO DATA
2022-04-24,Gladstone-Dhamra,19.107432833513805,SYNTHETIC DEMO DATA
2022-04-25,Gladstone-Dhamra,16.12982554866762,SYNTHETIC DEMO DATA
2022-04-26,Gladstone-Dhamra,15.862831667681087,SYNTHETIC DEMO DATA
2022-04-27,Gladstone-Dhamra,15.527096316272852,SYNTHETIC DEMO DATA
2022-04-28,Gladstone-Dhamra,15.540023792663309,SYNTHETIC DEMO DATA
2022-04-29,Gladstone-Dhamra,15.720759912396906,SYNTHETIC DEMO DATA
2022-04-30,Gladstone-Dhamra,19.252555252581157,SYNTHETIC DEMO DATA
2022-05-01,Gladstone-Dhamra,15.724918249206322,SYNTHETIC DEMO DATA
2022-05-02,Gladstone-Dhamra,15.757423930244569,SYNTHETIC DEMO DATA
2022-05-03,Gladstone-Dhamra,14.520386917674614,SYNTHETIC DEMO DATA
2022-05-04,Gladstone-Dhamra,14.03463767941772,SYNTHETIC DEMO DATA
2022-05-05,Gladstone-Dhamra,17.126260924955304,SYNTHETIC DEMO DATA
2022-05-06,Gladstone-Dhamra,18.486653926048458,SYNTHETIC DEMO DATA
2022-05-07,Gladstone-Dhamra,18.22301171181048,SYNTHETIC DEMO DATA
2022-05-08,Gladstone-Dhamra,17.46948328737872,SYNTHETIC DEMO DATA
2022-05-09,Gladstone-Dhamra,18.696809416308426,SYNTHETIC DEMO DATA
2022-05-10,Gladstone-Dhamra,18.756972942983733,SYNTHETIC DEMO DATA
2022-05-11,Gladstone-Dhamra,14.367133951692422,SYNTHETIC DEMO DATA
2022-05-12,Gladstone-Dhamra,17.140579186189566,SYNTHETIC DEMO DATA
2022-05-13,Gladstone-Dhamra,17.39413864091371,SYNTHETIC DEMO DATA
2022-05-14,Gladstone-Dhamra,14.28156774113106,SYNTHETIC DEMO DATA
2022-05-15,Gladstone-Dhamra,14.409237263981153,SYNTHETIC DEMO DATA
2022-05-16,Gladstone-Dhamra,17.267278531594446,SYNTHETIC DEMO DATA
2022-05-17,Gladstone-Dhamra,17.471966612386137,SYNTHETIC DEMO DATA
2022-05-18,Gladstone-Dhamra,18.53459458651009,SYNTHETIC DEMO DATA
2022-05-19,Gladstone-Dhamra,17.06789390300117,SYNTHETIC DEMO DATA
2022-05-20,Gladstone-Dhamra,19.66518371309421,SYNTHETIC DEMO DATA
2022-05-21,Gladstone-Dhamra,15.47615054433244,SYNTHETIC DEMO DATA
2022-05-22,Gladstone-Dhamra,18.552341880130232,SYNTHETIC DEMO DATA
2022-05-23,Gladstone-Dhamra,12.841739914393266,SYNTHETIC DEMO DATA
2022-05-24,Gladstone-Dhamra,13.21790829216408,SYNTHETIC DEMO DATA
2022-05-25,Gladstone-Dhamra,17.12565547107499,SYNTHETIC DEMO DATA
2022-05-26,Gladstone-Dhamra,15.297193297055511,SYNTHETIC DEMO DATA
2022-05-27,Gladstone-Dhamra,13.86161424053152,SYNTHETIC DEMO DATA
2022-05-28,Gladstone-Dhamra,14.412185851881555,SYNTHETIC DEMO DATA
2022-05-29,Gladstone-Dhamra,14.94778735478203,SYNTHETIC DEMO DATA
2022-05-30,Gladstone-Dhamra,17.403187052813593,SYNTHETIC DEMO DATA
2022-05-31,Gladstone-Dhamra,18.324770241869405,SYNTHETIC DEMO DATA
2022-06-01,Gladstone-Dhamra,20.772254590218473,SYNTHETIC DEMO DATA
2022-06-02,Gladstone-Dhamra,16.801908041920697,SYNTHETIC DEMO DATA
2022-06-03,Gladstone-Dhamra,16.441633764966102,SYNTHETIC DEMO DATA
2022-06-04,Gladstone-Dhamra,16.322323251953648,SYNTHETIC DEMO DATA
2022-06-05,Gladstone-Dhamra,19.082103506456026,SYNTHETIC DEMO DATA
2022-06-06,Gladstone-Dhamra,18.787621554958942,SYNTHETIC DEMO DATA
2022-06-07,Gladstone-Dhamra,14.172650394559273,SYNTHETIC DEMO DATA
2022-06-08,Gladstone-Dhamra,15.183979795711311,SYNTHETIC DEMO DATA
2022-06-09,Gladstone-Dhamra,16.26647536523489,SYNTHETIC DEMO DATA
2022-06-10,Gladstone-Dhamra,17.200551103683196,SYNTHETIC DEMO DATA
2022-06-11,Gladstone-Dhamra,19.321746044635482,SYNTHETIC DEMO DATA
2022-06-12,Gladstone-Dhamra,17.00980098320566,SYNTHETIC DEMO DATA
2022-06-13,Gladstone-Dhamra,13.617805454860008,SYNTHETIC DEMO DATA
2022-06-14,Gladstone-Dhamra,18.58364969897693,SYNTHETIC DEMO DATA
2022-06-15,Gladstone-Dhamra,17.649426580195758,SYNTHETIC DEMO DATA
2022-06-16,Gladstone-Dhamra,14.36898280235842,SYNTHETIC DEMO DATA
2022-06-17,Gladstone-Dhamra,18.44446358394533,SYNTHETIC DEMO DATA
2022-06-18,Gladstone-Dhamra,16.14440570754728,SYNTHETIC DEMO DATA
2022-06-19,Gladstone-Dhamra,14.052631938931158,SYNTHETIC DEMO DATA
2022-06-20,Gladstone-Dhamra,16.94359112282652,SYNTHETIC DEMO DATA
2022-06-21,Gladstone-Dhamra,15.837295807293177,SYNTHETIC DEMO DATA
2022-06-22,Gladstone-Dhamra,15.361112561368866,SYNTHETIC DEMO DATA
2022-06-23,Gladstone-Dhamra,13.738029106800372,SYNTHETIC DEMO DATA
2022-06-24,Gladstone-Dhamra,16.02894975877848,SYNTHETIC DEMO DATA
2022-06-25,Gladstone-Dhamra,18.365753427142604,SYNTHETIC DEMO DATA
2022-06-26,Gladstone-Dhamra,16.085877563946614,SYNTHETIC DEMO DATA
2022-06-27,Gladstone-Dhamra,15.783181602317192,SYNTHETIC DEMO DATA
2022-06-28,Gladstone-Dhamra,16.62573021958584,SYNTHETIC DEMO DATA
2022-06-29,Gladstone-Dhamra,17.07985371555707,SYNTHETIC DEMO DATA
2022-06-30,Gladstone-Dhamra,15.375362384040535,SYNTHETIC DEMO DATA
2022-07-01,Gladstone-Dhamra,18.298669564671144,SYNTHETIC DEMO DATA
2022-07-02,Gladstone-Dhamra,16.09037509096495,SYNTHETIC DEMO DATA
2022-07-03,Gladstone-Dhamra,14.394305812217333,SYNTHETIC DEMO DATA
2022-07-04,Gladstone-Dhamra,15.427259463700064,SYNTHETIC DEMO DATA
2022-07-05,Gladstone-Dhamra,17.940581670054538,SYNTHETIC DEMO DATA
2022-07-06,Gladstone-Dhamra,17.217213134591287,SYNTHETIC DEMO DATA
2022-07-07,Gladstone-Dhamra,14.516752827596912,SYNTHETIC DEMO DATA
2022-07-08,Gladstone-Dhamra,14.489793218077121,SYNTHETIC DEMO DATA
2022-07-09,Gladstone-Dhamra,16.609827207147745,SYNTHETIC DEMO DATA
2022-07-10,Gladstone-Dhamra,18.179520033553555,SYNTHETIC DEMO DATA
2022-07-11,Gladstone-Dhamra,16.054193571343514,SYNTHETIC DEMO DATA
2022-07-12,Gladstone-Dhamra,17.614426748010676,SYNTHETIC DEMO DATA
2022-07-13,Gladstone-Dhamra,15.700976730347232,SYNTHETIC DEMO DATA
2022-07-14,Gladstone-Dhamra,14.98027610469826,SYNTHETIC DEMO DATA
2022-07-15,Gladstone-Dhamra,17.114029577568573,SYNTHETIC DEMO DATA
2022-07-16,Gladstone-Dhamra,11.731718479544702,SYNTHETIC DEMO DATA
2022-07-17,Gladstone-Dhamra,14.81941030042987,SYNTHETIC DEMO DATA
2022-07-18,Gladstone-Dhamra,18.40021103019051,SYNTHETIC DEMO DATA
2022-07-19,Gladstone-Dhamra,16.361288566148787,SYNTHETIC DEMO DATA
2022-07-20,Gladstone-Dhamra,17.873667480704825,SYNTHETIC DEMO DATA
2022-07-21,Gladstone-Dhamra,14.212823822675324,SYNTHETIC DEMO DATA
2022-07-22,Gladstone-Dhamra,15.090154309079143,SYNTHETIC DEMO DATA
2022-07-23,Gladstone-Dhamra,14.983564195263602,SYNTHETIC DEMO DATA
2022-07-24,Gladstone-Dhamra,14.383001720086241,SYNTHETIC DEMO DATA
2022-07-25,Gladstone-Dhamra,14.48507116852777,SYNTHETIC DEMO DATA
2022-07-26,Gladstone-Dhamra,14.151661396634431,SYNTHETIC DEMO DATA
2022-07-27,Gladstone-Dhamra,15.127660718735717,SYNTHETIC DEMO DATA
2022-07-28,Gladstone-Dhamra,15.1944588969397,SYNTHETIC DEMO DATA
2022-07-29,Gladstone-Dhamra,14.716680528091239,SYNTHETIC DEMO DATA
2022-07-30,Gladstone-Dhamra,15.773228276661335,SYNTHETIC DEMO DATA
2022-07-31,Gladstone-Dhamra,16.647233102371985,SYNTHETIC DEMO DATA
2022-08-01,Gladstone-Dhamra,15.366579771813262,SYNTHETIC DEMO DATA
2022-08-02,Gladstone-Dhamra,13.266220860992139,SYNTHETIC DEMO DATA
2022-08-03,Gladstone-Dhamra,15.000968441211155,SYNTHETIC DEMO DATA
2022-08-04,Gladstone-Dhamra,13.052332021637682,SYNTHETIC DEMO DATA
2022-08-05,Gladstone-Dhamra,14.224892426649417,SYNTHETIC DEMO DATA
2022-08-06,Gladstone-Dhamra,13.273582843320916,SYNTHETIC DEMO DATA
2022-08-07,Gladstone-Dhamra,14.757459435811798,SYNTHETIC DEMO DATA
2022-08-08,Gladstone-Dhamra,16.64599387656872,SYNTHETIC DEMO DATA
2022-08-09,Gladstone-Dhamra,15.242497570375885,SYNTHETIC DEMO DATA
2022-08-10,Gladstone-Dhamra,13.606338863531468,SYNTHETIC DEMO DATA
2022-08-11,Gladstone-Dhamra,16.661311191489727,SYNTHETIC DEMO DATA
2022-08-12,Gladstone-Dhamra,16.177399609670577,SYNTHETIC DEMO DATA
2022-08-13,Gladstone-Dhamra,13.474752075065647,SYNTHETIC DEMO DATA
2022-08-14,Gladstone-Dhamra,9.03428433310418,SYNTHETIC DEMO DATA
2022-08-15,Gladstone-Dhamra,13.434126690393436,SYNTHETIC DEMO DATA
2022-08-16,Gladstone-Dhamra,14.822531095669355,SYNTHETIC DEMO DATA
2022-08-17,Gladstone-Dhamra,12.558306274439156,SYNTHETIC DEMO DATA
2022-08-18,Gladstone-Dhamra,17.349541471077043,SYNTHETIC DEMO DATA
2022-08-19,Gladstone-Dhamra,11.50145491213445,SYNTHETIC DEMO DATA
2022-08-20,Gladstone-Dhamra,11.939605183936173,SYNTHETIC DEMO DATA
2022-08-21,Gladstone-Dhamra,17.121208344881627,SYNTHETIC DEMO DATA
2022-08-22,Gladstone-Dhamra,13.623393181720543,SYNTHETIC DEMO DATA
2022-08-23,Gladstone-Dhamra,13.514931672544165,SYNTHETIC DEMO DATA
2022-08-24,Gladstone-Dhamra,10.926461221454588,SYNTHETIC DEMO DATA
2022-08-25,Gladstone-Dhamra,17.59051644677905,SYNTHETIC DEMO DATA
2022-08-26,Gladstone-Dhamra,16.39397934037686,SYNTHETIC DEMO DATA
2022-08-27,Gladstone-Dhamra,14.783878870209987,SYNTHETIC DEMO DATA
2022-08-28,Gladstone-Dhamra,14.237919859918835,SYNTHETIC DEMO DATA
2022-08-29,Gladstone-Dhamra,16.727321925891705,SYNTHETIC DEMO DATA
2022-08-30,Gladstone-Dhamra,14.464231540990292,SYNTHETIC DEMO DATA
2022-08-31,Gladstone-Dhamra,12.201821839843271,SYNTHETIC DEMO DATA
2022-09-01,Gladstone-Dhamra,14.04124541451485,SYNTHETIC DEMO DATA
2022-09-02,Gladstone-Dhamra,14.206131587242046,SYNTHETIC DEMO DATA
2022-09-03,Gladstone-Dhamra,15.551804298948802,SYNTHETIC DEMO DATA
2022-09-04,Gladstone-Dhamra,13.604066446361113,SYNTHETIC DEMO DATA
2022-09-05,Gladstone-Dhamra,16.840399029269534,SYNTHETIC DEMO DATA
2022-09-06,Gladstone-Dhamra,15.08019981777449,SYNTHETIC DEMO DATA
2022-09-07,Gladstone-Dhamra,13.523353121785506,SYNTHETIC DEMO DATA
2022-09-08,Gladstone-Dhamra,16.79900715005133,SYNTHETIC DEMO DATA
2022-09-09,Gladstone-Dhamra,11.691936680613118,SYNTHETIC DEMO DATA
2022-09-10,Gladstone-Dhamra,10.26166716386555,SYNTHETIC DEMO DATA
2022-09-11,Gladstone-Dhamra,12.970658127513955,SYNTHETIC DEMO DATA
2022-09-12,Gladstone-Dhamra,11.957203123504081,SYNTHETIC DEMO DATA
2022-09-13,Gladstone-Dhamra,13.065709975419075,SYNTHETIC DEMO DATA
2022-09-14,Gladstone-Dhamra,18.814159909654283,SYNTHETIC DEMO DATA
2022-09-15,Gladstone-Dhamra,13.75880798530867,SYNTHETIC DEMO DATA
2022-09-16,Gladstone-Dhamra,14.169979579934942,SYNTHETIC DEMO DATA
2022-09-17,Gladstone-Dhamra,13.574481882152703,SYNTHETIC DEMO DATA
2022-09-18,Gladstone-Dhamra,12.948268200838326,SYNTHETIC DEMO DATA
2022-09-19,Gladstone-Dhamra,15.081593958909819,SYNTHETIC DEMO DATA
2022-09-20,Gladstone-Dhamra,9.79798995363256,SYNTHETIC DEMO DATA
2022-09-21,Gladstone-Dhamra,11.291758321995992,SYNTHETIC DEMO DATA
2022-09-22,Gladstone-Dhamra,11.531875005909795,SYNTHETIC DEMO DATA
2022-09-23,Gladstone-Dhamra,11.530166363610162,SYNTHETIC DEMO DATA
2022-09-24,Gladstone-Dhamra,12.58707904851444,SYNTHETIC DEMO DATA
2022-09-25,Gladstone-Dhamra,13.250853972629232,SYNTHETIC DEMO DATA
2022-09-26,Gladstone-Dhamra,11.231159130011687,SYNTHETIC DEMO DATA
2022-09-27,Gladstone-Dhamra,14.670050817613491,SYNTHETIC DEMO DATA
2022-09-28,Gladstone-Dhamra,12.680815266580115,SYNTHETIC DEMO DATA
2022-09-29,Gladstone-Dhamra,13.208314327831612,SYNTHETIC DEMO DATA
2022-09-30,Gladstone-Dhamra,14.702814780593144,SYNTHETIC DEMO DATA
2022-10-01,Gladstone-Dhamra,9.292503552895923,SYNTHETIC DEMO DATA
2022-10-02,Gladstone-Dhamra,16.932200587743605,SYNTHETIC DEMO DATA
2022-10-03,Gladstone-Dhamra,10.930522116548776,SYNTHETIC DEMO DATA
2022-10-04,Gladstone-Dhamra,16.204930079124676,SYNTHETIC DEMO DATA
2022-10-05,Gladstone-Dhamra,12.729357955482232,SYNTHETIC DEMO DATA
2022-10-06,Gladstone-Dhamra,14.064070922790505,SYNTHETIC DEMO DATA
2022-10-07,Gladstone-Dhamra,16.53038683706862,SYNTHETIC DEMO DATA
2022-10-08,Gladstone-Dhamra,10.85295877939357,SYNTHETIC DEMO DATA
2022-10-09,Gladstone-Dhamra,15.05966246747066,SYNTHETIC DEMO DATA
2022-10-10,Gladstone-Dhamra,12.349966139208963,SYNTHETIC DEMO DATA
2022-10-11,Gladstone-Dhamra,11.621934018288739,SYNTHETIC DEMO DATA
2022-10-12,Gladstone-Dhamra,13.44531896681759,SYNTHETIC DEMO DATA
2022-10-13,Gladstone-Dhamra,13.051412552851405,SYNTHETIC DEMO DATA
2022-10-14,Gladstone-Dhamra,14.777914860605165,SYNTHETIC DEMO DATA
2022-10-15,Gladstone-Dhamra,11.23872072543107,SYNTHETIC DEMO DATA
2022-10-16,Gladstone-Dhamra,12.010291875226969,SYNTHETIC DEMO DATA
2022-10-17,Gladstone-Dhamra,12.407256868214894,SYNTHETIC DEMO DATA
2022-10-18,Gladstone-Dhamra,12.340088445381475,SYNTHETIC DEMO DATA
2022-10-19,Gladstone-Dhamra,11.66722217346144,SYNTHETIC DEMO DATA
2022-10-20,Gladstone-Dhamra,14.218848912992803,SYNTHETIC DEMO DATA
2022-10-21,Gladstone-Dhamra,15.533863429157307,SYNTHETIC DEMO DATA
2022-10-22,Gladstone-Dhamra,13.77843115604928,SYNTHETIC DEMO DATA
2022-10-23,Gladstone-Dhamra,15.17223434376367,SYNTHETIC DEMO DATA
2022-10-24,Gladstone-Dhamra,15.45451229534304,SYNTHETIC DEMO DATA
2022-10-25,Gladstone-Dhamra,15.96986893722531,SYNTHETIC DEMO DATA
2022-10-26,Gladstone-Dhamra,14.477847685082732,SYNTHETIC DEMO DATA
2022-10-27,Gladstone-Dhamra,17.43899937555303,SYNTHETIC DEMO DATA
2022-10-28,Gladstone-Dhamra,11.986568547583929,SYNTHETIC DEMO DATA
2022-10-29,Gladstone-Dhamra,11.968157963714845,SYNTHETIC DEMO DATA
2022-10-30,Gladstone-Dhamra,13.738935377075558,SYNTHETIC DEMO DATA
2022-10-31,Gladstone-Dhamra,11.609788181968014,SYNTHETIC DEMO DATA
2022-11-01,Gladstone-Dhamra,13.277654954530432,SYNTHETIC DEMO DATA
2022-11-02,Gladstone-Dhamra,13.218370082850988,SYNTHETIC DEMO DATA
2022-11-03,Gladstone-Dhamra,14.068643262541077,SYNTHETIC DEMO DATA
2022-11-04,Gladstone-Dhamra,10.80581804266689,SYNTHETIC DEMO DATA
2022-11-05,Gladstone-Dhamra,13.846162793764403,SYNTHETIC DEMO DATA
2022-11-06,Gladstone-Dhamra,13.000516400233453,SYNTHETIC DEMO DATA
2022-11-07,Gladstone-Dhamra,11.57349812394848,SYNTHETIC DEMO DATA
2022-11-08,Gladstone-Dhamra,13.334358323469104,SYNTHETIC DEMO DATA
2022-11-09,Gladstone-Dhamra,15.93224951473354,SYNTHETIC DEMO DATA
2022-11-10,Gladstone-Dhamra,10.859154430142492,SYNTHETIC DEMO DATA
2022-11-11,Gladstone-Dhamra,9.758111365337175,SYNTHETIC DEMO DATA
2022-11-12,Gladstone-Dhamra,10.480779487650716,SYNTHETIC DEMO DATA
2022-11-13,Gladstone-Dhamra,7.755716584491095,SYNTHETIC DEMO DATA
2022-11-14,Gladstone-Dhamra,13.276402285278968,SYNTHETIC DEMO DATA
2022-11-15,Gladstone-Dhamra,12.638176866362336,SYNTHETIC DEMO DATA
2022-11-16,Gladstone-Dhamra,13.182460497438509,SYNTHETIC DEMO DATA
2022-11-17,Gladstone-Dhamra,13.926965925772814,SYNTHETIC DEMO DATA
2022-11-18,Gladstone-Dhamra,10.661303228777374,SYNTHETIC DEMO DATA
2022-11-19,Gladstone-Dhamra,11.134961082134577,SYNTHETIC DEMO DATA
2022-11-20,Gladstone-Dhamra,8.543245329408414,SYNTHETIC DEMO DATA
2022-11-21,Gladstone-Dhamra,11.511534294206914,SYNTHETIC DEMO DATA
2022-11-22,Gladstone-Dhamra,15.0275694754855,SYNTHETIC DEMO DATA
2022-11-23,Gladstone-Dhamra,13.022057732749573,SYNTHETIC DEMO DATA
2022-11-24,Gladstone-Dhamra,9.760230127779089,SYNTHETIC DEMO DATA
2022-11-25,Gladstone-Dhamra,9.615805062519822,SYNTHETIC DEMO DATA
2022-11-26,Gladstone-Dhamra,14.203107824859638,SYNTHETIC DEMO DATA
2022-11-27,Gladstone-Dhamra,10.272900366946148,SYNTHETIC DEMO DATA
2022-11-28,Gladstone-Dhamra,14.207110441421063,SYNTHETIC DEMO DATA
2022-11-29,Gladstone-Dhamra,11.38660362981888,SYNTHETIC DEMO DATA
2022-11-30,Gladstone-Dhamra,12.754408042544453,SYNTHETIC DEMO DATA
2022-12-01,Gladstone-Dhamra,13.353544427611553,SYNTHETIC DEMO DATA
2022-12-02,Gladstone-Dhamra,11.483355536788801,SYNTHETIC DEMO DATA
2022-12-03,Gladstone-Dhamra,15.52382027033231,SYNTHETIC DEMO DATA
2022-12-04,Gladstone-Dhamra,13.528525086436517,SYNTHETIC DEMO DATA
2022-12-05,Gladstone-Dhamra,14.136011564567994,SYNTHETIC DEMO DATA
2022-12-06,Gladstone-Dhamra,11.486606603122354,SYNTHETIC DEMO DATA
2022-12-07,Gladstone-Dhamra,15.06627406575407,SYNTHETIC DEMO DATA
2022-12-08,Gladstone-Dhamra,12.820866884089726,SYNTHETIC DEMO DATA
2022-12-09,Gladstone-Dhamra,6.361614541094784,SYNTHETIC DEMO DATA
2022-12-10,Gladstone-Dhamra,12.005898483845218,SYNTHETIC DEMO DATA
2022-12-11,Gladstone-Dhamra,13.94697395301144,SYNTHETIC DEMO DATA
2022-12-12,Gladstone-Dhamra,12.61615989144721,SYNTHETIC DEMO DATA
2022-12-13,Gladstone-Dhamra,13.315512057126254,SYNTHETIC DEMO DATA
2022-12-14,Gladstone-Dhamra,9.948564101549753,SYNTHETIC DEMO DATA
2022-12-15,Gladstone-Dhamra,13.441062280476386,SYNTHETIC DEMO DATA
2022-12-16,Gladstone-Dhamra,12.266083880004377,SYNTHETIC DEMO DATA
2022-12-17,Gladstone-Dhamra,8.933191528252348,SYNTHETIC DEMO DATA
2022-12-18,Gladstone-Dhamra,12.14772802687958,SYNTHETIC DEMO DATA
2022-12-19,Gladstone-Dhamra,13.162261809179018,SYNTHETIC DEMO DATA
2022-12-20,Gladstone-Dhamra,10.154300457191582,SYNTHETIC DEMO DATA
2022-12-21,Gladstone-Dhamra,13.671192404482465,SYNTHETIC DEMO DATA
2022-12-22,Gladstone-Dhamra,13.548322161371374,SYNTHETIC DEMO DATA
2022-12-23,Gladstone-Dhamra,10.97176754313657,SYNTHETIC DEMO DATA
2022-12-24,Gladstone-Dhamra,11.000049195188051,SYNTHETIC DEMO DATA
2022-12-25,Gladstone-Dhamra,10.553726185227408,SYNTHETIC DEMO DATA
2022-12-26,Gladstone-Dhamra,13.612515947848209,SYNTHETIC DEMO DATA
2022-12-27,Gladstone-Dhamra,11.572065642990626,SYNTHETIC DEMO DATA
2022-12-28,Gladstone-Dhamra,14.603234246403188,SYNTHETIC DEMO DATA
2022-12-29,Gladstone-Dhamra,11.800456132778097,SYNTHETIC DEMO DATA
2022-12-30,Gladstone-Dhamra,9.173539007403935,SYNTHETIC DEMO DATA
2022-12-31,Gladstone-Dhamra,10.605337999894651,SYNTHETIC DEMO DATA
2023-01-01,Gladstone-Dhamra,12.578924665869067,SYNTHETIC DEMO DATA
2023-01-02,Gladstone-Dhamra,11.257219512064914,SYNTHETIC DEMO DATA
2023-01-03,Gladstone-Dhamra,9.028132775091974,SYNTHETIC DEMO DATA
2023-01-04,Gladstone-Dhamra,13.076893636230572,SYNTHETIC DEMO DATA
2023-01-05,Gladstone-Dhamra,7.763693295853287,SYNTHETIC DEMO DATA
2023-01-06,Gladstone-Dhamra,10.815977771124434,SYNTHETIC DEMO DATA
2023-01-07,Gladstone-Dhamra,12.11513624283462,SYNTHETIC DEMO DATA
2023-01-08,Gladstone-Dhamra,14.65660251511108,SYNTHETIC DEMO DATA
2023-01-09,Gladstone-Dhamra,10.772809990568575,SYNTHETIC DEMO DATA
2023-01-10,Gladstone-Dhamra,10.648352724369166,SYNTHETIC DEMO DATA
2023-01-11,Gladstone-Dhamra,14.148001969317766,SYNTHETIC DEMO DATA
2023-01-12,Gladstone-Dhamra,10.914225958588943,SYNTHETIC DEMO DATA
2023-01-13,Gladstone-Dhamra,15.158037210834976,SYNTHETIC DEMO DATA
2023-01-14,Gladstone-Dhamra,11.209158669724946,SYNTHETIC DEMO DATA
2023-01-15,Gladstone-Dhamra,16.10733781615454,SYNTHETIC DEMO DATA
2023-01-16,Gladstone-Dhamra,13.78955561061232,SYNTHETIC DEMO DATA
2023-01-17,Gladstone-Dhamra,13.416503462886054,SYNTHETIC DEMO DATA
2023-01-18,Gladstone-Dhamra,7.62333447729128,SYNTHETIC DEMO DATA
2023-01-19,Gladstone-Dhamra,13.624002304605785,SYNTHETIC DEMO DATA
2023-01-20,Gladstone-Dhamra,12.10572954656435,SYNTHETIC DEMO DATA
2023-01-21,Gladstone-Dhamra,11.210975585177932,SYNTHETIC DEMO DATA
2023-01-22,Gladstone-Dhamra,12.946921529416686,SYNTHETIC DEMO DATA
2023-01-23,Gladstone-Dhamra,11.723909997413397,SYNTHETIC DEMO DATA
2023-01-24,Gladstone-Dhamra,12.004267779771213,SYNTHETIC DEMO DATA
2023-01-25,Gladstone-Dhamra,13.30071106230513,SYNTHETIC DEMO DATA
2023-01-26,Gladstone-Dhamra,12.005974252968295,SYNTHETIC DEMO DATA
2023-01-27,Gladstone-Dhamra,12.71803726763966,SYNTHETIC DEMO DATA
2023-01-28,Gladstone-Dhamra,8.583807273361561,SYNTHETIC DEMO DATA
2023-01-29,Gladstone-Dhamra,8.466452779188925,SYNTHETIC DEMO DATA
2023-01-30,Gladstone-Dhamra,10.581716142645622,SYNTHETIC DEMO DATA
2023-01-31,Gladstone-Dhamra,14.02368142317664,SYNTHETIC DEMO DATA
2023-02-01,Gladstone-Dhamra,11.427747916668421,SYNTHETIC DEMO DATA
2023-02-02,Gladstone-Dhamra,9.302723769989635,SYNTHETIC DEMO DATA
2023-02-03,Gladstone-Dhamra,9.88296998170567,SYNTHETIC DEMO DATA
2023-02-04,Gladstone-Dhamra,12.043866683100523,SYNTHETIC DEMO DATA
2023-02-05,Gladstone-Dhamra,14.068674866644978,SYNTHETIC DEMO DATA
2023-02-06,Gladstone-Dhamra,11.342926974755294,SYNTHETIC DEMO DATA
2023-02-07,Gladstone-Dhamra,9.496927115908486,SYNTHETIC DEMO DATA
2023-02-08,Gladstone-Dhamra,13.740198667746107,SYNTHETIC DEMO DATA
2023-02-09,Gladstone-Dhamra,13.956634752538319,SYNTHETIC DEMO DATA
2023-02-10,Gladstone-Dhamra,10.948059721818213,SYNTHETIC DEMO DATA
2023-02-11,Gladstone-Dhamra,11.780540521984419,SYNTHETIC DEMO DATA
2023-02-12,Gladstone-Dhamra,11.695857207882721,SYNTHETIC DEMO DATA
2023-02-13,Gladstone-Dhamra,9.664252765375117,SYNTHETIC DEMO DATA
2023-02-14,Gladstone-Dhamra,13.92502774959739,SYNTHETIC DEMO DATA
2023-02-15,Gladstone-Dhamra,11.447307695062296,SYNTHETIC DEMO DATA
2023-02-16,Gladstone-Dhamra,11.830278128916042,SYNTHETIC DEMO DATA
2023-02-17,Gladstone-Dhamra,11.848670679872017,SYNTHETIC DEMO DATA
2023-02-18,Gladstone-Dhamra,10.914065073751905,SYNTHETIC DEMO DATA
2023-02-19,Gladstone-Dhamra,9.269319064484366,SYNTHETIC DEMO DATA
2023-02-20,Gladstone-Dhamra,11.533134710169179,SYNTHETIC DEMO DATA
2023-02-21,Gladstone-Dhamra,11.1408864789869,SYNTHETIC DEMO DATA
2023-02-22,Gladstone-Dhamra,8.968925762932923,SYNTHETIC DEMO DATA
2023-02-23,Gladstone-Dhamra,15.543224711127193,SYNTHETIC DEMO DATA
2023-02-24,Gladstone-Dhamra,12.552663388456732,SYNTHETIC DEMO DATA
2023-02-25,Gladstone-Dhamra,13.269759485022758,SYNTHETIC DEMO DATA
2023-02-26,Gladstone-Dhamra,11.30563656594054,SYNTHETIC DEMO DATA
2023-02-27,Gladstone-Dhamra,11.330381419697867,SYNTHETIC DEMO DATA
2023-02-28,Gladstone-Dhamra,16.554994404619816,SYNTHETIC DEMO DATA
2023-03-01,Gladstone-Dhamra,10.753833170075467,SYNTHETIC DEMO DATA
2023-03-02,Gladstone-Dhamra,11.187109410863624,SYNTHETIC DEMO DATA
2023-03-03,Gladstone-Dhamra,13.049433289352024,SYNTHETIC DEMO DATA
2023-03-04,Gladstone-Dhamra,14.502873167171808,SYNTHETIC DEMO DATA
2023-03-05,Gladstone-Dhamra,15.22227664080442,SYNTHETIC DEMO DATA
2023-03-06,Gladstone-Dhamra,14.913114226403883,SYNTHETIC DEMO DATA
2023-03-07,Gladstone-Dhamra,14.219210376380625,SYNTHETIC DEMO DATA
2023-03-08,Gladstone-Dhamra,14.024108408539592,SYNTHETIC DEMO DATA
2023-03-09,Gladstone-Dhamra,13.819387228220009,SYNTHETIC DEMO DATA
2023-03-10,Gladstone-Dhamra,11.757848822016186,SYNTHETIC DEMO DATA
2023-03-11,Gladstone-Dhamra,11.500046584603878,SYNTHETIC DEMO DATA
2023-03-12,Gladstone-Dhamra,14.13356580431932,SYNTHETIC DEMO DATA
2023-03-13,Gladstone-Dhamra,14.251524215195445,SYNTHETIC DEMO DATA
2023-03-14,Gladstone-Dhamra,11.999425228233813,SYNTHETIC DEMO DATA
2023-03-15,Gladstone-Dhamra,17.031464461356663,SYNTHETIC DEMO DATA
2023-03-16,Gladstone-Dhamra,12.852823715389931,SYNTHETIC DEMO DATA
2023-03-17,Gladstone-Dhamra,13.81208745894111,SYNTHETIC DEMO DATA
2023-03-18,Gladstone-Dhamra,12.992668289648147,SYNTHETIC DEMO DATA
2023-03-19,Gladstone-Dhamra,12.876056290217821,SYNTHETIC DEMO DATA
2023-03-20,Gladstone-Dhamra,11.82427317096177,SYNTHETIC DEMO DATA
2023-03-21,Gladstone-Dhamra,13.39731479844604,SYNTHETIC DEMO DATA
2023-03-22,Gladstone-Dhamra,13.922381885243475,SYNTHETIC DEMO DATA
2023-03-23,Gladstone-Dhamra,14.213919827776083,SYNTHETIC DEMO DATA
2023-03-24,Gladstone-Dhamra,9.62992052639323,SYNTHETIC DEMO DATA
2023-03-25,Gladstone-Dhamra,10.631767535896802,SYNTHETIC DEMO DATA
2023-03-26,Gladstone-Dhamra,10.16762826579157,SYNTHETIC DEMO DATA
2023-03-27,Gladstone-Dhamra,10.913261437803355,SYNTHETIC DEMO DATA
2023-03-28,Gladstone-Dhamra,9.784524424280924,SYNTHETIC DEMO DATA
2023-03-29,Gladstone-Dhamra,9.630005747225054,SYNTHETIC DEMO DATA
2023-03-30,Gladstone-Dhamra,14.526907515288668,SYNTHETIC DEMO DATA
2023-03-31,Gladstone-Dhamra,9.930438805462128,SYNTHETIC DEMO DATA
2023-04-01,Gladstone-Dhamra,9.58690724832964,SYNTHETIC DEMO DATA
2023-04-02,Gladstone-Dhamra,10.867470713707096,SYNTHETIC DEMO DATA
2023-04-03,Gladstone-Dhamra,10.705678357844015,SYNTHETIC DEMO DATA
2023-04-04,Gladstone-Dhamra,14.412157952091968,SYNTHETIC DEMO DATA
2023-04-05,Gladstone-Dhamra,12.138673543994368,SYNTHETIC DEMO DATA
2023-04-06,Gladstone-Dhamra,11.595431674482473,SYNTHETIC DEMO DATA
2023-04-07,Gladstone-Dhamra,11.171032281274224,SYNTHETIC DEMO DATA
2023-04-08,Gladstone-Dhamra,13.489147809834769,SYNTHETIC DEMO DATA
2023-04-09,Gladstone-Dhamra,10.170164005043159,SYNTHETIC DEMO DATA
2023-04-10,Gladstone-Dhamra,12.365799407352968,SYNTHETIC DEMO DATA
2023-04-11,Gladstone-Dhamra,12.839874142485401,SYNTHETIC DEMO DATA
2023-04-12,Gladstone-Dhamra,10.550137600109686,SYNTHETIC DEMO DATA
2023-04-13,Gladstone-Dhamra,11.58936596787316,SYNTHETIC DEMO DATA
2023-04-14,Gladstone-Dhamra,15.644006313710262,SYNTHETIC DEMO DATA
2023-04-15,Gladstone-Dhamra,16.376854393042898,SYNTHETIC DEMO DATA
2023-04-16,Gladstone-Dhamra,15.275765692853097,SYNTHETIC DEMO DATA
2023-04-17,Gladstone-Dhamra,14.160635933795904,SYNTHETIC DEMO DATA
2023-04-18,Gladstone-Dhamra,13.146973332155984,SYNTHETIC DEMO DATA
2023-04-19,Gladstone-Dhamra,14.604473677407123,SYNTHETIC DEMO DATA
2023-04-20,Gladstone-Dhamra,14.022490368322641,SYNTHETIC DEMO DATA
2023-04-21,Gladstone-Dhamra,13.188461035333786,SYNTHETIC DEMO DATA
2023-04-22,Gladstone-Dhamra,11.816518358042014,SYNTHETIC DEMO DATA
2023-04-23,Gladstone-Dhamra,16.384582768244954,SYNTHETIC DEMO DATA
2023-04-24,Gladstone-Dhamra,10.97756871260475,SYNTHETIC DEMO DATA
2023-04-25,Gladstone-Dhamra,14.018169782908783,SYNTHETIC DEMO DATA
2023-04-26,Gladstone-Dhamra,12.542301661801682,SYNTHETIC DEMO DATA
2023-04-27,Gladstone-Dhamra,11.967959056519806,SYNTHETIC DEMO DATA
2023-04-28,Gladstone-Dhamra,12.437038121582717,SYNTHETIC DEMO DATA
2023-04-29,Gladstone-Dhamra,15.273620107231633,SYNTHETIC DEMO DATA
2023-04-30,Gladstone-Dhamra,15.842689961768798,SYNTHETIC DEMO DATA
2023-05-01,Gladstone-Dhamra,13.151026713790875,SYNTHETIC DEMO DATA
2023-05-02,Gladstone-Dhamra,17.18365944627313,SYNTHETIC DEMO DATA
2023-05-03,Gladstone-Dhamra,14.204354487801599,SYNTHETIC DEMO DATA
2023-05-04,Gladstone-Dhamra,11.269459616635402,SYNTHETIC DEMO DATA
2023-05-05,Gladstone-Dhamra,14.332438772267036,SYNTHETIC DEMO DATA
2023-05-06,Gladstone-Dhamra,11.759505544383797,SYNTHETIC DEMO DATA
2023-05-07,Gladstone-Dhamra,14.788919782580173,SYNTHETIC DEMO DATA
2023-05-08,Gladstone-Dhamra,16.2721839689777,SYNTHETIC DEMO DATA
2023-05-09,Gladstone-Dhamra,13.35036234302951,SYNTHETIC DEMO DATA
2023-05-10,Gladstone-Dhamra,14.69936711954721,SYNTHETIC DEMO DATA
2023-05-11,Gladstone-Dhamra,10.940224608474368,SYNTHETIC DEMO DATA
2023-05-12,Gladstone-Dhamra,14.856141828597773,SYNTHETIC DEMO DATA
2023-05-13,Gladstone-Dhamra,18.512608809219913,SYNTHETIC DEMO DATA
2023-05-14,Gladstone-Dhamra,15.216459061803985,SYNTHETIC DEMO DATA
2023-05-15,Gladstone-Dhamra,12.933591456360606,SYNTHETIC DEMO DATA
2023-05-16,Gladstone-Dhamra,15.254353626440947,SYNTHETIC DEMO DATA
2023-05-17,Gladstone-Dhamra,12.01675461493577,SYNTHETIC DEMO DATA
2023-05-18,Gladstone-Dhamra,15.01877800495732,SYNTHETIC DEMO DATA
2023-05-19,Gladstone-Dhamra,13.458534570142865,SYNTHETIC DEMO DATA
2023-05-20,Gladstone-Dhamra,15.378339730230667,SYNTHETIC DEMO DATA
2023-05-21,Gladstone-Dhamra,12.619164914751813,SYNTHETIC DEMO DATA
2023-05-22,Gladstone-Dhamra,11.937782111822015,SYNTHETIC DEMO DATA
2023-05-23,Gladstone-Dhamra,14.814194674796726,SYNTHETIC DEMO DATA
2023-05-24,Gladstone-Dhamra,13.772836042006086,SYNTHETIC DEMO DATA
2023-05-25,Gladstone-Dhamra,15.259020060443524,SYNTHETIC DEMO DATA
2023-05-26,Gladstone-Dhamra,14.642551480321643,SYNTHETIC DEMO DATA
2023-05-27,Gladstone-Dhamra,17.28489213013036,SYNTHETIC DEMO DATA
2023-05-28,Gladstone-Dhamra,18.959101028396447,SYNTHETIC DEMO DATA
2023-05-29,Gladstone-Dhamra,18.427165657670205,SYNTHETIC DEMO DATA
2023-05-30,Gladstone-Dhamra,12.79769053678473,SYNTHETIC DEMO DATA
2023-05-31,Gladstone-Dhamra,13.468731386588027,SYNTHETIC DEMO DATA
2023-06-01,Gladstone-Dhamra,14.26960247462864,SYNTHETIC DEMO DATA
2023-06-02,Gladstone-Dhamra,16.520927070822367,SYNTHETIC DEMO DATA
2023-06-03,Gladstone-Dhamra,11.748116576833276,SYNTHETIC DEMO DATA
2023-06-04,Gladstone-Dhamra,17.42598757585391,SYNTHETIC DEMO DATA
2023-06-05,Gladstone-Dhamra,17.157873289273585,SYNTHETIC DEMO DATA
2023-06-06,Gladstone-Dhamra,18.90493571496857,SYNTHETIC DEMO DATA
2023-06-07,Gladstone-Dhamra,14.601562725841147,SYNTHETIC DEMO DATA
2023-06-08,Gladstone-Dhamra,14.856463202055531,SYNTHETIC DEMO DATA
2023-06-09,Gladstone-Dhamra,13.209999433059561,SYNTHETIC DEMO DATA
2023-06-10,Gladstone-Dhamra,15.89440767753263,SYNTHETIC DEMO DATA
2023-06-11,Gladstone-Dhamra,15.248841994818285,SYNTHETIC DEMO DATA
2023-06-12,Gladstone-Dhamra,11.426903147095798,SYNTHETIC DEMO DATA
2023-06-13,Gladstone-Dhamra,15.385372128696151,SYNTHETIC DEMO DATA
2023-06-14,Gladstone-Dhamra,14.469094192508415,SYNTHETIC DEMO DATA
2023-06-15,Gladstone-Dhamra,16.77491803408702,SYNTHETIC DEMO DATA
2023-06-16,Gladstone-Dhamra,16.204117415199146,SYNTHETIC DEMO DATA
2023-06-17,Gladstone-Dhamra,14.228269800109025,SYNTHETIC DEMO DATA
2023-06-18,Gladstone-Dhamra,17.445184525101098,SYNTHETIC DEMO DATA
2023-06-19,Gladstone-Dhamra,15.901148812437102,SYNTHETIC DEMO DATA
2023-06-20,Gladstone-Dhamra,12.560936780913526,SYNTHETIC DEMO DATA
2023-06-21,Gladstone-Dhamra,13.757115118996088,SYNTHETIC DEMO DATA
2023-06-22,Gladstone-Dhamra,16.960034167449713,SYNTHETIC DEMO DATA
2023-06-23,Gladstone-Dhamra,14.95591558717717,SYNTHETIC DEMO DATA
2023-06-24,Gladstone-Dhamra,16.30175477703557,SYNTHETIC DEMO DATA
2023-06-25,Gladstone-Dhamra,13.812650672315455,SYNTHETIC DEMO DATA
2023-06-26,Gladstone-Dhamra,16.161349409650647,SYNTHETIC DEMO DATA
2023-06-27,Gladstone-Dhamra,13.966074835511675,SYNTHETIC DEMO DATA
2023-06-28,Gladstone-Dhamra,16.517801998118856,SYNTHETIC DEMO DATA
2023-06-29,Gladstone-Dhamra,17.11043579391398,SYNTHETIC DEMO DATA
2023-06-30,Gladstone-Dhamra,12.859549664438324,SYNTHETIC DEMO DATA
2023-07-01,Gladstone-Dhamra,14.425227605745823,SYNTHETIC DEMO DATA
2023-07-02,Gladstone-Dhamra,18.958454924780803,SYNTHETIC DEMO DATA
2023-07-03,Gladstone-Dhamra,16.945248627291278,SYNTHETIC DEMO DATA
2023-07-04,Gladstone-Dhamra,16.647262397573485,SYNTHETIC DEMO DATA
2023-07-05,Gladstone-Dhamra,17.37416055230136,SYNTHETIC DEMO DATA
2023-07-06,Gladstone-Dhamra,17.06159011357081,SYNTHETIC DEMO DATA
2023-07-07,Gladstone-Dhamra,12.244804752985697,SYNTHETIC DEMO DATA
2023-07-08,Gladstone-Dhamra,15.523237136338157,SYNTHETIC DEMO DATA
2023-07-09,Gladstone-Dhamra,16.579352536512697,SYNTHETIC DEMO DATA
2023-07-10,Gladstone-Dhamra,13.861189375460963,SYNTHETIC DEMO DATA
2023-07-11,Gladstone-Dhamra,16.242708966055474,SYNTHETIC DEMO DATA
2023-07-12,Gladstone-Dhamra,15.810747988467298,SYNTHETIC DEMO DATA
2023-07-13,Gladstone-Dhamra,16.35991627527714,SYNTHETIC DEMO DATA
2023-07-14,Gladstone-Dhamra,16.2208011867926,SYNTHETIC DEMO DATA
2023-07-15,Gladstone-Dhamra,16.847915356813125,SYNTHETIC DEMO DATA
2023-07-16,Gladstone-Dhamra,15.90970620305932,SYNTHETIC DEMO DATA
2023-07-17,Gladstone-Dhamra,18.208296660212937,SYNTHETIC DEMO DATA
2023-07-18,Gladstone-Dhamra,15.302764343696769,SYNTHETIC DEMO DATA
2023-07-19,Gladstone-Dhamra,16.191338022993456,SYNTHETIC DEMO DATA
2023-07-20,Gladstone-Dhamra,17.143690925974752,SYNTHETIC DEMO DATA
2023-07-21,Gladstone-Dhamra,18.25202566274355,SYNTHETIC DEMO DATA
2023-07-22,Gladstone-Dhamra,16.67158056251754,SYNTHETIC DEMO DATA
2023-07-23,Gladstone-Dhamra,15.556588283582434,SYNTHETIC DEMO DATA
2023-07-24,Gladstone-Dhamra,15.446051899382645,SYNTHETIC DEMO DATA
2023-07-25,Gladstone-Dhamra,17.360772358179585,SYNTHETIC DEMO DATA
2023-07-26,Gladstone-Dhamra,18.895115192733257,SYNTHETIC DEMO DATA
2023-07-27,Gladstone-Dhamra,21.123595740133897,SYNTHETIC DEMO DATA
2023-07-28,Gladstone-Dhamra,14.013146446230667,SYNTHETIC DEMO DATA
2023-07-29,Gladstone-Dhamra,14.714610645961251,SYNTHETIC DEMO DATA
2023-07-30,Gladstone-Dhamra,16.678190042511414,SYNTHETIC DEMO DATA
2023-07-31,Gladstone-Dhamra,18.121208437358213,SYNTHETIC DEMO DATA
2023-08-01,Gladstone-Dhamra,16.992279895070986,SYNTHETIC DEMO DATA
2023-08-02,Gladstone-Dhamra,16.004520063477766,SYNTHETIC DEMO DATA
2023-08-03,Gladstone-Dhamra,18.081645977983722,SYNTHETIC DEMO DATA
2023-08-04,Gladstone-Dhamra,16.371160282470342,SYNTHETIC DEMO DATA
2023-08-05,Gladstone-Dhamra,15.177215954562516,SYNTHETIC DEMO DATA
2023-08-06,Gladstone-Dhamra,13.679317866845711,SYNTHETIC DEMO DATA
2023-08-07,Gladstone-Dhamra,17.776270156816683,SYNTHETIC DEMO DATA
2023-08-08,Gladstone-Dhamra,17.326887832167614,SYNTHETIC DEMO DATA
2023-08-09,Gladstone-Dhamra,17.364215790146577,SYNTHETIC DEMO DATA
2023-08-10,Gladstone-Dhamra,13.997603163406893,SYNTHETIC DEMO DATA
2023-08-11,Gladstone-Dhamra,12.992224931293922,SYNTHETIC DEMO DATA
2023-08-12,Gladstone-Dhamra,19.968463842272598,SYNTHETIC DEMO DATA
2023-08-13,Gladstone-Dhamra,17.307742554779242,SYNTHETIC DEMO DATA
2023-08-14,Gladstone-Dhamra,17.663153520511834,SYNTHETIC DEMO DATA
2023-08-15,Gladstone-Dhamra,17.753922886439376,SYNTHETIC DEMO DATA
2023-08-16,Gladstone-Dhamra,18.665333531719696,SYNTHETIC DEMO DATA
2023-08-17,Gladstone-Dhamra,14.009192140050654,SYNTHETIC DEMO DATA
2023-08-18,Gladstone-Dhamra,17.637996454545846,SYNTHETIC DEMO DATA
2023-08-19,Gladstone-Dhamra,15.869378056245594,SYNTHETIC DEMO DATA
2023-08-20,Gladstone-Dhamra,18.201207524816482,SYNTHETIC DEMO DATA
2023-08-21,Gladstone-Dhamra,18.66971749850445,SYNTHETIC DEMO DATA
2023-08-22,Gladstone-Dhamra,17.806109231298954,SYNTHETIC DEMO DATA
2023-08-23,Gladstone-Dhamra,15.507665744428543,SYNTHETIC DEMO DATA
2023-08-24,Gladstone-Dhamra,18.046685390972133,SYNTHETIC DEMO DATA
2023-08-25,Gladstone-Dhamra,18.657055652724583,SYNTHETIC DEMO DATA
2023-08-26,Gladstone-Dhamra,18.846260616649523,SYNTHETIC DEMO DATA
2023-08-27,Gladstone-Dhamra,19.021347264017926,SYNTHETIC DEMO DATA
2023-08-28,Gladstone-Dhamra,15.650951015310971,SYNTHETIC DEMO DATA
2023-08-29,Gladstone-Dhamra,16.23209370262545,SYNTHETIC DEMO DATA
2023-08-30,Gladstone-Dhamra,15.282187623514792,SYNTHETIC DEMO DATA
2023-08-31,Gladstone-Dhamra,19.491803616534554,SYNTHETIC DEMO DATA
2023-09-01,Gladstone-Dhamra,17.87675299551144,SYNTHETIC DEMO DATA
2023-09-02,Gladstone-Dhamra,15.094733121342337,SYNTHETIC DEMO DATA
2023-09-03,Gladstone-Dhamra,14.60949902239435,SYNTHETIC DEMO DATA
2023-09-04,Gladstone-Dhamra,17.511402506960025,SYNTHETIC DEMO DATA
2023-09-05,Gladstone-Dhamra,18.318119827341746,SYNTHETIC DEMO DATA
2023-09-06,Gladstone-Dhamra,16.26471589432623,SYNTHETIC DEMO DATA
2023-09-07,Gladstone-Dhamra,19.707563606834118,SYNTHETIC DEMO DATA
2023-09-08,Gladstone-Dhamra,17.065703172648046,SYNTHETIC DEMO DATA
2023-09-09,Gladstone-Dhamra,17.219325924586226,SYNTHETIC DEMO DATA
2023-09-10,Gladstone-Dhamra,17.334048416855264,SYNTHETIC DEMO DATA
2023-09-11,Gladstone-Dhamra,19.084322420330874,SYNTHETIC DEMO DATA
2023-09-12,Gladstone-Dhamra,16.335042563606166,SYNTHETIC DEMO DATA
2023-09-13,Gladstone-Dhamra,21.47328016895376,SYNTHETIC DEMO DATA
2023-09-14,Gladstone-Dhamra,21.18014413821875,SYNTHETIC DEMO DATA
2023-09-15,Gladstone-Dhamra,17.567915363591727,SYNTHETIC DEMO DATA
2023-09-16,Gladstone-Dhamra,15.566105335872155,SYNTHETIC DEMO DATA
2023-09-17,Gladstone-Dhamra,18.54108943474337,SYNTHETIC DEMO DATA
2023-09-18,Gladstone-Dhamra,19.868701944124098,SYNTHETIC DEMO DATA
2023-09-19,Gladstone-Dhamra,18.87968929963194,SYNTHETIC DEMO DATA
2023-09-20,Gladstone-Dhamra,18.240969617382785,SYNTHETIC DEMO DATA
2023-09-21,Gladstone-Dhamra,15.284335763378017,SYNTHETIC DEMO DATA
2023-09-22,Gladstone-Dhamra,17.232877064408505,SYNTHETIC DEMO DATA
2023-09-23,Gladstone-Dhamra,19.841061512442103,SYNTHETIC DEMO DATA
2023-09-24,Gladstone-Dhamra,17.760067642026566,SYNTHETIC DEMO DATA
2023-09-25,Gladstone-Dhamra,17.307582782748128,SYNTHETIC DEMO DATA
2023-09-26,Gladstone-Dhamra,20.653544579554087,SYNTHETIC DEMO DATA
2023-09-27,Gladstone-Dhamra,18.348279545473737,SYNTHETIC DEMO DATA
2023-09-28,Gladstone-Dhamra,15.279142955321582,SYNTHETIC DEMO DATA
2023-09-29,Gladstone-Dhamra,18.62268026761444,SYNTHETIC DEMO DATA
2023-09-30,Gladstone-Dhamra,16.889269456769494,SYNTHETIC DEMO DATA
2023-10-01,Gladstone-Dhamra,15.048548007620939,SYNTHETIC DEMO DATA
2023-10-02,Gladstone-Dhamra,19.883163127756447,SYNTHETIC DEMO DATA
2023-10-03,Gladstone-Dhamra,19.385266828820633,SYNTHETIC DEMO DATA
2023-10-04,Gladstone-Dhamra,17.25224708375489,SYNTHETIC DEMO DATA
2023-10-05,Gladstone-Dhamra,17.94586206640752,SYNTHETIC DEMO DATA
2023-10-06,Gladstone-Dhamra,17.445014284931606,SYNTHETIC DEMO DATA
2023-10-07,Gladstone-Dhamra,20.845104460362286,SYNTHETIC DEMO DATA
2023-10-08,Gladstone-Dhamra,17.888353440810167,SYNTHETIC DEMO DATA
2023-10-09,Gladstone-Dhamra,16.4698858271501,SYNTHETIC DEMO DATA
2023-10-10,Gladstone-Dhamra,15.73554598826694,SYNTHETIC DEMO DATA
2023-10-11,Gladstone-Dhamra,21.290598842978806,SYNTHETIC DEMO DATA
2023-10-12,Gladstone-Dhamra,18.683996551861473,SYNTHETIC DEMO DATA
2023-10-13,Gladstone-Dhamra,16.499483190294605,SYNTHETIC DEMO DATA
2023-10-14,Gladstone-Dhamra,17.024721678301567,SYNTHETIC DEMO DATA
2023-10-15,Gladstone-Dhamra,18.342452889121162,SYNTHETIC DEMO DATA
2023-10-16,Gladstone-Dhamra,14.21069175885269,SYNTHETIC DEMO DATA
2023-10-17,Gladstone-Dhamra,21.435109980010303,SYNTHETIC DEMO DATA
2023-10-18,Gladstone-Dhamra,17.081205473549474,SYNTHETIC DEMO DATA
2023-10-19,Gladstone-Dhamra,16.075403701316482,SYNTHETIC DEMO DATA
2023-10-20,Gladstone-Dhamra,16.21590505767224,SYNTHETIC DEMO DATA
2023-10-21,Gladstone-Dhamra,20.031756569670176,SYNTHETIC DEMO DATA
2023-10-22,Gladstone-Dhamra,20.723889622931157,SYNTHETIC DEMO DATA
2023-10-23,Gladstone-Dhamra,22.300258859038905,SYNTHETIC DEMO DATA
2023-10-24,Gladstone-Dhamra,15.116918157690252,SYNTHETIC DEMO DATA
2023-10-25,Gladstone-Dhamra,18.28118677251702,SYNTHETIC DEMO DATA
2023-10-26,Gladstone-Dhamra,18.79558917257564,SYNTHETIC DEMO DATA
2023-10-27,Gladstone-Dhamra,14.121571991393248,SYNTHETIC DEMO DATA
2023-10-28,Gladstone-Dhamra,14.400828111519893,SYNTHETIC DEMO DATA
2023-10-29,Gladstone-Dhamra,17.636678545289552,SYNTHETIC DEMO DATA
2023-10-30,Gladstone-Dhamra,16.761237125006318,SYNTHETIC DEMO DATA
2023-10-31,Gladstone-Dhamra,18.7446418143901,SYNTHETIC DEMO DATA
2023-11-01,Gladstone-Dhamra,18.410400047457696,SYNTHETIC DEMO DATA
2023-11-02,Gladstone-Dhamra,18.961873526161128,SYNTHETIC DEMO DATA
2023-11-03,Gladstone-Dhamra,18.46336307984779,SYNTHETIC DEMO DATA
2023-11-04,Gladstone-Dhamra,17.482062416509535,SYNTHETIC DEMO DATA
2023-11-05,Gladstone-Dhamra,16.878293220516383,SYNTHETIC DEMO DATA
2023-11-06,Gladstone-Dhamra,19.78090119573579,SYNTHETIC DEMO DATA
2023-11-07,Gladstone-Dhamra,20.966880379728458,SYNTHETIC DEMO DATA
2023-11-08,Gladstone-Dhamra,16.59581022075725,SYNTHETIC DEMO DATA
2023-11-09,Gladstone-Dhamra,19.44087325171171,SYNTHETIC DEMO DATA
2023-11-10,Gladstone-Dhamra,19.21962902601812,SYNTHETIC DEMO DATA
2023-11-11,Gladstone-Dhamra,21.529872855083468,SYNTHETIC DEMO DATA
2023-11-12,Gladstone-Dhamra,13.406951469012494,SYNTHETIC DEMO DATA
2023-11-13,Gladstone-Dhamra,16.767828660218576,SYNTHETIC DEMO DATA
2023-11-14,Gladstone-Dhamra,16.58850972488936,SYNTHETIC DEMO DATA
2023-11-15,Gladstone-Dhamra,19.410485413042075,SYNTHETIC DEMO DATA
2023-11-16,Gladstone-Dhamra,18.65113075826705,SYNTHETIC DEMO DATA
2023-11-17,Gladstone-Dhamra,18.558633669861496,SYNTHETIC DEMO DATA
2023-11-18,Gladstone-Dhamra,17.598458466978347,SYNTHETIC DEMO DATA
2023-11-19,Gladstone-Dhamra,18.3628215607162,SYNTHETIC DEMO DATA
2023-11-20,Gladstone-Dhamra,19.623484598531377,SYNTHETIC DEMO DATA
2023-11-21,Gladstone-Dhamra,16.027854777771154,SYNTHETIC DEMO DATA
2023-11-22,Gladstone-Dhamra,19.47401199150663,SYNTHETIC DEMO DATA
2023-11-23,Gladstone-Dhamra,17.701580155190147,SYNTHETIC DEMO DATA
2023-11-24,Gladstone-Dhamra,17.365736263474716,SYNTHETIC DEMO DATA
2023-11-25,Gladstone-Dhamra,16.898121747924897,SYNTHETIC DEMO DATA
2023-11-26,Gladstone-Dhamra,18.125432578713397,SYNTHETIC DEMO DATA
2023-11-27,Gladstone-Dhamra,18.600724010847586,SYNTHETIC DEMO DATA
2023-11-28,Gladstone-Dhamra,22.372399202890314,SYNTHETIC DEMO DATA
2023-11-29,Gladstone-Dhamra,15.256874632343873,SYNTHETIC DEMO DATA
2023-11-30,Gladstone-Dhamra,19.1991821423608,SYNTHETIC DEMO DATA
2023-12-01,Gladstone-Dhamra,18.343965727214194,SYNTHETIC DEMO DATA
2023-12-02,Gladstone-Dhamra,18.469339437725495,SYNTHETIC DEMO DATA
2023-12-03,Gladstone-Dhamra,21.757406775923247,SYNTHETIC DEMO DATA
2023-12-04,Gladstone-Dhamra,15.066384687469522,SYNTHETIC DEMO DATA
2023-12-05,Gladstone-Dhamra,16.732372321456282,SYNTHETIC DEMO DATA
2023-12-06,Gladstone-Dhamra,14.1756533245589,SYNTHETIC DEMO DATA
2023-12-07,Gladstone-Dhamra,14.165225334620196,SYNTHETIC DEMO DATA
2023-12-08,Gladstone-Dhamra,17.127896406513916,SYNTHETIC DEMO DATA
2023-12-09,Gladstone-Dhamra,17.495668543903232,SYNTHETIC DEMO DATA
2023-12-10,Gladstone-Dhamra,18.743581599854213,SYNTHETIC DEMO DATA
2023-12-11,Gladstone-Dhamra,19.509502572582697,SYNTHETIC DEMO DATA
2023-12-12,Gladstone-Dhamra,20.391127204043727,SYNTHETIC DEMO DATA
2023-12-13,Gladstone-Dhamra,15.685301284481959,SYNTHETIC DEMO DATA
2023-12-14,Gladstone-Dhamra,15.471798658211767,SYNTHETIC DEMO DATA
2023-12-15,Gladstone-Dhamra,23.28582911376858,SYNTHETIC DEMO DATA
2023-12-16,Gladstone-Dhamra,13.292352729172283,SYNTHETIC DEMO DATA
2023-12-17,Gladstone-Dhamra,17.665526275891338,SYNTHETIC DEMO DATA
2023-12-18,Gladstone-Dhamra,13.795648810460177,SYNTHETIC DEMO DATA
2023-12-19,Gladstone-Dhamra,20.078007433176765,SYNTHETIC DEMO DATA
2023-12-20,Gladstone-Dhamra,17.375906180117212,SYNTHETIC DEMO DATA
2023-12-21,Gladstone-Dhamra,17.055636063040758,SYNTHETIC DEMO DATA
2023-12-22,Gladstone-Dhamra,15.751692052747988,SYNTHETIC DEMO DATA
2023-12-23,Gladstone-Dhamra,13.984519190127182,SYNTHETIC DEMO DATA
2023-12-24,Gladstone-Dhamra,18.839405829761034,SYNTHETIC DEMO DATA
2023-12-25,Gladstone-Dhamra,17.408400943471,SYNTHETIC DEMO DATA
2023-12-26,Gladstone-Dhamra,21.52536660959108,SYNTHETIC DEMO DATA
2023-12-27,Gladstone-Dhamra,19.279997979952082,SYNTHETIC DEMO DATA
2023-12-28,Gladstone-Dhamra,17.921090208391412,SYNTHETIC DEMO DATA
2023-12-29,Gladstone-Dhamra,17.444282527579666,SYNTHETIC DEMO DATA
2023-12-30,Gladstone-Dhamra,17.720477007927187,SYNTHETIC DEMO DATA
2023-12-31,Gladstone-Dhamra,22.079297071791903,SYNTHETIC DEMO DATA
2024-01-01,Gladstone-Dhamra,19.933588463401183,SYNTHETIC DEMO DATA
2024-01-02,Gladstone-Dhamra,18.141545276576476,SYNTHETIC DEMO DATA
2024-01-03,Gladstone-Dhamra,19.84541980712535,SYNTHETIC DEMO DATA
2024-01-04,Gladstone-Dhamra,19.79636524550511,SYNTHETIC DEMO DATA
2024-01-05,Gladstone-Dhamra,15.457328297004565,SYNTHETIC DEMO DATA
2024-01-06,Gladstone-Dhamra,16.105902143815406,SYNTHETIC DEMO DATA
2024-01-07,Gladstone-Dhamra,15.407632253635189,SYNTHETIC DEMO DATA
2024-01-08,Gladstone-Dhamra,19.49695898876206,SYNTHETIC DEMO DATA
2024-01-09,Gladstone-Dhamra,17.25953091262559,SYNTHETIC DEMO DATA
2024-01-10,Gladstone-Dhamra,18.775772264839556,SYNTHETIC DEMO DATA
2024-01-11,Gladstone-Dhamra,19.777564211726656,SYNTHETIC DEMO DATA
2024-01-12,Gladstone-Dhamra,18.653683443474115,SYNTHETIC DEMO DATA
2024-01-13,Gladstone-Dhamra,17.779960234847934,SYNTHETIC DEMO DATA
2024-01-14,Gladstone-Dhamra,16.406307844682196,SYNTHETIC DEMO DATA
2024-01-15,Gladstone-Dhamra,17.28795168320996,SYNTHETIC DEMO DATA
2024-01-16,Gladstone-Dhamra,17.79692834942442,SYNTHETIC DEMO DATA
2024-01-17,Gladstone-Dhamra,16.794270776470817,SYNTHETIC DEMO DATA
2024-01-18,Gladstone-Dhamra,15.424263200336886,SYNTHETIC DEMO DATA
2024-01-19,Gladstone-Dhamra,17.122856737592205,SYNTHETIC DEMO DATA
2024-01-20,Gladstone-Dhamra,14.857011701192082,SYNTHETIC DEMO DATA
2024-01-21,Gladstone-Dhamra,16.720643376225723,SYNTHETIC DEMO DATA
2024-01-22,Gladstone-Dhamra,16.511614692038577,SYNTHETIC DEMO DATA
2024-01-23,Gladstone-Dhamra,16.98900260547441,SYNTHETIC DEMO DATA
2024-01-24,Gladstone-Dhamra,15.738362771463262,SYNTHETIC DEMO DATA
2024-01-25,Gladstone-Dhamra,14.917612320447626,SYNTHETIC DEMO DATA
2024-01-26,Gladstone-Dhamra,16.75727527886351,SYNTHETIC DEMO DATA
2024-01-27,Gladstone-Dhamra,15.069667133699074,SYNTHETIC DEMO DATA
2024-01-28,Gladstone-Dhamra,18.004268149497296,SYNTHETIC DEMO DATA
2024-01-29,Gladstone-Dhamra,20.07929197783143,SYNTHETIC DEMO DATA
2024-01-30,Gladstone-Dhamra,21.140422376877435,SYNTHETIC DEMO DATA
2024-01-31,Gladstone-Dhamra,15.566970931837478,SYNTHETIC DEMO DATA
2024-02-01,Gladstone-Dhamra,16.69826415467846,SYNTHETIC DEMO DATA
2024-02-02,Gladstone-Dhamra,17.340564015861545,SYNTHETIC DEMO DATA
2024-02-03,Gladstone-Dhamra,16.981036998294687,SYNTHETIC DEMO DATA
2024-02-04,Gladstone-Dhamra,15.944009319184676,SYNTHETIC DEMO DATA
2024-02-05,Gladstone-Dhamra,20.107628602971992,SYNTHETIC DEMO DATA
2024-02-06,Gladstone-Dhamra,13.947217694335656,SYNTHETIC DEMO DATA
2024-02-07,Gladstone-Dhamra,18.248885165876317,SYNTHETIC DEMO DATA
2024-02-08,Gladstone-Dhamra,17.297065061027574,SYNTHETIC DEMO DATA
2024-02-09,Gladstone-Dhamra,18.057594762203056,SYNTHETIC DEMO DATA
2024-02-10,Gladstone-Dhamra,14.826912829553862,SYNTHETIC DEMO DATA
2024-02-11,Gladstone-Dhamra,13.08918488850409,SYNTHETIC DEMO DATA
2024-02-12,Gladstone-Dhamra,17.76894189313437,SYNTHETIC DEMO DATA
2024-02-13,Gladstone-Dhamra,17.903743520951014,SYNTHETIC DEMO DATA
2024-02-14,Gladstone-Dhamra,15.739387234266514,SYNTHETIC DEMO DATA
2024-02-15,Gladstone-Dhamra,17.9678915157963,SYNTHETIC DEMO DATA
2024-02-16,Gladstone-Dhamra,13.116752501084003,SYNTHETIC DEMO DATA
2024-02-17,Gladstone-Dhamra,13.627685305629866,SYNTHETIC DEMO DATA
2024-02-18,Gladstone-Dhamra,16.485520481086038,SYNTHETIC DEMO DATA
2024-02-19,Gladstone-Dhamra,15.152894752976245,SYNTHETIC DEMO DATA
2024-02-20,Gladstone-Dhamra,13.053296977312714,SYNTHETIC DEMO DATA
2024-02-21,Gladstone-Dhamra,19.167408828834848,SYNTHETIC DEMO DATA
2024-02-22,Gladstone-Dhamra,15.672673907567665,SYNTHETIC DEMO DATA
2024-02-23,Gladstone-Dhamra,17.67288556743068,SYNTHETIC DEMO DATA
2024-02-24,Gladstone-Dhamra,17.882037314624906,SYNTHETIC DEMO DATA
2024-02-25,Gladstone-Dhamra,19.771751747598703,SYNTHETIC DEMO DATA
2024-02-26,Gladstone-Dhamra,15.81527937149594,SYNTHETIC DEMO DATA
2024-02-27,Gladstone-Dhamra,16.757834135694154,SYNTHETIC DEMO DATA
2024-02-28,Gladstone-Dhamra,17.297971524089327,SYNTHETIC DEMO DATA
2024-02-29,Gladstone-Dhamra,20.26131866788392,SYNTHETIC DEMO DATA
2024-03-01,Gladstone-Dhamra,16.675936557191612,SYNTHETIC DEMO DATA
2024-03-02,Gladstone-Dhamra,16.14534181084301,SYNTHETIC DEMO DATA
2024-03-03,Gladstone-Dhamra,15.779980754543695,SYNTHETIC DEMO DATA
2024-03-04,Gladstone-Dhamra,20.665446307670592,SYNTHETIC DEMO DATA
2024-03-05,Gladstone-Dhamra,16.921010785378982,SYNTHETIC DEMO DATA
2024-03-06,Gladstone-Dhamra,17.234940479832634,SYNTHETIC DEMO DATA
2024-03-07,Gladstone-Dhamra,16.353020744252863,SYNTHETIC DEMO DATA
2024-03-08,Gladstone-Dhamra,20.159424619637015,SYNTHETIC DEMO DATA
2024-03-09,Gladstone-Dhamra,16.097570235043275,SYNTHETIC DEMO DATA
2024-03-10,Gladstone-Dhamra,17.036409333722066,SYNTHETIC DEMO DATA
2024-03-11,Gladstone-Dhamra,17.84640853277098,SYNTHETIC DEMO DATA
2024-03-12,Gladstone-Dhamra,15.304810250475395,SYNTHETIC DEMO DATA
2024-03-13,Gladstone-Dhamra,12.977299823103563,SYNTHETIC DEMO DATA
2024-03-14,Gladstone-Dhamra,13.360162905888947,SYNTHETIC DEMO DATA
2024-03-15,Gladstone-Dhamra,16.20447273105584,SYNTHETIC DEMO DATA
2024-03-16,Gladstone-Dhamra,15.65446339413533,SYNTHETIC DEMO DATA
2024-03-17,Gladstone-Dhamra,17.91437731910923,SYNTHETIC DEMO DATA
2024-03-18,Gladstone-Dhamra,12.817210878941342,SYNTHETIC DEMO DATA
2024-03-19,Gladstone-Dhamra,12.699839927043291,SYNTHETIC DEMO DATA
2024-03-20,Gladstone-Dhamra,13.366863942986326,SYNTHETIC DEMO DATA
2024-03-21,Gladstone-Dhamra,16.02385165102535,SYNTHETIC DEMO DATA
2024-03-22,Gladstone-Dhamra,10.467090784833776,SYNTHETIC DEMO DATA
2024-03-23,Gladstone-Dhamra,14.793587418354408,SYNTHETIC DEMO DATA
2024-03-24,Gladstone-Dhamra,17.887969096857198,SYNTHETIC DEMO DATA
2024-03-25,Gladstone-Dhamra,14.690478468164391,SYNTHETIC DEMO DATA
2024-03-26,Gladstone-Dhamra,14.440979385456057,SYNTHETIC DEMO DATA
2024-03-27,Gladstone-Dhamra,15.7409043098416,SYNTHETIC DEMO DATA
2024-03-28,Gladstone-Dhamra,16.898016263007484,SYNTHETIC DEMO DATA
2024-03-29,Gladstone-Dhamra,16.699855956682676,SYNTHETIC DEMO DATA
2024-03-30,Gladstone-Dhamra,14.361666089578012,SYNTHETIC DEMO DATA
2024-03-31,Gladstone-Dhamra,14.451349108053828,SYNTHETIC DEMO DATA
2024-04-01,Gladstone-Dhamra,11.085029711461415,SYNTHETIC DEMO DATA
2024-04-02,Gladstone-Dhamra,16.332863784319784,SYNTHETIC DEMO DATA
2024-04-03,Gladstone-Dhamra,16.92956279103315,SYNTHETIC DEMO DATA
2024-04-04,Gladstone-Dhamra,15.426650142609908,SYNTHETIC DEMO DATA
2024-04-05,Gladstone-Dhamra,12.01967219887158,SYNTHETIC DEMO DATA
2024-04-06,Gladstone-Dhamra,13.475560276301337,SYNTHETIC DEMO DATA
2024-04-07,Gladstone-Dhamra,15.079074999922256,SYNTHETIC DEMO DATA
2024-04-08,Gladstone-Dhamra,15.20987695305309,SYNTHETIC DEMO DATA
2024-04-09,Gladstone-Dhamra,12.025366184990718,SYNTHETIC DEMO DATA
2024-04-10,Gladstone-Dhamra,15.98733056658465,SYNTHETIC DEMO DATA
2024-04-11,Gladstone-Dhamra,14.371854989937319,SYNTHETIC DEMO DATA
2024-04-12,Gladstone-Dhamra,17.80048198910238,SYNTHETIC DEMO DATA
2024-04-13,Gladstone-Dhamra,11.260340598905955,SYNTHETIC DEMO DATA
2024-04-14,Gladstone-Dhamra,16.344870544242482,SYNTHETIC DEMO DATA
2024-04-15,Gladstone-Dhamra,12.307906984096817,SYNTHETIC DEMO DATA
2024-04-16,Gladstone-Dhamra,15.33969474171343,SYNTHETIC DEMO DATA
2024-04-17,Gladstone-Dhamra,19.266776420132828,SYNTHETIC DEMO DATA
2024-04-18,Gladstone-Dhamra,12.25248561992126,SYNTHETIC DEMO DATA
2024-04-19,Gladstone-Dhamra,13.016364453766334,SYNTHETIC DEMO DATA
2024-04-20,Gladstone-Dhamra,19.748695990865965,SYNTHETIC DEMO DATA
2024-04-21,Gladstone-Dhamra,14.668821432399048,SYNTHETIC DEMO DATA
2024-04-22,Gladstone-Dhamra,15.374696464781433,SYNTHETIC DEMO DATA
2024-04-23,Gladstone-Dhamra,15.660633391050588,SYNTHETIC DEMO DATA
2024-04-24,Gladstone-Dhamra,18.25506796591792,SYNTHETIC DEMO DATA
2024-04-25,Gladstone-Dhamra,15.280907694596626,SYNTHETIC DEMO DATA
2024-04-26,Gladstone-Dhamra,18.110020202356605,SYNTHETIC DEMO DATA
2024-04-27,Gladstone-Dhamra,12.320345777789106,SYNTHETIC DEMO DATA
2024-04-28,Gladstone-Dhamra,12.34086255711976,SYNTHETIC DEMO DATA
2024-04-29,Gladstone-Dhamra,13.7285668169604,SYNTHETIC DEMO DATA
2024-04-30,Gladstone-Dhamra,14.915478121303742,SYNTHETIC DEMO DATA
2024-05-01,Gladstone-Dhamra,13.42302505868913,SYNTHETIC DEMO DATA
2024-05-02,Gladstone-Dhamra,11.245057268309914,SYNTHETIC DEMO DATA
2024-05-03,Gladstone-Dhamra,15.594991262618073,SYNTHETIC DEMO DATA
2024-05-04,Gladstone-Dhamra,15.6212742597048,SYNTHETIC DEMO DATA
2024-05-05,Gladstone-Dhamra,16.09070185029996,SYNTHETIC DEMO DATA
2024-05-06,Gladstone-Dhamra,16.873819269797586,SYNTHETIC DEMO DATA
2024-05-07,Gladstone-Dhamra,15.69401595052602,SYNTHETIC DEMO DATA
2024-05-08,Gladstone-Dhamra,17.214052725628118,SYNTHETIC DEMO DATA
2024-05-09,Gladstone-Dhamra,13.031137845587482,SYNTHETIC DEMO DATA
2024-05-10,Gladstone-Dhamra,11.411273198113918,SYNTHETIC DEMO DATA
2024-05-11,Gladstone-Dhamra,17.82743512250866,SYNTHETIC DEMO DATA
2024-05-12,Gladstone-Dhamra,12.033209536183229,SYNTHETIC DEMO DATA
2024-05-13,Gladstone-Dhamra,14.052317447588223,SYNTHETIC DEMO DATA
2024-05-14,Gladstone-Dhamra,12.75953891608534,SYNTHETIC DEMO DATA
2024-05-15,Gladstone-Dhamra,14.119140435620675,SYNTHETIC DEMO DATA
2024-05-16,Gladstone-Dhamra,13.593908418409,SYNTHETIC DEMO DATA
2024-05-17,Gladstone-Dhamra,13.976811133300542,SYNTHETIC DEMO DATA
2024-05-18,Gladstone-Dhamra,11.23035608377186,SYNTHETIC DEMO DATA
2024-05-19,Gladstone-Dhamra,13.49399969205356,SYNTHETIC DEMO DATA
2024-05-20,Gladstone-Dhamra,10.130860584392689,SYNTHETIC DEMO DATA
2024-05-21,Gladstone-Dhamra,12.266379063818379,SYNTHETIC DEMO DATA
2024-05-22,Gladstone-Dhamra,13.830692122673447,SYNTHETIC DEMO DATA
2024-05-23,Gladstone-Dhamra,12.036606235393771,SYNTHETIC DEMO DATA
2024-05-24,Gladstone-Dhamra,13.879219125497787,SYNTHETIC DEMO DATA
2024-05-25,Gladstone-Dhamra,13.377712291829106,SYNTHETIC DEMO DATA
2024-05-26,Gladstone-Dhamra,17.399354578424337,SYNTHETIC DEMO DATA
2024-05-27,Gladstone-Dhamra,12.699056709358485,SYNTHETIC DEMO DATA
2024-05-28,Gladstone-Dhamra,15.745420670811422,SYNTHETIC DEMO DATA
2024-05-29,Gladstone-Dhamra,14.665622963489836,SYNTHETIC DEMO DATA
2024-05-30,Gladstone-Dhamra,16.257117969199967,SYNTHETIC DEMO DATA
2024-05-31,Gladstone-Dhamra,16.327504324221163,SYNTHETIC DEMO DATA
2024-06-01,Gladstone-Dhamra,14.89411294630989,SYNTHETIC DEMO DATA
2024-06-02,Gladstone-Dhamra,13.730002448921244,SYNTHETIC DEMO DATA
2024-06-03,Gladstone-Dhamra,13.421798964150975,SYNTHETIC DEMO DATA
2024-06-04,Gladstone-Dhamra,14.6606403663771,SYNTHETIC DEMO DATA
2024-06-05,Gladstone-Dhamra,11.979764098324228,SYNTHETIC DEMO DATA
2024-06-06,Gladstone-Dhamra,14.526679918698806,SYNTHETIC DEMO DATA
2024-06-07,Gladstone-Dhamra,13.427004515464063,SYNTHETIC DEMO DATA
2024-06-08,Gladstone-Dhamra,17.51859092972243,SYNTHETIC DEMO DATA
2024-06-09,Gladstone-Dhamra,19.713545331201868,SYNTHETIC DEMO DATA
2024-06-10,Gladstone-Dhamra,12.760534921076996,SYNTHETIC DEMO DATA
2024-06-11,Gladstone-Dhamra,10.977217958950938,SYNTHETIC DEMO DATA
2024-06-12,Gladstone-Dhamra,11.288466813018392,SYNTHETIC DEMO DATA
2024-06-13,Gladstone-Dhamra,13.337348169914472,SYNTHETIC DEMO DATA
2024-06-14,Gladstone-Dhamra,14.525507458459579,SYNTHETIC DEMO DATA
2024-06-15,Gladstone-Dhamra,13.291623917330721,SYNTHETIC DEMO DATA
2024-06-16,Gladstone-Dhamra,12.177041679842695,SYNTHETIC DEMO DATA
2024-06-17,Gladstone-Dhamra,17.1340974028996,SYNTHETIC DEMO DATA
2024-06-18,Gladstone-Dhamra,8.801475962728539,SYNTHETIC DEMO DATA
2024-06-19,Gladstone-Dhamra,15.890806009430792,SYNTHETIC DEMO DATA
2024-06-20,Gladstone-Dhamra,15.462064456696481,SYNTHETIC DEMO DATA
2024-06-21,Gladstone-Dhamra,14.494985394796776,SYNTHETIC DEMO DATA
2024-06-22,Gladstone-Dhamra,13.751980227648895,SYNTHETIC DEMO DATA
2024-06-23,Gladstone-Dhamra,12.122185661985828,SYNTHETIC DEMO DATA
2024-06-24,Gladstone-Dhamra,11.896956857866927,SYNTHETIC DEMO DATA
2024-06-25,Gladstone-Dhamra,14.240246678173392,SYNTHETIC DEMO DATA
2024-06-26,Gladstone-Dhamra,13.99898831934076,SYNTHETIC DEMO DATA
2024-06-27,Gladstone-Dhamra,13.779665032057345,SYNTHETIC DEMO DATA
2024-06-28,Gladstone-Dhamra,16.182729956631643,SYNTHETIC DEMO DATA
2024-06-29,Gladstone-Dhamra,13.08257768541674,SYNTHETIC DEMO DATA
2024-06-30,Gladstone-Dhamra,11.144768378863922,SYNTHETIC DEMO DATA
2024-07-01,Gladstone-Dhamra,15.722242387852614,SYNTHETIC DEMO DATA
2024-07-02,Gladstone-Dhamra,12.106021024528564,SYNTHETIC DEMO DATA
2024-07-03,Gladstone-Dhamra,10.498171494142877,SYNTHETIC DEMO DATA
2024-07-04,Gladstone-Dhamra,14.855346995272813,SYNTHETIC DEMO DATA
2024-07-05,Gladstone-Dhamra,13.525454340055028,SYNTHETIC DEMO DATA
2024-07-06,Gladstone-Dhamra,10.328588276020415,SYNTHETIC DEMO DATA
2024-07-07,Gladstone-Dhamra,12.81040262208329,SYNTHETIC DEMO DATA
2024-07-08,Gladstone-Dhamra,10.736452499131731,SYNTHETIC DEMO DATA
2024-07-09,Gladstone-Dhamra,11.720153851675859,SYNTHETIC DEMO DATA
2024-07-10,Gladstone-Dhamra,15.099224562636447,SYNTHETIC DEMO DATA
2024-07-11,Gladstone-Dhamra,10.951051586876076,SYNTHETIC DEMO DATA
2024-07-12,Gladstone-Dhamra,14.049193198017424,SYNTHETIC DEMO DATA
2024-07-13,Gladstone-Dhamra,11.502063425241905,SYNTHETIC DEMO DATA
2024-07-14,Gladstone-Dhamra,13.842762578177494,SYNTHETIC DEMO DATA
2024-07-15,Gladstone-Dhamra,12.568613622417015,SYNTHETIC DEMO DATA
2024-07-16,Gladstone-Dhamra,12.204458470070922,SYNTHETIC DEMO DATA
2024-07-17,Gladstone-Dhamra,14.2321857747593,SYNTHETIC DEMO DATA
2024-07-18,Gladstone-Dhamra,13.650342343732811,SYNTHETIC DEMO DATA
2024-07-19,Gladstone-Dhamra,12.15642769073766,SYNTHETIC DEMO DATA
2024-07-20,Gladstone-Dhamra,12.244522223178189,SYNTHETIC DEMO DATA
2024-07-21,Gladstone-Dhamra,12.900753768113908,SYNTHETIC DEMO DATA
2024-07-22,Gladstone-Dhamra,12.792301495802409,SYNTHETIC DEMO DATA
2024-07-23,Gladstone-Dhamra,13.201852047847613,SYNTHETIC DEMO DATA
2024-07-24,Gladstone-Dhamra,11.610982838517273,SYNTHETIC DEMO DATA
2024-07-25,Gladstone-Dhamra,14.665213277035752,SYNTHETIC DEMO DATA
2024-07-26,Gladstone-Dhamra,12.995542781178106,SYNTHETIC DEMO DATA
2024-07-27,Gladstone-Dhamra,13.26580348167953,SYNTHETIC DEMO DATA
2024-07-28,Gladstone-Dhamra,13.740757453877741,SYNTHETIC DEMO DATA
2024-07-29,Gladstone-Dhamra,15.543955928391151,SYNTHETIC DEMO DATA
2024-07-30,Gladstone-Dhamra,10.842550696583002,SYNTHETIC DEMO DATA
2024-07-31,Gladstone-Dhamra,11.05408444006392,SYNTHETIC DEMO DATA
2024-08-01,Gladstone-Dhamra,13.496084616066646,SYNTHETIC DEMO DATA
2024-08-02,Gladstone-Dhamra,12.595359212053772,SYNTHETIC DEMO DATA
2024-08-03,Gladstone-Dhamra,12.80581776723203,SYNTHETIC DEMO DATA
2024-08-04,Gladstone-Dhamra,11.092806784194416,SYNTHETIC DEMO DATA
2024-08-05,Gladstone-Dhamra,12.93845372458248,SYNTHETIC DEMO DATA
2024-08-06,Gladstone-Dhamra,11.217080265863453,SYNTHETIC DEMO DATA
2024-08-07,Gladstone-Dhamra,13.229125946644762,SYNTHETIC DEMO DATA
2024-08-08,Gladstone-Dhamra,9.777320900338717,SYNTHETIC DEMO DATA
2024-08-09,Gladstone-Dhamra,12.504627687472468,SYNTHETIC DEMO DATA
2024-08-10,Gladstone-Dhamra,13.434194185497015,SYNTHETIC DEMO DATA
2024-08-11,Gladstone-Dhamra,14.845407723481,SYNTHETIC DEMO DATA
2024-08-12,Gladstone-Dhamra,12.649109460366724,SYNTHETIC DEMO DATA
2024-08-13,Gladstone-Dhamra,10.847761520757064,SYNTHETIC DEMO DATA
2024-08-14,Gladstone-Dhamra,10.048882242396918,SYNTHETIC DEMO DATA
2024-08-15,Gladstone-Dhamra,16.297896510097168,SYNTHETIC DEMO DATA
2024-08-16,Gladstone-Dhamra,14.149133764570456,SYNTHETIC DEMO DATA
2024-08-17,Gladstone-Dhamra,13.136178117909388,SYNTHETIC DEMO DATA
2024-08-18,Gladstone-Dhamra,14.00648643305874,SYNTHETIC DEMO DATA
2024-08-19,Gladstone-Dhamra,12.597858639959371,SYNTHETIC DEMO DATA
2024-08-20,Gladstone-Dhamra,12.254100253438786,SYNTHETIC DEMO DATA
2024-08-21,Gladstone-Dhamra,9.982633433262215,SYNTHETIC DEMO DATA
2024-08-22,Gladstone-Dhamra,11.193199804046007,SYNTHETIC DEMO DATA
2024-08-23,Gladstone-Dhamra,11.633945964239416,SYNTHETIC DEMO DATA
2024-08-24,Gladstone-Dhamra,9.083715253628585,SYNTHETIC DEMO DATA
2024-08-25,Gladstone-Dhamra,12.912413084371225,SYNTHETIC DEMO DATA
2024-08-26,Gladstone-Dhamra,8.852564268616943,SYNTHETIC DEMO DATA
2024-08-27,Gladstone-Dhamra,13.796645535912141,SYNTHETIC DEMO DATA
2024-08-28,Gladstone-Dhamra,12.523640558037934,SYNTHETIC DEMO DATA
2024-08-29,Gladstone-Dhamra,6.034127391478332,SYNTHETIC DEMO DATA
2024-08-30,Gladstone-Dhamra,10.269113866308052,SYNTHETIC DEMO DATA
2024-08-31,Gladstone-Dhamra,10.911250009793534,SYNTHETIC DEMO DATA
2024-09-01,Gladstone-Dhamra,11.996772964938533,SYNTHETIC DEMO DATA
2024-09-02,Gladstone-Dhamra,13.687900388969657,SYNTHETIC DEMO DATA
2024-09-03,Gladstone-Dhamra,12.974005190899375,SYNTHETIC DEMO DATA
2024-09-04,Gladstone-Dhamra,13.17923004067044,SYNTHETIC DEMO DATA
2024-09-05,Gladstone-Dhamra,12.984696591614853,SYNTHETIC DEMO DATA
2024-09-06,Gladstone-Dhamra,12.316983907197798,SYNTHETIC DEMO DATA
2024-09-07,Gladstone-Dhamra,16.808269191601525,SYNTHETIC DEMO DATA
2024-09-08,Gladstone-Dhamra,11.1190529690574,SYNTHETIC DEMO DATA
2024-09-09,Gladstone-Dhamra,10.028994827398872,SYNTHETIC DEMO DATA
2024-09-10,Gladstone-Dhamra,6.877916493634065,SYNTHETIC DEMO DATA
2024-09-11,Gladstone-Dhamra,12.165287739933856,SYNTHETIC DEMO DATA
2024-09-12,Gladstone-Dhamra,13.76698374952731,SYNTHETIC DEMO DATA
2024-09-13,Gladstone-Dhamra,7.904624417366369,SYNTHETIC DEMO DATA
2024-09-14,Gladstone-Dhamra,13.897901842729578,SYNTHETIC DEMO DATA
2024-09-15,Gladstone-Dhamra,7.605086965880709,SYNTHETIC DEMO DATA
2024-09-16,Gladstone-Dhamra,9.831099642717962,SYNTHETIC DEMO DATA
2024-09-17,Gladstone-Dhamra,9.754912587066308,SYNTHETIC DEMO DATA
2024-09-18,Gladstone-Dhamra,14.480402313372757,SYNTHETIC DEMO DATA
2024-09-19,Gladstone-Dhamra,14.224584752193493,SYNTHETIC DEMO DATA
2024-09-20,Gladstone-Dhamra,10.46826828337064,SYNTHETIC DEMO DATA
2024-09-21,Gladstone-Dhamra,10.973655800247604,SYNTHETIC DEMO DATA
2024-09-22,Gladstone-Dhamra,7.831454278951097,SYNTHETIC DEMO DATA
2024-09-23,Gladstone-Dhamra,12.719450171449292,SYNTHETIC DEMO DATA
2024-09-24,Gladstone-Dhamra,11.07551687452812,SYNTHETIC DEMO DATA
2024-09-25,Gladstone-Dhamra,13.773310847219442,SYNTHETIC DEMO DATA
2024-09-26,Gladstone-Dhamra,13.548866547218902,SYNTHETIC DEMO DATA
2024-09-27,Gladstone-Dhamra,10.870201010725836,SYNTHETIC DEMO DATA
2024-09-28,Gladstone-Dhamra,13.820778591510981,SYNTHETIC DEMO DATA
2024-09-29,Gladstone-Dhamra,14.48016031657441,SYNTHETIC DEMO DATA
2024-09-30,Gladstone-Dhamra,12.4337462302035,SYNTHETIC DEMO DATA
2024-10-01,Gladstone-Dhamra,15.587691565162787,SYNTHETIC DEMO DATA
2024-10-02,Gladstone-Dhamra,16.748208980504415,SYNTHETIC DEMO DATA
2024-10-03,Gladstone-Dhamra,12.249752873595522,SYNTHETIC DEMO DATA
2024-10-04,Gladstone-Dhamra,16.410157641649228,SYNTHETIC DEMO DATA
2024-10-05,Gladstone-Dhamra,11.055277682556905,SYNTHETIC DEMO DATA
2024-10-06,Gladstone-Dhamra,16.601651117098356,SYNTHETIC DEMO DATA
2024-10-07,Gladstone-Dhamra,10.278312792135448,SYNTHETIC DEMO DATA
2024-10-08,Gladstone-Dhamra,13.058322546885677,SYNTHETIC DEMO DATA
2024-10-09,Gladstone-Dhamra,12.505528753426677,SYNTHETIC DEMO DATA
2024-10-10,Gladstone-Dhamra,17.32271787738606,SYNTHETIC DEMO DATA
2024-10-11,Gladstone-Dhamra,15.693443588056265,SYNTHETIC DEMO DATA
2024-10-12,Gladstone-Dhamra,9.411447664109046,SYNTHETIC DEMO DATA
2024-10-13,Gladstone-Dhamra,8.333579408098453,SYNTHETIC DEMO DATA
2024-10-14,Gladstone-Dhamra,12.360292857469318,SYNTHETIC DEMO DATA
2024-10-15,Gladstone-Dhamra,8.811299469162103,SYNTHETIC DEMO DATA
2024-10-16,Gladstone-Dhamra,11.82219077825785,SYNTHETIC DEMO DATA
2024-10-17,Gladstone-Dhamra,8.951501825759447,SYNTHETIC DEMO DATA
2024-10-18,Gladstone-Dhamra,13.418107364967176,SYNTHETIC DEMO DATA
2024-10-19,Gladstone-Dhamra,13.900322429661237,SYNTHETIC DEMO DATA
2024-10-20,Gladstone-Dhamra,14.845003623553144,SYNTHETIC DEMO DATA
2024-10-21,Gladstone-Dhamra,11.064579711768445,SYNTHETIC DEMO DATA
2024-10-22,Gladstone-Dhamra,11.974463027246577,SYNTHETIC DEMO DATA
2024-10-23,Gladstone-Dhamra,14.114054161372824,SYNTHETIC DEMO DATA
2024-10-24,Gladstone-Dhamra,11.417492609266738,SYNTHETIC DEMO DATA
2024-10-25,Gladstone-Dhamra,12.453574053006854,SYNTHETIC DEMO DATA
2024-10-26,Gladstone-Dhamra,11.820387425380316,SYNTHETIC DEMO DATA
2024-10-27,Gladstone-Dhamra,11.390499441498447,SYNTHETIC DEMO DATA
2024-10-28,Gladstone-Dhamra,12.286070477273718,SYNTHETIC DEMO DATA
2024-10-29,Gladstone-Dhamra,11.877164678936502,SYNTHETIC DEMO DATA
2024-10-30,Gladstone-Dhamra,9.765618890815187,SYNTHETIC DEMO DATA
2024-10-31,Gladstone-Dhamra,7.875234470736143,SYNTHETIC DEMO DATA
2024-11-01,Gladstone-Dhamra,11.891645387934432,SYNTHETIC DEMO DATA
2024-11-02,Gladstone-Dhamra,8.085979481801175,SYNTHETIC DEMO DATA
2024-11-03,Gladstone-Dhamra,13.580949687610952,SYNTHETIC DEMO DATA
2024-11-04,Gladstone-Dhamra,11.183007371281082,SYNTHETIC DEMO DATA
2024-11-05,Gladstone-Dhamra,16.604828452213265,SYNTHETIC DEMO DATA
2024-11-06,Gladstone-Dhamra,10.562517225099494,SYNTHETIC DEMO DATA
2024-11-07,Gladstone-Dhamra,13.290884982992939,SYNTHETIC DEMO DATA
2024-11-08,Gladstone-Dhamra,13.178016714589017,SYNTHETIC DEMO DATA
2024-11-09,Gladstone-Dhamra,11.038815423779143,SYNTHETIC DEMO DATA
2024-11-10,Gladstone-Dhamra,12.593033932286094,SYNTHETIC DEMO DATA
2024-11-11,Gladstone-Dhamra,14.430570299427838,SYNTHETIC DEMO DATA
2024-11-12,Gladstone-Dhamra,14.229973950326226,SYNTHETIC DEMO DATA
2024-11-13,Gladstone-Dhamra,11.28190137236557,SYNTHETIC DEMO DATA
2024-11-14,Gladstone-Dhamra,12.245858691796707,SYNTHETIC DEMO DATA
2024-11-15,Gladstone-Dhamra,11.1079658447989,SYNTHETIC DEMO DATA
2024-11-16,Gladstone-Dhamra,11.158303552177482,SYNTHETIC DEMO DATA
2024-11-17,Gladstone-Dhamra,12.05542200368041,SYNTHETIC DEMO DATA
2024-11-18,Gladstone-Dhamra,10.913358061157814,SYNTHETIC DEMO DATA
2024-11-19,Gladstone-Dhamra,13.051444661633234,SYNTHETIC DEMO DATA
2024-11-20,Gladstone-Dhamra,14.2502837403708,SYNTHETIC DEMO DATA
2024-11-21,Gladstone-Dhamra,12.427848078978586,SYNTHETIC DEMO DATA
2024-11-22,Gladstone-Dhamra,10.35662940082307,SYNTHETIC DEMO DATA
2024-11-23,Gladstone-Dhamra,14.423380866920201,SYNTHETIC DEMO DATA
2024-11-24,Gladstone-Dhamra,10.804950696741113,SYNTHETIC DEMO DATA
2024-11-25,Gladstone-Dhamra,14.583655972960395,SYNTHETIC DEMO DATA
2024-11-26,Gladstone-Dhamra,10.430519774404058,SYNTHETIC DEMO DATA
2024-11-27,Gladstone-Dhamra,14.482184960967377,SYNTHETIC DEMO DATA
2024-11-28,Gladstone-Dhamra,12.963658744250134,SYNTHETIC DEMO DATA
2024-11-29,Gladstone-Dhamra,13.85912026352531,SYNTHETIC DEMO DATA
2024-11-30,Gladstone-Dhamra,14.689661812526879,SYNTHETIC DEMO DATA
2024-12-01,Gladstone-Dhamra,12.428838258127378,SYNTHETIC DEMO DATA
2024-12-02,Gladstone-Dhamra,12.767565499795957,SYNTHETIC DEMO DATA
2024-12-03,Gladstone-Dhamra,11.727445690801945,SYNTHETIC DEMO DATA
2024-12-04,Gladstone-Dhamra,9.472859643789604,SYNTHETIC DEMO DATA
2024-12-05,Gladstone-Dhamra,11.575344763878244,SYNTHETIC DEMO DATA
2024-12-06,Gladstone-Dhamra,13.489935955253936,SYNTHETIC DEMO DATA
2024-12-07,Gladstone-Dhamra,13.639786345034537,SYNTHETIC DEMO DATA
2024-12-08,Gladstone-Dhamra,10.959289216480169,SYNTHETIC DEMO DATA
2024-12-09,Gladstone-Dhamra,14.110317315969958,SYNTHETIC DEMO DATA
2024-12-10,Gladstone-Dhamra,14.583244517811572,SYNTHETIC DEMO DATA
2024-12-11,Gladstone-Dhamra,12.218644591671055,SYNTHETIC DEMO DATA
2024-12-12,Gladstone-Dhamra,10.956556141726217,SYNTHETIC DEMO DATA
2024-12-13,Gladstone-Dhamra,16.198190607302532,SYNTHETIC DEMO DATA
2024-12-14,Gladstone-Dhamra,14.379113044931614,SYNTHETIC DEMO DATA
2024-12-15,Gladstone-Dhamra,14.883849940835905,SYNTHETIC DEMO DATA
2024-12-16,Gladstone-Dhamra,15.634962645942274,SYNTHETIC DEMO DATA
2024-12-17,Gladstone-Dhamra,12.696376651318973,SYNTHETIC DEMO DATA
2024-12-18,Gladstone-Dhamra,15.723784625698016,SYNTHETIC DEMO DATA
2024-12-19,Gladstone-Dhamra,14.011960227035974,SYNTHETIC DEMO DATA
2024-12-20,Gladstone-Dhamra,10.643203472709303,SYNTHETIC DEMO DATA
2024-12-21,Gladstone-Dhamra,13.923338457496284,SYNTHETIC DEMO DATA
2024-12-22,Gladstone-Dhamra,15.678482053038275,SYNTHETIC DEMO DATA
2024-12-23,Gladstone-Dhamra,12.452301869632262,SYNTHETIC DEMO DATA
2024-12-24,Gladstone-Dhamra,16.15171864278536,SYNTHETIC DEMO DATA
2024-12-25,Gladstone-Dhamra,17.954710496282623,SYNTHETIC DEMO DATA
2024-12-26,Gladstone-Dhamra,13.743976924859826,SYNTHETIC DEMO DATA
2024-12-27,Gladstone-Dhamra,12.746279054448456,SYNTHETIC DEMO DATA
2024-12-28,Gladstone-Dhamra,10.740865612176888,SYNTHETIC DEMO DATA
2024-12-29,Gladstone-Dhamra,16.255164699584945,SYNTHETIC DEMO DATA
2024-12-30,Gladstone-Dhamra,14.07235281798919,SYNTHETIC DEMO DATA
2024-12-31,Gladstone-Dhamra,10.414615695568127,SYNTHETIC DEMO DATA
2025-01-01,Gladstone-Dhamra,13.452571701891964,SYNTHETIC DEMO DATA
2025-01-02,Gladstone-Dhamra,14.46471426904828,SYNTHETIC DEMO DATA
2025-01-03,Gladstone-Dhamra,11.80103664564458,SYNTHETIC DEMO DATA
2025-01-04,Gladstone-Dhamra,11.757485638989433,SYNTHETIC DEMO DATA
2025-01-05,Gladstone-Dhamra,15.620747709511475,SYNTHETIC DEMO DATA
2025-01-06,Gladstone-Dhamra,15.362770354883766,SYNTHETIC DEMO DATA
2025-01-07,Gladstone-Dhamra,11.36490499250289,SYNTHETIC DEMO DATA
2025-01-08,Gladstone-Dhamra,10.1346597384773,SYNTHETIC DEMO DATA
2025-01-09,Gladstone-Dhamra,16.489919167235502,SYNTHETIC DEMO DATA
2025-01-10,Gladstone-Dhamra,16.02263486496627,SYNTHETIC DEMO DATA
2025-01-11,Gladstone-Dhamra,13.966127358862723,SYNTHETIC DEMO DATA
2025-01-12,Gladstone-Dhamra,8.872990502986138,SYNTHETIC DEMO DATA
2025-01-13,Gladstone-Dhamra,15.99095117270913,SYNTHETIC DEMO DATA
2025-01-14,Gladstone-Dhamra,14.352705732984674,SYNTHETIC DEMO DATA
2025-01-15,Gladstone-Dhamra,15.2499501801652,SYNTHETIC DEMO DATA
2025-01-16,Gladstone-Dhamra,12.43348124456003,SYNTHETIC DEMO DATA
2025-01-17,Gladstone-Dhamra,11.298015330258378,SYNTHETIC DEMO DATA
2025-01-18,Gladstone-Dhamra,14.073450688068815,SYNTHETIC DEMO DATA
2025-01-19,Gladstone-Dhamra,10.87318038201562,SYNTHETIC DEMO DATA
2025-01-20,Gladstone-Dhamra,13.835247026961056,SYNTHETIC DEMO DATA
2025-01-21,Gladstone-Dhamra,15.468282085636575,SYNTHETIC DEMO DATA
2025-01-22,Gladstone-Dhamra,14.926543262669357,SYNTHETIC DEMO DATA
2025-01-23,Gladstone-Dhamra,16.015032367172576,SYNTHETIC DEMO DATA
2025-01-24,Gladstone-Dhamra,14.781616867711865,SYNTHETIC DEMO DATA
2025-01-25,Gladstone-Dhamra,11.754711103789328,SYNTHETIC DEMO DATA
2025-01-26,Gladstone-Dhamra,17.011687918928487,SYNTHETIC DEMO DATA
2025-01-27,Gladstone-Dhamra,14.384021655021431,SYNTHETIC DEMO DATA
2025-01-28,Gladstone-Dhamra,18.867098011407503,SYNTHETIC DEMO DATA
2025-01-29,Gladstone-Dhamra,12.610367595758198,SYNTHETIC DEMO DATA
2025-01-30,Gladstone-Dhamra,12.007223733196989,SYNTHETIC DEMO DATA
2025-01-31,Gladstone-Dhamra,12.076848556879312,SYNTHETIC DEMO DATA
2025-02-01,Gladstone-Dhamra,13.361048375960072,SYNTHETIC DEMO DATA
2025-02-02,Gladstone-Dhamra,11.624131280697945,SYNTHETIC DEMO DATA
2025-02-03,Gladstone-Dhamra,13.207575189585981,SYNTHETIC DEMO DATA
2025-02-04,Gladstone-Dhamra,16.256280079923293,SYNTHETIC DEMO DATA
2025-02-05,Gladstone-Dhamra,12.965736231360392,SYNTHETIC DEMO DATA
2025-02-06,Gladstone-Dhamra,13.000548570866389,SYNTHETIC DEMO DATA
2025-02-07,Gladstone-Dhamra,16.266692624927206,SYNTHETIC DEMO DATA
2025-02-08,Gladstone-Dhamra,11.3317402619798,SYNTHETIC DEMO DATA
2025-02-09,Gladstone-Dhamra,13.82047268278166,SYNTHETIC DEMO DATA
2025-02-10,Gladstone-Dhamra,16.514283806493253,SYNTHETIC DEMO DATA
2025-02-11,Gladstone-Dhamra,13.819935724542084,SYNTHETIC DEMO DATA
2025-02-12,Gladstone-Dhamra,17.56850949966801,SYNTHETIC DEMO DATA
2025-02-13,Gladstone-Dhamra,14.47295220333002,SYNTHETIC DEMO DATA
2025-02-14,Gladstone-Dhamra,10.870406188274046,SYNTHETIC DEMO DATA
2025-02-15,Gladstone-Dhamra,13.806621867706967,SYNTHETIC DEMO DATA
2025-02-16,Gladstone-Dhamra,16.03063590328045,SYNTHETIC DEMO DATA
2025-02-17,Gladstone-Dhamra,16.249287250671248,SYNTHETIC DEMO DATA
2025-02-18,Gladstone-Dhamra,7.867606635323803,SYNTHETIC DEMO DATA
2025-02-19,Gladstone-Dhamra,12.314269515375823,SYNTHETIC DEMO DATA
2025-02-20,Gladstone-Dhamra,13.733810316147668,SYNTHETIC DEMO DATA
2025-02-21,Gladstone-Dhamra,13.152123870035837,SYNTHETIC DEMO DATA
2025-02-22,Gladstone-Dhamra,16.082760552327738,SYNTHETIC DEMO DATA
2025-02-23,Gladstone-Dhamra,11.49838073976849,SYNTHETIC DEMO DATA
2025-02-24,Gladstone-Dhamra,12.406089279680813,SYNTHETIC DEMO DATA
2025-02-25,Gladstone-Dhamra,13.360850892439078,SYNTHETIC DEMO DATA
2025-02-26,Gladstone-Dhamra,8.848773230827137,SYNTHETIC DEMO DATA
2025-02-27,Gladstone-Dhamra,15.042474219382031,SYNTHETIC DEMO DATA
2025-02-28,Gladstone-Dhamra,17.10703761534781,SYNTHETIC DEMO DATA
2025-03-01,Gladstone-Dhamra,14.204839566945024,SYNTHETIC DEMO DATA
2025-03-02,Gladstone-Dhamra,14.590824066367547,SYNTHETIC DEMO DATA
2025-03-03,Gladstone-Dhamra,14.460902505268763,SYNTHETIC DEMO DATA
2025-03-04,Gladstone-Dhamra,13.988066398600942,SYNTHETIC DEMO DATA
2025-03-05,Gladstone-Dhamra,17.585904261028553,SYNTHETIC DEMO DATA
2025-03-06,Gladstone-Dhamra,13.870016680691634,SYNTHETIC DEMO DATA
2025-03-07,Gladstone-Dhamra,16.669104509180972,SYNTHETIC DEMO DATA
2025-03-08,Gladstone-Dhamra,13.017399739724473,SYNTHETIC DEMO DATA
2025-03-09,Gladstone-Dhamra,18.949522063535365,SYNTHETIC DEMO DATA
2025-03-10,Gladstone-Dhamra,13.571608866703556,SYNTHETIC DEMO DATA
2025-03-11,Gladstone-Dhamra,14.660813878032547,SYNTHETIC DEMO DATA
2025-03-12,Gladstone-Dhamra,13.678785015306996,SYNTHETIC DEMO DATA
2025-03-13,Gladstone-Dhamra,14.91983428552628,SYNTHETIC DEMO DATA
2025-03-14,Gladstone-Dhamra,12.42891716368654,SYNTHETIC DEMO DATA
2025-03-15,Gladstone-Dhamra,12.527407339436817,SYNTHETIC DEMO DATA
2025-03-16,Gladstone-Dhamra,12.853008100032119,SYNTHETIC DEMO DATA
2025-03-17,Gladstone-Dhamra,17.02351614424289,SYNTHETIC DEMO DATA
2025-03-18,Gladstone-Dhamra,18.648747626167644,SYNTHETIC DEMO DATA
2025-03-19,Gladstone-Dhamra,14.018595979934194,SYNTHETIC DEMO DATA
2025-03-20,Gladstone-Dhamra,18.85056461606791,SYNTHETIC DEMO DATA
2025-03-21,Gladstone-Dhamra,9.788317427057756,SYNTHETIC DEMO DATA
2025-03-22,Gladstone-Dhamra,14.304940518155341,SYNTHETIC DEMO DATA
2025-03-23,Gladstone-Dhamra,15.329347002662706,SYNTHETIC DEMO DATA
2025-03-24,Gladstone-Dhamra,14.961770190642165,SYNTHETIC DEMO DATA
2025-03-25,Gladstone-Dhamra,13.253179330876709,SYNTHETIC DEMO DATA
2025-03-26,Gladstone-Dhamra,15.536311700627742,SYNTHETIC DEMO DATA
2025-03-27,Gladstone-Dhamra,19.76926773433046,SYNTHETIC DEMO DATA
2025-03-28,Gladstone-Dhamra,18.23419193611228,SYNTHETIC DEMO DATA
2025-03-29,Gladstone-Dhamra,15.330848645924602,SYNTHETIC DEMO DATA
2025-03-30,Gladstone-Dhamra,15.133504150965358,SYNTHETIC DEMO DATA
2025-03-31,Gladstone-Dhamra,16.571349121893224,SYNTHETIC DEMO DATA
2025-04-01,Gladstone-Dhamra,14.368784536539302,SYNTHETIC DEMO DATA
2025-04-02,Gladstone-Dhamra,17.33871582814517,SYNTHETIC DEMO DATA
2025-04-03,Gladstone-Dhamra,18.08490113094667,SYNTHETIC DEMO DATA
2025-04-04,Gladstone-Dhamra,16.302340499868595,SYNTHETIC DEMO DATA
2025-04-05,Gladstone-Dhamra,14.198796033964356,SYNTHETIC DEMO DATA
2025-04-06,Gladstone-Dhamra,19.314108223036474,SYNTHETIC DEMO DATA
2025-04-07,Gladstone-Dhamra,13.555661101268257,SYNTHETIC DEMO DATA
2025-04-08,Gladstone-Dhamra,17.54502982324285,SYNTHETIC DEMO DATA
2025-04-09,Gladstone-Dhamra,21.157034013536617,SYNTHETIC DEMO DATA
2025-04-10,Gladstone-Dhamra,16.472859175190898,SYNTHETIC DEMO DATA
2025-04-11,Gladstone-Dhamra,17.642769941284705,SYNTHETIC DEMO DATA
2025-04-12,Gladstone-Dhamra,17.804707442198918,SYNTHETIC DEMO DATA
2025-04-13,Gladstone-Dhamra,20.310022034233985,SYNTHETIC DEMO DATA
2025-04-14,Gladstone-Dhamra,15.900920389169785,SYNTHETIC DEMO DATA
2025-04-15,Gladstone-Dhamra,17.19248920365401,SYNTHETIC DEMO DATA
2025-04-16,Gladstone-Dhamra,18.127009777263833,SYNTHETIC DEMO DATA
2025-04-17,Gladstone-Dhamra,18.760374734360173,SYNTHETIC DEMO DATA
2025-04-18,Gladstone-Dhamra,16.03779609812922,SYNTHETIC DEMO DATA
2025-04-19,Gladstone-Dhamra,14.66959209111011,SYNTHETIC DEMO DATA
2025-04-20,Gladstone-Dhamra,19.457197523742863,SYNTHETIC DEMO DATA
2025-04-21,Gladstone-Dhamra,15.605754810157178,SYNTHETIC DEMO DATA
2025-04-22,Gladstone-Dhamra,17.112489072110353,SYNTHETIC DEMO DATA
2025-04-23,Gladstone-Dhamra,13.714970319227199,SYNTHETIC DEMO DATA
2025-04-24,Gladstone-Dhamra,14.53597457851755,SYNTHETIC DEMO DATA
2025-04-25,Gladstone-Dhamra,14.119863013588446,SYNTHETIC DEMO DATA
2025-04-26,Gladstone-Dhamra,14.016622476877306,SYNTHETIC DEMO DATA
2025-04-27,Gladstone-Dhamra,15.530556246795014,SYNTHETIC DEMO DATA
2025-04-28,Gladstone-Dhamra,17.170856428474153,SYNTHETIC DEMO DATA
2025-04-29,Gladstone-Dhamra,16.989443661399612,SYNTHETIC DEMO DATA
2025-04-30,Gladstone-Dhamra,16.455069277601154,SYNTHETIC DEMO DATA
2025-05-01,Gladstone-Dhamra,18.097625968050163,SYNTHETIC DEMO DATA
2025-05-02,Gladstone-Dhamra,19.37737289834341,SYNTHETIC DEMO DATA
2025-05-03,Gladstone-Dhamra,17.413591245302566,SYNTHETIC DEMO DATA
2025-05-04,Gladstone-Dhamra,18.57295934888064,SYNTHETIC DEMO DATA
2025-05-05,Gladstone-Dhamra,13.446894186485483,SYNTHETIC DEMO DATA
2025-05-06,Gladstone-Dhamra,16.818800943875665,SYNTHETIC DEMO DATA
2025-05-07,Gladstone-Dhamra,17.116236847185906,SYNTHETIC DEMO DATA
2025-05-08,Gladstone-Dhamra,16.82959128558233,SYNTHETIC DEMO DATA
2025-05-09,Gladstone-Dhamra,20.700211408564584,SYNTHETIC DEMO DATA
2025-05-10,Gladstone-Dhamra,16.070913916656743,SYNTHETIC DEMO DATA
2025-05-11,Gladstone-Dhamra,21.158142147154003,SYNTHETIC DEMO DATA
2025-05-12,Gladstone-Dhamra,17.604226634725407,SYNTHETIC DEMO DATA
2025-05-13,Gladstone-Dhamra,16.052719011059775,SYNTHETIC DEMO DATA
2025-05-14,Gladstone-Dhamra,16.908990190256674,SYNTHETIC DEMO DATA
2025-05-15,Gladstone-Dhamra,16.38276184461879,SYNTHETIC DEMO DATA
2025-05-16,Gladstone-Dhamra,16.46993015007808,SYNTHETIC DEMO DATA
2025-05-17,Gladstone-Dhamra,15.918338960275621,SYNTHETIC DEMO DATA
2025-05-18,Gladstone-Dhamra,20.54702731807946,SYNTHETIC DEMO DATA
2025-05-19,Gladstone-Dhamra,16.40407027418975,SYNTHETIC DEMO DATA
2025-05-20,Gladstone-Dhamra,19.821495799254237,SYNTHETIC DEMO DATA
2025-05-21,Gladstone-Dhamra,17.359755356950963,SYNTHETIC DEMO DATA
2025-05-22,Gladstone-Dhamra,16.472497154554688,SYNTHETIC DEMO DATA
2025-05-23,Gladstone-Dhamra,14.213771666112454,SYNTHETIC DEMO DATA
2025-05-24,Gladstone-Dhamra,16.744160296599187,SYNTHETIC DEMO DATA
2025-05-25,Gladstone-Dhamra,18.11001765426986,SYNTHETIC DEMO DATA
2025-05-26,Gladstone-Dhamra,18.008288487692067,SYNTHETIC DEMO DATA
2025-05-27,Gladstone-Dhamra,14.439313937251768,SYNTHETIC DEMO DATA
2025-05-28,Gladstone-Dhamra,15.222042201686591,SYNTHETIC DEMO DATA
2025-05-29,Gladstone-Dhamra,18.101065694296597,SYNTHETIC DEMO DATA
2025-05-30,Gladstone-Dhamra,17.27254843419997,SYNTHETIC DEMO DATA
2025-05-31,Gladstone-Dhamra,18.672146561470598,SYNTHETIC DEMO DATA
2025-06-01,Gladstone-Dhamra,18.90171952466607,SYNTHETIC DEMO DATA
2025-06-02,Gladstone-Dhamra,17.288862216134362,SYNTHETIC DEMO DATA
2025-06-03,Gladstone-Dhamra,20.216657237368977,SYNTHETIC DEMO DATA
2025-06-04,Gladstone-Dhamra,19.939960003144147,SYNTHETIC DEMO DATA
2025-06-05,Gladstone-Dhamra,19.554675492866266,SYNTHETIC DEMO DATA
2025-06-06,Gladstone-Dhamra,17.362224098206507,SYNTHETIC DEMO DATA
2025-06-07,Gladstone-Dhamra,16.336236803048667,SYNTHETIC DEMO DATA
2025-06-08,Gladstone-Dhamra,19.409644862109776,SYNTHETIC DEMO DATA
2025-06-09,Gladstone-Dhamra,16.88513918609542,SYNTHETIC DEMO DATA
2025-06-10,Gladstone-Dhamra,21.616265469056422,SYNTHETIC DEMO DATA
2025-06-11,Gladstone-Dhamra,16.032127585972155,SYNTHETIC DEMO DATA
2025-06-12,Gladstone-Dhamra,19.721920327239225,SYNTHETIC DEMO DATA
2025-06-13,Gladstone-Dhamra,17.561002904782733,SYNTHETIC DEMO DATA
2025-06-14,Gladstone-Dhamra,17.210090828701112,SYNTHETIC DEMO DATA
2025-06-15,Gladstone-Dhamra,16.65757110195639,SYNTHETIC DEMO DATA
2025-06-16,Gladstone-Dhamra,13.283617543619318,SYNTHETIC DEMO DATA
2025-06-17,Gladstone-Dhamra,17.157831766748085,SYNTHETIC DEMO DATA
2025-06-18,Gladstone-Dhamra,21.99919664090111,SYNTHETIC DEMO DATA
2025-06-19,Gladstone-Dhamra,16.263603711798908,SYNTHETIC DEMO DATA
2025-06-20,Gladstone-Dhamra,18.481718356439735,SYNTHETIC DEMO DATA
2025-06-21,Gladstone-Dhamra,17.816313781384,SYNTHETIC DEMO DATA
2025-06-22,Gladstone-Dhamra,18.3294351776178,SYNTHETIC DEMO DATA
2025-06-23,Gladstone-Dhamra,17.01167855249212,SYNTHETIC DEMO DATA
2025-06-24,Gladstone-Dhamra,16.883032839999757,SYNTHETIC DEMO DATA
2025-06-25,Gladstone-Dhamra,18.601751598633662,SYNTHETIC DEMO DATA
2025-06-26,Gladstone-Dhamra,18.88993285699958,SYNTHETIC DEMO DATA
2025-06-27,Gladstone-Dhamra,20.133251524543336,SYNTHETIC DEMO DATA
2025-06-28,Gladstone-Dhamra,18.311788468375642,SYNTHETIC DEMO DATA
2025-06-29,Gladstone-Dhamra,18.15183195655578,SYNTHETIC DEMO DATA
2025-06-30,Gladstone-Dhamra,17.62466477521806,SYNTHETIC DEMO DATA
2025-07-01,Gladstone-Dhamra,20.36268410139984,SYNTHETIC DEMO DATA
2025-07-02,Gladstone-Dhamra,18.428111495784222,SYNTHETIC DEMO DATA
2025-07-03,Gladstone-Dhamra,18.166516317983064,SYNTHETIC DEMO DATA
2025-07-04,Gladstone-Dhamra,14.592523751071504,SYNTHETIC DEMO DATA
2025-07-05,Gladstone-Dhamra,18.124744158413495,SYNTHETIC DEMO DATA
2025-07-06,Gladstone-Dhamra,17.6409830142464,SYNTHETIC DEMO DATA
2025-07-07,Gladstone-Dhamra,21.905406532259338,SYNTHETIC DEMO DATA
2025-07-08,Gladstone-Dhamra,18.871627568240775,SYNTHETIC DEMO DATA
2025-07-09,Gladstone-Dhamra,20.2062483167973,SYNTHETIC DEMO DATA
2025-07-10,Gladstone-Dhamra,20.044165048557566,SYNTHETIC DEMO DATA
2025-07-11,Gladstone-Dhamra,20.18943758463458,SYNTHETIC DEMO DATA
2025-07-12,Gladstone-Dhamra,19.427190419090017,SYNTHETIC DEMO DATA
2025-07-13,Gladstone-Dhamra,15.743322513712732,SYNTHETIC DEMO DATA
2025-07-14,Gladstone-Dhamra,18.105997545780873,SYNTHETIC DEMO DATA
2025-07-15,Gladstone-Dhamra,16.472655788649543,SYNTHETIC DEMO DATA
2025-07-16,Gladstone-Dhamra,18.474191852521063,SYNTHETIC DEMO DATA
2025-07-17,Gladstone-Dhamra,17.34460133941706,SYNTHETIC DEMO DATA
2025-07-18,Gladstone-Dhamra,17.927396618331937,SYNTHETIC DEMO DATA
2025-07-19,Gladstone-Dhamra,18.046528093110965,SYNTHETIC DEMO DATA
2025-07-20,Gladstone-Dhamra,20.366565544729305,SYNTHETIC DEMO DATA
2025-07-21,Gladstone-Dhamra,19.00643086212105,SYNTHETIC DEMO DATA
2025-07-22,Gladstone-Dhamra,19.61910203157461,SYNTHETIC DEMO DATA
2025-07-23,Gladstone-Dhamra,20.876447209467557,SYNTHETIC DEMO DATA
2025-07-24,Gladstone-Dhamra,16.142236601798864,SYNTHETIC DEMO DATA
2025-07-25,Gladstone-Dhamra,19.94660694522453,SYNTHETIC DEMO DATA
2025-07-26,Gladstone-Dhamra,15.567497897292553,SYNTHETIC DEMO DATA
2025-07-27,Gladstone-Dhamra,21.11795803772057,SYNTHETIC DEMO DATA
2025-07-28,Gladstone-Dhamra,16.21094400017555,SYNTHETIC DEMO DATA
2025-07-29,Gladstone-Dhamra,18.17804122808398,SYNTHETIC DEMO DATA
2025-07-30,Gladstone-Dhamra,17.046065933411917,SYNTHETIC DEMO DATA
2025-07-31,Gladstone-Dhamra,17.5774748329156,SYNTHETIC DEMO DATA
2025-08-01,Gladstone-Dhamra,16.819986388522732,SYNTHETIC DEMO DATA
2025-08-02,Gladstone-Dhamra,15.474682321194333,SYNTHETIC DEMO DATA
2025-08-03,Gladstone-Dhamra,19.359415942174476,SYNTHETIC DEMO DATA
2025-08-04,Gladstone-Dhamra,17.16113535115045,SYNTHETIC DEMO DATA
2025-08-05,Gladstone-Dhamra,18.784797900963493,SYNTHETIC DEMO DATA
2025-08-06,Gladstone-Dhamra,14.959327795637725,SYNTHETIC DEMO DATA
2025-08-07,Gladstone-Dhamra,18.840693226232347,SYNTHETIC DEMO DATA
2025-08-08,Gladstone-Dhamra,17.630842646612756,SYNTHETIC DEMO DATA
2025-08-09,Gladstone-Dhamra,19.89090911054984,SYNTHETIC DEMO DATA
2025-08-10,Gladstone-Dhamra,19.186751938141168,SYNTHETIC DEMO DATA
2025-08-11,Gladstone-Dhamra,18.2745305895557,SYNTHETIC DEMO DATA
2025-08-12,Gladstone-Dhamra,15.580809824323257,SYNTHETIC DEMO DATA
2025-08-13,Gladstone-Dhamra,19.58550852806599,SYNTHETIC DEMO DATA
2025-08-14,Gladstone-Dhamra,21.91667336025779,SYNTHETIC DEMO DATA
2025-08-15,Gladstone-Dhamra,19.140648450799212,SYNTHETIC DEMO DATA
2025-08-16,Gladstone-Dhamra,18.69080864959287,SYNTHETIC DEMO DATA
2025-08-17,Gladstone-Dhamra,15.917187918257492,SYNTHETIC DEMO DATA
2025-08-18,Gladstone-Dhamra,15.971974438377831,SYNTHETIC DEMO DATA
2025-08-19,Gladstone-Dhamra,18.6095070514574,SYNTHETIC DEMO DATA
2025-08-20,Gladstone-Dhamra,19.41159904973013,SYNTHETIC DEMO DATA
2025-08-21,Gladstone-Dhamra,18.334599178075145,SYNTHETIC DEMO DATA
2025-08-22,Gladstone-Dhamra,19.71781341966632,SYNTHETIC DEMO DATA
2025-08-23,Gladstone-Dhamra,14.891389917601,SYNTHETIC DEMO DATA
2025-08-24,Gladstone-Dhamra,17.29525647842887,SYNTHETIC DEMO DATA
2025-08-25,Gladstone-Dhamra,17.70193610541008,SYNTHETIC DEMO DATA
2025-08-26,Gladstone-Dhamra,15.814755060754127,SYNTHETIC DEMO DATA
2025-08-27,Gladstone-Dhamra,16.656594846285767,SYNTHETIC DEMO DATA
2025-08-28,Gladstone-Dhamra,21.861130350924633,SYNTHETIC DEMO DATA
2025-08-29,Gladstone-Dhamra,17.68958044177879,SYNTHETIC DEMO DATA
2025-08-30,Gladstone-Dhamra,16.419841803209863,SYNTHETIC DEMO DATA
2025-08-31,Gladstone-Dhamra,17.774146275326146,SYNTHETIC DEMO DATA
2025-09-01,Gladstone-Dhamra,17.339685691255575,SYNTHETIC DEMO DATA
2025-09-02,Gladstone-Dhamra,17.48068267214564,SYNTHETIC DEMO DATA
2025-09-03,Gladstone-Dhamra,21.350132564275533,SYNTHETIC DEMO DATA
2025-09-04,Gladstone-Dhamra,22.232252526966686,SYNTHETIC DEMO DATA
2025-09-05,Gladstone-Dhamra,17.616862909836676,SYNTHETIC DEMO DATA
2025-09-06,Gladstone-Dhamra,20.692275235028582,SYNTHETIC DEMO DATA
2025-09-07,Gladstone-Dhamra,18.025846583670358,SYNTHETIC DEMO DATA
2025-09-08,Gladstone-Dhamra,17.11984846706235,SYNTHETIC DEMO DATA
2025-09-09,Gladstone-Dhamra,16.055506287553627,SYNTHETIC DEMO DATA
2025-09-10,Gladstone-Dhamra,17.32640720333999,SYNTHETIC DEMO DATA
2025-09-11,Gladstone-Dhamra,16.82431991811818,SYNTHETIC DEMO DATA
2025-09-12,Gladstone-Dhamra,16.559149849912423,SYNTHETIC DEMO DATA
2025-09-13,Gladstone-Dhamra,17.397517320543496,SYNTHETIC DEMO DATA
2025-09-14,Gladstone-Dhamra,18.882386358998865,SYNTHETIC DEMO DATA
2025-09-15,Gladstone-Dhamra,16.193061499845278,SYNTHETIC DEMO DATA
2025-09-16,Gladstone-Dhamra,18.328051416375022,SYNTHETIC DEMO DATA
2025-09-17,Gladstone-Dhamra,17.16435210044824,SYNTHETIC DEMO DATA
2025-09-18,Gladstone-Dhamra,20.00863203704142,SYNTHETIC DEMO DATA
2025-09-19,Gladstone-Dhamra,14.494171815735816,SYNTHETIC DEMO DATA
2025-09-20,Gladstone-Dhamra,16.31716533998034,SYNTHETIC DEMO DATA
2025-09-21,Gladstone-Dhamra,18.678962515635078,SYNTHETIC DEMO DATA
2025-09-22,Gladstone-Dhamra,21.17086093228858,SYNTHETIC DEMO DATA
2025-09-23,Gladstone-Dhamra,19.308497708197912,SYNTHETIC DEMO DATA
2025-09-24,Gladstone-Dhamra,13.594528608021372,SYNTHETIC DEMO DATA
2025-09-25,Gladstone-Dhamra,15.078285822018488,SYNTHETIC DEMO DATA
2025-09-26,Gladstone-Dhamra,16.39446802124193,SYNTHETIC DEMO DATA
2025-09-27,Gladstone-Dhamra,16.590460385577593,SYNTHETIC DEMO DATA
2025-09-28,Gladstone-Dhamra,16.881923930281452,SYNTHETIC DEMO DATA
2025-09-29,Gladstone-Dhamra,19.32431291276098,SYNTHETIC DEMO DATA
2025-09-30,Gladstone-Dhamra,17.77453853390829,SYNTHETIC DEMO DATA
2025-10-01,Gladstone-Dhamra,18.506381366174327,SYNTHETIC DEMO DATA
2025-10-02,Gladstone-Dhamra,20.49903843109174,SYNTHETIC DEMO DATA
2025-10-03,Gladstone-Dhamra,18.83917932445938,SYNTHETIC DEMO DATA
2025-10-04,Gladstone-Dhamra,16.24809794594349,SYNTHETIC DEMO DATA
2025-10-05,Gladstone-Dhamra,15.730177818355354,SYNTHETIC DEMO DATA
2025-10-06,Gladstone-Dhamra,17.38026402424487,SYNTHETIC DEMO DATA
2025-10-07,Gladstone-Dhamra,14.203952128985424,SYNTHETIC DEMO DATA
2025-10-08,Gladstone-Dhamra,18.88364336665495,SYNTHETIC DEMO DATA
2025-10-09,Gladstone-Dhamra,16.64009818820298,SYNTHETIC DEMO DATA
2025-10-10,Gladstone-Dhamra,16.888405902968554,SYNTHETIC DEMO DATA
2025-10-11,Gladstone-Dhamra,17.51203440966733,SYNTHETIC DEMO DATA
2025-10-12,Gladstone-Dhamra,15.327384568543357,SYNTHETIC DEMO DATA
2025-10-13,Gladstone-Dhamra,19.30193705639599,SYNTHETIC DEMO DATA
2025-10-14,Gladstone-Dhamra,14.667880800246722,SYNTHETIC DEMO DATA
2025-10-15,Gladstone-Dhamra,16.041140958116603,SYNTHETIC DEMO DATA
2025-10-16,Gladstone-Dhamra,16.377850604467305,SYNTHETIC DEMO DATA
2025-10-17,Gladstone-Dhamra,20.170919729103566,SYNTHETIC DEMO DATA
2025-10-18,Gladstone-Dhamra,16.496672000509832,SYNTHETIC DEMO DATA
2025-10-19,Gladstone-Dhamra,15.934602794694847,SYNTHETIC DEMO DATA
2025-10-20,Gladstone-Dhamra,16.901950724683026,SYNTHETIC DEMO DATA
2025-10-21,Gladstone-Dhamra,20.18200615823976,SYNTHETIC DEMO DATA
2025-10-22,Gladstone-Dhamra,17.765536668915484,SYNTHETIC DEMO DATA
2025-10-23,Gladstone-Dhamra,16.21391827259897,SYNTHETIC DEMO DATA
2025-10-24,Gladstone-Dhamra,16.893778792955267,SYNTHETIC DEMO DATA
2025-10-25,Gladstone-Dhamra,18.051741548305625,SYNTHETIC DEMO DATA
2025-10-26,Gladstone-Dhamra,16.72266873720252,SYNTHETIC DEMO DATA
2025-10-27,Gladstone-Dhamra,13.663855770052516,SYNTHETIC DEMO DATA
2025-10-28,Gladstone-Dhamra,13.089919910675793,SYNTHETIC DEMO DATA
2025-10-29,Gladstone-Dhamra,16.363611972161227,SYNTHETIC DEMO DATA
2025-10-30,Gladstone-Dhamra,17.4557419485035,SYNTHETIC DEMO DATA
2025-10-31,Gladstone-Dhamra,16.218132974720923,SYNTHETIC DEMO DATA
2025-11-01,Gladstone-Dhamra,16.58297608937559,SYNTHETIC DEMO DATA
2025-11-02,Gladstone-Dhamra,18.88156228047751,SYNTHETIC DEMO DATA
2025-11-03,Gladstone-Dhamra,13.08402145291103,SYNTHETIC DEMO DATA
2025-11-04,Gladstone-Dhamra,13.9562479793415,SYNTHETIC DEMO DATA
2025-11-05,Gladstone-Dhamra,16.672635177352337,SYNTHETIC DEMO DATA
2025-11-06,Gladstone-Dhamra,15.344246148862249,SYNTHETIC DEMO DATA
2025-11-07,Gladstone-Dhamra,16.48639031472409,SYNTHETIC DEMO DATA
2025-11-08,Gladstone-Dhamra,13.179734905329372,SYNTHETIC DEMO DATA
2025-11-09,Gladstone-Dhamra,18.44031915717412,SYNTHETIC DEMO DATA
2025-11-10,Gladstone-Dhamra,18.87990377562444,SYNTHETIC DEMO DATA
2025-11-11,Gladstone-Dhamra,17.772712551034214,SYNTHETIC DEMO DATA
2025-11-12,Gladstone-Dhamra,15.622532340323493,SYNTHETIC DEMO DATA
2025-11-13,Gladstone-Dhamra,17.414555527875244,SYNTHETIC DEMO DATA
2025-11-14,Gladstone-Dhamra,17.171278305154406,SYNTHETIC DEMO DATA
2025-11-15,Gladstone-Dhamra,13.089144527214568,SYNTHETIC DEMO DATA
2025-11-16,Gladstone-Dhamra,16.711913662294656,SYNTHETIC DEMO DATA
2025-11-17,Gladstone-Dhamra,17.003596592012432,SYNTHETIC DEMO DATA
2025-11-18,Gladstone-Dhamra,14.953365164503468,SYNTHETIC DEMO DATA
2025-11-19,Gladstone-Dhamra,15.649162419621348,SYNTHETIC DEMO DATA
2025-11-20,Gladstone-Dhamra,17.58122071281142,SYNTHETIC DEMO DATA
2025-11-21,Gladstone-Dhamra,15.350208517400711,SYNTHETIC DEMO DATA
2025-11-22,Gladstone-Dhamra,16.006836642476433,SYNTHETIC DEMO DATA
2025-11-23,Gladstone-Dhamra,15.882713440928583,SYNTHETIC DEMO DATA
2025-11-24,Gladstone-Dhamra,17.198911963124353,SYNTHETIC DEMO DATA
2025-11-25,Gladstone-Dhamra,13.400038515459045,SYNTHETIC DEMO DATA
2025-11-26,Gladstone-Dhamra,13.534686913203819,SYNTHETIC DEMO DATA
2025-11-27,Gladstone-Dhamra,16.40159830114477,SYNTHETIC DEMO DATA
2025-11-28,Gladstone-Dhamra,15.524447048407088,SYNTHETIC DEMO DATA
2025-11-29,Gladstone-Dhamra,13.531233153922646,SYNTHETIC DEMO DATA
2025-11-30,Gladstone-Dhamra,16.99923370741832,SYNTHETIC DEMO DATA
2025-12-01,Gladstone-Dhamra,15.744091550047097,SYNTHETIC DEMO DATA
2025-12-02,Gladstone-Dhamra,18.24413456891773,SYNTHETIC DEMO DATA
2025-12-03,Gladstone-Dhamra,15.669015252626753,SYNTHETIC DEMO DATA
2025-12-04,Gladstone-Dhamra,15.16299238444354,SYNTHETIC DEMO DATA
2025-12-05,Gladstone-Dhamra,17.93432231977843,SYNTHETIC DEMO DATA
2025-12-06,Gladstone-Dhamra,17.27140663779473,SYNTHETIC DEMO DATA
2025-12-07,Gladstone-Dhamra,15.803227265293955,SYNTHETIC DEMO DATA
2025-12-08,Gladstone-Dhamra,17.824909060768178,SYNTHETIC DEMO DATA
2025-12-09,Gladstone-Dhamra,15.119217879742573,SYNTHETIC DEMO DATA
2025-12-10,Gladstone-Dhamra,19.14200953003626,SYNTHETIC DEMO DATA
2025-12-11,Gladstone-Dhamra,17.170338933606264,SYNTHETIC DEMO DATA
2025-12-12,Gladstone-Dhamra,16.243778934491644,SYNTHETIC DEMO DATA
2025-12-13,Gladstone-Dhamra,15.73079020101196,SYNTHETIC DEMO DATA
2025-12-14,Gladstone-Dhamra,14.32374250312769,SYNTHETIC DEMO DATA
2025-12-15,Gladstone-Dhamra,14.619716636407572,SYNTHETIC DEMO DATA
2025-12-16,Gladstone-Dhamra,15.592905337095406,SYNTHETIC DEMO DATA
2025-12-17,Gladstone-Dhamra,15.859449621134642,SYNTHETIC DEMO DATA
2025-12-18,Gladstone-Dhamra,17.05088858911137,SYNTHETIC DEMO DATA
2025-12-19,Gladstone-Dhamra,16.94083069109288,SYNTHETIC DEMO DATA
2025-12-20,Gladstone-Dhamra,14.624796189403936,SYNTHETIC DEMO DATA
2025-12-21,Gladstone-Dhamra,16.402837920442376,SYNTHETIC DEMO DATA
2025-12-22,Gladstone-Dhamra,17.50193438506293,SYNTHETIC DEMO DATA
2025-12-23,Gladstone-Dhamra,18.18645906634199,SYNTHETIC DEMO DATA
2025-12-24,Gladstone-Dhamra,14.756054415915914,SYNTHETIC DEMO DATA
2025-12-25,Gladstone-Dhamra,11.178715888385884,SYNTHETIC DEMO DATA
2025-12-26,Gladstone-Dhamra,11.69408234015589,SYNTHETIC DEMO DATA
2025-12-27,Gladstone-Dhamra,19.390703085967594,SYNTHETIC DEMO DATA
2025-12-28,Gladstone-Dhamra,12.517136170233732,SYNTHETIC DEMO DATA
2025-12-29,Gladstone-Dhamra,16.172147697505007,SYNTHETIC DEMO DATA
2025-12-30,Gladstone-Dhamra,18.23182949096722,SYNTHETIC DEMO DATA
2025-12-31,Gladstone-Dhamra,13.19353389884705,SYNTHETIC DEMO DATA
2026-01-01,Gladstone-Dhamra,15.590600997681104,SYNTHETIC DEMO DATA
2026-01-02,Gladstone-Dhamra,12.657852662581966,SYNTHETIC DEMO DATA
2026-01-03,Gladstone-Dhamra,17.911662139414897,SYNTHETIC DEMO DATA
2026-01-04,Gladstone-Dhamra,15.692846597018196,SYNTHETIC DEMO DATA
2026-01-05,Gladstone-Dhamra,19.537371036453315,SYNTHETIC DEMO DATA
2026-01-06,Gladstone-Dhamra,13.513784424740804,SYNTHETIC DEMO DATA
2026-01-07,Gladstone-Dhamra,11.308455475560264,SYNTHETIC DEMO DATA
2026-01-08,Gladstone-Dhamra,16.45129361580384,SYNTHETIC DEMO DATA
2026-01-09,Gladstone-Dhamra,17.514872140674594,SYNTHETIC DEMO DATA
2026-01-10,Gladstone-Dhamra,16.676172495560515,SYNTHETIC DEMO DATA
2026-01-11,Gladstone-Dhamra,14.839454701880683,SYNTHETIC DEMO DATA
2026-01-12,Gladstone-Dhamra,13.726537136574944,SYNTHETIC DEMO DATA
2026-01-13,Gladstone-Dhamra,15.998987215419781,SYNTHETIC DEMO DATA
2026-01-14,Gladstone-Dhamra,14.914029412373498,SYNTHETIC DEMO DATA
2026-01-15,Gladstone-Dhamra,17.31834839930569,SYNTHETIC DEMO DATA
2026-01-16,Gladstone-Dhamra,18.348568881121217,SYNTHETIC DEMO DATA
2026-01-17,Gladstone-Dhamra,15.482800099730781,SYNTHETIC DEMO DATA
2026-01-18,Gladstone-Dhamra,14.298680238910821,SYNTHETIC DEMO DATA
2026-01-19,Gladstone-Dhamra,14.443755021299795,SYNTHETIC DEMO DATA
2026-01-20,Gladstone-Dhamra,15.258658343411913,SYNTHETIC DEMO DATA
2026-01-21,Gladstone-Dhamra,14.094662759612524,SYNTHETIC DEMO DATA
2026-01-22,Gladstone-Dhamra,14.993309569285788,SYNTHETIC DEMO DATA
2026-01-23,Gladstone-Dhamra,12.704797085347343,SYNTHETIC DEMO DATA
2026-01-24,Gladstone-Dhamra,16.732044202993393,SYNTHETIC DEMO DATA
2026-01-25,Gladstone-Dhamra,15.809085659402156,SYNTHETIC DEMO DATA
2026-01-26,Gladstone-Dhamra,15.374164603416178,SYNTHETIC DEMO DATA
2026-01-27,Gladstone-Dhamra,11.786612753401478,SYNTHETIC DEMO DATA
2026-01-28,Gladstone-Dhamra,13.569470856101653,SYNTHETIC DEMO DATA
2026-01-29,Gladstone-Dhamra,14.683682896089223,SYNTHETIC DEMO DATA
2026-01-30,Gladstone-Dhamra,9.852556770166949,SYNTHETIC DEMO DATA
2026-01-31,Gladstone-Dhamra,12.515587193753094,SYNTHETIC DEMO DATA
2026-02-01,Gladstone-Dhamra,12.123172209205572,SYNTHETIC DEMO DATA
2026-02-02,Gladstone-Dhamra,14.201814569008816,SYNTHETIC DEMO DATA
2026-02-03,Gladstone-Dhamra,14.555349411816668,SYNTHETIC DEMO DATA
2026-02-04,Gladstone-Dhamra,16.464960668996966,SYNTHETIC DEMO DATA
2026-02-05,Gladstone-Dhamra,11.944454973247897,SYNTHETIC DEMO DATA
2026-02-06,Gladstone-Dhamra,13.6091178896504,SYNTHETIC DEMO DATA
2026-02-07,Gladstone-Dhamra,14.06600500745499,SYNTHETIC DEMO DATA
2026-02-08,Gladstone-Dhamra,15.358622180150546,SYNTHETIC DEMO DATA
2026-02-09,Gladstone-Dhamra,15.213225965895171,SYNTHETIC DEMO DATA
2026-02-10,Gladstone-Dhamra,12.64040075619307,SYNTHETIC DEMO DATA
2026-02-11,Gladstone-Dhamra,12.678674278623433,SYNTHETIC DEMO DATA
2026-02-12,Gladstone-Dhamra,10.667776827916267,SYNTHETIC DEMO DATA
2026-02-13,Gladstone-Dhamra,13.385209973618018,SYNTHETIC DEMO DATA
2026-02-14,Gladstone-Dhamra,14.39130490595453,SYNTHETIC DEMO DATA
2026-02-15,Gladstone-Dhamra,15.534881553916918,SYNTHETIC DEMO DATA
2026-02-16,Gladstone-Dhamra,12.549807077446346,SYNTHETIC DEMO DATA
2026-02-17,Gladstone-Dhamra,14.303830791140253,SYNTHETIC DEMO DATA
2026-02-18,Gladstone-Dhamra,14.82492503773934,SYNTHETIC DEMO DATA
2026-02-19,Gladstone-Dhamra,13.09716143463395,SYNTHETIC DEMO DATA
2026-02-20,Gladstone-Dhamra,13.234447777741442,SYNTHETIC DEMO DATA
2026-02-21,Gladstone-Dhamra,11.09432684115069,SYNTHETIC DEMO DATA
2026-02-22,Gladstone-Dhamra,14.23660107763811,SYNTHETIC DEMO DATA
2026-02-23,Gladstone-Dhamra,9.8766417354394,SYNTHETIC DEMO DATA
2026-02-24,Gladstone-Dhamra,10.940318976909156,SYNTHETIC DEMO DATA
2026-02-25,Gladstone-Dhamra,14.89066920730578,SYNTHETIC DEMO DATA
2026-02-26,Gladstone-Dhamra,10.816430498979152,SYNTHETIC DEMO DATA
2026-02-27,Gladstone-Dhamra,16.16907542671057,SYNTHETIC DEMO DATA
2026-02-28,Gladstone-Dhamra,11.55302013200781,SYNTHETIC DEMO DATA
2026-03-01,Gladstone-Dhamra,14.563164741756006,SYNTHETIC DEMO DATA
2026-03-02,Gladstone-Dhamra,12.74209517759593,SYNTHETIC DEMO DATA
2026-03-03,Gladstone-Dhamra,11.405008098203982,SYNTHETIC DEMO DATA
2026-03-04,Gladstone-Dhamra,10.655265604484361,SYNTHETIC DEMO DATA
2026-03-05,Gladstone-Dhamra,14.826754963161225,SYNTHETIC DEMO DATA
2026-03-06,Gladstone-Dhamra,10.84190165980362,SYNTHETIC DEMO DATA
2026-03-07,Gladstone-Dhamra,12.704926396631464,SYNTHETIC DEMO DATA
2026-03-08,Gladstone-Dhamra,13.501020220786529,SYNTHETIC DEMO DATA
2026-03-09,Gladstone-Dhamra,12.591921598110464,SYNTHETIC DEMO DATA
2026-03-10,Gladstone-Dhamra,12.734352268534948,SYNTHETIC DEMO DATA
2026-03-11,Gladstone-Dhamra,11.250976509740966,SYNTHETIC DEMO DATA
2026-03-12,Gladstone-Dhamra,14.117466830523298,SYNTHETIC DEMO DATA
2026-03-13,Gladstone-Dhamra,12.616912824600703,SYNTHETIC DEMO DATA
2026-03-14,Gladstone-Dhamra,15.527333548794857,SYNTHETIC DEMO DATA
2026-03-15,Gladstone-Dhamra,11.930897986987704,SYNTHETIC DEMO DATA
2026-03-16,Gladstone-Dhamra,11.775264626308054,SYNTHETIC DEMO DATA
2026-03-17,Gladstone-Dhamra,10.467715551129277,SYNTHETIC DEMO DATA
2026-03-18,Gladstone-Dhamra,13.42704247216468,SYNTHETIC DEMO DATA
2026-03-19,Gladstone-Dhamra,14.81133185208607,SYNTHETIC DEMO DATA
2026-03-20,Gladstone-Dhamra,14.882209175266107,SYNTHETIC DEMO DATA
2026-03-21,Gladstone-Dhamra,13.15048334930622,SYNTHETIC DEMO DATA
2026-03-22,Gladstone-Dhamra,14.611209988069252,SYNTHETIC DEMO DATA
2026-03-23,Gladstone-Dhamra,13.706631829711256,SYNTHETIC DEMO DATA
2026-03-24,Gladstone-Dhamra,11.866637024344097,SYNTHETIC DEMO DATA
2026-03-25,Gladstone-Dhamra,12.9642568181069,SYNTHETIC DEMO DATA
2026-03-26,Gladstone-Dhamra,7.892570680311828,SYNTHETIC DEMO DATA
2026-03-27,Gladstone-Dhamra,16.196005961598306,SYNTHETIC DEMO DATA
2026-03-28,Gladstone-Dhamra,13.270537166882265,SYNTHETIC DEMO DATA
2026-03-29,Gladstone-Dhamra,12.153183885036674,SYNTHETIC DEMO DATA
2026-03-30,Gladstone-Dhamra,12.99443333251838,SYNTHETIC DEMO DATA
2026-03-31,Gladstone-Dhamra,11.222269251598735,SYNTHETIC DEMO DATA
2026-04-01,Gladstone-Dhamra,11.229285353594175,SYNTHETIC DEMO DATA
2026-04-02,Gladstone-Dhamra,12.819348651297686,SYNTHETIC DEMO DATA
2026-04-03,Gladstone-Dhamra,17.264336934809922,SYNTHETIC DEMO DATA
2026-04-04,Gladstone-Dhamra,14.40419860422842,SYNTHETIC DEMO DATA
2026-04-05,Gladstone-Dhamra,14.314973020799693,SYNTHETIC DEMO DATA
2026-04-06,Gladstone-Dhamra,11.62943623189329,SYNTHETIC DEMO DATA
2026-04-07,Gladstone-Dhamra,11.547451476132373,SYNTHETIC DEMO DATA
2026-04-08,Gladstone-Dhamra,13.892048493522232,SYNTHETIC DEMO DATA
2026-04-09,Gladstone-Dhamra,13.613871541000538,SYNTHETIC DEMO DATA
2026-04-10,Gladstone-Dhamra,12.157713925154251,SYNTHETIC DEMO DATA
2026-04-11,Gladstone-Dhamra,15.852964941318868,SYNTHETIC DEMO DATA
2026-04-12,Gladstone-Dhamra,15.010669364610457,SYNTHETIC DEMO DATA
2026-04-13,Gladstone-Dhamra,11.649919667351268,SYNTHETIC DEMO DATA
2026-04-14,Gladstone-Dhamra,14.072043359051525,SYNTHETIC DEMO DATA
2026-04-15,Gladstone-Dhamra,13.357641005976934,SYNTHETIC DEMO DATA
2026-04-16,Gladstone-Dhamra,15.050083571034213,SYNTHETIC DEMO DATA
2026-04-17,Gladstone-Dhamra,13.047138379286487,SYNTHETIC DEMO DATA
2026-04-18,Gladstone-Dhamra,13.335600793665709,SYNTHETIC DEMO DATA
2026-04-19,Gladstone-Dhamra,13.8373195746728,SYNTHETIC DEMO DATA
2026-04-20,Gladstone-Dhamra,12.038987802891667,SYNTHETIC DEMO DATA
2026-04-21,Gladstone-Dhamra,11.797097189682406,SYNTHETIC DEMO DATA
2026-04-22,Gladstone-Dhamra,15.11039151306777,SYNTHETIC DEMO DATA
2026-04-23,Gladstone-Dhamra,11.376992332431824,SYNTHETIC DEMO DATA
2026-04-24,Gladstone-Dhamra,15.175278644871685,SYNTHETIC DEMO DATA
2026-04-25,Gladstone-Dhamra,15.63889595068091,SYNTHETIC DEMO DATA
2026-04-26,Gladstone-Dhamra,11.58517352560503,SYNTHETIC DEMO DATA
2026-04-27,Gladstone-Dhamra,11.744893741185543,SYNTHETIC DEMO DATA
2026-04-28,Gladstone-Dhamra,9.976852551328605,SYNTHETIC DEMO DATA
2026-04-29,Gladstone-Dhamra,12.590278598611906,SYNTHETIC DEMO DATA
2026-04-30,Gladstone-Dhamra,11.033644631834871,SYNTHETIC DEMO DATA
2026-05-01,Gladstone-Dhamra,12.05974823979932,SYNTHETIC DEMO DATA
2026-05-02,Gladstone-Dhamra,12.079652956857839,SYNTHETIC DEMO DATA
2026-05-03,Gladstone-Dhamra,10.275767710320055,SYNTHETIC DEMO DATA
2026-05-04,Gladstone-Dhamra,12.741067377972279,SYNTHETIC DEMO DATA
2026-05-05,Gladstone-Dhamra,10.798766533045159,SYNTHETIC DEMO DATA
2026-05-06,Gladstone-Dhamra,13.111142010852197,SYNTHETIC DEMO DATA
2026-05-07,Gladstone-Dhamra,10.559849476776671,SYNTHETIC DEMO DATA
2026-05-08,Gladstone-Dhamra,12.31632779070275,SYNTHETIC DEMO DATA
2026-05-09,Gladstone-Dhamra,10.046348199256869,SYNTHETIC DEMO DATA
2026-05-10,Gladstone-Dhamra,11.05794666330303,SYNTHETIC DEMO DATA
2026-05-11,Gladstone-Dhamra,13.898954418210005,SYNTHETIC DEMO DATA
2026-05-12,Gladstone-Dhamra,15.711597012147044,SYNTHETIC DEMO DATA
2026-05-13,Gladstone-Dhamra,10.329890645966168,SYNTHETIC DEMO DATA
2026-05-14,Gladstone-Dhamra,12.29176581529639,SYNTHETIC DEMO DATA
2026-05-15,Gladstone-Dhamra,11.602229571846628,SYNTHETIC DEMO DATA
2026-05-16,Gladstone-Dhamra,12.13641766028145,SYNTHETIC DEMO DATA
2026-05-17,Gladstone-Dhamra,11.300019433854512,SYNTHETIC DEMO DATA
2026-05-18,Gladstone-Dhamra,13.284820122332782,SYNTHETIC DEMO DATA
2026-05-19,Gladstone-Dhamra,10.939693037337562,SYNTHETIC DEMO DATA
2026-05-20,Gladstone-Dhamra,17.512279550825898,SYNTHETIC DEMO DATA
2026-05-21,Gladstone-Dhamra,10.304517343570286,SYNTHETIC DEMO DATA
2026-05-22,Gladstone-Dhamra,9.978632535007998,SYNTHETIC DEMO DATA
2026-05-23,Gladstone-Dhamra,15.811644453076957,SYNTHETIC DEMO DATA
2026-05-24,Gladstone-Dhamra,12.3244484294713,SYNTHETIC DEMO DATA
2026-05-25,Gladstone-Dhamra,13.764247492619958,SYNTHETIC DEMO DATA
2026-05-26,Gladstone-Dhamra,12.826536884227686,SYNTHETIC DEMO DATA
2026-05-27,Gladstone-Dhamra,14.256180552832667,SYNTHETIC DEMO DATA
2026-05-28,Gladstone-Dhamra,13.537023469454107,SYNTHETIC DEMO DATA
2026-05-29,Gladstone-Dhamra,11.268592079694702,SYNTHETIC DEMO DATA
2026-05-30,Gladstone-Dhamra,14.110436603262054,SYNTHETIC DEMO DATA
2026-05-31,Gladstone-Dhamra,14.421726910650786,SYNTHETIC DEMO DATA
2026-06-01,Gladstone-Dhamra,11.758270283362473,SYNTHETIC DEMO DATA
2026-06-02,Gladstone-Dhamra,12.068047792040327,SYNTHETIC DEMO DATA
2026-06-03,Gladstone-Dhamra,12.71460158113698,SYNTHETIC DEMO DATA
2026-06-04,Gladstone-Dhamra,11.933426453002904,SYNTHETIC DEMO DATA
2026-06-05,Gladstone-Dhamra,13.4018423996174,SYNTHETIC DEMO DATA
2026-06-06,Gladstone-Dhamra,11.829208723673238,SYNTHETIC DEMO DATA
2026-06-07,Gladstone-Dhamra,10.385854180892505,SYNTHETIC DEMO DATA
2026-06-08,Gladstone-Dhamra,10.83766978760915,SYNTHETIC DEMO DATA
2026-06-09,Gladstone-Dhamra,14.303249226553335,SYNTHETIC DEMO DATA
2026-06-10,Gladstone-Dhamra,8.971166447046963,SYNTHETIC DEMO DATA
2026-06-11,Gladstone-Dhamra,11.022701665806599,SYNTHETIC DEMO DATA
2026-06-12,Gladstone-Dhamra,14.823906471950183,SYNTHETIC DEMO DATA
2026-06-13,Gladstone-Dhamra,14.51661710657007,SYNTHETIC DEMO DATA
2026-06-14,Gladstone-Dhamra,9.421324994046252,SYNTHETIC DEMO DATA
2026-06-15,Gladstone-Dhamra,13.438983677095788,SYNTHETIC DEMO DATA
2026-06-16,Gladstone-Dhamra,14.99488305476345,SYNTHETIC DEMO DATA
2026-06-17,Gladstone-Dhamra,12.643306134370544,SYNTHETIC DEMO DATA
2026-06-18,Gladstone-Dhamra,9.904187608019509,SYNTHETIC DEMO DATA
2026-06-19,Gladstone-Dhamra,11.156287123618526,SYNTHETIC DEMO DATA
2026-06-20,Gladstone-Dhamra,10.452871644258096,SYNTHETIC DEMO DATA
2026-06-21,Gladstone-Dhamra,13.733529680935673,SYNTHETIC DEMO DATA
2026-06-22,Gladstone-Dhamra,17.11854444334894,SYNTHETIC DEMO DATA
2026-06-23,Gladstone-Dhamra,13.95377463691273,SYNTHETIC DEMO DATA
2026-06-24,Gladstone-Dhamra,10.815541743670778,SYNTHETIC DEMO DATA
2026-06-25,Gladstone-Dhamra,12.27933165616918,SYNTHETIC DEMO DATA
2026-06-26,Gladstone-Dhamra,17.244874281917575,SYNTHETIC DEMO DATA
2026-06-27,Gladstone-Dhamra,15.565064266980814,SYNTHETIC DEMO DATA
2026-06-28,Gladstone-Dhamra,13.674819288473437,SYNTHETIC DEMO DATA
2026-06-29,Gladstone-Dhamra,11.382264294013991,SYNTHETIC DEMO DATA
2026-06-30,Gladstone-Dhamra,14.571105815889839,SYNTHETIC DEMO DATA
2026-07-01,Gladstone-Dhamra,15.90089000744399,SYNTHETIC DEMO DATA
2026-07-02,Gladstone-Dhamra,13.075959473284705,SYNTHETIC DEMO DATA
2026-07-03,Gladstone-Dhamra,10.540749874158223,SYNTHETIC DEMO DATA
2026-07-04,Gladstone-Dhamra,12.023434814836449,SYNTHETIC DEMO DATA
2026-07-05,Gladstone-Dhamra,13.394156526055154,SYNTHETIC DEMO DATA
2026-07-06,Gladstone-Dhamra,12.439109122933754,SYNTHETIC DEMO DATA
2026-07-07,Gladstone-Dhamra,13.029264929782023,SYNTHETIC DEMO DATA
2026-07-08,Gladstone-Dhamra,12.182826394108494,SYNTHETIC DEMO DATA
2026-07-09,Gladstone-Dhamra,10.390979705060381,SYNTHETIC DEMO DATA
2026-07-10,Gladstone-Dhamra,11.78214564441895,SYNTHETIC DEMO DATA
2026-07-11,Gladstone-Dhamra,12.336553938734808,SYNTHETIC DEMO DATA
2026-07-12,Gladstone-Dhamra,11.448958065449231,SYNTHETIC DEMO DATA
2026-07-13,Gladstone-Dhamra,6.102856379400107,SYNTHETIC DEMO DATA
2026-07-14,Gladstone-Dhamra,9.596938767989549,SYNTHETIC DEMO DATA
2026-07-15,Gladstone-Dhamra,12.338359989879702,SYNTHETIC DEMO DATA
2026-07-16,Gladstone-Dhamra,8.792714899075413,SYNTHETIC DEMO DATA
2026-07-17,Gladstone-Dhamra,16.869047976542742,SYNTHETIC DEMO DATA
2026-07-18,Gladstone-Dhamra,12.504631466742735,SYNTHETIC DEMO DATA
2026-07-19,Gladstone-Dhamra,12.56429154761079,SYNTHETIC DEMO DATA
2026-07-20,Gladstone-Dhamra,15.001026371930344,SYNTHETIC DEMO DATA
2026-07-21,Gladstone-Dhamra,9.895235329020249,SYNTHETIC DEMO DATA
2026-07-22,Gladstone-Dhamra,9.734054273666661,SYNTHETIC DEMO DATA
2026-07-23,Gladstone-Dhamra,14.725911196081887,SYNTHETIC DEMO DATA
2026-07-24,Gladstone-Dhamra,9.12895826589197,SYNTHETIC DEMO DATA
2026-07-25,Gladstone-Dhamra,13.816781876145885,SYNTHETIC DEMO DATA
2026-07-26,Gladstone-Dhamra,10.51831893711628,SYNTHETIC DEMO DATA
2026-07-27,Gladstone-Dhamra,11.042285224555071,SYNTHETIC DEMO DATA
2026-07-28,Gladstone-Dhamra,10.51708474908758,SYNTHETIC DEMO DATA
2026-07-29,Gladstone-Dhamra,11.460931761248302,SYNTHETIC DEMO DATA
2026-07-30,Gladstone-Dhamra,12.283195385608627,SYNTHETIC DEMO DATA
2026-07-31,Gladstone-Dhamra,11.27300314237393,SYNTHETIC DEMO DATA
2026-08-01,Gladstone-Dhamra,16.03744218693774,SYNTHETIC DEMO DATA
2026-08-02,Gladstone-Dhamra,12.755662520350022,SYNTHETIC DEMO DATA
2026-08-03,Gladstone-Dhamra,13.630952109473823,SYNTHETIC DEMO DATA
2026-08-04,Gladstone-Dhamra,11.130373036299229,SYNTHETIC DEMO DATA
2026-08-05,Gladstone-Dhamra,11.138503547438944,SYNTHETIC DEMO DATA
2026-08-06,Gladstone-Dhamra,10.527798594132507,SYNTHETIC DEMO DATA
2026-08-07,Gladstone-Dhamra,16.32343580063324,SYNTHETIC DEMO DATA
2026-08-08,Gladstone-Dhamra,12.41869731594799,SYNTHETIC DEMO DATA
2026-08-09,Gladstone-Dhamra,13.927701478658935,SYNTHETIC DEMO DATA
2026-08-10,Gladstone-Dhamra,14.58117736053186,SYNTHETIC DEMO DATA
2026-08-11,Gladstone-Dhamra,16.459517677047877,SYNTHETIC DEMO DATA
2026-08-12,Gladstone-Dhamra,13.16830563118523,SYNTHETIC DEMO DATA
2026-08-13,Gladstone-Dhamra,9.314194926726081,SYNTHETIC DEMO DATA
2026-08-14,Gladstone-Dhamra,13.775902277616787,SYNTHETIC DEMO DATA
2026-08-15,Gladstone-Dhamra,11.472876000907993,SYNTHETIC DEMO DATA
2026-08-16,Gladstone-Dhamra,12.909026082704127,SYNTHETIC DEMO DATA
2026-08-17,Gladstone-Dhamra,10.3804487862667,SYNTHETIC DEMO DATA
2026-08-18,Gladstone-Dhamra,15.374196714366064,SYNTHETIC DEMO DATA
2026-08-19,Gladstone-Dhamra,10.702508282694806,SYNTHETIC DEMO DATA
2026-08-20,Gladstone-Dhamra,11.96100071925315,SYNTHETIC DEMO DATA
2026-08-21,Gladstone-Dhamra,12.358105866167953,SYNTHETIC DEMO DATA
2026-08-22,Gladstone-Dhamra,12.15440257878036,SYNTHETIC DEMO DATA
2026-08-23,Gladstone-Dhamra,10.979710168071128,SYNTHETIC DEMO DATA
2026-08-24,Gladstone-Dhamra,10.89995685394624,SYNTHETIC DEMO DATA
2026-08-25,Gladstone-Dhamra,12.776554043791545,SYNTHETIC DEMO DATA
2026-08-26,Gladstone-Dhamra,10.725410475913275,SYNTHETIC DEMO DATA
2026-08-27,Gladstone-Dhamra,14.598206251143228,SYNTHETIC DEMO DATA
2026-08-28,Gladstone-Dhamra,14.406265618502099,SYNTHETIC DEMO DATA
2026-08-29,Gladstone-Dhamra,13.164750695364678,SYNTHETIC DEMO DATA
2026-08-30,Gladstone-Dhamra,16.509545906676372,SYNTHETIC DEMO DATA
2026-08-31,Gladstone-Dhamra,10.504558498745425,SYNTHETIC DEMO DATA
2026-09-01,Gladstone-Dhamra,10.643569564370818,SYNTHETIC DEMO DATA
