Year,Economy,Economy Label,Metric tons in thousands,Metric tons in thousands Footnote,Metric tons in thousands Missing value
2000,0000,"World",12691460.074,,
2000,5100,"Africa",681365.346,,
2000,5110,"Northern Africa",283578.339,,
2000,5120,"Sub-Saharan Africa",397775.928,,
2000,5121,"Eastern Africa",22568.648,,
2000,5122,"Middle Africa",84457.345,,
2000,5123,"Southern Africa",126418.871,,
2000,5124,"Western Africa",164331.063,,
2000,5200,"Americas",2397270.3,,
2000,5210,"Northern America",1316101.603,,
2000,5220,"Latin America and the Caribbean",1081151.155,,
2000,5221,"Caribbean",118472.958,,
2000,5222,"Central America",230954.42,,
2000,5223,"South America",731722.306,,
2000,5300,"Asia",4301011.927,,
2000,5310,"Central Asia",88976.743,,
2000,5330,"Eastern Asia",2074296.595,,
2000,5350,"South-eastern Asia",745198.054,,
2000,5320,"Southern Asia",362408.38,,
2000,5340,"Western Asia",1030132.155,,
2000,5400,"Europe",4576812.404,,
2000,5410,"Eastern Europe",927038.332,,
2000,5420,"Northern Europe",923535.003,,
2000,5430,"Southern Europe",766669.164,,
2000,5440,"Western Europe",1959115.828,,
2000,5500,"Oceania",561338.735,,
2000,5520,"Australia and New Zealand",542058.023,,
2000,5510,"Oceania excluding Australia and New Zealand",19162.039,,
2000,5900,"Other territories",8550.86,,
2000,004,"Afghanistan",1437.066,,
2000,008,"Albania",1588.75,,
2000,012,"Algeria",111251.194,,
2000,016,"American Samoa",285.942,,
2000,020,"Andorra",241.95,,
2000,024,"Angola",36611.688,,
2000,660,"Anguilla",56.231,,
2000,028,"Antigua and Barbuda",654.168,,
2000,032,"Argentina",85573.226,,
2000,051,"Armenia",1468.132,,
2000,533,"Aruba",,,"Not publishable"
2000,036,"Australia",508701.135,,
2000,040,"Austria",52983.853,,
2000,031,"Azerbaijan",5521.424,,
2000,044,"Bahamas",4762.523,,
2000,048,"Bahrain",14952.595,,
2000,050,"Bangladesh",10441.828,,
2000,052,"Barbados",1544.008,,
2000,112,"Belarus",46237.362,,
2000,056,"Belgium",317853.286,,
2000,084,"Belize",784.321,,
2000,204,"Benin",1744.068,,
2000,060,"Bermuda",275.784,,
2000,064,"Bhutan",41.843,,
2000,068,"Bolivia (Plurinational State of)",2174.714,,
2000,535,"Bonaire, Sint Eustatius and Saba",,,"Not applicable"
2000,070,"Bosnia and Herzegovina",3996.415,,
2000,072,"Botswana",1794.914,,
2000,074,"Bouvet Island",0.069,,
2000,076,"Brazil",305350.358,,
2000,086,"British Indian Ocean Territory",209.4,,
2000,092,"British Virgin Islands",25399.66,,
2000,096,"Brunei Darussalam",15227.529,,
2000,100,"Bulgaria",14471.145,,
2000,854,"Burkina Faso",881.349,,
2000,108,"Burundi",105.842,,
2000,132,"Cabo Verde",426.43,,
2000,116,"Cambodia",1545.422,,
2000,120,"Cameroon",9665.224,,
2000,124,"Canada",223656.701,,
2000,136,"Cayman Islands",1047.867,,
2000,140,"Central African Republic",155.775,,
2000,148,"Chad",138.973,,
2000,152,"Chile",49139.185,,
2000,156,"China",480693.039,,
2000,344,"China, Hong Kong SAR",54481.825,,
2000,446,"China, Macao SAR",823.408,,
2000,158,"China, Taiwan Province of",223326.723,,
2000,162,"Christmas Island",93.858,,
2000,166,"Cocos (Keeling) Islands",4.744,,
2000,170,"Colombia",65475.704,,
2000,174,"Comoros",90.449,,
2000,178,"Congo",14621.491,,
2000,184,"Cook Islands",23.956,,
2000,188,"Costa Rica",7733.732,,
2000,384,"Cote d'Ivoire",12597.712,,
2000,191,"Croatia",13615.645,,
2000,192,"Cuba",11875.138,,
2000,531,"Curacao",,,"Not applicable"
2000,196,"Cyprus",5828.839,,
2000,203,"Czechia",38466.655,,
2000,408,"Dem. People's Rep. of Korea",4556.727,,
2000,180,"Dem. Rep. of the Congo",2030.363,,
2000,208,"Denmark",55693.605,,
2000,262,"Djibouti",342.696,,
2000,212,"Dominica",373.854,,
2000,214,"Dominican Republic",10505.103,,
2000,218,"Ecuador",20013.648,,
2000,818,"Egypt",36435.33,,
2000,222,"El Salvador",3955.26,,
2000,226,"Equatorial Guinea",5664.937,,
2000,232,"Eritrea",228.642,,
2000,233,"Estonia",15678.11,,
2000,748,"Eswatini",966.922,,
2000,231,"Ethiopia",1481.681,,
2000,238,"Falkland Islands (Malvinas)",184.402,,
2000,234,"Faroe Islands",761.757,,
2000,242,"Fiji",,,"Not publishable"
2000,246,"Finland",80564.197,,
2000,250,"France",402895.419,,
2000,258,"French Polynesia",748.331,,
2000,260,"French Southern Territories",6.215,,
2000,266,"Gabon",15513.77,,
2000,270,"Gambia",529.624,,
2000,268,"Georgia",3099.937,,
2000,276,"Germany",689392.446,,
2000,288,"Ghana",4790.71,,
2000,292,"Gibraltar",7977.216,,
2000,300,"Greece",48672.351,,
2000,304,"Greenland",414.448,,
2000,308,"Grenada",211.984,,
2000,316,"Guam",1746.24,,
2000,320,"Guatemala",8821.727,,
2000,324,"Guinea",10814.619,,
2000,624,"Guinea-Bissau",596.363,,
2000,328,"Guyana",3521.397,,
2000,332,"Haiti",1846.329,,
2000,334,"Heard Island and McDonald Islands",1.656,,
2000,336,"Holy See",11.43,,
2000,340,"Honduras",3337.045,,
2000,348,"Hungary",24212.665,,
2000,352,"Iceland",3646.967,,
2000,356,"India",177481.066,,
2000,360,"Indonesia",,,"Not applicable"
2000,960,"Indonesia (...2002)",228036.611,,
2000,364,"Iran (Islamic Republic of)",130241.993,,
2000,368,"Iraq",86370.937,,
2000,372,"Ireland",38335.33,,
2000,376,"Israel",41602.483,,
2000,380,"Italy",383815.451,,
2000,388,"Jamaica",11214.144,,
2000,392,"Japan",883361.051,,
2000,400,"Jordan",8975.564,,
2000,398,"Kazakhstan",71610.647,,
2000,404,"Kenya",6224.56,,
2000,296,"Kiribati",97.197,,
2000,414,"Kuwait",102575.653,,
2000,417,"Kyrgyzstan",694.37,,
2000,418,"Lao People's Dem. Rep.",1062.385,,
2000,428,"Latvia",8962.572,,
2000,422,"Lebanon",7146.033,,
2000,426,"Lesotho",384.55,,
2000,430,"Liberia",5001.499,,
2000,434,"Libya",72120.161,,
2000,440,"Lithuania",17963.629,,
2000,442,"Luxembourg",21002.49,,
2000,450,"Madagascar",1909.546,,
2000,454,"Malawi",294.787,,
2000,458,"Malaysia",119926.224,,
2000,462,"Maldives",649.87,,
2000,466,"Mali",882.328,,
2000,470,"Malta",4934.882,,
2000,584,"Marshall Islands",652.459,,
2000,478,"Mauritania",7357.28,,
2000,480,"Mauritius",3005.48,,
2000,484,"Mexico",196359.238,,
2000,583,"Micronesia (Federated States of)",176.689,,
2000,496,"Mongolia",526.698,,
2000,499,"Montenegro",,,"Not applicable"
2000,500,"Montserrat",12.393,,
2000,504,"Morocco",37649.653,,
2000,508,"Mozambique",1361.155,,
2000,104,"Myanmar",4256.266,,
2000,516,"Namibia",1182.782,,
2000,520,"Nauru",510.372,,
2000,524,"Nepal",399.504,,
2000,528,"Netherlands (Kingdom of the)",446931.054,,
2000,530,"Netherlands Antilles",14164.387,,
2000,540,"New Caledonia",5533.254,,
2000,554,"New Zealand",33244.498,,
2000,558,"Nicaragua",2853.124,,
2000,562,"Niger",1457.886,,
2000,566,"Nigeria",109614.744,,
2000,570,"Niue",10.242,,
2000,574,"Norfolk Island",12.132,,
2000,807,"North Macedonia",3016.039,,
2000,580,"Northern Mariana Islands",191.106,,
2000,578,"Norway",209086.79,,
2000,512,"Oman",48199.179,,
2000,586,"Pakistan",32635.753,,
2000,585,"Palau",90.538,,
2000,591,"Panama",7109.972,,
2000,598,"Papua New Guinea",7313.151,,
2000,600,"Paraguay",3565.834,,
2000,604,"Peru",23458.835,,
2000,608,"Philippines",61126.205,,
2000,612,"Pitcairn",13.654,,
2000,616,"Poland",101377.698,,
2000,620,"Portugal",45562.067,,
2000,634,"Qatar",51219.213,,
2000,410,"Republic of Korea",426527.123,,
2000,498,"Republic of Moldova",1100.725,,
2000,642,"Romania",37662.379,,
2000,643,"Russian Federation",522639.834,,
2000,646,"Rwanda",,,"Not publishable"
2000,654,"Saint Helena",50.53,,
2000,659,"Saint Kitts and Nevis",218.533,,
2000,662,"Saint Lucia",445.959,,
2000,666,"Saint Pierre and Miquelon",24.273,,
2000,670,"Saint Vincent and the Grenadines",370.008,,
2000,882,"Samoa",179.063,,
2000,674,"San Marino",44.331,,
2000,678,"Sao Tome and Principe",55.124,,
2000,682,"Saudi Arabia",370001.135,,
2000,686,"Senegal",4498.994,,
2000,688,"Serbia",,,"Not applicable"
2000,891,"Serbia and Montenegro",5826.826,,
2000,690,"Seychelles",612.384,,
2000,694,"Sierra Leone",546.652,,
2000,702,"Singapore",160439.62,,
2000,534,"Sint Maarten (Dutch part)",,,"Not applicable"
2000,703,"Slovakia",26601.39,,
2000,705,"Slovenia",9779.836,,
2000,090,"Solomon Islands",459.367,,
2000,706,"Somalia",316.93,,
2000,710,"South Africa",122089.703,,
2000,239,"South Georgia and the South Sandwich Islands",0.172,,
2000,728,"South Sudan",,,"Not applicable"
2000,724,"Spain",237585.976,,
2000,144,"Sri Lanka",9079.456,,
2000,275,"State of Palestine",1879.346,,
2000,729,"Sudan",,,"Not applicable"
2000,736,"Sudan (...2011)",8075.958,,
2000,740,"Suriname",1533.656,,
2000,752,"Sweden",108630.414,,
2000,756,"Switzerland",28057.28,,
2000,760,"Syrian Arab Republic",18302.19,,
2000,762,"Tajikistan",729.751,,
2000,764,"Thailand",111704.193,,
2000,626,"Timor-Leste",,,"Not applicable"
2000,768,"Togo",2540.275,,
2000,772,"Tokelau",29.681,,
2000,776,"Tonga",77.217,,
2000,780,"Trinidad and Tobago",26160.477,,
2000,788,"Tunisia",18043.135,,
2000,792,"Turkiye",107597.056,,
2000,795,"Turkmenistan",13739.537,,
2000,796,"Turks and Caicos Islands",117.709,,
2000,798,"Tuvalu",3.035,,
2000,800,"Uganda",953.728,,
2000,804,"Ukraine",114268.48,,
2000,784,"United Arab Emirates",,,"Not publishable"
2000,826,"United Kingdom",384211.632,,
2000,834,"United Republic of Tanzania",2373.673,,
2000,840,"United States",1091730.397,,
2000,581,"United States Minor Outlying Islands",49.738,,
2000,858,"Uruguay",6695.085,,
2000,860,"Uzbekistan",2202.438,,
2000,548,"Vanuatu",188.349,,
2000,862,"Venezuela (Bolivarian Rep. of)",165036.02,,
2000,704,"Viet Nam",41873.598,,
2000,876,"Wallis and Futuna Islands",17.642,,
2000,732,"Western Sahara",2.908,,
2000,887,"Yemen",17971.321,,
2000,894,"Zambia",1080.363,,
2000,716,"Zimbabwe",1741.877,,
2000,5702,"Northern America and Europe",5892914.007,,
2000,5706,"Europe, Northern America, Australia and New Zealand",6434517.952,,
2000,5703,"Central and Southern Asia",451385.123,,
2000,5704,"Eastern and South-Eastern Asia",2819494.649,,
2000,5705,"Western Asia and Northern Africa",1313710.494,,
2000,1400,"Developing economies",4725308.682,,
2000,1410,"Developing economies: Africa",681354.266,,
2000,1411,"Developing economies: Northern Africa",283578.339,,
2000,1412,"Developing economies: Sub-Saharan Africa",397775.928,,
2000,1420,"Developing economies: Americas",1081149.684,,
2000,1460,"Developing economies: Asia and Oceania",2962804.732,,
2000,1430,"Developing economies: Asia",2943692.431,,
2000,1431,"Developing economies: Central Asia",88976.743,,
2000,1433,"Developing economies: Eastern Asia",764408.421,,
2000,1435,"Developing economies: South-eastern Asia",745198.054,,
2000,1432,"Developing economies: Southern Asia",362408.38,,
2000,1434,"Developing economies: Western Asia",982700.833,,
2000,1450,"Developing economies: Oceania",19112.301,,
2000,1500,"Developed economies",7791887.186,,
2000,1520,"Developed economies: Americas",1316101.603,,
2000,1560,"Developed economies: Asia and Oceania",1899427.257,,
2000,1530,"Developed economies: Asia",1357319.496,,
2000,1550,"Developed economies: Oceania",542107.76,,
2000,1540,"Developed economies: Europe",4576358.326,,
2000,1610,"LDCs (Least developed countries)",134536.695,,
2000,1614,"LDCs: Africa",94926.526,,
2000,1612,"LDCs: Asia",37113.792,,
2000,1615,"LDCs: Islands and Haiti",2496.378,,
2000,1620,"LLDCs (Landlocked developing countries)",121841.32,,
2000,1640,"SIDS (Small island developing States) (UN-OHRLLS)",309515.162,,
2000,1641,"SIDS: Atlantic and Indian Ocean",5711.886,,
2000,1642,"SIDS: Caribbean",124312.333,,
2000,1643,"SIDS: Pacific",179490.943,,
2001,0000,"World",12796434.097,,
2001,5100,"Africa",688722.573,,
2001,5110,"Northern Africa",278115.27,,
2001,5120,"Sub-Saharan Africa",410593.348,,
2001,5121,"Eastern Africa",26889.549,,
2001,5122,"Middle Africa",84647.836,,
2001,5123,"Southern Africa",132945.657,,
2001,5124,"Western Africa",166110.307,,
2001,5200,"Americas",2412944.774,,
2001,5210,"Northern America",1304508.431,,
2001,5220,"Latin America and the Caribbean",1108415.792,,
2001,5221,"Caribbean",121917.465,,
2001,5222,"Central America",231447.893,,
2001,5223,"South America",755050.15,,
2001,5300,"Asia",4315028.646,,
2001,5310,"Central Asia",107939.181,,
2001,5330,"Eastern Asia",2112208.455,,
2001,5350,"South-eastern Asia",737814.927,,
2001,5320,"Southern Asia",350601.102,,
2001,5340,"Western Asia",1006464.981,,
2001,5400,"Europe",4616074.398,,
2001,5410,"Eastern Europe",957862.612,,
2001,5420,"Northern Europe",930691.996,,
2001,5430,"Southern Europe",760177.849,,
2001,5440,"Western Europe",1966527.799,,
2001,5500,"Oceania",572578.314,,
2001,5520,"Australia and New Zealand",553912.101,,
2001,5510,"Oceania excluding Australia and New Zealand",18648.421,,
2001,5900,"Other territories",14558.622,,
2001,004,"Afghanistan",1690.315,,
2001,008,"Albania",1708.738,,
2001,012,"Algeria",106800.698,,
2001,016,"American Samoa",221.732,,
2001,020,"Andorra",380.732,,
2001,024,"Angola",35249.506,,
2001,660,"Anguilla",78.648,,
2001,028,"Antigua and Barbuda",588.083,,
2001,032,"Argentina",89700.916,,
2001,051,"Armenia",1520.383,,
2001,533,"Aruba",,,"Not publishable"
2001,036,"Australia",518684.545,,
2001,040,"Austria",54967.699,,
2001,031,"Azerbaijan",7482.06,,
2001,044,"Bahamas",6203.369,,
2001,048,"Bahrain",18969.793,,
2001,050,"Bangladesh",11897.775,,
2001,052,"Barbados",1956.498,,
2001,112,"Belarus",34352.491,,
2001,056,"Belgium",325157.524,,
2001,084,"Belize",654.529,,
2001,204,"Benin",1578.132,,
2001,060,"Bermuda",354.546,,
2001,064,"Bhutan",45.695,,
2001,068,"Bolivia (Plurinational State of)",2067.624,,
2001,535,"Bonaire, Sint Eustatius and Saba",,,"Not applicable"
2001,070,"Bosnia and Herzegovina",4130.322,,
2001,072,"Botswana",1847.711,,
2001,074,"Bouvet Island",262.591,,
2001,076,"Brazil",324061.082,,
2001,086,"British Indian Ocean Territory",86.697,,
2001,092,"British Virgin Islands",24209.01,,
2001,096,"Brunei Darussalam",15526.062,,
2001,100,"Bulgaria",12253.511,,
2001,854,"Burkina Faso",963.032,,
2001,108,"Burundi",91.111,,
2001,132,"Cabo Verde",376.437,,
2001,116,"Cambodia",1707.491,,
2001,120,"Cameroon",9390.08,,
2001,124,"Canada",207583.615,,
2001,136,"Cayman Islands",1318.546,,
2001,140,"Central African Republic",142.043,,
2001,148,"Chad",216.176,,
2001,152,"Chile",46598.72,,
2001,156,"China",529676.058,,
2001,344,"China, Hong Kong SAR",50027.692,,
2001,446,"China, Macao SAR",796.457,,
2001,158,"China, Taiwan Province of",217661.257,,
2001,162,"Christmas Island",90.328,,
2001,166,"Cocos (Keeling) Islands",6.352,,
2001,170,"Colombia",67646.774,,
2001,174,"Comoros",70.575,,
2001,178,"Congo",13222.612,,
2001,184,"Cook Islands",26.797,,
2001,188,"Costa Rica",7902.153,,
2001,384,"Cote d'Ivoire",11646.443,,
2001,191,"Croatia",15018.455,,
2001,192,"Cuba",11815.701,,
2001,531,"Curacao",,,"Not applicable"
2001,196,"Cyprus",5997.437,,
2001,203,"Czechia",40142.843,,
2001,408,"Dem. People's Rep. of Korea",6191.058,,
2001,180,"Dem. Rep. of the Congo",1922.768,,
2001,208,"Denmark",54447.35,,
2001,262,"Djibouti",474.539,,
2001,212,"Dominica",276.69,,
2001,214,"Dominican Republic",10397.906,,
2001,218,"Ecuador",20889.535,,
2001,818,"Egypt",31410.198,,
2001,222,"El Salvador",4300.489,,
2001,226,"Equatorial Guinea",9682.641,,
2001,232,"Eritrea",302.31,,
2001,233,"Estonia",14552.44,,
2001,748,"Eswatini",1578.642,,
2001,231,"Ethiopia",2680.092,,
2001,238,"Falkland Islands (Malvinas)",149.03,,
2001,234,"Faroe Islands",853.584,,
2001,242,"Fiji",,,"Not publishable"
2001,246,"Finland",81344.606,,
2001,250,"France",405598.889,,
2001,258,"French Polynesia",789.637,,
2001,260,"French Southern Territories",6.689,,
2001,266,"Gabon",14754.508,,
2001,270,"Gambia",537.914,,
2001,268,"Georgia",2977.787,,
2001,276,"Germany",684599.013,,
2001,288,"Ghana",5847.836,,
2001,292,"Gibraltar",5181.111,,
2001,300,"Greece",51587.632,,
2001,304,"Greenland",456.525,,
2001,308,"Grenada",198.844,,
2001,316,"Guam",1720.386,,
2001,320,"Guatemala",9359.584,,
2001,324,"Guinea",10971.224,,
2001,624,"Guinea-Bissau",612.506,,
2001,328,"Guyana",3025.968,,
2001,332,"Haiti",1688.293,,
2001,334,"Heard Island and McDonald Islands",0.319,,
2001,336,"Holy See",5.684,,
2001,340,"Honduras",3777.733,,
2001,348,"Hungary",24710.629,,
2001,352,"Iceland",3731.279,,
2001,356,"India",169211.879,,
2001,360,"Indonesia",,,"Not applicable"
2001,960,"Indonesia (...2002)",232016.274,,
2001,364,"Iran (Islamic Republic of)",125594.906,,
2001,368,"Iraq",72648.412,,
2001,372,"Ireland",38968.988,,
2001,376,"Israel",39236.482,,
2001,380,"Italy",372061.012,,
2001,388,"Jamaica",12837.793,,
2001,392,"Japan",873732.545,,
2001,400,"Jordan",9699.669,,
2001,398,"Kazakhstan",84126.856,,
2001,404,"Kenya",8255.84,,
2001,296,"Kiribati",64.492,,
2001,414,"Kuwait",95095.189,,
2001,417,"Kyrgyzstan",606.499,,
2001,418,"Lao People's Dem. Rep.",1258.616,,
2001,428,"Latvia",9320.76,,
2001,422,"Lebanon",8612.509,,
2001,426,"Lesotho",747.126,,
2001,430,"Liberia",4185.542,,
2001,434,"Libya",71368.591,,
2001,440,"Lithuania",20563.015,,
2001,442,"Luxembourg",20492.309,,
2001,450,"Madagascar",2175.311,,
2001,454,"Malawi",204.138,,
2001,458,"Malaysia",110951.229,,
2001,462,"Maldives",721.821,,
2001,466,"Mali",1091.21,,
2001,470,"Malta",3392.997,,
2001,584,"Marshall Islands",1437.633,,
2001,478,"Mauritania",7415.046,,
2001,480,"Mauritius",3309.043,,
2001,484,"Mexico",195861.02,,
2001,583,"Micronesia (Federated States of)",182.639,,
2001,496,"Mongolia",600.232,,
2001,499,"Montenegro",,,"Not applicable"
2001,500,"Montserrat",,,"Not publishable"
2001,504,"Morocco",39247.073,,
2001,508,"Mozambique",1317.829,,
2001,104,"Myanmar",5147.698,,
2001,516,"Namibia",1734.087,,
2001,520,"Nauru",241.013,,
2001,524,"Nepal",530.916,,
2001,528,"Netherlands (Kingdom of the)",447622.902,,
2001,530,"Netherlands Antilles",16447.301,,
2001,540,"New Caledonia",4512.699,,
2001,554,"New Zealand",34997.422,,
2001,558,"Nicaragua",2902.248,,
2001,562,"Niger",710.73,,
2001,566,"Nigeria",111880.601,,
2001,570,"Niue",3.107,,
2001,574,"Norfolk Island",,,"Not publishable"
2001,807,"North Macedonia",2411.985,,
2001,580,"Northern Mariana Islands",191.224,,
2001,578,"Norway",208316.953,,
2001,512,"Oman",50532.263,,
2001,586,"Pakistan",32973.644,,
2001,585,"Palau",56.709,,
2001,591,"Panama",6690.136,,
2001,598,"Papua New Guinea",7387.597,,
2001,600,"Paraguay",3919.836,,
2001,604,"Peru",25158.764,,
2001,608,"Philippines",60020.666,,
2001,612,"Pitcairn",4.036,,
2001,616,"Poland",101319.596,,
2001,620,"Portugal",46829.769,,
2001,634,"Qatar",54979.46,,
2001,410,"Republic of Korea",433523.157,,
2001,498,"Republic of Moldova",1134.027,,
2001,642,"Romania",39329.929,,
2001,643,"Russian Federation",553228.562,,
2001,646,"Rwanda",,,"Not publishable"
2001,654,"Saint Helena",48.259,,
2001,659,"Saint Kitts and Nevis",206.797,,
2001,662,"Saint Lucia",412.495,,
2001,666,"Saint Pierre and Miquelon",20.572,,
2001,670,"Saint Vincent and the Grenadines",447.363,,
2001,882,"Samoa",192.908,,
2001,674,"San Marino",103.548,,
2001,678,"Sao Tome and Principe",67.501,,
2001,682,"Saudi Arabia",376028.3,,
2001,686,"Senegal",5080.308,,
2001,688,"Serbia",,,"Not applicable"
2001,891,"Serbia and Montenegro",7218.195,,
2001,690,"Seychelles",347.033,,
2001,694,"Sierra Leone",480.222,,
2001,702,"Singapore",151324.813,,
2001,534,"Sint Maarten (Dutch part)",,,"Not applicable"
2001,703,"Slovakia",28307.449,,
2001,705,"Slovenia",10504.052,,
2001,090,"Solomon Islands",377.577,,
2001,706,"Somalia",344.91,,
2001,710,"South Africa",127038.091,,
2001,239,"South Georgia and the South Sandwich Islands",2.337,,
2001,728,"South Sudan",,,"Not applicable"
2001,724,"Spain",239643.616,,
2001,144,"Sri Lanka",7934.151,,
2001,275,"State of Palestine",1516.264,,
2001,729,"Sudan",,,"Not applicable"
2001,736,"Sudan (...2011)",9574.387,,
2001,740,"Suriname",1795.184,,
2001,752,"Sweden",101655.998,,
2001,756,"Switzerland",28089.463,,
2001,760,"Syrian Arab Republic",20985.653,,
2001,762,"Tajikistan",768.23,,
2001,764,"Thailand",117294.029,,
2001,626,"Timor-Leste",,,"Not applicable"
2001,768,"Togo",2684.865,,
2001,772,"Tokelau",24.513,,
2001,776,"Tonga",79.103,,
2001,780,"Trinidad and Tobago",26453.081,,
2001,788,"Tunisia",19710.79,,
2001,792,"Turkiye",88855.113,,
2001,795,"Turkmenistan",19847.685,,
2001,796,"Turks and Caicos Islands",108.253,,
2001,798,"Tuvalu",,,"Not publishable"
2001,800,"Uganda",1093.677,,
2001,804,"Ukraine",123083.575,,
2001,784,"United Arab Emirates",,,"Not publishable"
2001,826,"United Kingdom",396937.023,,
2001,834,"United Republic of Tanzania",2549.905,,
2001,840,"United States",1096093.174,,
2001,581,"United States Minor Outlying Islands",52.989,,
2001,858,"Uruguay",6234.97,,
2001,860,"Uzbekistan",2589.91,,
2001,548,"Vanuatu",205.567,,
2001,862,"Venezuela (Bolivarian Rep. of)",163536.818,,
2001,704,"Viet Nam",42568.048,,
2001,876,"Wallis and Futuna Islands",34.82,,
2001,732,"Western Sahara",3.532,,
2001,887,"Yemen",17223.997,,
2001,894,"Zambia",1134.446,,
2001,716,"Zimbabwe",1957.769,,
2001,5702,"Northern America and Europe",5920582.829,,
2001,5706,"Europe, Northern America, Australia and New Zealand",6473680.79,,
2001,5703,"Central and Southern Asia",458540.283,,
2001,5704,"Eastern and South-Eastern Asia",2850023.383,,
2001,5705,"Western Asia and Northern Africa",1284580.251,,
2001,1400,"Developing economies",4778258.584,,
2001,1410,"Developing economies: Africa",688708.618,,
2001,1411,"Developing economies: Northern Africa",278115.27,,
2001,1412,"Developing economies: Sub-Saharan Africa",410593.348,,
2001,1420,"Developing economies: Americas",1108415.507,,
2001,1460,"Developing economies: Asia and Oceania",2981134.458,,
2001,1430,"Developing economies: Asia",2962539.026,,
2001,1431,"Developing economies: Central Asia",107939.181,,
2001,1433,"Developing economies: Eastern Asia",804952.754,,
2001,1435,"Developing economies: South-eastern Asia",737814.927,,
2001,1432,"Developing economies: Southern Asia",350601.102,,
2001,1434,"Developing economies: Western Asia",961231.062,,
2001,1450,"Developing economies: Oceania",18595.432,,
2001,1500,"Developed economies",7826223.398,,
2001,1520,"Developed economies: Americas",1304508.431,,
2001,1560,"Developed economies: Asia and Oceania",1906454.71,,
2001,1530,"Developed economies: Asia",1352489.62,,
2001,1550,"Developed economies: Oceania",553965.09,,
2001,1540,"Developed economies: Europe",4615260.257,,
2001,1610,"LDCs (Least developed countries)",138806.598,,
2001,1614,"LDCs: Africa",97018.642,,
2001,1612,"LDCs: Asia",39456.808,,
2001,1615,"LDCs: Islands and Haiti",2331.148,,
2001,1620,"LLDCs (Landlocked developing countries)",145546.41,,
2001,1640,"SIDS (Small island developing States) (UN-OHRLLS)",303109.483,,
2001,1641,"SIDS: Atlantic and Indian Ocean",5859.461,,
2001,1642,"SIDS: Caribbean",127393.145,,
2001,1643,"SIDS: Pacific",169856.876,,
2002,0000,"World",13153481.67,,
2002,5100,"Africa",683368.43,,
2002,5110,"Northern Africa",281473.129,,
2002,5120,"Sub-Saharan Africa",401889.433,,
2002,5121,"Eastern Africa",26470.879,,
2002,5122,"Middle Africa",90333.439,,
2002,5123,"Southern Africa",134259.188,,
2002,5124,"Western Africa",150825.926,,
2002,5200,"Americas",2357438.965,,
2002,5210,"Northern America",1268395.938,,
2002,5220,"Latin America and the Caribbean",1089039.277,,
2002,5221,"Caribbean",114385.137,,
2002,5222,"Central America",232157.174,,
2002,5223,"South America",742496.864,,
2002,5300,"Asia",4489434.644,,
2002,5310,"Central Asia",113899.201,,
2002,5330,"Eastern Asia",2221627.992,,
2002,5350,"South-eastern Asia",833009.31,,
2002,5320,"Southern Asia",354444.883,,
2002,5340,"Western Asia",966453.258,,
2002,5400,"Europe",4812969.894,,
2002,5410,"Eastern Europe",1081872.447,,
2002,5420,"Northern Europe",956979.639,,
2002,5430,"Southern Europe",777617.242,,
2002,5440,"Western Europe",1995872.746,,
2002,5500,"Oceania",592585.975,,
2002,5520,"Australia and New Zealand",572488.408,,
2002,5510,"Oceania excluding Australia and New Zealand",20096.389,,
2002,5900,"Other territories",15098.737,,
2002,004,"Afghanistan",2030.809,,
2002,008,"Albania",2040.741,,
2002,012,"Algeria",115666.693,,
2002,016,"American Samoa",293.084,,
2002,020,"Andorra",286.622,,
2002,024,"Angola",42671.892,,
2002,660,"Anguilla",80.948,,
2002,028,"Antigua and Barbuda",618.393,,
2002,032,"Argentina",83155.5,,
2002,051,"Armenia",1183.863,,
2002,533,"Aruba",,,"Not publishable"
2002,036,"Australia",539618.513,,
2002,040,"Austria",59671.431,,
2002,031,"Azerbaijan",9284.23,,
2002,044,"Bahamas",7484.059,,
2002,048,"Bahrain",19806.691,,
2002,050,"Bangladesh",11706.8,,
2002,052,"Barbados",1563.59,,
2002,112,"Belarus",40423.169,,
2002,056,"Belgium",340026.721,,
2002,084,"Belize",481.383,,
2002,204,"Benin",1791.51,,
2002,060,"Bermuda",364.966,,
2002,064,"Bhutan",51.983,,
2002,068,"Bolivia (Plurinational State of)",2383.975,,
2002,535,"Bonaire, Sint Eustatius and Saba",,,"Not applicable"
2002,070,"Bosnia and Herzegovina",4716.65,,
2002,072,"Botswana",2086.486,,
2002,074,"Bouvet Island",3.242,,
2002,076,"Brazil",335399.232,,
2002,086,"British Indian Ocean Territory",135.047,,
2002,092,"British Virgin Islands",18858.135,,
2002,096,"Brunei Darussalam",17183.076,,
2002,100,"Bulgaria",14170.018,,
2002,854,"Burkina Faso",715.27,,
2002,108,"Burundi",90.688,,
2002,132,"Cabo Verde",514.574,,
2002,116,"Cambodia",1860.149,,
2002,120,"Cameroon",8466.203,,
2002,124,"Canada",203762.939,,
2002,136,"Cayman Islands",1410.839,,
2002,140,"Central African Republic",121.206,,
2002,148,"Chad",233.975,,
2002,152,"Chile",46917.776,,
2002,156,"China",616356.019,,
2002,344,"China, Hong Kong SAR",55504.427,,
2002,446,"China, Macao SAR",1470.031,,
2002,158,"China, Taiwan Province of",238634.205,,
2002,162,"Christmas Island",193.283,,
2002,166,"Cocos (Keeling) Islands",8.947,,
2002,170,"Colombia",67362.97,,
2002,174,"Comoros",65.602,,
2002,178,"Congo",12360.456,,
2002,184,"Cook Islands",37.939,,
2002,188,"Costa Rica",8523.772,,
2002,384,"Cote d'Ivoire",11183.995,,
2002,191,"Croatia",15252.791,,
2002,192,"Cuba",11546.551,,
2002,531,"Curacao",,,"Not applicable"
2002,196,"Cyprus",6279.595,,
2002,203,"Czechia",54555.027,,
2002,408,"Dem. People's Rep. of Korea",5127.303,,
2002,180,"Dem. Rep. of the Congo",2302.536,,
2002,208,"Denmark",63160.512,,
2002,262,"Djibouti",907.224,,
2002,212,"Dominica",190.529,,
2002,214,"Dominican Republic",12802.006,,
2002,218,"Ecuador",20495.424,,
2002,818,"Egypt",34672.535,,
2002,222,"El Salvador",5418.06,,
2002,226,"Equatorial Guinea",10262.93,,
2002,232,"Eritrea",300.122,,
2002,233,"Estonia",15212.684,,
2002,748,"Eswatini",994.473,,
2002,231,"Ethiopia",2170.284,,
2002,238,"Falkland Islands (Malvinas)",113.685,,
2002,234,"Faroe Islands",813.606,,
2002,242,"Fiji",1678.237,,
2002,246,"Finland",84533.76,,
2002,250,"France",406826.769,,
2002,258,"French Polynesia",832.692,,
2002,260,"French Southern Territories",12.75,,
2002,266,"Gabon",13844.973,,
2002,270,"Gambia",657.285,,
2002,268,"Georgia",3065.025,,
2002,276,"Germany",699854.046,,
2002,288,"Ghana",3512.775,,
2002,292,"Gibraltar",4000.294,,
2002,300,"Greece",49925.055,,
2002,304,"Greenland",441.907,,
2002,308,"Grenada",221.387,,
2002,316,"Guam",1257.099,,
2002,320,"Guatemala",10109.729,,
2002,324,"Guinea",11623.43,,
2002,624,"Guinea-Bissau",367.942,,
2002,328,"Guyana",2427.846,,
2002,332,"Haiti",1832.946,,
2002,334,"Heard Island and McDonald Islands",0.352,,
2002,336,"Holy See",4.995,,
2002,340,"Honduras",3545.882,,
2002,348,"Hungary",32178.507,,
2002,352,"Iceland",3843.452,,
2002,356,"India",188046.434,,
2002,360,"Indonesia",,,"Not applicable"
2002,960,"Indonesia (...2002)",258146.696,,
2002,364,"Iran (Islamic Republic of)",107136.981,,
2002,368,"Iraq",57836.323,,
2002,372,"Ireland",40550.573,,
2002,376,"Israel",39544.493,,
2002,380,"Italy",373000.511,,
2002,388,"Jamaica",13320.229,,
2002,392,"Japan",877091.49,,
2002,400,"Jordan",10027.362,,
2002,398,"Kazakhstan",87177.233,,
2002,404,"Kenya",6452.136,,
2002,296,"Kiribati",78.384,,
2002,414,"Kuwait",92895.489,,
2002,417,"Kyrgyzstan",746.335,,
2002,418,"Lao People's Dem. Rep.",1080.16,,
2002,428,"Latvia",9807.064,,
2002,422,"Lebanon",8342.589,,
2002,426,"Lesotho",745.019,,
2002,430,"Liberia",4652.755,,
2002,434,"Libya",61493.998,,
2002,440,"Lithuania",23248.476,,
2002,442,"Luxembourg",20637.517,,
2002,450,"Madagascar",1571.8,,
2002,454,"Malawi",258.731,,
2002,458,"Malaysia",142092.013,,
2002,462,"Maldives",856.122,,
2002,466,"Mali",1195.621,,
2002,470,"Malta",3586.492,,
2002,584,"Marshall Islands",2166.803,,
2002,478,"Mauritania",8349.392,,
2002,480,"Mauritius",3614.723,,
2002,484,"Mexico",195794.305,,
2002,583,"Micronesia (Federated States of)",144.067,,
2002,496,"Mongolia",616.618,,
2002,499,"Montenegro",,,"Not applicable"
2002,500,"Montserrat",33.802,,
2002,504,"Morocco",38137.84,,
2002,508,"Mozambique",2233.244,,
2002,104,"Myanmar",5580.606,,
2002,516,"Namibia",1718.433,,
2002,520,"Nauru",413.95,,
2002,524,"Nepal",668.202,,
2002,528,"Netherlands (Kingdom of the)",441290.547,,
2002,530,"Netherlands Antilles",10720.169,,
2002,540,"New Caledonia",4317.861,,
2002,554,"New Zealand",32655.626,,
2002,558,"Nicaragua",2644.663,,
2002,562,"Niger",506.85,,
2002,566,"Nigeria",96949.128,,
2002,570,"Niue",2.662,,
2002,574,"Norfolk Island",11.687,,
2002,807,"North Macedonia",2531.754,,
2002,580,"Northern Mariana Islands",,,"Not publishable"
2002,578,"Norway",209989.799,,
2002,512,"Oman",50246.018,,
2002,586,"Pakistan",33888.614,,
2002,585,"Palau",63.07,,
2002,591,"Panama",5639.38,,
2002,598,"Papua New Guinea",6709.993,,
2002,600,"Paraguay",3401.008,,
2002,604,"Peru",26782.188,,
2002,608,"Philippines",61620.982,,
2002,612,"Pitcairn",11.044,,
2002,616,"Poland",107922.606,,
2002,620,"Portugal",47412.111,,
2002,634,"Qatar",54666.4,,
2002,410,"Republic of Korea",426827.898,,
2002,498,"Republic of Moldova",1330.333,,
2002,642,"Romania",44399.999,,
2002,643,"Russian Federation",616395.311,,
2002,646,"Rwanda",,,"Not publishable"
2002,654,"Saint Helena",39.074,,
2002,659,"Saint Kitts and Nevis",207.935,,
2002,662,"Saint Lucia",359.775,,
2002,666,"Saint Pierre and Miquelon",14.608,,
2002,670,"Saint Vincent and the Grenadines",378.373,,
2002,882,"Samoa",215.8,,
2002,674,"San Marino",31.439,,
2002,678,"Sao Tome and Principe",69.268,,
2002,682,"Saudi Arabia",352634.748,,
2002,686,"Senegal",5422.61,,
2002,688,"Serbia",,,"Not applicable"
2002,891,"Serbia and Montenegro",8676.167,,
2002,690,"Seychelles",602.015,,
2002,694,"Sierra Leone",398.943,,
2002,702,"Singapore",174181.549,,
2002,534,"Sint Maarten (Dutch part)",,,"Not applicable"
2002,703,"Slovakia",31599.25,,
2002,705,"Slovenia",10905.814,,
2002,090,"Solomon Islands",485.043,,
2002,706,"Somalia",456.773,,
2002,710,"South Africa",128714.778,,
2002,239,"South Georgia and the South Sandwich Islands",5.743,,
2002,728,"South Sudan",,,"Not applicable"
2002,724,"Spain",255245.807,,
2002,144,"Sri Lanka",10058.938,,
2002,275,"State of Palestine",1163.637,,
2002,729,"Sudan",,,"Not applicable"
2002,736,"Sudan (...2011)",11161.273,,
2002,740,"Suriname",1804.067,,
2002,752,"Sweden",105943.315,,
2002,756,"Switzerland",27565.717,,
2002,760,"Syrian Arab Republic",21697.394,,
2002,762,"Tajikistan",866.668,,
2002,764,"Thailand",123475.77,,
2002,626,"Timor-Leste",,,"Not applicable"
2002,768,"Togo",2944.772,,
2002,772,"Tokelau",164.758,,
2002,776,"Tonga",83.542,,
2002,780,"Trinidad and Tobago",28664.736,,
2002,788,"Tunisia",20339.191,,
2002,792,"Turkiye",94628.337,,
2002,795,"Turkmenistan",22792.23,,
2002,796,"Turks and Caicos Islands",117.754,,
2002,798,"Tuvalu",,,"Not publishable"
2002,800,"Uganda",1270.147,,
2002,804,"Ukraine",138898.227,,
2002,784,"United Arab Emirates",,,"Not publishable"
2002,826,"United Kingdom",399876.399,,
2002,834,"United Republic of Tanzania",2621.8,,
2002,840,"United States",1063811.518,,
2002,581,"United States Minor Outlying Islands",8.973,,
2002,858,"Uruguay",5749.033,,
2002,860,"Uzbekistan",2316.735,,
2002,548,"Vanuatu",150.346,,
2002,862,"Venezuela (Bolivarian Rep. of)",146495.176,,
2002,704,"Viet Nam",47788.309,,
2002,876,"Wallis and Futuna Islands",28.929,,
2002,732,"Western Sahara",1.598,,
2002,887,"Yemen",16961.304,,
2002,894,"Zambia",1155.277,,
2002,716,"Zimbabwe",2075.097,,
2002,5702,"Northern America and Europe",6081365.832,,
2002,5706,"Europe, Northern America, Australia and New Zealand",6653226.421,,
2002,5703,"Central and Southern Asia",468344.084,,
2002,5704,"Eastern and South-Eastern Asia",3054637.302,,
2002,5705,"Western Asia and Northern Africa",1247926.386,,
2002,1400,"Developing economies",4932180.32,,
2002,1410,"Developing economies: Africa",683362.562,,
2002,1411,"Developing economies: Northern Africa",281473.129,,
2002,1412,"Developing economies: Sub-Saharan Africa",401889.433,,
2002,1420,"Developing economies: Americas",1089039.175,,
2002,1460,"Developing economies: Asia and Oceania",3159778.584,,
2002,1430,"Developing economies: Asia",3139691.168,,
2002,1431,"Developing economies: Central Asia",113899.201,,
2002,1433,"Developing economies: Eastern Asia",917708.604,,
2002,1435,"Developing economies: South-eastern Asia",833009.31,,
2002,1432,"Developing economies: Southern Asia",354444.883,,
2002,1434,"Developing economies: Western Asia",920629.17,,
2002,1450,"Developing economies: Oceania",20087.416,,
2002,1500,"Developed economies",8002978.87,,
2002,1520,"Developed economies: Americas",1268395.938,,
2002,1560,"Developed economies: Asia and Oceania",1922240.857,,
2002,1530,"Developed economies: Asia",1349743.476,,
2002,1550,"Developed economies: Oceania",572497.381,,
2002,1540,"Developed economies: Europe",4812342.075,,
2002,1610,"LDCs (Least developed countries)",152016.005,,
2002,1614,"LDCs: Africa",109375.791,,
2002,1612,"LDCs: Asia",39888.031,,
2002,1615,"LDCs: Islands and Haiti",2752.183,,
2002,1620,"LLDCs (Landlocked developing countries)",152558.679,,
2002,1640,"SIDS (Small island developing States) (UN-OHRLLS)",319617.879,,
2002,1641,"SIDS: Atlantic and Indian Ocean",6455.212,,
2002,1642,"SIDS: Caribbean",119098.433,,
2002,1643,"SIDS: Pacific",194064.234,,
2003,0000,"World",13861943.525,,
2003,5100,"Africa",729617.301,,
2003,5110,"Northern Africa",302614.848,,
2003,5120,"Sub-Saharan Africa",426957.898,,
2003,5121,"Eastern Africa",28807.968,,
2003,5122,"Middle Africa",93319.259,,
2003,5123,"Southern Africa",135098.911,,
2003,5124,"Western Africa",169731.76,,
2003,5200,"Americas",2466785.284,,
2003,5210,"Northern America",1324431.988,,
2003,5220,"Latin America and the Caribbean",1142292.25,,
2003,5221,"Caribbean",115572.831,,
2003,5222,"Central America",237410.183,,
2003,5223,"South America",789308.584,,
2003,5300,"Asia",4815693.951,,
2003,5310,"Central Asia",123734.183,,
2003,5330,"Eastern Asia",2435317.219,,
2003,5350,"South-eastern Asia",831422.524,,
2003,5320,"Southern Asia",400007.436,,
2003,5340,"Western Asia",1025212.588,,
2003,5400,"Europe",4972218.978,,
2003,5410,"Eastern Europe",1131816.392,,
2003,5420,"Northern Europe",995919.775,,
2003,5430,"Southern Europe",799225.006,,
2003,5440,"Western Europe",2043811.936,,
2003,5500,"Oceania",625527.152,,
2003,5520,"Australia and New Zealand",604604.918,,
2003,5510,"Oceania excluding Australia and New Zealand",20917.233,,
2003,5900,"Other territories",22154.763,,
2003,004,"Afghanistan",3150.41,,
2003,008,"Albania",2284.204,,
2003,012,"Algeria",128415.96,,
2003,016,"American Samoa",253.911,,
2003,020,"Andorra",342.765,,
2003,024,"Angola",43375.381,,
2003,660,"Anguilla",76.103,,
2003,028,"Antigua and Barbuda",670.002,,
2003,032,"Argentina",93518.761,,
2003,051,"Armenia",1264.564,,
2003,533,"Aruba",,,"Not publishable"
2003,036,"Australia",567509.556,,
2003,040,"Austria",67153.56,,
2003,031,"Azerbaijan",10122.478,,
2003,044,"Bahamas",7376.35,,
2003,048,"Bahrain",22766.15,,
2003,050,"Bangladesh",12445.695,,
2003,052,"Barbados",1997.53,,
2003,112,"Belarus",33549.451,,
2003,056,"Belgium",363830.843,,
2003,084,"Belize",717.198,,
2003,204,"Benin",2514.296,,
2003,060,"Bermuda",381.661,,
2003,064,"Bhutan",118.64,,
2003,068,"Bolivia (Plurinational State of)",2686.481,,
2003,535,"Bonaire, Sint Eustatius and Saba",,,"Not applicable"
2003,070,"Bosnia and Herzegovina",4967.774,,
2003,072,"Botswana",1427.263,,
2003,074,"Bouvet Island",1.051,,
2003,076,"Brazil",368101.346,,
2003,086,"British Indian Ocean Territory",4.694,,
2003,092,"British Virgin Islands",17158.005,,
2003,096,"Brunei Darussalam",17006.549,,
2003,100,"Bulgaria",17350.216,,
2003,854,"Burkina Faso",824.303,,
2003,108,"Burundi",114.842,,
2003,132,"Cabo Verde",587.364,,
2003,116,"Cambodia",1933.295,,
2003,120,"Cameroon",8776.511,,
2003,124,"Canada",214876.393,,
2003,136,"Cayman Islands",1721.643,,
2003,140,"Central African Republic",148.918,,
2003,148,"Chad",278.318,,
2003,152,"Chile",56989.654,,
2003,156,"China",750209.365,,
2003,344,"China, Hong Kong SAR",54864.313,,
2003,446,"China, Macao SAR",2057.384,,
2003,158,"China, Taiwan Province of",264681.323,,
2003,162,"Christmas Island",140.443,,
2003,166,"Cocos (Keeling) Islands",10.923,,
2003,170,"Colombia",68549.833,,
2003,174,"Comoros",79.792,,
2003,178,"Congo",11954.145,,
2003,184,"Cook Islands",41.329,,
2003,188,"Costa Rica",8786.542,,
2003,384,"Cote d'Ivoire",9760.173,,
2003,191,"Croatia",16268.81,,
2003,192,"Cuba",9928.843,,
2003,531,"Curacao",,,"Not applicable"
2003,196,"Cyprus",6096.268,,
2003,203,"Czechia",43195.324,,
2003,408,"Dem. People's Rep. of Korea",4303.13,,
2003,180,"Dem. Rep. of the Congo",1856.856,,
2003,208,"Denmark",59736.851,,
2003,262,"Djibouti",694.329,,
2003,212,"Dominica",226.371,,
2003,214,"Dominican Republic",11793.746,,
2003,218,"Ecuador",22805.212,,
2003,818,"Egypt",35435.41,,
2003,222,"El Salvador",5678.236,,
2003,226,"Equatorial Guinea",12165.969,,
2003,232,"Eritrea",362.101,,
2003,233,"Estonia",13343.494,,
2003,748,"Eswatini",1156.505,,
2003,231,"Ethiopia",2609.965,,
2003,238,"Falkland Islands (Malvinas)",135.539,,
2003,234,"Faroe Islands",887.529,,
2003,242,"Fiji",1791.555,,
2003,246,"Finland",93389.554,,
2003,250,"France",418640.012,,
2003,258,"French Polynesia",878.777,,
2003,260,"French Southern Territories",,,"Not publishable"
2003,266,"Gabon",14689.372,,
2003,270,"Gambia",708.402,,
2003,268,"Georgia",4139.463,,
2003,276,"Germany",697082.608,,
2003,288,"Ghana",4704.693,,
2003,292,"Gibraltar",5012.794,,
2003,300,"Greece",52731.93,,
2003,304,"Greenland",359.518,,
2003,308,"Grenada",213.963,,
2003,316,"Guam",1296.599,,
2003,320,"Guatemala",10637.734,,
2003,324,"Guinea",11881.379,,
2003,624,"Guinea-Bissau",285.617,,
2003,328,"Guyana",2291.925,,
2003,332,"Haiti",1722.727,,
2003,334,"Heard Island and McDonald Islands",1.381,,
2003,336,"Holy See",3.812,,
2003,340,"Honduras",4293.639,,
2003,348,"Hungary",30632.41,,
2003,352,"Iceland",3933.566,,
2003,356,"India",201158.659,,
2003,360,"Indonesia",263604.445,,
2003,960,"Indonesia (...2002)",,,"Not applicable"
2003,364,"Iran (Islamic Republic of)",138887.522,,
2003,368,"Iraq",42636.038,,
2003,372,"Ireland",41993.123,,
2003,376,"Israel",39730.249,,
2003,380,"Italy",382905.399,,
2003,388,"Jamaica",13634.401,,
2003,392,"Japan",913933.617,,
2003,400,"Jordan",10431.689,,
2003,398,"Kazakhstan",96250.17,,
2003,404,"Kenya",6907.733,,
2003,296,"Kiribati",56.276,,
2003,414,"Kuwait",96295.97,,
2003,417,"Kyrgyzstan",806.084,,
2003,418,"Lao People's Dem. Rep.",1067.738,,
2003,428,"Latvia",10719.505,,
2003,422,"Lebanon",8691.045,,
2003,426,"Lesotho",840.621,,
2003,430,"Liberia",3458.634,,
2003,434,"Libya",68072.794,,
2003,440,"Lithuania",25636.298,,
2003,442,"Luxembourg",20947.107,,
2003,450,"Madagascar",2364.408,,
2003,454,"Malawi",263.753,,
2003,458,"Malaysia",127027.565,,
2003,462,"Maldives",937.47,,
2003,466,"Mali",1460.35,,
2003,470,"Malta",3618.063,,
2003,584,"Marshall Islands",2421.966,,
2003,478,"Mauritania",6693.849,,
2003,480,"Mauritius",3369.194,,
2003,484,"Mexico",199201.857,,
2003,583,"Micronesia (Federated States of)",146.915,,
2003,496,"Mongolia",824.715,,
2003,499,"Montenegro",,,"Not applicable"
2003,500,"Montserrat",21.439,,
2003,504,"Morocco",38415.984,,
2003,508,"Mozambique",1862.822,,
2003,104,"Myanmar",4599.921,,
2003,516,"Namibia",1438.865,,
2003,520,"Nauru",213.07,,
2003,524,"Nepal",1379.67,,
2003,528,"Netherlands (Kingdom of the)",448298.636,,
2003,530,"Netherlands Antilles",9488.26,,
2003,540,"New Caledonia",4546.835,,
2003,554,"New Zealand",36909.956,,
2003,558,"Nicaragua",2853.826,,
2003,562,"Niger",421.158,,
2003,566,"Nigeria",115859.89,,
2003,570,"Niue",2.068,,
2003,574,"Norfolk Island",32.658,,
2003,807,"North Macedonia",2807.196,,
2003,580,"Northern Mariana Islands",220.837,,
2003,578,"Norway",212518.1,,
2003,512,"Oman",53825.445,,
2003,586,"Pakistan",32340.979,,
2003,585,"Palau",31.862,,
2003,591,"Panama",5241.152,,
2003,598,"Papua New Guinea",7343.441,,
2003,600,"Paraguay",4587.412,,
2003,604,"Peru",28458.127,,
2003,608,"Philippines",61158.114,,
2003,612,"Pitcairn",7.662,,
2003,616,"Poland",112840.791,,
2003,620,"Portugal",46839.793,,
2003,634,"Qatar",58574.668,,
2003,410,"Republic of Korea",444443.372,,
2003,498,"Republic of Moldova",1420.845,,
2003,642,"Romania",51450.173,,
2003,643,"Russian Federation",657219.52,,
2003,646,"Rwanda",,,"Not publishable"
2003,654,"Saint Helena",42.591,,
2003,659,"Saint Kitts and Nevis",178.479,,
2003,662,"Saint Lucia",433.265,,
2003,666,"Saint Pierre and Miquelon",17.107,,
2003,670,"Saint Vincent and the Grenadines",387.76,,
2003,882,"Samoa",197.217,,
2003,674,"San Marino",,,"Not publishable"
2003,678,"Sao Tome and Principe",73.789,,
2003,682,"Saudi Arabia",386059.307,,
2003,686,"Senegal",6009.784,,
2003,688,"Serbia",,,"Not applicable"
2003,891,"Serbia and Montenegro",9871.005,,
2003,690,"Seychelles",669.491,,
2003,694,"Sierra Leone",376.471,,
2003,702,"Singapore",169777.263,,
2003,534,"Sint Maarten (Dutch part)",,,"Not applicable"
2003,703,"Slovakia",30087.14,,
2003,705,"Slovenia",11540.371,,
2003,090,"Solomon Islands",807.294,,
2003,706,"Somalia",511.637,,
2003,710,"South Africa",130235.657,,
2003,239,"South Georgia and the South Sandwich Islands",6.479,,
2003,728,"South Sudan",,,"Not applicable"
2003,724,"Spain",259958.882,,
2003,144,"Sri Lanka",9588.391,,
2003,275,"State of Palestine",1499.945,,
2003,729,"Sudan",,,"Not applicable"
2003,736,"Sudan (...2011)",11459.13,,
2003,740,"Suriname",1825.227,,
2003,752,"Sweden",111008.836,,
2003,756,"Switzerland",27859.17,,
2003,760,"Syrian Arab Republic",20139.948,,
2003,762,"Tajikistan",1067.981,,
2003,764,"Thailand",131385.649,,
2003,626,"Timor-Leste",187.448,,
2003,768,"Togo",4142.806,,
2003,772,"Tokelau",127.954,,
2003,776,"Tonga",,,"Not publishable"
2003,780,"Trinidad and Tobago",34295.031,,
2003,788,"Tunisia",20815.013,,
2003,792,"Turkiye",103435.336,,
2003,795,"Turkmenistan",23175.287,,
2003,796,"Turks and Caicos Islands",124.531,,
2003,798,"Tuvalu",38.669,,
2003,800,"Uganda",1425.65,,
2003,804,"Ukraine",154070.521,,
2003,784,"United Arab Emirates",,,"Not publishable"
2003,826,"United Kingdom",422752.917,,
2003,834,"United Republic of Tanzania",3577.15,,
2003,840,"United States",1108797.309,,
2003,581,"United States Minor Outlying Islands",117.199,,
2003,858,"Uruguay",7248.831,,
2003,860,"Uzbekistan",2434.66,,
2003,548,"Vanuatu",236.786,,
2003,862,"Venezuela (Bolivarian Rep. of)",132102.705,,
2003,704,"Viet Nam",53674.538,,
2003,876,"Wallis and Futuna Islands",27.377,,
2003,732,"Western Sahara",0.558,,
2003,887,"Yemen",19794.319,,
2003,894,"Zambia",1222.385,,
2003,716,"Zimbabwe",2300.656,,
2003,5702,"Northern America and Europe",6296650.966,,
2003,5706,"Europe, Northern America, Australia and New Zealand",6899810.016,,
2003,5703,"Central and Southern Asia",523741.619,,
2003,5704,"Eastern and South-Eastern Asia",3266739.744,,
2003,5705,"Western Asia and Northern Africa",1327827.436,,
2003,1400,"Developing economies",5304154.822,,
2003,1410,"Developing economies: Africa",729572.746,,
2003,1411,"Developing economies: Northern Africa",302614.848,,
2003,1412,"Developing economies: Sub-Saharan Africa",426957.898,,
2003,1420,"Developing economies: Americas",1142291.598,,
2003,1460,"Developing economies: Asia and Oceania",3432290.477,,
2003,1430,"Developing economies: Asia",3411490.444,,
2003,1431,"Developing economies: Central Asia",123734.183,,
2003,1433,"Developing economies: Eastern Asia",1076940.23,,
2003,1435,"Developing economies: South-eastern Asia",831422.524,,
2003,1432,"Developing economies: Southern Asia",400007.436,,
2003,1434,"Developing economies: Western Asia",979386.071,,
2003,1450,"Developing economies: Oceania",20800.033,,
2003,1500,"Developed economies",8304130.721,,
2003,1520,"Developed economies: Americas",1324431.988,,
2003,1560,"Developed economies: Asia and Oceania",2008925.624,,
2003,1530,"Developed economies: Asia",1404203.506,,
2003,1550,"Developed economies: Oceania",604722.118,,
2003,1540,"Developed economies: Europe",4970773.109,,
2003,1610,"LDCs (Least developed countries)",159456.513,,
2003,1614,"LDCs: Africa",112193.258,,
2003,1612,"LDCs: Asia",44371.049,,
2003,1615,"LDCs: Islands and Haiti",2892.206,,
2003,1620,"LLDCs (Landlocked developing countries)",168106.961,,
2003,1640,"SIDS (Small island developing States) (UN-OHRLLS)",317393.311,,
2003,1641,"SIDS: Atlantic and Indian Ocean",6384.379,,
2003,1642,"SIDS: Caribbean",120407.181,,
2003,1643,"SIDS: Pacific",190601.751,,
2004,0000,"World",14983928.788,,
2004,5100,"Africa",783544.365,,
2004,5110,"Northern Africa",322555.806,,
2004,5120,"Sub-Saharan Africa",460757.322,,
2004,5121,"Eastern Africa",33234.966,,
2004,5122,"Middle Africa",104708.342,,
2004,5123,"Southern Africa",141230.49,,
2004,5124,"Western Africa",181583.524,,
2004,5200,"Americas",2706043.027,,
2004,5210,"Northern America",1454697.797,,
2004,5220,"Latin America and the Caribbean",1251340.637,,
2004,5221,"Caribbean",111115.471,,
2004,5222,"Central America",251558.073,,
2004,5223,"South America",888666.42,,
2004,5300,"Asia",5219544.796,,
2004,5310,"Central Asia",142227.585,,
2004,5330,"Eastern Asia",2618259.338,,
2004,5350,"South-eastern Asia",943662.394,,
2004,5320,"Southern Asia",431077.802,,
2004,5340,"Western Asia",1084317.677,,
2004,5400,"Europe",5336172.041,,
2004,5410,"Eastern Europe",1260776.686,,
2004,5420,"Northern Europe",1056452.812,,
2004,5430,"Southern Europe",842618.877,,
2004,5440,"Western Europe",2174095.694,,
2004,5500,"Oceania",672992.282,,
2004,5520,"Australia and New Zealand",653000.476,,
2004,5510,"Oceania excluding Australia and New Zealand",19991.375,,
2004,5900,"Other territories",22926.573,,
2004,004,"Afghanistan",3356.229,,
2004,008,"Albania",2576.45,,
2004,012,"Algeria",131614.843,,
2004,016,"American Samoa",141.848,,
2004,020,"Andorra",283.645,,
2004,024,"Angola",45976.574,,
2004,660,"Anguilla",69.872,,
2004,028,"Antigua and Barbuda",539.234,,
2004,032,"Argentina",95396.042,,
2004,051,"Armenia",1815.498,,
2004,533,"Aruba",,,"Not publishable"
2004,036,"Australia",614800.109,,
2004,040,"Austria",72100.138,,
2004,031,"Azerbaijan",9273.41,,
2004,044,"Bahamas",6526.916,,
2004,048,"Bahrain",21458.921,,
2004,050,"Bangladesh",13531.689,,
2004,052,"Barbados",1674.354,,
2004,112,"Belarus",51971.515,,
2004,056,"Belgium",385565.194,,
2004,084,"Belize",720.859,,
2004,204,"Benin",2114.198,,
2004,060,"Bermuda",247.456,,
2004,064,"Bhutan",142.231,,
2004,068,"Bolivia (Plurinational State of)",3802.157,,
2004,535,"Bonaire, Sint Eustatius and Saba",,,"Not applicable"
2004,070,"Bosnia and Herzegovina",5889.788,,
2004,072,"Botswana",1617.414,,
2004,074,"Bouvet Island",3.236,,
2004,076,"Brazil",412298.453,,
2004,086,"British Indian Ocean Territory",7.234,,
2004,092,"British Virgin Islands",13878.74,,
2004,096,"Brunei Darussalam",16861.68,,
2004,100,"Bulgaria",19499.265,,
2004,854,"Burkina Faso",776.183,,
2004,108,"Burundi",113.643,,
2004,132,"Cabo Verde",519.691,,
2004,116,"Cambodia",2102.835,,
2004,120,"Cameroon",9972.825,,
2004,124,"Canada",236816.587,,
2004,136,"Cayman Islands",1754.753,,
2004,140,"Central African Republic",373.612,,
2004,148,"Chad",5249.17,,
2004,152,"Chile",66007.235,,
2004,156,"China",873215.121,,
2004,344,"China, Hong Kong SAR",58697.907,,
2004,446,"China, Macao SAR",2283.856,,
2004,158,"China, Taiwan Province of",263836.981,,
2004,162,"Christmas Island",163.174,,
2004,166,"Cocos (Keeling) Islands",12.574,,
2004,170,"Colombia",76640.604,,
2004,174,"Comoros",136.375,,
2004,178,"Congo",12995.988,,
2004,184,"Cook Islands",45.854,,
2004,188,"Costa Rica",9413.579,,
2004,384,"Cote d'Ivoire",12352.9,,
2004,191,"Croatia",18704.763,,
2004,192,"Cuba",10670.741,,
2004,531,"Curacao",,,"Not applicable"
2004,196,"Cyprus",6558.887,,
2004,203,"Czechia",45076.389,,
2004,408,"Dem. People's Rep. of Korea",6351.994,,
2004,180,"Dem. Rep. of the Congo",1931.492,,
2004,208,"Denmark",68432.555,,
2004,262,"Djibouti",557.228,,
2004,212,"Dominica",282.946,,
2004,214,"Dominican Republic",12090.394,,
2004,218,"Ecuador",28004.104,,
2004,818,"Egypt",41403.447,,
2004,222,"El Salvador",5575.516,,
2004,226,"Equatorial Guinea",14992.957,,
2004,232,"Eritrea",367.308,,
2004,233,"Estonia",13751.095,,
2004,748,"Eswatini",994.727,,
2004,231,"Ethiopia",3336.864,,
2004,238,"Falkland Islands (Malvinas)",78.85,,
2004,234,"Faroe Islands",954.791,,
2004,242,"Fiji",1897.743,,
2004,246,"Finland",93823.391,,
2004,250,"France",444374.121,,
2004,258,"French Polynesia",830.972,,
2004,260,"French Southern Territories",,,"Not publishable"
2004,266,"Gabon",13143.35,,
2004,270,"Gambia",763.224,,
2004,268,"Georgia",4504.828,,
2004,276,"Germany",752030.739,,
2004,288,"Ghana",2190.161,,
2004,292,"Gibraltar",8157.597,,
2004,300,"Greece",54612.285,,
2004,304,"Greenland",469.403,,
2004,308,"Grenada",209.735,,
2004,316,"Guam",1288.411,,
2004,320,"Guatemala",10528.673,,
2004,324,"Guinea",12218.383,,
2004,624,"Guinea-Bissau",244.126,,
2004,328,"Guyana",2729.336,,
2004,332,"Haiti",1681.282,,
2004,334,"Heard Island and McDonald Islands",0.23,,
2004,336,"Holy See",12.531,,
2004,340,"Honduras",4532.098,,
2004,348,"Hungary",34625.469,,
2004,352,"Iceland",4245.512,,
2004,356,"India",221999.035,,
2004,360,"Indonesia",298124.798,,
2004,960,"Indonesia (...2002)",,,"Not applicable"
2004,364,"Iran (Islamic Republic of)",144403.939,,
2004,368,"Iraq",67339.377,,
2004,372,"Ireland",45331.891,,
2004,376,"Israel",42950.17,,
2004,380,"Italy",396535.248,,
2004,388,"Jamaica",13956.074,,
2004,392,"Japan",941325.345,,
2004,400,"Jordan",13636.063,,
2004,398,"Kazakhstan",109748.927,,
2004,404,"Kenya",7584.45,,
2004,296,"Kiribati",39.302,,
2004,414,"Kuwait",102601.01,,
2004,417,"Kyrgyzstan",1030.379,,
2004,418,"Lao People's Dem. Rep.",1239.089,,
2004,428,"Latvia",12514.111,,
2004,422,"Lebanon",11109.347,,
2004,426,"Lesotho",670.524,,
2004,430,"Liberia",3702.3,,
2004,434,"Libya",74496.397,,
2004,440,"Lithuania",27902.992,,
2004,442,"Luxembourg",23028.561,,
2004,450,"Madagascar",2369.738,,
2004,454,"Malawi",344.57,,
2004,458,"Malaysia",152985.666,,
2004,462,"Maldives",1158.616,,
2004,466,"Mali",1412.979,,
2004,470,"Malta",3278.093,,
2004,584,"Marshall Islands",1618.973,,
2004,478,"Mauritania",8207.747,,
2004,480,"Mauritius",4081.377,,
2004,484,"Mexico",211488.834,,
2004,583,"Micronesia (Federated States of)",145.56,,
2004,496,"Mongolia",1500.679,,
2004,499,"Montenegro",,,"Not applicable"
2004,500,"Montserrat",33.627,,
2004,504,"Morocco",41144.723,,
2004,508,"Mozambique",2413.807,,
2004,104,"Myanmar",5113.783,,
2004,516,"Namibia",1278.85,,
2004,520,"Nauru",177.483,,
2004,524,"Nepal",1708.161,,
2004,528,"Netherlands (Kingdom of the)",467193.999,,
2004,530,"Netherlands Antilles",7265.099,,
2004,540,"New Caledonia",4735.009,,
2004,554,"New Zealand",38017.705,,
2004,558,"Nicaragua",3020.583,,
2004,562,"Niger",560.072,,
2004,566,"Nigeria",126579.888,,
2004,570,"Niue",10.062,,
2004,574,"Norfolk Island",6.685,,
2004,807,"North Macedonia",3267.341,,
2004,580,"Northern Mariana Islands",220.72,,
2004,578,"Norway",229149.973,,
2004,512,"Oman",45902.708,,
2004,586,"Pakistan",33200.5,,
2004,585,"Palau",55.937,,
2004,591,"Panama",6277.93,,
2004,598,"Papua New Guinea",6974.678,,
2004,600,"Paraguay",5627.934,,
2004,604,"Peru",31550.072,,
2004,608,"Philippines",62812.384,,
2004,612,"Pitcairn",,,"Not publishable"
2004,616,"Poland",119254.668,,
2004,620,"Portugal",50714.453,,
2004,634,"Qatar",64171.763,,
2004,410,"Republic of Korea",471047.456,,
2004,498,"Republic of Moldova",1470.323,,
2004,642,"Romania",56675.783,,
2004,643,"Russian Federation",741777.692,,
2004,646,"Rwanda",,,"Not publishable"
2004,654,"Saint Helena",33.158,,
2004,659,"Saint Kitts and Nevis",228.649,,
2004,662,"Saint Lucia",556.244,,
2004,666,"Saint Pierre and Miquelon",18.307,,
2004,670,"Saint Vincent and the Grenadines",403.88,,
2004,882,"Samoa",209.552,,
2004,674,"San Marino",52.495,,
2004,678,"Sao Tome and Principe",72.374,,
2004,682,"Saudi Arabia",402293.737,,
2004,686,"Senegal",6018.857,,
2004,688,"Serbia",,,"Not applicable"
2004,891,"Serbia and Montenegro",11721.08,,
2004,690,"Seychelles",732.735,,
2004,694,"Sierra Leone",620.701,,
2004,702,"Singapore",194033.515,,
2004,534,"Sint Maarten (Dutch part)",,,"Not applicable"
2004,703,"Slovakia",31607.774,,
2004,705,"Slovenia",12404.873,,
2004,090,"Solomon Islands",1086.129,,
2004,706,"Somalia",559.272,,
2004,710,"South Africa",136668.974,,
2004,239,"South Georgia and the South Sandwich Islands",,,"Not publishable"
2004,728,"South Sudan",,,"Not applicable"
2004,724,"Spain",274408.234,,
2004,144,"Sri Lanka",11577.403,,
2004,275,"State of Palestine",2061.079,,
2004,729,"Sudan",,,"Not applicable"
2004,736,"Sudan (...2011)",13406.939,,
2004,740,"Suriname",2574.08,,
2004,752,"Sweden",118420.602,,
2004,756,"Switzerland",29802.943,,
2004,760,"Syrian Arab Republic",17702.901,,
2004,762,"Tajikistan",1169.897,,
2004,764,"Thailand",147699.427,,
2004,626,"Timor-Leste",207.992,,
2004,768,"Togo",3268.957,,
2004,772,"Tokelau",25.788,,
2004,776,"Tonga",89.021,,
2004,780,"Trinidad and Tobago",32763.081,,
2004,788,"Tunisia",20488.627,,
2004,792,"Turkiye",110250.241,,
2004,795,"Turkmenistan",27108.27,,
2004,796,"Turks and Caicos Islands",219.344,,
2004,798,"Tuvalu",10.344,,
2004,800,"Uganda",1530.01,,
2004,804,"Ukraine",158817.807,,
2004,784,"United Arab Emirates",,,"Not publishable"
2004,826,"United Kingdom",441925.9,,
2004,834,"United Republic of Tanzania",3996.014,,
2004,840,"United States",1217146.044,,
2004,581,"United States Minor Outlying Islands",35.779,,
2004,858,"Uruguay",8903.818,,
2004,860,"Uzbekistan",3170.113,,
2004,548,"Vanuatu",290.128,,
2004,862,"Venezuela (Bolivarian Rep. of)",155046.445,,
2004,704,"Viet Nam",62481.223,,
2004,876,"Wallis and Futuna Islands",24.565,,
2004,732,"Western Sahara",0.829,,
2004,887,"Yemen",17692.142,,
2004,894,"Zambia",1703.502,,
2004,716,"Zimbabwe",2202.261,,
2004,5702,"Northern America and Europe",6790869.838,,
2004,5706,"Europe, Northern America, Australia and New Zealand",7441642.342,,
2004,5703,"Central and Southern Asia",573305.387,,
2004,5704,"Eastern and South-Eastern Asia",3561921.732,,
2004,5705,"Western Asia and Northern Africa",1406873.484,,
2004,1400,"Developing economies",5812271.627,,
2004,1410,"Developing economies: Africa",783313.128,,
2004,1411,"Developing economies: Northern Africa",322555.806,,
2004,1412,"Developing economies: Sub-Saharan Africa",460757.322,,
2004,1420,"Developing economies: Americas",1251339.964,,
2004,1460,"Developing economies: Asia and Oceania",3777618.534,,
2004,1430,"Developing economies: Asia",3757662.939,,
2004,1431,"Developing economies: Central Asia",142227.585,,
2004,1433,"Developing economies: Eastern Asia",1205886.537,,
2004,1435,"Developing economies: South-eastern Asia",943662.394,,
2004,1432,"Developing economies: Southern Asia",431077.802,,
2004,1434,"Developing economies: Western Asia",1034808.62,,
2004,1450,"Developing economies: Oceania",19955.595,,
2004,1500,"Developed economies",8903559.979,,
2004,1520,"Developed economies: Americas",1454697.797,,
2004,1560,"Developed economies: Asia and Oceania",2114918.114,,
2004,1530,"Developed economies: Asia",1461881.858,,
2004,1550,"Developed economies: Oceania",653036.256,,
2004,1540,"Developed economies: Europe",5333944.069,,
2004,1610,"LDCs (Least developed countries)",173883.432,,
2004,1614,"LDCs: Africa",125978.079,,
2004,1612,"LDCs: Asia",44743.928,,
2004,1615,"LDCs: Islands and Haiti",3161.425,,
2004,1620,"LLDCs (Landlocked developing countries)",197486.257,,
2004,1640,"SIDS (Small island developing States) (UN-OHRLLS)",338441.73,,
2004,1641,"SIDS: Atlantic and Indian Ocean",7192.751,,
2004,1642,"SIDS: Caribbean",117139.746,,
2004,1643,"SIDS: Pacific",214109.233,,
2005,0000,"World",16055544.205,,
2005,5100,"Africa",857371.157,,
2005,5110,"Northern Africa",350845.432,,
2005,5120,"Sub-Saharan Africa",506520.016,,
2005,5121,"Eastern Africa",39097.827,,
2005,5122,"Middle Africa",126328.509,,
2005,5123,"Southern Africa",144545.369,,
2005,5124,"Western Africa",196548.311,,
2005,5200,"Americas",2962364.002,,
2005,5210,"Northern America",1595423.828,,
2005,5220,"Latin America and the Caribbean",1366935.676,,
2005,5221,"Caribbean",130424.143,,
2005,5222,"Central America",273389.538,,
2005,5223,"South America",963121.995,,
2005,5300,"Asia",5648243.503,,
2005,5310,"Central Asia",143676.968,,
2005,5330,"Eastern Asia",2794333.574,,
2005,5350,"South-eastern Asia",1018114.088,,
2005,5320,"Southern Asia",492442.64,,
2005,5340,"Western Asia",1199676.233,,
2005,5400,"Europe",5599340.822,,
2005,5410,"Eastern Europe",1294997.738,,
2005,5420,"Northern Europe",1093994.232,,
2005,5430,"Southern Europe",870753.944,,
2005,5440,"Western Europe",2336478.374,,
2005,5500,"Oceania",721791.824,,
2005,5520,"Australia and New Zealand",698847.407,,
2005,5510,"Oceania excluding Australia and New Zealand",22944.218,,
2005,5900,"Other territories",23489.269,,
2005,004,"Afghanistan",5241.949,,
2005,008,"Albania",2988.785,,
2005,012,"Algeria",136741.661,,
2005,016,"American Samoa",107.466,,
2005,020,"Andorra",297.685,,
2005,024,"Angola",60633.451,,
2005,660,"Anguilla",121.563,,
2005,028,"Antigua and Barbuda",421.823,,
2005,032,"Argentina",109264.956,,
2005,051,"Armenia",1932.678,,
2005,533,"Aruba",9235.69,,
2005,036,"Australia",660634.529,,
2005,040,"Austria",77891.29,,
2005,031,"Azerbaijan",11325.527,,
2005,044,"Bahamas",8862.931,,
2005,048,"Bahrain",29099.457,,
2005,050,"Bangladesh",17806.792,,
2005,052,"Barbados",1873.128,,
2005,112,"Belarus",54280.288,,
2005,056,"Belgium",440020.558,,
2005,084,"Belize",810.341,,
2005,204,"Benin",2181.399,,
2005,060,"Bermuda",273.232,,
2005,064,"Bhutan",259.962,,
2005,068,"Bolivia (Plurinational State of)",4648.307,,
2005,535,"Bonaire, Sint Eustatius and Saba",,,"Not applicable"
2005,070,"Bosnia and Herzegovina",7688.409,,
2005,072,"Botswana",1930.927,,
2005,074,"Bouvet Island",2.69,,
2005,076,"Brazil",434434.495,,
2005,086,"British Indian Ocean Territory",5.24,,
2005,092,"British Virgin Islands",12359.008,,
2005,096,"Brunei Darussalam",17143.238,,
2005,100,"Bulgaria",22348.531,,
2005,854,"Burkina Faso",885.664,,
2005,108,"Burundi",127.015,,
2005,132,"Cabo Verde",639.087,,
2005,116,"Cambodia",2245.307,,
2005,120,"Cameroon",9850.801,,
2005,124,"Canada",270257.871,,
2005,136,"Cayman Islands",1752.33,,
2005,140,"Central African Republic",302.134,,
2005,148,"Chad",6114.633,,
2005,152,"Chile",70113.48,,
2005,156,"China",985246.493,,
2005,344,"China, Hong Kong SAR",60748.322,,
2005,446,"China, Macao SAR",3500.167,,
2005,158,"China, Taiwan Province of",301348.588,,
2005,162,"Christmas Island",118.424,,
2005,166,"Cocos (Keeling) Islands",14.372,,
2005,170,"Colombia",91290.278,,
2005,174,"Comoros",187.34,,
2005,178,"Congo",16769.034,,
2005,184,"Cook Islands",44.803,,
2005,188,"Costa Rica",9678.747,,
2005,384,"Cote d'Ivoire",13388.493,,
2005,191,"Croatia",19297.578,,
2005,192,"Cuba",11636.111,,
2005,531,"Curacao",,,"Not applicable"
2005,196,"Cyprus",7121.109,,
2005,203,"Czechia",44585.466,,
2005,408,"Dem. People's Rep. of Korea",7635.164,,
2005,180,"Dem. Rep. of the Congo",2256.142,,
2005,208,"Denmark",71402.256,,
2005,262,"Djibouti",880.317,,
2005,212,"Dominica",304.877,,
2005,214,"Dominican Republic",13027.753,,
2005,218,"Ecuador",29405.768,,
2005,818,"Egypt",52476.294,,
2005,222,"El Salvador",5846.7,,
2005,226,"Equatorial Guinea",18037.516,,
2005,232,"Eritrea",335.131,,
2005,233,"Estonia",15633.914,,
2005,748,"Eswatini",1288.151,,
2005,231,"Ethiopia",7021.181,,
2005,238,"Falkland Islands (Malvinas)",92.595,,
2005,234,"Faroe Islands",833.153,,
2005,242,"Fiji",2392.837,,
2005,246,"Finland",90500.628,,
2005,250,"France",460521.304,,
2005,258,"French Polynesia",894.196,,
2005,260,"French Southern Territories",,,"Not publishable"
2005,266,"Gabon",12283.122,,
2005,270,"Gambia",857.438,,
2005,268,"Georgia",4890.652,,
2005,276,"Germany",800558.108,,
2005,288,"Ghana",8035.809,,
2005,292,"Gibraltar",7889.378,,
2005,300,"Greece",57251.011,,
2005,304,"Greenland",656.706,,
2005,308,"Grenada",277.208,,
2005,316,"Guam",1448.708,,
2005,320,"Guatemala",12254.13,,
2005,324,"Guinea",13264.382,,
2005,624,"Guinea-Bissau",377.271,,
2005,328,"Guyana",2732.88,,
2005,332,"Haiti",1780.065,,
2005,334,"Heard Island and McDonald Islands",0.872,,
2005,336,"Holy See",40.352,,
2005,340,"Honduras",5636.982,,
2005,348,"Hungary",38262.39,,
2005,352,"Iceland",4162.749,,
2005,356,"India",265566.897,,
2005,360,"Indonesia",324030.639,,
2005,960,"Indonesia (...2002)",,,"Not applicable"
2005,364,"Iran (Islamic Republic of)",147632.266,,
2005,368,"Iraq",58636.653,,
2005,372,"Ireland",48609.436,,
2005,376,"Israel",52355.824,,
2005,380,"Italy",394302.876,,
2005,388,"Jamaica",14526.418,,
2005,392,"Japan",953441.027,,
2005,400,"Jordan",14609.635,,
2005,398,"Kazakhstan",107432.288,,
2005,404,"Kenya",8284.353,,
2005,296,"Kiribati",68.614,,
2005,414,"Kuwait",113425.833,,
2005,417,"Kyrgyzstan",1576.6,,
2005,418,"Lao People's Dem. Rep.",1451.189,,
2005,428,"Latvia",13162.02,,
2005,422,"Lebanon",9643.07,,
2005,426,"Lesotho",595.698,,
2005,430,"Liberia",5844.318,,
2005,434,"Libya",81136.18,,
2005,440,"Lithuania",31788.361,,
2005,442,"Luxembourg",21338.48,,
2005,450,"Madagascar",2048.543,,
2005,454,"Malawi",351.92,,
2005,458,"Malaysia",159576.093,,
2005,462,"Maldives",1266.937,,
2005,466,"Mali",1393.769,,
2005,470,"Malta",3051.662,,
2005,584,"Marshall Islands",2067.995,,
2005,478,"Mauritania",7049.84,,
2005,480,"Mauritius",4366.832,,
2005,484,"Mexico",229594.443,,
2005,583,"Micronesia (Federated States of)",120.107,,
2005,496,"Mongolia",1917.806,,
2005,499,"Montenegro",,,"Not applicable"
2005,500,"Montserrat",49.468,,
2005,504,"Morocco",44572.983,,
2005,508,"Mozambique",2654.884,,
2005,104,"Myanmar",5336.061,,
2005,516,"Namibia",1382.951,,
2005,520,"Nauru",46.996,,
2005,524,"Nepal",1673.931,,
2005,528,"Netherlands (Kingdom of the)",505509.07,,
2005,530,"Netherlands Antilles",9633.852,,
2005,540,"New Caledonia",4739.851,,
2005,554,"New Zealand",38070.216,,
2005,558,"Nicaragua",3216.928,,
2005,562,"Niger",610.89,,
2005,566,"Nigeria",131532.743,,
2005,570,"Niue",12.476,,
2005,574,"Norfolk Island",8.994,,
2005,807,"North Macedonia",3647.328,,
2005,580,"Northern Mariana Islands",223.717,,
2005,578,"Norway",222144.127,,
2005,512,"Oman",47550.95,,
2005,586,"Pakistan",41665.976,,
2005,585,"Palau",49.351,,
2005,591,"Panama",6351.268,,
2005,598,"Papua New Guinea",8637.131,,
2005,600,"Paraguay",5651.224,,
2005,604,"Peru",35364.26,,
2005,608,"Philippines",66721.523,,
2005,612,"Pitcairn",4.895,,
2005,616,"Poland",125688.464,,
2005,620,"Portugal",51502.241,,
2005,634,"Qatar",74601.112,,
2005,410,"Republic of Korea",480496.008,,
2005,498,"Republic of Moldova",1410.258,,
2005,642,"Romania",59853.773,,
2005,643,"Russian Federation",763569.115,,
2005,646,"Rwanda",146.874,,
2005,654,"Saint Helena",39.104,,
2005,659,"Saint Kitts and Nevis",183.829,,
2005,662,"Saint Lucia",696.211,,
2005,666,"Saint Pierre and Miquelon",20.712,,
2005,670,"Saint Vincent and the Grenadines",347.642,,
2005,882,"Samoa",212.425,,
2005,674,"San Marino",44.371,,
2005,678,"Sao Tome and Principe",81.676,,
2005,682,"Saudi Arabia",435169.321,,
2005,686,"Senegal",6258.414,,
2005,688,"Serbia",,,"Not applicable"
2005,891,"Serbia and Montenegro",14232.923,,
2005,690,"Seychelles",715.244,,
2005,694,"Sierra Leone",722.594,,
2005,702,"Singapore",208799.605,,
2005,534,"Sint Maarten (Dutch part)",,,"Not applicable"
2005,703,"Slovakia",32796.126,,
2005,705,"Slovenia",12975.478,,
2005,090,"Solomon Islands",1245.988,,
2005,706,"Somalia",855.593,,
2005,710,"South Africa",139347.643,,
2005,239,"South Georgia and the South Sandwich Islands",,,"Not publishable"
2005,728,"South Sudan",,,"Not applicable"
2005,724,"Spain",295543.866,,
2005,144,"Sri Lanka",11327.93,,
2005,275,"State of Palestine",2328.53,,
2005,729,"Sudan",,,"Not applicable"
2005,736,"Sudan (...2011)",15639.182,,
2005,740,"Suriname",2466.903,,
2005,752,"Sweden",125362.345,,
2005,756,"Switzerland",30639.565,,
2005,760,"Syrian Arab Republic",18299.456,,
2005,762,"Tajikistan",1342.704,,
2005,764,"Thailand",163906.973,,
2005,626,"Timor-Leste",274.124,,
2005,768,"Togo",3467.094,,
2005,772,"Tokelau",59.404,,
2005,776,"Tonga",96.927,,
2005,780,"Trinidad and Tobago",43045.767,,
2005,788,"Tunisia",20278.359,,
2005,792,"Turkiye",120461.923,,
2005,795,"Turkmenistan",29818.783,,
2005,796,"Turks and Caicos Islands",288.47,,
2005,798,"Tuvalu",23.53,,
2005,800,"Uganda",1966.288,,
2005,804,"Ukraine",152203.325,,
2005,784,"United Arab Emirates",180672.026,,
2005,826,"United Kingdom",470395.245,,
2005,834,"United Republic of Tanzania",4326.57,,
2005,840,"United States",1324215.306,,
2005,581,"United States Minor Outlying Islands",26.096,,
2005,858,"Uruguay",9589.079,,
2005,860,"Uzbekistan",3506.593,,
2005,548,"Vanuatu",398.5,,
2005,862,"Venezuela (Bolivarian Rep. of)",168046.987,,
2005,704,"Viet Nam",68629.337,,
2005,876,"Wallis and Futuna Islands",22.207,,
2005,732,"Western Sahara",0.772,,
2005,887,"Yemen",17552.477,,
2005,894,"Zambia",1858.02,,
2005,716,"Zimbabwe",2883.367,,
2005,5702,"Northern America and Europe",7194764.65,,
2005,5706,"Europe, Northern America, Australia and New Zealand",7890495.523,,
2005,5703,"Central and Southern Asia",636119.608,,
2005,5704,"Eastern and South-Eastern Asia",3812447.662,,
2005,5705,"Western Asia and Northern Africa",1550521.664,,
2005,1400,"Developing economies",6402048.781,,
2005,1410,"Developing economies: Africa",857365.448,,
2005,1411,"Developing economies: Northern Africa",350845.432,,
2005,1412,"Developing economies: Sub-Saharan Africa",506520.016,,
2005,1420,"Developing economies: Americas",1366935.676,,
2005,1460,"Developing economies: Asia and Oceania",4177747.657,,
2005,1430,"Developing economies: Asia",4154829.535,,
2005,1431,"Developing economies: Central Asia",143676.968,,
2005,1433,"Developing economies: Eastern Asia",1360396.539,,
2005,1435,"Developing economies: South-eastern Asia",1018114.088,,
2005,1432,"Developing economies: Southern Asia",492442.64,,
2005,1434,"Developing economies: Western Asia",1140199.299,,
2005,1450,"Developing economies: Oceania",22918.122,,
2005,1500,"Developed economies",9383935.587,,
2005,1520,"Developed economies: Americas",1595423.828,,
2005,1560,"Developed economies: Asia and Oceania",2192287.471,,
2005,1530,"Developed economies: Asia",1493413.968,,
2005,1550,"Developed economies: Oceania",698873.503,,
2005,1540,"Developed economies: Europe",5596224.288,,
2005,1610,"LDCs (Least developed countries)",205914.014,,
2005,1614,"LDCs: Africa",151026.649,,
2005,1612,"LDCs: Asia",51307.705,,
2005,1615,"LDCs: Islands and Haiti",3579.66,,
2005,1620,"LLDCs (Landlocked developing countries)",210313.656,,
2005,1640,"SIDS (Small island developing States) (UN-OHRLLS)",376247.233,,
2005,1641,"SIDS: Atlantic and Indian Ocean",7907.621,,
2005,1642,"SIDS: Caribbean",136434.267,,
2005,1643,"SIDS: Pacific",231905.345,,
2006,0000,"World",16998226.247,,
2006,5100,"Africa",911676.392,,
2006,5110,"Northern Africa",374927.012,,
2006,5120,"Sub-Saharan Africa",536731.802,,
2006,5121,"Eastern Africa",38304.338,,
2006,5122,"Middle Africa",141552.347,,
2006,5123,"Southern Africa",148284.626,,
2006,5124,"Western Africa",208590.49,,
2006,5200,"Americas",3169055.891,,
2006,5210,"Northern America",1716068.806,,
2006,5220,"Latin America and the Caribbean",1452791.982,,
2006,5221,"Caribbean",127232.419,,
2006,5222,"Central America",297194.431,,
2006,5223,"South America",1028365.001,,
2006,5300,"Asia",6085268.489,,
2006,5310,"Central Asia",162404.766,,
2006,5330,"Eastern Asia",3000296.275,,
2006,5350,"South-eastern Asia",1108690.045,,
2006,5320,"Southern Asia",549922.464,,
2006,5340,"Western Asia",1263954.938,,
2006,5400,"Europe",5854834.846,,
2006,5410,"Eastern Europe",1329302.044,,
2006,5420,"Northern Europe",1114230.623,,
2006,5430,"Southern Europe",901999.87,,
2006,5440,"Western Europe",2505815.823,,
2006,5500,"Oceania",749593.888,,
2006,5520,"Australia and New Zealand",725534.392,,
2006,5510,"Oceania excluding Australia and New Zealand",24058.917,,
2006,5900,"Other territories",22838.51,,
2006,004,"Afghanistan",4632.449,,
2006,008,"Albania",3136.14,,
2006,012,"Algeria",145206.588,,
2006,016,"American Samoa",147.426,,
2006,020,"Andorra",296.973,,
2006,024,"Angola",73618.123,,
2006,660,"Anguilla",99.706,,
2006,028,"Antigua and Barbuda",749.423,,
2006,032,"Argentina",106325.326,,
2006,051,"Armenia",1943.466,,
2006,533,"Aruba",,,"Not publishable"
2006,036,"Australia",687161.215,,
2006,040,"Austria",81733.73,,
2006,031,"Azerbaijan",18664.014,,
2006,044,"Bahamas",8878.503,,
2006,048,"Bahrain",26784.501,,
2006,050,"Bangladesh",22609.196,,
2006,052,"Barbados",1720.157,,
2006,112,"Belarus",61338.12,,
2006,056,"Belgium",481029.784,,
2006,084,"Belize",918.149,,
2006,204,"Benin",2341.331,,
2006,060,"Bermuda",488.497,,
2006,064,"Bhutan",208.296,,
2006,068,"Bolivia (Plurinational State of)",4685.336,,
2006,535,"Bonaire, Sint Eustatius and Saba",,,"Not applicable"
2006,070,"Bosnia and Herzegovina",7744.929,,
2006,072,"Botswana",1809.598,,
2006,074,"Bouvet Island",1.054,,
2006,076,"Brazil",482063.388,,
2006,086,"British Indian Ocean Territory",7.078,,
2006,092,"British Virgin Islands",8371.701,,
2006,096,"Brunei Darussalam",19261.568,,
2006,100,"Bulgaria",26507.292,,
2006,854,"Burkina Faso",1066.422,,
2006,108,"Burundi",181.048,,
2006,132,"Cabo Verde",658.966,,
2006,116,"Cambodia",2733.379,,
2006,120,"Cameroon",11041.432,,
2006,124,"Canada",296271.551,,
2006,136,"Cayman Islands",2302.9,,
2006,140,"Central African Republic",150.197,,
2006,148,"Chad",5945.947,,
2006,152,"Chile",73659.164,,
2006,156,"China",1123835.542,,
2006,344,"China, Hong Kong SAR",66102.179,,
2006,446,"China, Macao SAR",3912.77,,
2006,158,"China, Taiwan Province of",319988.146,,
2006,162,"Christmas Island",77.103,,
2006,166,"Cocos (Keeling) Islands",7.007,,
2006,170,"Colombia",97830.935,,
2006,174,"Comoros",192.036,,
2006,178,"Congo",20516.541,,
2006,184,"Cook Islands",45.471,,
2006,188,"Costa Rica",10975.134,,
2006,384,"Cote d'Ivoire",14299.636,,
2006,191,"Croatia",21081.059,,
2006,192,"Cuba",6729.995,,
2006,531,"Curacao",,,"Not applicable"
2006,196,"Cyprus",7579.71,,
2006,203,"Czechia",54161.929,,
2006,408,"Dem. People's Rep. of Korea",8625.831,,
2006,180,"Dem. Rep. of the Congo",2602.147,,
2006,208,"Denmark",69062.715,,
2006,262,"Djibouti",1152.264,,
2006,212,"Dominica",355.794,,
2006,214,"Dominican Republic",13715.663,,
2006,218,"Ecuador",33117.503,,
2006,818,"Egypt",58909.383,,
2006,222,"El Salvador",5815.516,,
2006,226,"Equatorial Guinea",18199.972,,
2006,232,"Eritrea",174.095,,
2006,233,"Estonia",18500.101,,
2006,748,"Eswatini",972.562,,
2006,231,"Ethiopia",3544.343,,
2006,238,"Falkland Islands (Malvinas)",101.318,,
2006,234,"Faroe Islands",927.686,,
2006,242,"Fiji",2374.195,,
2006,246,"Finland",100078.358,,
2006,250,"France",487331.453,,
2006,258,"French Polynesia",866.785,,
2006,260,"French Southern Territories",31.981,,
2006,266,"Gabon",9384.441,,
2006,270,"Gambia",815.85,,
2006,268,"Georgia",5635.125,,
2006,276,"Germany",855667.441,,
2006,288,"Ghana",8650.47,,
2006,292,"Gibraltar",8458.653,,
2006,300,"Greece",59677.406,,
2006,304,"Greenland",501.254,,
2006,308,"Grenada",239.943,,
2006,316,"Guam",1568.273,,
2006,320,"Guatemala",11459.099,,
2006,324,"Guinea",12844.511,,
2006,624,"Guinea-Bissau",213.249,,
2006,328,"Guyana",3166.684,,
2006,332,"Haiti",2289.297,,
2006,334,"Heard Island and McDonald Islands",0.383,,
2006,336,"Holy See",7.246,,
2006,340,"Honduras",5206.662,,
2006,348,"Hungary",34207.052,,
2006,352,"Iceland",4417.639,,
2006,356,"India",305731.078,,
2006,360,"Indonesia",362374.589,,
2006,960,"Indonesia (...2002)",,,"Not applicable"
2006,364,"Iran (Islamic Republic of)",157647.869,,
2006,368,"Iraq",76327.75,,
2006,372,"Ireland",49751.881,,
2006,376,"Israel",52541.572,,
2006,380,"Italy",407720.286,,
2006,388,"Jamaica",14013.602,,
2006,392,"Japan",962752.824,,
2006,400,"Jordan",13918.399,,
2006,398,"Kazakhstan",125060.697,,
2006,404,"Kenya",8755.983,,
2006,296,"Kiribati",40.862,,
2006,414,"Kuwait",127895.558,,
2006,417,"Kyrgyzstan",2029.923,,
2006,418,"Lao People's Dem. Rep.",2090.749,,
2006,428,"Latvia",14472.643,,
2006,422,"Lebanon",9292.864,,
2006,426,"Lesotho",531.773,,
2006,430,"Liberia",4977.004,,
2006,434,"Libya",88130.687,,
2006,440,"Lithuania",30277.128,,
2006,442,"Luxembourg",23133.685,,
2006,450,"Madagascar",2103.802,,
2006,454,"Malawi",362.384,,
2006,458,"Malaysia",174895.4,,
2006,462,"Maldives",1546.792,,
2006,466,"Mali",1519.938,,
2006,470,"Malta",3207.425,,
2006,584,"Marshall Islands",3116.736,,
2006,478,"Mauritania",8015.097,,
2006,480,"Mauritius",4589.964,,
2006,484,"Mexico",250821.197,,
2006,583,"Micronesia (Federated States of)",109.192,,
2006,496,"Mongolia",2087.469,,
2006,499,"Montenegro",,,"Not applicable"
2006,500,"Montserrat",42.732,,
2006,504,"Morocco",45670.678,,
2006,508,"Mozambique",3959.48,,
2006,104,"Myanmar",5527.025,,
2006,516,"Namibia",1677.863,,
2006,520,"Nauru",43.937,,
2006,524,"Nepal",1915.713,,
2006,528,"Netherlands (Kingdom of the)",545324.459,,
2006,530,"Netherlands Antilles",11321.734,,
2006,540,"New Caledonia",4731.483,,
2006,554,"New Zealand",38281.977,,
2006,558,"Nicaragua",3414.887,,
2006,562,"Niger",708.542,,
2006,566,"Nigeria",142037.708,,
2006,570,"Niue",7.472,,
2006,574,"Norfolk Island",6.706,,
2006,807,"North Macedonia",4015.093,,
2006,580,"Northern Mariana Islands",194.596,,
2006,578,"Norway",216137.252,,
2006,512,"Oman",48455.292,,
2006,586,"Pakistan",42192.73,,
2006,585,"Palau",51.344,,
2006,591,"Panama",8583.788,,
2006,598,"Papua New Guinea",8562.385,,
2006,600,"Paraguay",6145.73,,
2006,604,"Peru",38388.478,,
2006,608,"Philippines",77661.997,,
2006,612,"Pitcairn",,,"Not publishable"
2006,616,"Poland",133858.665,,
2006,620,"Portugal",53450.188,,
2006,634,"Qatar",82558.655,,
2006,410,"Republic of Korea",512991.514,,
2006,498,"Republic of Moldova",1385.527,,
2006,642,"Romania",61273.981,,
2006,643,"Russian Federation",771324.011,,
2006,646,"Rwanda",175.846,,
2006,654,"Saint Helena",70.292,,
2006,659,"Saint Kitts and Nevis",246.082,,
2006,662,"Saint Lucia",722.013,,
2006,666,"Saint Pierre and Miquelon",18.331,,
2006,670,"Saint Vincent and the Grenadines",379.882,,
2006,882,"Samoa",204.525,,
2006,674,"San Marino",49.257,,
2006,678,"Sao Tome and Principe",93.546,,
2006,682,"Saudi Arabia",441599.13,,
2006,686,"Senegal",5392.978,,
2006,688,"Serbia",,,"Not applicable"
2006,891,"Serbia and Montenegro",12414.618,,
2006,690,"Seychelles",840.85,,
2006,694,"Sierra Leone",1428.223,,
2006,702,"Singapore",222455.818,,
2006,534,"Sint Maarten (Dutch part)",,,"Not applicable"
2006,703,"Slovakia",36262.89,,
2006,705,"Slovenia",14784.916,,
2006,090,"Solomon Islands",1364.959,,
2006,706,"Somalia",678.003,,
2006,710,"South Africa",143292.83,,
2006,239,"South Georgia and the South Sandwich Islands",,,"Not publishable"
2006,728,"South Sudan",,,"Not applicable"
2006,724,"Spain",305955.679,,
2006,144,"Sri Lanka",13438.341,,
2006,275,"State of Palestine",2849.457,,
2006,729,"Sudan",,,"Not applicable"
2006,736,"Sudan (...2011)",16032.38,,
2006,740,"Suriname",2992.485,,
2006,752,"Sweden",126434.732,,
2006,756,"Switzerland",31595.271,,
2006,760,"Syrian Arab Republic",19396.497,,
2006,762,"Tajikistan",1479.217,,
2006,764,"Thailand",165223.274,,
2006,626,"Timor-Leste",175.351,,
2006,768,"Togo",3550.274,,
2006,772,"Tokelau",35.595,,
2006,776,"Tonga",99.466,,
2006,780,"Trinidad and Tobago",45425.544,,
2006,788,"Tunisia",20976.946,,
2006,792,"Turkiye",136307.483,,
2006,795,"Turkmenistan",29871.174,,
2006,796,"Turks and Caicos Islands",415.492,,
2006,798,"Tuvalu",25.88,,
2006,800,"Uganda",2281.79,,
2006,804,"Ukraine",148982.577,,
2006,784,"United Arab Emirates",,,"Not publishable"
2006,826,"United Kingdom",484170.489,,
2006,834,"United Republic of Tanzania",4799.227,,
2006,840,"United States",1418789.171,,
2006,581,"United States Minor Outlying Islands",40.062,,
2006,858,"Uruguay",10567.467,,
2006,860,"Uzbekistan",3963.755,,
2006,548,"Vanuatu",341.825,,
2006,862,"Venezuela (Bolivarian Rep. of)",169310.25,,
2006,704,"Viet Nam",76290.894,,
2006,876,"Wallis and Futuna Islands",17.856,,
2006,732,"Western Sahara",0.351,,
2006,887,"Yemen",20156.287,,
2006,894,"Zambia",2145.947,,
2006,716,"Zimbabwe",2328.217,,
2006,5702,"Northern America and Europe",7570903.651,,
2006,5706,"Europe, Northern America, Australia and New Zealand",8292951.558,,
2006,5703,"Central and Southern Asia",712327.23,,
2006,5704,"Eastern and South-Eastern Asia",4108986.321,,
2006,5705,"Western Asia and Northern Africa",1638881.951,,
2006,1400,"Developing economies",6937872.389,,
2006,1410,"Developing economies: Africa",911658.814,,
2006,1411,"Developing economies: Northern Africa",374927.012,,
2006,1412,"Developing economies: Sub-Saharan Africa",536731.802,,
2006,1420,"Developing economies: Americas",1452791.85,,
2006,1460,"Developing economies: Asia and Oceania",4573421.725,,
2006,1430,"Developing economies: Asia",4549402.869,,
2006,1431,"Developing economies: Central Asia",162404.766,,
2006,1433,"Developing economies: Eastern Asia",1524551.937,,
2006,1435,"Developing economies: South-eastern Asia",1108690.045,,
2006,1432,"Developing economies: Southern Asia",549922.464,,
2006,1434,"Developing economies: Western Asia",1203833.656,,
2006,1450,"Developing economies: Oceania",24018.856,,
2006,1500,"Developed economies",9828857.239,,
2006,1520,"Developed economies: Americas",1716068.806,,
2006,1560,"Developed economies: Asia and Oceania",2261440.073,,
2006,1530,"Developed economies: Asia",1535865.62,,
2006,1550,"Developed economies: Oceania",725574.453,,
2006,1540,"Developed economies: Europe",5851348.361,,
2006,1610,"LDCs (Least developed countries)",227065.397,,
2006,1614,"LDCs: Africa",163312.215,,
2006,1612,"LDCs: Asia",59664.798,,
2006,1615,"LDCs: Islands and Haiti",4088.385,,
2006,1620,"LLDCs (Landlocked developing countries)",233903.163,,
2006,1640,"SIDS (Small island developing States) (UN-OHRLLS)",389461.617,,
2006,1641,"SIDS: Atlantic and Indian Ocean",8623.901,,
2006,1642,"SIDS: Caribbean",134309.736,,
2006,1643,"SIDS: Pacific",246527.98,,
2007,0000,"World",17465332.013,,
2007,5100,"Africa",956181.248,,
2007,5110,"Northern Africa",393646.869,,
2007,5120,"Sub-Saharan Africa",562472.406,,
2007,5121,"Eastern Africa",41762.15,,
2007,5122,"Middle Africa",146433.282,,
2007,5123,"Southern Africa",159369.83,,
2007,5124,"Western Africa",214907.144,,
2007,5200,"Americas",3123190.372,,
2007,5210,"Northern America",1604330.15,,
2007,5220,"Latin America and the Caribbean",1518691.599,,
2007,5221,"Caribbean",123178.791,,
2007,5222,"Central America",288745.232,,
2007,5223,"South America",1106766.225,,
2007,5300,"Asia",6470406.638,,
2007,5310,"Central Asia",168713.179,,
2007,5330,"Eastern Asia",3172267.62,,
2007,5350,"South-eastern Asia",1195617.516,,
2007,5320,"Southern Asia",611735.689,,
2007,5340,"Western Asia",1322072.635,,
2007,5400,"Europe",5936441.117,,
2007,5410,"Eastern Europe",1403250.182,,
2007,5420,"Northern Europe",1117044.033,,
2007,5430,"Southern Europe",921195.674,,
2007,5440,"Western Europe",2491057.404,,
2007,5500,"Oceania",799801.02,,
2007,5520,"Australia and New Zealand",773923.071,,
2007,5510,"Oceania excluding Australia and New Zealand",25877.102,,
2007,5900,"Other territories",23938.692,,
2007,004,"Afghanistan",5450.5,,
2007,008,"Albania",3478.87,,
2007,012,"Algeria",135415.147,,
2007,016,"American Samoa",292.532,,
2007,020,"Andorra",195.853,,
2007,024,"Angola",82776.366,,
2007,660,"Anguilla",163.33,,
2007,028,"Antigua and Barbuda",474.909,,
2007,032,"Argentina",117241.279,,
2007,051,"Armenia",2181.59,,
2007,533,"Aruba",,,"Not publishable"
2007,036,"Australia",733718.945,,
2007,040,"Austria",85782.06,,
2007,031,"Azerbaijan",26754.238,,
2007,044,"Bahamas",7390.776,,
2007,048,"Bahrain",22724.878,,
2007,050,"Bangladesh",20531.857,,
2007,052,"Barbados",1063.512,,
2007,112,"Belarus",61131.493,,
2007,056,"Belgium",491663.774,,
2007,084,"Belize",776.285,,
2007,204,"Benin",2935.156,,
2007,060,"Bermuda",244.775,,
2007,064,"Bhutan",272.898,,
2007,068,"Bolivia (Plurinational State of)",4760.28,,
2007,535,"Bonaire, Sint Eustatius and Saba",,,"Not applicable"
2007,070,"Bosnia and Herzegovina",8211.148,,
2007,072,"Botswana",2158.249,,
2007,074,"Bouvet Island",0.351,,
2007,076,"Brazil",534615.659,,
2007,086,"British Indian Ocean Territory",7.076,,
2007,092,"British Virgin Islands",5343.025,,
2007,096,"Brunei Darussalam",17377.902,,
2007,100,"Bulgaria",29310.348,,
2007,854,"Burkina Faso",1284.297,,
2007,108,"Burundi",330.516,,
2007,132,"Cabo Verde",788.778,,
2007,116,"Cambodia",3235.127,,
2007,120,"Cameroon",9066.831,,
2007,124,"Canada",273079.945,,
2007,136,"Cayman Islands",1624.484,,
2007,140,"Central African Republic",122.92,,
2007,148,"Chad",5632.295,,
2007,152,"Chile",79576.65,,
2007,156,"China",1268781.748,,
2007,344,"China, Hong Kong SAR",57652.452,,
2007,446,"China, Macao SAR",4724.174,,
2007,158,"China, Taiwan Province of",316948.457,,
2007,162,"Christmas Island",162.369,,
2007,166,"Cocos (Keeling) Islands",5.043,,
2007,170,"Colombia",109097.648,,
2007,174,"Comoros",133.406,,
2007,178,"Congo",16591.269,,
2007,184,"Cook Islands",56.062,,
2007,188,"Costa Rica",12466.77,,
2007,384,"Cote d'Ivoire",14271.755,,
2007,191,"Croatia",22692.019,,
2007,192,"Cuba",10426.227,,
2007,531,"Curacao",,,"Not applicable"
2007,196,"Cyprus",9270.914,,
2007,203,"Czechia",57338.559,,
2007,408,"Dem. People's Rep. of Korea",8002.238,,
2007,180,"Dem. Rep. of the Congo",2837.574,,
2007,208,"Denmark",65177.799,,
2007,262,"Djibouti",1532.846,,
2007,212,"Dominica",416.745,,
2007,214,"Dominican Republic",14921.293,,
2007,218,"Ecuador",32883.619,,
2007,818,"Egypt",63865.907,,
2007,222,"El Salvador",6812.943,,
2007,226,"Equatorial Guinea",18066.226,,
2007,232,"Eritrea",215.103,,
2007,233,"Estonia",15056.451,,
2007,748,"Eswatini",969.429,,
2007,231,"Ethiopia",3541.164,,
2007,238,"Falkland Islands (Malvinas)",130.048,,
2007,234,"Faroe Islands",982.668,,
2007,242,"Fiji",2272.912,,
2007,246,"Finland",102977.157,,
2007,250,"France",502140.193,,
2007,258,"French Polynesia",908.146,,
2007,260,"French Southern Territories",59.759,,
2007,266,"Gabon",11248.867,,
2007,270,"Gambia",968.617,,
2007,268,"Georgia",4461.057,,
2007,276,"Germany",836906.083,,
2007,288,"Ghana",8113.914,,
2007,292,"Gibraltar",8550.541,,
2007,300,"Greece",59662.577,,
2007,304,"Greenland",553.805,,
2007,308,"Grenada",,,"Not publishable"
2007,316,"Guam",1309.545,,
2007,320,"Guatemala",13909.746,,
2007,324,"Guinea",14432.433,,
2007,624,"Guinea-Bissau",350.198,,
2007,328,"Guyana",3780.606,,
2007,332,"Haiti",1665.919,,
2007,334,"Heard Island and McDonald Islands",1.558,,
2007,336,"Holy See",10.984,,
2007,340,"Honduras",6218.881,,
2007,348,"Hungary",42441.813,,
2007,352,"Iceland",4554.78,,
2007,356,"India",346169.083,,
2007,360,"Indonesia",399342.729,,
2007,960,"Indonesia (...2002)",,,"Not applicable"
2007,364,"Iran (Islamic Republic of)",173500.998,,
2007,368,"Iraq",84984.062,,
2007,372,"Ireland",53078.783,,
2007,376,"Israel",48866.881,,
2007,380,"Italy",408393.642,,
2007,388,"Jamaica",17688.62,,
2007,392,"Japan",984182.076,,
2007,400,"Jordan",14222.428,,
2007,398,"Kazakhstan",130869.669,,
2007,404,"Kenya",8240.818,,
2007,296,"Kiribati",66.621,,
2007,414,"Kuwait",129648.917,,
2007,417,"Kyrgyzstan",2726.418,,
2007,418,"Lao People's Dem. Rep.",2325.478,,
2007,428,"Latvia",14260.486,,
2007,422,"Lebanon",9352.643,,
2007,426,"Lesotho",580.796,,
2007,430,"Liberia",5451.608,,
2007,434,"Libya",97258.106,,
2007,440,"Lithuania",28722.42,,
2007,442,"Luxembourg",24229.076,,
2007,450,"Madagascar",2409.849,,
2007,454,"Malawi",386.268,,
2007,458,"Malaysia",192040.913,,
2007,462,"Maldives",1865.923,,
2007,466,"Mali",1436.011,,
2007,470,"Malta",3976.988,,
2007,584,"Marshall Islands",3487.897,,
2007,478,"Mauritania",8969.58,,
2007,480,"Mauritius",4412.133,,
2007,484,"Mexico",235796.435,,
2007,583,"Micronesia (Federated States of)",72.533,,
2007,496,"Mongolia",2779.791,,
2007,499,"Montenegro",,,"Not applicable"
2007,500,"Montserrat",55.433,,
2007,504,"Morocco",52064.843,,
2007,508,"Mozambique",5061.174,,
2007,104,"Myanmar",6365.395,,
2007,516,"Namibia",2318.616,,
2007,520,"Nauru",204.268,,
2007,524,"Nepal",2122.354,,
2007,528,"Netherlands (Kingdom of the)",516413.886,,
2007,530,"Netherlands Antilles",10368.304,,
2007,540,"New Caledonia",5424.488,,
2007,554,"New Zealand",40028.267,,
2007,558,"Nicaragua",3991.272,,
2007,562,"Niger",537.935,,
2007,566,"Nigeria",143559.484,,
2007,570,"Niue",7.228,,
2007,574,"Norfolk Island",6.89,,
2007,807,"North Macedonia",4743.432,,
2007,580,"Northern Mariana Islands",107.044,,
2007,578,"Norway",208888.425,,
2007,512,"Oman",47326.889,,
2007,586,"Pakistan",48124.965,,
2007,585,"Palau",45.29,,
2007,591,"Panama",8772.9,,
2007,598,"Papua New Guinea",8981.335,,
2007,600,"Paraguay",7570.544,,
2007,604,"Peru",42588.201,,
2007,608,"Philippines",84099.156,,
2007,612,"Pitcairn",,,"Not publishable"
2007,616,"Poland",141264.548,,
2007,620,"Portugal",53132.119,,
2007,634,"Qatar",89978.457,,
2007,410,"Republic of Korea",529196.683,,
2007,498,"Republic of Moldova",1759.673,,
2007,642,"Romania",66470.467,,
2007,643,"Russian Federation",801824.7,,
2007,646,"Rwanda",210.957,,
2007,654,"Saint Helena",46.873,,
2007,659,"Saint Kitts and Nevis",209.824,,
2007,662,"Saint Lucia",642.026,,
2007,666,"Saint Pierre and Miquelon",19.344,,
2007,670,"Saint Vincent and the Grenadines",428.547,,
2007,882,"Samoa",224.011,,
2007,674,"San Marino",80.352,,
2007,678,"Sao Tome and Principe",90.933,,
2007,682,"Saudi Arabia",425384.96,,
2007,686,"Senegal",6464.46,,
2007,688,"Serbia",,,"Not applicable"
2007,891,"Serbia and Montenegro",14807.143,,
2007,690,"Seychelles",771.792,,
2007,694,"Sierra Leone",1685.748,,
2007,702,"Singapore",226887.161,,
2007,534,"Sint Maarten (Dutch part)",,,"Not applicable"
2007,703,"Slovakia",38451.493,,
2007,705,"Slovenia",16825.648,,
2007,090,"Solomon Islands",1628.975,,
2007,706,"Somalia",975.41,,
2007,710,"South Africa",153342.74,,
2007,239,"South Georgia and the South Sandwich Islands",0.563,,
2007,728,"South Sudan",,,"Not applicable"
2007,724,"Spain",316434.357,,
2007,144,"Sri Lanka",13697.112,,
2007,275,"State of Palestine",1546.618,,
2007,729,"Sudan",,,"Not applicable"
2007,736,"Sudan (...2011)",21552.856,,
2007,740,"Suriname",2450.505,,
2007,752,"Sweden",129678.032,,
2007,756,"Switzerland",33922.332,,
2007,760,"Syrian Arab Republic",19497.19,,
2007,762,"Tajikistan",1639.813,,
2007,764,"Thailand",180089.017,,
2007,626,"Timor-Leste",138.682,,
2007,768,"Togo",3610.297,,
2007,772,"Tokelau",323.603,,
2007,776,"Tonga",91.331,,
2007,780,"Trinidad and Tobago",43494.168,,
2007,788,"Tunisia",23489.2,,
2007,792,"Turkiye",155259.749,,
2007,795,"Turkmenistan",28330.288,,
2007,796,"Turks and Caicos Islands",451.957,,
2007,798,"Tuvalu",32.192,,
2007,800,"Uganda",2896.499,,
2007,804,"Ukraine",163257.088,,
2007,784,"United Arab Emirates",210609.876,,
2007,826,"United Kingdom",493667.03,,
2007,834,"United Republic of Tanzania",6171.691,,
2007,840,"United States",1330432.281,,
2007,581,"United States Minor Outlying Islands",13.232,,
2007,858,"Uruguay",10734.177,,
2007,860,"Uzbekistan",5146.991,,
2007,548,"Vanuatu",285.486,,
2007,862,"Venezuela (Bolivarian Rep. of)",161336.094,,
2007,704,"Viet Nam",83715.956,,
2007,876,"Wallis and Futuna Islands",18.342,,
2007,732,"Western Sahara",0.809,,
2007,887,"Yemen",20001.288,,
2007,894,"Zambia",2245.422,,
2007,716,"Zimbabwe",2160.268,,
2007,5702,"Northern America and Europe",7540771.267,,
2007,5706,"Europe, Northern America, Australia and New Zealand",8310800.515,,
2007,5703,"Central and Southern Asia",780448.868,,
2007,5704,"Eastern and South-Eastern Asia",4367885.136,,
2007,5705,"Western Asia and Northern Africa",1715719.504,,
2007,1400,"Developing economies",7399563.477,,
2007,1410,"Developing economies: Africa",956119.275,,
2007,1411,"Developing economies: Northern Africa",393646.869,,
2007,1412,"Developing economies: Sub-Saharan Africa",562472.406,,
2007,1420,"Developing economies: Americas",1518690.248,,
2007,1460,"Developing economies: Asia and Oceania",4924753.954,,
2007,1430,"Developing economies: Asia",4898890.083,,
2007,1431,"Developing economies: Central Asia",168713.179,,
2007,1433,"Developing economies: Eastern Asia",1658888.86,,
2007,1435,"Developing economies: South-eastern Asia",1195617.516,,
2007,1432,"Developing economies: Southern Asia",611735.689,,
2007,1434,"Developing economies: Western Asia",1263934.84,,
2007,1450,"Developing economies: Oceania",25863.871,,
2007,1500,"Developed economies",9882330.301,,
2007,1520,"Developed economies: Americas",1604330.15,,
2007,1560,"Developed economies: Asia and Oceania",2345452.857,,
2007,1530,"Developed economies: Asia",1571516.555,,
2007,1550,"Developed economies: Oceania",773936.302,,
2007,1540,"Developed economies: Europe",5932547.294,,
2007,1610,"LDCs (Least developed countries)",251303.84,,
2007,1614,"LDCs: Africa",187606.047,,
2007,1612,"LDCs: Asia",60031.998,,
2007,1615,"LDCs: Islands and Haiti",3665.795,,
2007,1620,"LLDCs (Landlocked developing countries)",253926.983,,
2007,1640,"SIDS (Small island developing States) (UN-OHRLLS)",391367.864,,
2007,1641,"SIDS: Atlantic and Indian Ocean",8657.938,,
2007,1642,"SIDS: Caribbean",130186.187,,
2007,1643,"SIDS: Pacific",252523.738,,
2008,0000,"World",18154747.929,,
2008,5100,"Africa",1009252.19,,
2008,5110,"Northern Africa",424249.779,,
2008,5120,"Sub-Saharan Africa",584951.809,,
2008,5121,"Eastern Africa",46149.718,,
2008,5122,"Middle Africa",169833.909,,
2008,5123,"Southern Africa",153284.08,,
2008,5124,"Western Africa",215684.101,,
2008,5200,"Americas",3292565.438,,
2008,5210,"Northern America",1707081.215,,
2008,5220,"Latin America and the Caribbean",1585300.088,,
2008,5221,"Caribbean",134468.618,,
2008,5222,"Central America",290342.25,,
2008,5223,"South America",1160488.952,,
2008,5300,"Asia",6757319.07,,
2008,5310,"Central Asia",170896.359,,
2008,5330,"Eastern Asia",3258270.404,,
2008,5350,"South-eastern Asia",1253444.116,,
2008,5320,"Southern Asia",646481.283,,
2008,5340,"Western Asia",1428226.908,,
2008,5400,"Europe",6037169.342,,
2008,5410,"Eastern Europe",1412087.244,,
2008,5420,"Northern Europe",1118310.784,,
2008,5430,"Southern Europe",930818.129,,
2008,5440,"Western Europe",2572245.647,,
2008,5500,"Oceania",863981.205,,
2008,5520,"Australia and New Zealand",838296.959,,
2008,5510,"Oceania excluding Australia and New Zealand",25638.796,,
2008,5900,"Other territories",22842.062,,
2008,004,"Afghanistan",6615.179,,
2008,008,"Albania",3773.327,,
2008,012,"Algeria",152441.695,,
2008,016,"American Samoa",753.527,,
2008,020,"Andorra",185.47,,
2008,024,"Angola",102516.249,,
2008,660,"Anguilla",163.957,,
2008,028,"Antigua and Barbuda",449.324,,
2008,032,"Argentina",115969.491,,
2008,051,"Armenia",2320.413,,
2008,533,"Aruba",,,"Not publishable"
2008,036,"Australia",795195.253,,
2008,040,"Austria",85779.078,,
2008,031,"Azerbaijan",32733.664,,
2008,044,"Bahamas",8356.525,,
2008,048,"Bahrain",33499.658,,
2008,050,"Bangladesh",18254.621,,
2008,052,"Barbados",1568.529,,
2008,112,"Belarus",64468.436,,
2008,056,"Belgium",504193.76,,
2008,084,"Belize",1109.501,,
2008,204,"Benin",3348.562,,
2008,060,"Bermuda",1148.097,,
2008,064,"Bhutan",280.949,,
2008,068,"Bolivia (Plurinational State of)",4449.468,,
2008,535,"Bonaire, Sint Eustatius and Saba",,,"Not applicable"
2008,070,"Bosnia and Herzegovina",8647.937,,
2008,072,"Botswana",2279.681,,
2008,074,"Bouvet Island",15.621,,
2008,076,"Brazil",559458.638,,
2008,086,"British Indian Ocean Territory",10.363,,
2008,092,"British Virgin Islands",2845.993,,
2008,096,"Brunei Darussalam",16220.564,,
2008,100,"Bulgaria",29293.499,,
2008,854,"Burkina Faso",1333.874,,
2008,108,"Burundi",98.671,,
2008,132,"Cabo Verde",873.484,,
2008,116,"Cambodia",3769.012,,
2008,120,"Cameroon",7494.153,,
2008,124,"Canada",304184.02,,
2008,136,"Cayman Islands",9416.065,,
2008,140,"Central African Republic",150.341,,
2008,148,"Chad",5816.79,,
2008,152,"Chile",85279.839,,
2008,156,"China",1317145.691,,
2008,344,"China, Hong Kong SAR",58730.472,,
2008,446,"China, Macao SAR",3404.626,,
2008,158,"China, Taiwan Province of",311349.345,,
2008,162,"Christmas Island",94.314,,
2008,166,"Cocos (Keeling) Islands",4.238,,
2008,170,"Colombia",121774.897,,
2008,174,"Comoros",146.876,,
2008,178,"Congo",18514.962,,
2008,184,"Cook Islands",63.441,,
2008,188,"Costa Rica",12897.155,,
2008,384,"Cote d'Ivoire",14354.352,,
2008,191,"Croatia",21718.122,,
2008,192,"Cuba",11076.156,,
2008,531,"Curacao",,,"Not applicable"
2008,196,"Cyprus",9039.498,,
2008,203,"Czechia",60116.291,,
2008,408,"Dem. People's Rep. of Korea",7512.465,,
2008,180,"Dem. Rep. of the Congo",3107.992,,
2008,208,"Denmark",66958.066,,
2008,262,"Djibouti",2394.77,,
2008,212,"Dominica",437.17,,
2008,214,"Dominican Republic",16367.76,,
2008,218,"Ecuador",34704.936,,
2008,818,"Egypt",71780.646,,
2008,222,"El Salvador",6794.472,,
2008,226,"Equatorial Guinea",21989.742,,
2008,232,"Eritrea",169.603,,
2008,233,"Estonia",13476.909,,
2008,748,"Eswatini",777.106,,
2008,231,"Ethiopia",4608.119,,
2008,238,"Falkland Islands (Malvinas)",111.031,,
2008,234,"Faroe Islands",914.322,,
2008,242,"Fiji",2495.227,,
2008,246,"Finland",106751.482,,
2008,250,"France",516432.097,,
2008,258,"French Polynesia",886.528,,
2008,260,"French Southern Territories",80.715,,
2008,266,"Gabon",10157.061,,
2008,270,"Gambia",769.963,,
2008,268,"Georgia",4022.539,,
2008,276,"Germany",860643.975,,
2008,288,"Ghana",8290.697,,
2008,292,"Gibraltar",10260.295,,
2008,300,"Greece",64925.498,,
2008,304,"Greenland",572.06,,
2008,308,"Grenada",292.008,,
2008,316,"Guam",857.835,,
2008,320,"Guatemala",13335.513,,
2008,324,"Guinea",14249.256,,
2008,624,"Guinea-Bissau",345.954,,
2008,328,"Guyana",4060.264,,
2008,332,"Haiti",1750.98,,
2008,334,"Heard Island and McDonald Islands",0.464,,
2008,336,"Holy See",3.558,,
2008,340,"Honduras",6206.962,,
2008,348,"Hungary",39569.064,,
2008,352,"Iceland",5279.052,,
2008,356,"India",382166.679,,
2008,360,"Indonesia",418184.348,,
2008,960,"Indonesia (...2002)",,,"Not applicable"
2008,364,"Iran (Islamic Republic of)",165941.138,,
2008,368,"Iraq",102148.095,,
2008,372,"Ireland",49658.901,,
2008,376,"Israel",62426.584,,
2008,380,"Italy",421110.73,,
2008,388,"Jamaica",17216.183,,
2008,392,"Japan",993073.12,,
2008,400,"Jordan",15540.051,,
2008,398,"Kazakhstan",135847.631,,
2008,404,"Kenya",9289.874,,
2008,296,"Kiribati",43.904,,
2008,414,"Kuwait",131126.624,,
2008,417,"Kyrgyzstan",1753.318,,
2008,418,"Lao People's Dem. Rep.",2466.298,,
2008,428,"Latvia",13311.863,,
2008,422,"Lebanon",11094.847,,
2008,426,"Lesotho",354.887,,
2008,430,"Liberia",6178.865,,
2008,434,"Libya",100333.294,,
2008,440,"Lithuania",34883.489,,
2008,442,"Luxembourg",23371.14,,
2008,450,"Madagascar",2782.559,,
2008,454,"Malawi",417.085,,
2008,458,"Malaysia",194960.535,,
2008,462,"Maldives",2070.839,,
2008,466,"Mali",1549.4,,
2008,470,"Malta",4899.693,,
2008,584,"Marshall Islands",3897.174,,
2008,478,"Mauritania",8882.591,,
2008,480,"Mauritius",4680.637,,
2008,484,"Mexico",237344.548,,
2008,583,"Micronesia (Federated States of)",78.43,,
2008,496,"Mongolia",3628.162,,
2008,499,"Montenegro",1704.56,,
2008,500,"Montserrat",62.01,,
2008,504,"Morocco",51889.976,,
2008,508,"Mozambique",6171.716,,
2008,104,"Myanmar",6661.351,,
2008,516,"Namibia",3061.303,,
2008,520,"Nauru",580.038,,
2008,524,"Nepal",2605.986,,
2008,528,"Netherlands (Kingdom of the)",544014.381,,
2008,530,"Netherlands Antilles",9949.119,,
2008,540,"New Caledonia",4867.948,,
2008,554,"New Zealand",42994.588,,
2008,558,"Nicaragua",3751.435,,
2008,562,"Niger",562.347,,
2008,566,"Nigeria",142845.976,,
2008,570,"Niue",15.648,,
2008,574,"Norfolk Island",8.103,,
2008,807,"North Macedonia",4782.857,,
2008,580,"Northern Mariana Islands",87.703,,
2008,578,"Norway",213868.476,,
2008,512,"Oman",51290.678,,
2008,586,"Pakistan",54711.426,,
2008,585,"Palau",53.265,,
2008,591,"Panama",8902.663,,
2008,598,"Papua New Guinea",8147.098,,
2008,600,"Paraguay",8532.472,,
2008,604,"Peru",45033.916,,
2008,608,"Philippines",73910.435,,
2008,612,"Pitcairn",6.537,,
2008,616,"Poland",146601.92,,
2008,620,"Portugal",51871.983,,
2008,634,"Qatar",102035.545,,
2008,410,"Republic of Korea",563426.522,,
2008,498,"Republic of Moldova",1732.575,,
2008,642,"Romania",65474.302,,
2008,643,"Russian Federation",802679.267,,
2008,646,"Rwanda",310.89,,
2008,654,"Saint Helena",34.092,,
2008,659,"Saint Kitts and Nevis",204.675,,
2008,662,"Saint Lucia",666.7,,
2008,666,"Saint Pierre and Miquelon",19.427,,
2008,670,"Saint Vincent and the Grenadines",407.773,,
2008,882,"Samoa",227.205,,
2008,674,"San Marino",78.534,,
2008,678,"Sao Tome and Principe",86.619,,
2008,682,"Saudi Arabia",451731.732,,
2008,686,"Senegal",6533.406,,
2008,688,"Serbia",12904.206,,
2008,891,"Serbia and Montenegro",,,"Not applicable"
2008,690,"Seychelles",773.614,,
2008,694,"Sierra Leone",1637.896,,
2008,702,"Singapore",260737.898,,
2008,534,"Sint Maarten (Dutch part)",,,"Not applicable"
2008,703,"Slovakia",39582.196,,
2008,705,"Slovenia",17059.317,,
2008,090,"Solomon Islands",1740.967,,
2008,706,"Somalia",1033.898,,
2008,710,"South Africa",146811.104,,
2008,239,"South Georgia and the South Sandwich Islands",1.207,,
2008,728,"South Sudan",,,"Not applicable"
2008,724,"Spain",306892.041,,
2008,144,"Sri Lanka",13834.466,,
2008,275,"State of Palestine",1341.966,,
2008,729,"Sudan",,,"Not applicable"
2008,736,"Sudan (...2011)",23820.497,,
2008,740,"Suriname",2396.371,,
2008,752,"Sweden",133304.404,,
2008,756,"Switzerland",37811.215,,
2008,760,"Syrian Arab Republic",21869.456,,
2008,762,"Tajikistan",1865.675,,
2008,764,"Thailand",183438.663,,
2008,626,"Timor-Leste",533.461,,
2008,768,"Togo",3893.385,,
2008,772,"Tokelau",289.604,,
2008,776,"Tonga",131.29,,
2008,780,"Trinidad and Tobago",45829.003,,
2008,788,"Tunisia",23972.092,,
2008,792,"Turkiye",160757.971,,
2008,795,"Turkmenistan",25702.83,,
2008,796,"Turks and Caicos Islands",539.78,,
2008,798,"Tuvalu",41.776,,
2008,800,"Uganda",3153.672,,
2008,804,"Ukraine",162569.695,,
2008,784,"United Arab Emirates",217632.468,,
2008,826,"United Kingdom",479903.819,,
2008,834,"United Republic of Tanzania",6013.858,,
2008,840,"United States",1401157.61,,
2008,581,"United States Minor Outlying Islands",21.071,,
2008,858,"Uruguay",12179.099,,
2008,860,"Uzbekistan",5726.905,,
2008,548,"Vanuatu",329.86,,
2008,862,"Venezuela (Bolivarian Rep. of)",166521.704,,
2008,704,"Viet Nam",92561.552,,
2008,876,"Wallis and Futuna Islands",22.719,,
2008,732,"Western Sahara",11.58,,
2008,887,"Yemen",17615.12,,
2008,894,"Zambia",2604.428,,
2008,716,"Zimbabwe",1408.37,,
2008,5702,"Northern America and Europe",7744250.557,,
2008,5706,"Europe, Northern America, Australia and New Zealand",8578839.978,,
2008,5703,"Central and Southern Asia",817377.642,,
2008,5704,"Eastern and South-Eastern Asia",4511714.519,,
2008,5705,"Western Asia and Northern Africa",1852476.688,,
2008,1400,"Developing economies",7749472.478,,
2008,1410,"Developing economies: Africa",1009201.588,,
2008,1411,"Developing economies: Northern Africa",424249.779,,
2008,1412,"Developing economies: Sub-Saharan Africa",584951.809,,
2008,1420,"Developing economies: Americas",1585299.82,,
2008,1460,"Developing economies: Asia and Oceania",5154971.071,,
2008,1430,"Developing economies: Asia",5129353.346,,
2008,1431,"Developing economies: Central Asia",170896.359,,
2008,1433,"Developing economies: Eastern Asia",1701770.762,,
2008,1435,"Developing economies: South-eastern Asia",1253444.116,,
2008,1432,"Developing economies: Southern Asia",646481.283,,
2008,1434,"Developing economies: Western Asia",1356760.827,,
2008,1450,"Developing economies: Oceania",25617.724,,
2008,1500,"Developed economies",10206826.773,,
2008,1520,"Developed economies: Americas",1707081.215,,
2008,1560,"Developed economies: Asia and Oceania",2466283.754,,
2008,1530,"Developed economies: Asia",1627965.723,,
2008,1550,"Developed economies: Oceania",838318.031,,
2008,1540,"Developed economies: Europe",6033461.804,,
2008,1610,"LDCs (Least developed countries)",277057.055,,
2008,1614,"LDCs: Africa",214811.525,,
2008,1612,"LDCs: Asia",57987.566,,
2008,1615,"LDCs: Islands and Haiti",4257.964,,
2008,1620,"LLDCs (Landlocked developing countries)",266470.042,,
2008,1640,"SIDS (Small island developing States) (UN-OHRLLS)",438731.099,,
2008,1641,"SIDS: Atlantic and Indian Ocean",10126.121,,
2008,1642,"SIDS: Caribbean",142034.754,,
2008,1643,"SIDS: Pacific",286570.223,,
2009,0000,"World",16386923.118,,
2009,5100,"Africa",935930.138,,
2009,5110,"Northern Africa",369085.007,,
2009,5120,"Sub-Saharan Africa",566650.892,,
2009,5121,"Eastern Africa",46580.347,,
2009,5122,"Middle Africa",168661.539,,
2009,5123,"Southern Africa",149167.679,,
2009,5124,"Western Africa",202241.327,,
2009,5200,"Americas",2771894.203,,
2009,5210,"Northern America",1397170.52,,
2009,5220,"Latin America and the Caribbean",1374571.249,,
2009,5221,"Caribbean",105649.691,,
2009,5222,"Central America",232174.71,,
2009,5223,"South America",1036745.783,,
2009,5300,"Asia",6552885.295,,
2009,5310,"Central Asia",134936.357,,
2009,5330,"Eastern Asia",3268983.975,,
2009,5350,"South-eastern Asia",1225996.919,,
2009,5320,"Southern Asia",663961.734,,
2009,5340,"Western Asia",1259006.309,,
2009,5400,"Europe",5041140.189,,
2009,5410,"Eastern Europe",1255725.543,,
2009,5420,"Northern Europe",931372.018,,
2009,5430,"Southern Europe",787564.384,,
2009,5440,"Western Europe",2061612.457,,
2009,5500,"Oceania",909692.628,,
2009,5520,"Australia and New Zealand",884969.604,,
2009,5510,"Oceania excluding Australia and New Zealand",24679.366,,
2009,5900,"Other territories",15276.834,,
2009,004,"Afghanistan",8763.481,,
2009,008,"Albania",3627.325,,
2009,012,"Algeria",116202.103,,
2009,016,"American Samoa",117.975,,
2009,020,"Andorra",162.962,,
2009,024,"Angola",99412.529,,
2009,660,"Anguilla",91.069,,
2009,028,"Antigua and Barbuda",447.912,,
2009,032,"Argentina",91319.371,,
2009,051,"Armenia",1797.287,,
2009,533,"Aruba",5536.594,,
2009,036,"Australia",846064.411,,
2009,040,"Austria",78793.902,,
2009,031,"Azerbaijan",35630.354,,
2009,044,"Bahamas",7603.037,,
2009,048,"Bahrain",21580.04,,
2009,050,"Bangladesh",25073.715,,
2009,052,"Barbados",1345.346,,
2009,112,"Belarus",58117.32,,
2009,056,"Belgium",366453.561,,
2009,084,"Belize",903.628,,
2009,204,"Benin",3560.755,,
2009,060,"Bermuda",343.51,,
2009,064,"Bhutan",274.09,,
2009,068,"Bolivia (Plurinational State of)",5368.769,,
2009,535,"Bonaire, Sint Eustatius and Saba",,,"Not applicable"
2009,070,"Bosnia and Herzegovina",7639.987,,
2009,072,"Botswana",2224.142,,
2009,074,"Bouvet Island",0.898,,
2009,076,"Brazil",515475.834,,
2009,086,"British Indian Ocean Territory",4.446,,
2009,092,"British Virgin Islands",4047.434,,
2009,096,"Brunei Darussalam",14309.286,,
2009,100,"Bulgaria",22642.758,,
2009,854,"Burkina Faso",1265.498,,
2009,108,"Burundi",130.757,,
2009,132,"Cabo Verde",762.872,,
2009,116,"Cambodia",3498.118,,
2009,120,"Cameroon",6483.618,,
2009,124,"Canada",226988.836,,
2009,136,"Cayman Islands",1098.79,,
2009,140,"Central African Republic",106.226,,
2009,148,"Chad",5685.213,,
2009,152,"Chile",79553.905,,
2009,156,"China",1524264.458,,
2009,344,"China, Hong Kong SAR",50676.191,,
2009,446,"China, Macao SAR",2089.824,,
2009,158,"China, Taiwan Province of",288797.974,,
2009,162,"Christmas Island",21.246,,
2009,166,"Cocos (Keeling) Islands",4.244,,
2009,170,"Colombia",97485.764,,
2009,174,"Comoros",334.68,,
2009,178,"Congo",18245.015,,
2009,184,"Cook Islands",56.94,,
2009,188,"Costa Rica",10680.222,,
2009,384,"Cote d'Ivoire",14983.233,,
2009,191,"Croatia",18832.186,,
2009,192,"Cuba",9815.434,,
2009,531,"Curacao",,,"Not applicable"
2009,196,"Cyprus",7746.272,,
2009,203,"Czechia",53366.125,,
2009,408,"Dem. People's Rep. of Korea",6668.558,,
2009,180,"Dem. Rep. of the Congo",4143.515,,
2009,208,"Denmark",56157.05,,
2009,262,"Djibouti",2555.916,,
2009,212,"Dominica",481.284,,
2009,214,"Dominican Republic",13264.824,,
2009,218,"Ecuador",32468.144,,
2009,818,"Egypt",69607.954,,
2009,222,"El Salvador",5768.417,,
2009,226,"Equatorial Guinea",,,"Not publishable"
2009,232,"Eritrea",259.998,,
2009,233,"Estonia",13126.83,,
2009,748,"Eswatini",666.109,,
2009,231,"Ethiopia",4786.358,,
2009,238,"Falkland Islands (Malvinas)",96.862,,
2009,234,"Faroe Islands",1011.108,,
2009,242,"Fiji",1644.001,,
2009,246,"Finland",75607.287,,
2009,250,"France",398669.533,,
2009,258,"French Polynesia",792.878,,
2009,260,"French Southern Territories",12.778,,
2009,266,"Gabon",9395.347,,
2009,270,"Gambia",947.121,,
2009,268,"Georgia",3342.497,,
2009,276,"Germany",734905.684,,
2009,288,"Ghana",5692.617,,
2009,292,"Gibraltar",12604.853,,
2009,300,"Greece",59282.007,,
2009,304,"Greenland",442.016,,
2009,308,"Grenada",270.054,,
2009,316,"Guam",1211.865,,
2009,320,"Guatemala",12703.935,,
2009,324,"Guinea",11501.118,,
2009,624,"Guinea-Bissau",432.066,,
2009,328,"Guyana",3340.756,,
2009,332,"Haiti",1607.306,,
2009,334,"Heard Island and McDonald Islands",0.516,,
2009,336,"Holy See",,,"Not publishable"
2009,340,"Honduras",5355.65,,
2009,348,"Hungary",32439.208,,
2009,352,"Iceland",4873.098,,
2009,356,"India",396335.007,,
2009,360,"Indonesia",427339.79,,
2009,960,"Indonesia (...2002)",,,"Not applicable"
2009,364,"Iran (Islamic Republic of)",163819.121,,
2009,368,"Iraq",97157.029,,
2009,372,"Ireland",43032.542,,
2009,376,"Israel",34805.733,,
2009,380,"Italy",338715.481,,
2009,388,"Jamaica",10977.459,,
2009,392,"Japan",847278.255,,
2009,400,"Jordan",9863.376,,
2009,398,"Kazakhstan",120102.113,,
2009,404,"Kenya",9031.221,,
2009,296,"Kiribati",59.285,,
2009,414,"Kuwait",123937.866,,
2009,417,"Kyrgyzstan",1149.645,,
2009,418,"Lao People's Dem. Rep.",2620.137,,
2009,428,"Latvia",11019.824,,
2009,422,"Lebanon",12980.34,,
2009,426,"Lesotho",574.319,,
2009,430,"Liberia",7161.665,,
2009,434,"Libya",93392.215,,
2009,440,"Lithuania",29280.343,,
2009,442,"Luxembourg",18414.52,,
2009,450,"Madagascar",2405.428,,
2009,454,"Malawi",423.498,,
2009,458,"Malaysia",184887.881,,
2009,462,"Maldives",1411.41,,
2009,466,"Mali",2071.995,,
2009,470,"Malta",5209.499,,
2009,584,"Marshall Islands",5100.9,,
2009,478,"Mauritania",6123.88,,
2009,480,"Mauritius",3885.944,,
2009,484,"Mexico",183748.658,,
2009,583,"Micronesia (Federated States of)",104.728,,
2009,496,"Mongolia",4109.216,,
2009,499,"Montenegro",1303.28,,
2009,500,"Montserrat",68.309,,
2009,504,"Morocco",44695.442,,
2009,508,"Mozambique",5402.553,,
2009,104,"Myanmar",7437.261,,
2009,516,"Namibia",3462.099,,
2009,520,"Nauru",300.113,,
2009,524,"Nepal",2401.799,,
2009,528,"Netherlands (Kingdom of the)",430338.886,,
2009,530,"Netherlands Antilles",10662.647,,
2009,540,"New Caledonia",4649.747,,
2009,554,"New Zealand",38873.859,,
2009,558,"Nicaragua",4007.197,,
2009,562,"Niger",848.347,,
2009,566,"Nigeria",135868.451,,
2009,570,"Niue",83.748,,
2009,574,"Norfolk Island",5.328,,
2009,807,"North Macedonia",3702.813,,
2009,580,"Northern Mariana Islands",106.26,,
2009,578,"Norway",176690.431,,
2009,512,"Oman",53948.429,,
2009,586,"Pakistan",54163.879,,
2009,585,"Palau",28.319,,
2009,591,"Panama",9007.002,,
2009,598,"Papua New Guinea",7617.672,,
2009,600,"Paraguay",7313.06,,
2009,604,"Peru",41345.549,,
2009,608,"Philippines",72127.145,,
2009,612,"Pitcairn",4.077,,
2009,616,"Poland",126792.949,,
2009,620,"Portugal",48948.669,,
2009,634,"Qatar",105188.244,,
2009,410,"Republic of Korea",545099.498,,
2009,498,"Republic of Moldova",1373.673,,
2009,642,"Romania",48251.079,,
2009,643,"Russian Federation",741381.205,,
2009,646,"Rwanda",473.71,,
2009,654,"Saint Helena",,,"Not publishable"
2009,659,"Saint Kitts and Nevis",166.615,,
2009,662,"Saint Lucia",868.181,,
2009,666,"Saint Pierre and Miquelon",17.876,,
2009,670,"Saint Vincent and the Grenadines",410.078,,
2009,882,"Samoa",183.698,,
2009,674,"San Marino",63.963,,
2009,678,"Sao Tome and Principe",96.445,,
2009,682,"Saudi Arabia",396223.353,,
2009,686,"Senegal",6293.196,,
2009,688,"Serbia",10786.286,,
2009,891,"Serbia and Montenegro",,,"Not applicable"
2009,690,"Seychelles",864.011,,
2009,694,"Sierra Leone",955.793,,
2009,702,"Singapore",252828.551,,
2009,534,"Sint Maarten (Dutch part)",,,"Not applicable"
2009,703,"Slovakia",37543.455,,
2009,705,"Slovenia",15605.065,,
2009,090,"Solomon Islands",1468.696,,
2009,706,"Somalia",830.238,,
2009,710,"South Africa",142241.01,,
2009,239,"South Georgia and the South Sandwich Islands",6.296,,
2009,728,"South Sudan",,,"Not applicable"
2009,724,"Spain",260915.795,,
2009,144,"Sri Lanka",11719.232,,
2009,275,"State of Palestine",1579.27,,
2009,729,"Sudan",,,"Not applicable"
2009,736,"Sudan (...2011)",23096.15,,
2009,740,"Suriname",3344.043,,
2009,752,"Sweden",110860.894,,
2009,756,"Switzerland",34036.371,,
2009,760,"Syrian Arab Republic",20216.423,,
2009,762,"Tajikistan",1745.585,,
2009,764,"Thailand",170335.244,,
2009,626,"Timor-Leste",684.538,,
2009,768,"Togo",3693.446,,
2009,772,"Tokelau",650.904,,
2009,776,"Tonga",110.175,,
2009,780,"Trinidad and Tobago",36659.43,,
2009,788,"Tunisia",22062.114,,
2009,792,"Turkiye",148873.706,,
2009,795,"Turkmenistan",6346.325,,
2009,796,"Turks and Caicos Islands",227.887,,
2009,798,"Tuvalu",56.705,,
2009,800,"Uganda",3275.377,,
2009,804,"Ukraine",133817.769,,
2009,784,"United Arab Emirates",,,"Not publishable"
2009,826,"United Kingdom",409712.612,,
2009,834,"United Republic of Tanzania",7359.436,,
2009,840,"United States",1169378.282,,
2009,581,"United States Minor Outlying Islands",16.21,,
2009,858,"Uruguay",11959.555,,
2009,860,"Uzbekistan",5592.69,,
2009,548,"Vanuatu",298.573,,
2009,862,"Venezuela (Bolivarian Rep. of)",147666.976,,
2009,704,"Viet Nam",89928.968,,
2009,876,"Wallis and Futuna Islands",15.898,,
2009,732,"Western Sahara",,,"Not publishable"
2009,887,"Yemen",18057.686,,
2009,894,"Zambia",2918.231,,
2009,716,"Zimbabwe",1625.769,,
2009,5702,"Northern America and Europe",6438310.709,,
2009,5706,"Europe, Northern America, Australia and New Zealand",7318414.526,,
2009,5703,"Central and Southern Asia",798898.091,,
2009,5704,"Eastern and South-Eastern Asia",4494980.894,,
2009,5705,"Western Asia and Northern Africa",1628091.316,,
2009,1400,"Developing economies",7452924.774,,
2009,1410,"Developing economies: Africa",935735.898,,
2009,1411,"Developing economies: Northern Africa",369085.007,,
2009,1412,"Developing economies: Sub-Saharan Africa",566650.892,,
2009,1420,"Developing economies: Americas",1374570.184,,
2009,1460,"Developing economies: Asia and Oceania",5142618.692,,
2009,1430,"Developing economies: Asia",5117955.536,,
2009,1431,"Developing economies: Central Asia",134936.357,,
2009,1433,"Developing economies: Eastern Asia",1876606.221,,
2009,1435,"Developing economies: South-eastern Asia",1225996.919,,
2009,1432,"Developing economies: Southern Asia",663961.734,,
2009,1434,"Developing economies: Western Asia",1216454.304,,
2009,1450,"Developing economies: Oceania",24663.156,,
2009,1500,"Developed economies",8753360.495,,
2009,1520,"Developed economies: Americas",1397170.52,,
2009,1560,"Developed economies: Asia and Oceania",2319915.572,,
2009,1530,"Developed economies: Asia",1434929.759,,
2009,1550,"Developed economies: Oceania",884985.814,,
2009,1540,"Developed economies: Europe",5036274.402,,
2009,1610,"LDCs (Least developed countries)",280757.738,,
2009,1614,"LDCs: Africa",208694.331,,
2009,1612,"LDCs: Asia",67852.197,,
2009,1615,"LDCs: Islands and Haiti",4211.21,,
2009,1620,"LLDCs (Landlocked developing countries)",235366.584,,
2009,1640,"SIDS (Small island developing States) (UN-OHRLLS)",398874.423,,
2009,1641,"SIDS: Atlantic and Indian Ocean",8130.938,,
2009,1642,"SIDS: Caribbean",113238.117,,
2009,1643,"SIDS: Pacific",277505.367,,
2010,0000,"World",18036000.353,,
2010,5100,"Africa",1005799.428,,
2010,5110,"Northern Africa",394731.504,,
2010,5120,"Sub-Saharan Africa",611054.099,,
2010,5121,"Eastern Africa",49170.887,,
2010,5122,"Middle Africa",177165.58,,
2010,5123,"Southern Africa",150352.124,,
2010,5124,"Western Africa",234365.507,,
2010,5200,"Americas",3153593.319,,
2010,5210,"Northern America",1570775.447,,
2010,5220,"Latin America and the Caribbean",1582760.523,,
2010,5221,"Caribbean",106212.702,,
2010,5222,"Central America",281192.477,,
2010,5223,"South America",1195350.791,,
2010,5300,"Asia",7230897.484,,
2010,5310,"Central Asia",95247.44,,
2010,5330,"Eastern Asia",3660675.65,,
2010,5350,"South-eastern Asia",1408648.27,,
2010,5320,"Southern Asia",694032.313,,
2010,5340,"Western Asia",1372293.81,,
2010,5400,"Europe",5435084.154,,
2010,5410,"Eastern Europe",1319715.373,,
2010,5420,"Northern Europe",1001279.632,,
2010,5430,"Southern Europe",834260.768,,
2010,5440,"Western Europe",2276423.049,,
2010,5500,"Oceania",991798.573,,
2010,5520,"Australia and New Zealand",963506.892,,
2010,5510,"Oceania excluding Australia and New Zealand",28291.383,,
2010,5900,"Other territories",23127.083,,
2010,004,"Afghanistan",10121.969,,
2010,008,"Albania",4107.964,,
2010,012,"Algeria",122612.995,,
2010,016,"American Samoa",103.533,,
2010,020,"Andorra",164.37,,
2010,024,"Angola",103076.224,,
2010,660,"Anguilla",62.426,,
2010,028,"Antigua and Barbuda",263.181,,
2010,032,"Argentina",110494.066,,
2010,051,"Armenia",1905.87,,
2010,533,"Aruba",790.483,,
2010,036,"Australia",918642.45,,
2010,040,"Austria",87091.936,,
2010,031,"Azerbaijan",36932.502,,
2010,044,"Bahamas",7865.127,,
2010,048,"Bahrain",29246.267,,
2010,050,"Bangladesh",28273.341,,
2010,052,"Barbados",1358.049,,
2010,112,"Belarus",55782.332,,
2010,056,"Belgium",377794.261,,
2010,084,"Belize",947.359,,
2010,204,"Benin",4509.626,,
2010,060,"Bermuda",500.848,,
2010,064,"Bhutan",303.795,,
2010,068,"Bolivia (Plurinational State of)",6113.704,,
2010,535,"Bonaire, Sint Eustatius and Saba",,,"Not applicable"
2010,070,"Bosnia and Herzegovina",8257.12,,
2010,072,"Botswana",1955.888,,
2010,074,"Bouvet Island",25.403,,
2010,076,"Brazil",600436.077,,
2010,086,"British Indian Ocean Territory",6.535,,
2010,092,"British Virgin Islands",4530.819,,
2010,096,"Brunei Darussalam",16511.761,,
2010,100,"Bulgaria",23295.78,,
2010,854,"Burkina Faso",1365.504,,
2010,108,"Burundi",155.211,,
2010,132,"Cabo Verde",863.265,,
2010,116,"Cambodia",4105.836,,
2010,120,"Cameroon",9521.648,,
2010,124,"Canada",281600.5,,
2010,136,"Cayman Islands",2011.147,,
2010,140,"Central African Republic",145.797,,
2010,148,"Chad",5741.046,,
2010,152,"Chile",90221.644,,
2010,156,"China",1707367.694,,
2010,344,"China, Hong Kong SAR",57464.318,,
2010,446,"China, Macao SAR",1636.282,,
2010,158,"China, Taiwan Province of",311763.519,,
2010,162,"Christmas Island",51.791,,
2010,166,"Cocos (Keeling) Islands",7.81,,
2010,170,"Colombia",119573.104,,
2010,174,"Comoros",368.663,,
2010,178,"Congo",20001.674,,
2010,184,"Cook Islands",59.025,,
2010,188,"Costa Rica",12265.418,,
2010,384,"Cote d'Ivoire",13877.389,,
2010,191,"Croatia",18877.858,,
2010,192,"Cuba",10098.84,,
2010,531,"Curacao",,,"Not applicable"
2010,196,"Cyprus",8591.604,,
2010,203,"Czechia",59301.299,,
2010,408,"Dem. People's Rep. of Korea",8992.905,,
2010,180,"Dem. Rep. of the Congo",4674.613,,
2010,208,"Denmark",57239.439,,
2010,262,"Djibouti",1526.533,,
2010,212,"Dominica",383.563,,
2010,214,"Dominican Republic",16979.76,,
2010,218,"Ecuador",35090.678,,
2010,818,"Egypt",79339.241,,
2010,222,"El Salvador",5825.988,,
2010,226,"Equatorial Guinea",,,"Not publishable"
2010,232,"Eritrea",284.394,,
2010,233,"Estonia",15099.999,,
2010,748,"Eswatini",976.479,,
2010,231,"Ethiopia",5129.78,,
2010,238,"Falkland Islands (Malvinas)",138.498,,
2010,234,"Faroe Islands",1031.621,,
2010,242,"Fiji",2368.319,,
2010,246,"Finland",89408.208,,
2010,250,"France",423614.149,,
2010,258,"French Polynesia",795.942,,
2010,260,"French Southern Territories",9.31,,
2010,266,"Gabon",11656.525,,
2010,270,"Gambia",915.183,,
2010,268,"Georgia",3811.474,,
2010,276,"Germany",807972.099,,
2010,288,"Ghana",6115.169,,
2010,292,"Gibraltar",13524.383,,
2010,300,"Greece",61705.769,,
2010,304,"Greenland",641.875,,
2010,308,"Grenada",262.029,,
2010,316,"Guam",1034.755,,
2010,320,"Guatemala",13333.877,,
2010,324,"Guinea",13583.991,,
2010,624,"Guinea-Bissau",439.063,,
2010,328,"Guyana",3410.401,,
2010,332,"Haiti",1815.972,,
2010,334,"Heard Island and McDonald Islands",0.464,,
2010,336,"Holy See",7.16,,
2010,340,"Honduras",6479.07,,
2010,348,"Hungary",40679.779,,
2010,352,"Iceland",5013.506,,
2010,356,"India",423446.73,,
2010,360,"Indonesia",521982.341,,
2010,960,"Indonesia (...2002)",,,"Not applicable"
2010,364,"Iran (Islamic Republic of)",159272.308,,
2010,368,"Iraq",102729.98,,
2010,372,"Ireland",46556.954,,
2010,376,"Israel",53033.717,,
2010,380,"Italy",365360.347,,
2010,388,"Jamaica",9123.754,,
2010,392,"Japan",946860.826,,
2010,400,"Jordan",15137.047,,
2010,398,"Kazakhstan",80969.956,,
2010,404,"Kenya",9842.197,,
2010,296,"Kiribati",74.93,,
2010,414,"Kuwait",122731.423,,
2010,417,"Kyrgyzstan",2154.646,,
2010,418,"Lao People's Dem. Rep.",3262.002,,
2010,428,"Latvia",12363.635,,
2010,422,"Lebanon",13210.382,,
2010,426,"Lesotho",616.269,,
2010,430,"Liberia",8416.048,,
2010,434,"Libya",94825.873,,
2010,440,"Lithuania",33322.536,,
2010,442,"Luxembourg",20858.93,,
2010,450,"Madagascar",2703.649,,
2010,454,"Malawi",240.39,,
2010,458,"Malaysia",224567.448,,
2010,462,"Maldives",1575.732,,
2010,466,"Mali",2635.473,,
2010,470,"Malta",9208.177,,
2010,584,"Marshall Islands",5022.932,,
2010,478,"Mauritania",7436.792,,
2010,480,"Mauritius",4538.566,,
2010,484,"Mexico",229140.772,,
2010,583,"Micronesia (Federated States of)",109.635,,
2010,496,"Mongolia",8378.114,,
2010,499,"Montenegro",1195.67,,
2010,500,"Montserrat",30.459,,
2010,504,"Morocco",51972.791,,
2010,508,"Mozambique",6106.218,,
2010,104,"Myanmar",9592.021,,
2010,516,"Namibia",3094.502,,
2010,520,"Nauru",365.432,,
2010,524,"Nepal",2254.824,,
2010,528,"Netherlands (Kingdom of the)",528506.31,,
2010,530,"Netherlands Antilles",6393.449,,
2010,540,"New Caledonia",6429.367,,
2010,554,"New Zealand",44764.85,,
2010,558,"Nicaragua",4213.557,,
2010,562,"Niger",904.209,,
2010,566,"Nigeria",161717.024,,
2010,570,"Niue",,,"Not publishable"
2010,574,"Norfolk Island",39.526,,
2010,807,"North Macedonia",4026.574,,
2010,580,"Northern Mariana Islands",58.874,,
2010,578,"Norway",179990.983,,
2010,512,"Oman",60827.073,,
2010,586,"Pakistan",56011.841,,
2010,585,"Palau",34.587,,
2010,591,"Panama",8986.436,,
2010,598,"Papua New Guinea",8950.754,,
2010,600,"Paraguay",10853.501,,
2010,604,"Peru",52207.212,,
2010,608,"Philippines",90316.298,,
2010,612,"Pitcairn",3.614,,
2010,616,"Poland",149268.068,,
2010,620,"Portugal",50724.719,,
2010,634,"Qatar",130897.199,,
2010,410,"Republic of Korea",618211.992,,
2010,498,"Republic of Moldova",1516.133,,
2010,642,"Romania",55111.639,,
2010,643,"Russian Federation",755797.328,,
2010,646,"Rwanda",534.577,,
2010,654,"Saint Helena",46.391,,
2010,659,"Saint Kitts and Nevis",258.534,,
2010,662,"Saint Lucia",537.001,,
2010,666,"Saint Pierre and Miquelon",21.406,,
2010,670,"Saint Vincent and the Grenadines",431.44,,
2010,882,"Samoa",259.536,,
2010,674,"San Marino",79.423,,
2010,678,"Sao Tome and Principe",102.045,,
2010,682,"Saudi Arabia",414412.977,,
2010,686,"Senegal",6567.398,,
2010,688,"Serbia",11255.376,,
2010,891,"Serbia and Montenegro",,,"Not applicable"
2010,690,"Seychelles",775.4,,
2010,694,"Sierra Leone",881.123,,
2010,702,"Singapore",253062.626,,
2010,534,"Sint Maarten (Dutch part)",,,"Not applicable"
2010,703,"Slovakia",38481.18,,
2010,705,"Slovenia",17015.392,,
2010,090,"Solomon Islands",1812.313,,
2010,706,"Somalia",796.176,,
2010,710,"South Africa",143708.985,,
2010,239,"South Georgia and the South Sandwich Islands",2.595,,
2010,728,"South Sudan",,,"Not applicable"
2010,724,"Spain",268750.466,,
2010,144,"Sri Lanka",12771.774,,
2010,275,"State of Palestine",1890.466,,
2010,729,"Sudan",,,"Not applicable"
2010,736,"Sudan (...2011)",22264.666,,
2010,740,"Suriname",3606.706,,
2010,752,"Sweden",129547.901,,
2010,756,"Switzerland",30585.365,,
2010,760,"Syrian Arab Republic",19616.336,,
2010,762,"Tajikistan",1772.416,,
2010,764,"Thailand",188961.511,,
2010,626,"Timor-Leste",633.798,,
2010,768,"Togo",4091.859,,
2010,772,"Tokelau",47.623,,
2010,776,"Tonga",158.165,,
2010,780,"Trinidad and Tobago",42772.74,,
2010,788,"Tunisia",23715.523,,
2010,792,"Turkiye",160807.642,,
2010,795,"Turkmenistan",5104.783,,
2010,796,"Turks and Caicos Islands",243.928,,
2010,798,"Tuvalu",40.398,,
2010,800,"Uganda",3308.19,,
2010,804,"Ukraine",140481.837,,
2010,784,"United Arab Emirates",,,"Not publishable"
2010,826,"United Kingdom",431704.851,,
2010,834,"United Republic of Tanzania",7558.286,,
2010,840,"United States",1288010.819,,
2010,581,"United States Minor Outlying Islands",25.544,,
2010,858,"Uruguay",14315.857,,
2010,860,"Uzbekistan",5245.639,,
2010,548,"Vanuatu",394.663,,
2010,862,"Venezuela (Bolivarian Rep. of)",148861.345,,
2010,704,"Viet Nam",95652.628,,
2010,876,"Wallis and Futuna Islands",24.275,,
2010,732,"Western Sahara",0.415,,
2010,887,"Yemen",19455.226,,
2010,894,"Zambia",2978.078,,
2010,716,"Zimbabwe",2308.732,,
2010,5702,"Northern America and Europe",7005859.601,,
2010,5706,"Europe, Northern America, Australia and New Zealand",7965961.162,,
2010,5703,"Central and Southern Asia",789279.754,,
2010,5704,"Eastern and South-Eastern Asia",5069323.92,,
2010,5705,"Western Asia and Northern Africa",1767025.314,,
2010,1400,"Developing economies",8221006.758,,
2010,1410,"Developing economies: Africa",1005785.603,,
2010,1411,"Developing economies: Northern Africa",394731.504,,
2010,1412,"Developing economies: Sub-Saharan Africa",611054.099,,
2010,1420,"Developing economies: Americas",1582755.97,,
2010,1460,"Developing economies: Asia and Oceania",5632465.185,,
2010,1430,"Developing economies: Asia",5604199.346,,
2010,1431,"Developing economies: Central Asia",95247.44,,
2010,1433,"Developing economies: Eastern Asia",2095602.832,,
2010,1435,"Developing economies: South-eastern Asia",1408648.27,,
2010,1432,"Developing economies: Southern Asia",694032.313,,
2010,1434,"Developing economies: Western Asia",1310668.49,,
2010,1450,"Developing economies: Oceania",28265.839,,
2010,1500,"Developed economies",9592684.844,,
2010,1520,"Developed economies: Americas",1570775.447,,
2010,1560,"Developed economies: Asia and Oceania",2590230.574,,
2010,1530,"Developed economies: Asia",1626698.138,,
2010,1550,"Developed economies: Oceania",963532.436,,
2010,1540,"Developed economies: Europe",5431678.823,,
2010,1610,"LDCs (Least developed countries)",301397.658,,
2010,1614,"LDCs: Africa",219586.366,,
2010,1612,"LDCs: Asia",77065.218,,
2010,1615,"LDCs: Islands and Haiti",4746.074,,
2010,1620,"LLDCs (Landlocked developing countries)",209912.054,,
2010,1640,"SIDS (Small island developing States) (UN-OHRLLS)",405227.501,,
2010,1641,"SIDS: Atlantic and Indian Ocean",9163.583,,
2010,1642,"SIDS: Caribbean",114177.168,,
2010,1643,"SIDS: Pacific",281886.75,,
2011,0000,"World",19164315.184,,
2011,5100,"Africa",958722.408,,
2011,5110,"Northern Africa",331061.316,,
2011,5120,"Sub-Saharan Africa",627638.847,,
2011,5121,"Eastern Africa",55934.024,,
2011,5122,"Middle Africa",160239.178,,
2011,5123,"Southern Africa",164356.799,,
2011,5124,"Western Africa",247108.846,,
2011,5200,"Americas",3331804.888,,
2011,5210,"Northern America",1646123.127,,
2011,5220,"Latin America and the Caribbean",1685681.73,,
2011,5221,"Caribbean",115626.226,,
2011,5222,"Central America",303075.274,,
2011,5223,"South America",1266978.919,,
2011,5300,"Asia",7878153.685,,
2011,5310,"Central Asia",112942.643,,
2011,5330,"Eastern Asia",3912202.955,,
2011,5350,"South-eastern Asia",1571155.659,,
2011,5320,"Southern Asia",741606.773,,
2011,5340,"Western Asia",1540245.655,,
2011,5400,"Europe",5692279.068,,
2011,5410,"Eastern Europe",1434391.691,,
2011,5420,"Northern Europe",1025046.075,,
2011,5430,"Southern Europe",843600.294,,
2011,5440,"Western Europe",2382942.678,,
2011,5500,"Oceania",1034199.28,,
2011,5520,"Australia and New Zealand",998424.418,,
2011,5510,"Oceania excluding Australia and New Zealand",35774.702,,
2011,5900,"Other territories",22155.186,,
2011,004,"Afghanistan",13011.149,,
2011,008,"Albania",4354.495,,
2011,012,"Algeria",119961.249,,
2011,016,"American Samoa",232.312,,
2011,020,"Andorra",140.753,,
2011,024,"Angola",93145.025,,
2011,660,"Anguilla",65.573,,
2011,028,"Antigua and Barbuda",392.543,,
2011,032,"Argentina",117225.102,,
2011,051,"Armenia",2107.368,,
2011,533,"Aruba",6034.815,,
2011,036,"Australia",950728.695,,
2011,040,"Austria",93181.975,,
2011,031,"Azerbaijan",39319.366,,
2011,044,"Bahamas",7668.836,,
2011,048,"Bahrain",30590.756,,
2011,050,"Bangladesh",29250.108,,
2011,052,"Barbados",2007.483,,
2011,112,"Belarus",68753.307,,
2011,056,"Belgium",390478.704,,
2011,084,"Belize",980.037,,
2011,204,"Benin",3486.09,,
2011,060,"Bermuda",385.637,,
2011,064,"Bhutan",394.275,,
2011,068,"Bolivia (Plurinational State of)",6730.278,,
2011,535,"Bonaire, Sint Eustatius and Saba",16.438,,
2011,070,"Bosnia and Herzegovina",9262.166,,
2011,072,"Botswana",3852.064,,
2011,074,"Bouvet Island",12.085,,
2011,076,"Brazil",637829.985,,
2011,086,"British Indian Ocean Territory",46.204,,
2011,092,"British Virgin Islands",1727.967,,
2011,096,"Brunei Darussalam",17634.957,,
2011,100,"Bulgaria",26086.323,,
2011,854,"Burkina Faso",1559.426,,
2011,108,"Burundi",365.224,,
2011,132,"Cabo Verde",905.236,,
2011,116,"Cambodia",5148.846,,
2011,120,"Cameroon",6584.392,,
2011,124,"Canada",302535.118,,
2011,136,"Cayman Islands",1594.566,,
2011,140,"Central African Republic",147.515,,
2011,148,"Chad",5191.823,,
2011,152,"Chile",97740.786,,
2011,156,"China",1919278.534,,
2011,344,"China, Hong Kong SAR",58490.625,,
2011,446,"China, Macao SAR",2037.762,,
2011,158,"China, Taiwan Province of",302423.568,,
2011,162,"Christmas Island",111.737,,
2011,166,"Cocos (Keeling) Islands",,,"Not publishable"
2011,170,"Colombia",130176.511,,
2011,174,"Comoros",357.051,,
2011,178,"Congo",16865.974,,
2011,184,"Cook Islands",87.839,,
2011,188,"Costa Rica",12622.694,,
2011,384,"Cote d'Ivoire",12113.33,,
2011,191,"Croatia",18763.657,,
2011,192,"Cuba",9711.319,,
2011,531,"Curacao",7957.085,,
2011,196,"Cyprus",8690.517,,
2011,203,"Czechia",60481.328,,
2011,408,"Dem. People's Rep. of Korea",10505.982,,
2011,180,"Dem. Rep. of the Congo",5102.294,,
2011,208,"Denmark",61912.386,,
2011,262,"Djibouti",2114.085,,
2011,212,"Dominica",530.37,,
2011,214,"Dominican Republic",17223.582,,
2011,218,"Ecuador",36906.104,,
2011,818,"Egypt",87589.353,,
2011,222,"El Salvador",6303.474,,
2011,226,"Equatorial Guinea",,,"Not publishable"
2011,232,"Eritrea",270.249,,
2011,233,"Estonia",17636.064,,
2011,748,"Eswatini",976.088,,
2011,231,"Ethiopia",4812.011,,
2011,238,"Falkland Islands (Malvinas)",166.515,,
2011,234,"Faroe Islands",1009.177,,
2011,242,"Fiji",2591.343,,
2011,246,"Finland",93572.403,,
2011,250,"France",442519.307,,
2011,258,"French Polynesia",756.564,,
2011,260,"French Southern Territories",12.442,,
2011,266,"Gabon",13948.877,,
2011,270,"Gambia",1078.337,,
2011,268,"Georgia",4044.289,,
2011,276,"Germany",842317.166,,
2011,288,"Ghana",12160.546,,
2011,292,"Gibraltar",16617.49,,
2011,300,"Greece",59365.53,,
2011,304,"Greenland",567.419,,
2011,308,"Grenada",290.828,,
2011,316,"Guam",1011.021,,
2011,320,"Guatemala",13910.77,,
2011,324,"Guinea",14002.58,,
2011,624,"Guinea-Bissau",527.444,,
2011,328,"Guyana",4097.061,,
2011,332,"Haiti",1807.895,,
2011,334,"Heard Island and McDonald Islands",0.344,,
2011,336,"Holy See",11.594,,
2011,340,"Honduras",7245.043,,
2011,348,"Hungary",42240.772,,
2011,352,"Iceland",5141.614,,
2011,356,"India",462804.249,,
2011,360,"Indonesia",621517.145,,
2011,960,"Indonesia (...2002)",,,"Not applicable"
2011,364,"Iran (Islamic Republic of)",160030.137,,
2011,368,"Iraq",117115.019,,
2011,372,"Ireland",47681.563,,
2011,376,"Israel",95813.149,,
2011,380,"Italy",360509.202,,
2011,388,"Jamaica",12742.172,,
2011,392,"Japan",942392.397,,
2011,400,"Jordan",16713.556,,
2011,398,"Kazakhstan",89251.661,,
2011,404,"Kenya",10319.411,,
2011,296,"Kiribati",108.471,,
2011,414,"Kuwait",128611.868,,
2011,417,"Kyrgyzstan",2477.715,,
2011,418,"Lao People's Dem. Rep.",3977.32,,
2011,428,"Latvia",14171.7,,
2011,422,"Lebanon",12969.739,,
2011,426,"Lesotho",704.554,,
2011,430,"Liberia",10378.133,,
2011,434,"Libya",27538.655,,
2011,440,"Lithuania",37552.411,,
2011,442,"Luxembourg",21658.765,,
2011,450,"Madagascar",3383.933,,
2011,454,"Malawi",312.262,,
2011,458,"Malaysia",232886.905,,
2011,462,"Maldives",1678.384,,
2011,466,"Mali",1883.942,,
2011,470,"Malta",8699.583,,
2011,584,"Marshall Islands",6081.491,,
2011,478,"Mauritania",7125.546,,
2011,480,"Mauritius",4639.981,,
2011,484,"Mexico",248953.262,,
2011,583,"Micronesia (Federated States of)",117.032,,
2011,496,"Mongolia",11200.355,,
2011,499,"Montenegro",1193.515,,
2011,500,"Montserrat",32.904,,
2011,504,"Morocco",54624.74,,
2011,508,"Mozambique",8874.36,,
2011,104,"Myanmar",10099.947,,
2011,516,"Namibia",3004.803,,
2011,520,"Nauru",404.922,,
2011,524,"Nepal",2772.708,,
2011,528,"Netherlands (Kingdom of the)",560646.414,,
2011,530,"Netherlands Antilles",,,"Not applicable"
2011,540,"New Caledonia",6469.715,,
2011,554,"New Zealand",47492.788,,
2011,558,"Nicaragua",4626.993,,
2011,562,"Niger",1119.537,,
2011,566,"Nigeria",167740.273,,
2011,570,"Niue",,,"Not publishable"
2011,574,"Norfolk Island",,,"Not publishable"
2011,807,"North Macedonia",4473.911,,
2011,580,"Northern Mariana Islands",38.979,,
2011,578,"Norway",173852.298,,
2011,512,"Oman",65551.973,,
2011,586,"Pakistan",55056.628,,
2011,585,"Palau",47.178,,
2011,591,"Panama",8433.002,,
2011,598,"Papua New Guinea",11061.818,,
2011,600,"Paraguay",11172.172,,
2011,604,"Peru",57769.524,,
2011,608,"Philippines",98563.539,,
2011,612,"Pitcairn",1.883,,
2011,616,"Poland",155668.099,,
2011,620,"Portugal",52143.815,,
2011,634,"Qatar",156100.483,,
2011,410,"Republic of Korea",665873.732,,
2011,498,"Republic of Moldova",1795.053,,
2011,642,"Romania",58150.008,,
2011,643,"Russian Federation",812578.35,,
2011,646,"Rwanda",648.905,,
2011,654,"Saint Helena",34.704,,
2011,659,"Saint Kitts and Nevis",195.196,,
2011,662,"Saint Lucia",622.233,,
2011,666,"Saint Pierre and Miquelon",18.193,,
2011,670,"Saint Vincent and the Grenadines",412.104,,
2011,882,"Samoa",272.968,,
2011,674,"San Marino",80.273,,
2011,678,"Sao Tome and Principe",101.002,,
2011,682,"Saudi Arabia",457756.62,,
2011,686,"Senegal",6929.235,,
2011,688,"Serbia",11690.252,,
2011,891,"Serbia and Montenegro",,,"Not applicable"
2011,690,"Seychelles",830.743,,
2011,694,"Sierra Leone",1319.445,,
2011,702,"Singapore",275609.857,,
2011,534,"Sint Maarten (Dutch part)",113.595,,
2011,703,"Slovakia",39611.347,,
2011,705,"Slovenia",18296.976,,
2011,090,"Solomon Islands",2240.62,,
2011,706,"Somalia",681.242,,
2011,710,"South Africa",155819.29,,
2011,239,"South Georgia and the South Sandwich Islands",0.365,,
2011,728,"South Sudan",,,"Not applicable"
2011,724,"Spain",277997.082,,
2011,144,"Sri Lanka",16609.135,,
2011,275,"State of Palestine",2173.796,,
2011,729,"Sudan",,,"Not applicable"
2011,736,"Sudan (...2011)",22656.191,,
2011,740,"Suriname",3732.877,,
2011,752,"Sweden",127658.371,,
2011,756,"Switzerland",32140.346,,
2011,760,"Syrian Arab Republic",17142,,
2011,762,"Tajikistan",1627.181,,
2011,764,"Thailand",195745.595,,
2011,626,"Timor-Leste",570.701,,
2011,768,"Togo",4745.043,,
2011,772,"Tokelau",26.497,,
2011,776,"Tonga",156.264,,
2011,780,"Trinidad and Tobago",44305.258,,
2011,788,"Tunisia",18690.933,,
2011,792,"Turkiye",172103.136,,
2011,795,"Turkmenistan",14804.904,,
2011,796,"Turks and Caicos Islands",173.464,,
2011,798,"Tuvalu",43.112,,
2011,800,"Uganda",3631.506,,
2011,804,"Ukraine",169027.105,,
2011,784,"United Arab Emirates",,,"Not publishable"
2011,826,"United Kingdom",444858.089,,
2011,834,"United Republic of Tanzania",8467.995,,
2011,840,"United States",1342616.76,,
2011,581,"United States Minor Outlying Islands",98.949,,
2011,858,"Uruguay",14370.668,,
2011,860,"Uzbekistan",4781.182,,
2011,548,"Vanuatu",409.083,,
2011,862,"Venezuela (Bolivarian Rep. of)",149048.887,,
2011,704,"Viet Nam",109400.846,,
2011,876,"Wallis and Futuna Islands",29.366,,
2011,732,"Western Sahara",0.194,,
2011,887,"Yemen",17943.183,,
2011,894,"Zambia",3544.591,,
2011,716,"Zimbabwe",2621.828,,
2011,5702,"Northern America and Europe",7338402.195,,
2011,5706,"Europe, Northern America, Australia and New Zealand",8330528.282,,
2011,5703,"Central and Southern Asia",854549.416,,
2011,5704,"Eastern and South-Eastern Asia",5483358.614,,
2011,5705,"Western Asia and Northern Africa",1871306.971,,
2011,1400,"Developing economies",8845440.228,,
2011,1410,"Developing economies: Africa",958700.163,,
2011,1411,"Developing economies: Northern Africa",331061.316,,
2011,1412,"Developing economies: Sub-Saharan Africa",627638.847,,
2011,1420,"Developing economies: Americas",1685680.42,,
2011,1460,"Developing economies: Asia and Oceania",6201059.644,,
2011,1430,"Developing economies: Asia",6165383.892,,
2011,1431,"Developing economies: Central Asia",112942.643,,
2011,1433,"Developing economies: Eastern Asia",2303936.827,,
2011,1435,"Developing economies: South-eastern Asia",1571155.659,,
2011,1432,"Developing economies: Southern Asia",741606.773,,
2011,1434,"Developing economies: Western Asia",1435741.99,,
2011,1450,"Developing economies: Oceania",35675.752,,
2011,1500,"Developed economies",10043397.025,,
2011,1520,"Developed economies: Americas",1646123.127,,
2011,1560,"Developed economies: Asia and Oceania",2711293.16,,
2011,1530,"Developed economies: Asia",1712769.793,,
2011,1550,"Developed economies: Oceania",998523.367,,
2011,1540,"Developed economies: Europe",5685980.738,,
2011,1610,"LDCs (Least developed countries)",305539.635,,
2011,1614,"LDCs: Africa",218208.523,,
2011,1612,"LDCs: Asia",82203.261,,
2011,1615,"LDCs: Islands and Haiti",5127.85,,
2011,1620,"LLDCs (Landlocked developing countries)",241267.873,,
2011,1640,"SIDS (Small island developing States) (UN-OHRLLS)",445660.244,,
2011,1641,"SIDS: Atlantic and Indian Ocean",9425.478,,
2011,1642,"SIDS: Caribbean",124436.201,,
2011,1643,"SIDS: Pacific",311798.565,,
2012,0000,"World",19853624.953,,
2012,5100,"Africa",995644.479,,
2012,5110,"Northern Africa",360706.239,,
2012,5120,"Sub-Saharan Africa",634931.935,,
2012,5121,"Eastern Africa",61589.586,,
2012,5122,"Middle Africa",165920.997,,
2012,5123,"Southern Africa",171684.101,,
2012,5124,"Western Africa",235737.251,,
2012,5200,"Americas",3309914.46,,
2012,5210,"Northern America",1590311.172,,
2012,5220,"Latin America and the Caribbean",1719603.231,,
2012,5221,"Caribbean",107181.361,,
2012,5222,"Central America",295295.253,,
2012,5223,"South America",1317125.378,,
2012,5300,"Asia",8507260.296,,
2012,5310,"Central Asia",154547.468,,
2012,5330,"Eastern Asia",4183644.547,,
2012,5350,"South-eastern Asia",1718364.375,,
2012,5320,"Southern Asia",773049.028,,
2012,5340,"Western Asia",1677654.877,,
2012,5400,"Europe",5657156.563,,
2012,5410,"Eastern Europe",1493912.368,,
2012,5420,"Northern Europe",1000239.526,,
2012,5430,"Southern Europe",847015.643,,
2012,5440,"Western Europe",2308188.964,,
2012,5500,"Oceania",1143402.209,,
2012,5520,"Australia and New Zealand",1110584.829,,
2012,5510,"Oceania excluding Australia and New Zealand",32817.105,,
2012,5900,"Other territories",21231.453,,
2012,004,"Afghanistan",12146.211,,
2012,008,"Albania",4235.912,,
2012,012,"Algeria",117162.286,,
2012,016,"American Samoa",279.355,,
2012,020,"Andorra",133.361,,
2012,024,"Angola",97320.036,,
2012,660,"Anguilla",44.306,,
2012,028,"Antigua and Barbuda",444.38,,
2012,032,"Argentina",113987.585,,
2012,051,"Armenia",2335.773,,
2012,533,"Aruba",2519.839,,
2012,036,"Australia",1061971.048,,
2012,040,"Austria",93188.255,,
2012,031,"Azerbaijan",34797.455,,
2012,044,"Bahamas",6308.137,,
2012,048,"Bahrain",24837.174,,
2012,050,"Bangladesh",28940.706,,
2012,052,"Barbados",2256.443,,
2012,112,"Belarus",78166.447,,
2012,056,"Belgium",372393.567,,
2012,084,"Belize",1177.215,,
2012,204,"Benin",3711.728,,
2012,060,"Bermuda",346.075,,
2012,064,"Bhutan",334.835,,
2012,068,"Bolivia (Plurinational State of)",8368.46,,
2012,535,"Bonaire, Sint Eustatius and Saba",56.664,,
2012,070,"Bosnia and Herzegovina",8519.894,,
2012,072,"Botswana",2538.237,,
2012,074,"Bouvet Island",92.046,,
2012,076,"Brazil",660968.208,,
2012,086,"British Indian Ocean Territory",148.559,,
2012,092,"British Virgin Islands",1546.456,,
2012,096,"Brunei Darussalam",17105.579,,
2012,100,"Bulgaria",26582.491,,
2012,854,"Burkina Faso",1971.061,,
2012,108,"Burundi",405.643,,
2012,132,"Cabo Verde",750.981,,
2012,116,"Cambodia",5864.454,,
2012,120,"Cameroon",8924.663,,
2012,124,"Canada",286427.777,,
2012,136,"Cayman Islands",1292.826,,
2012,140,"Central African Republic",141.251,,
2012,148,"Chad",4136.002,,
2012,152,"Chile",99245.38,,
2012,156,"China",2136069.663,,
2012,344,"China, Hong Kong SAR",61281.536,,
2012,446,"China, Macao SAR",3008.086,,
2012,158,"China, Taiwan Province of",303965.375,,
2012,162,"Christmas Island",122.98,,
2012,166,"Cocos (Keeling) Islands",15.212,,
2012,170,"Colombia",143460.997,,
2012,174,"Comoros",360.452,,
2012,178,"Congo",15984.447,,
2012,184,"Cook Islands",92.254,,
2012,188,"Costa Rica",13168.99,,
2012,384,"Cote d'Ivoire",15134.254,,
2012,191,"Croatia",17965.437,,
2012,192,"Cuba",10034.664,,
2012,531,"Curacao",8221.274,,
2012,196,"Cyprus",9071.575,,
2012,203,"Czechia",58691.027,,
2012,408,"Dem. People's Rep. of Korea",10259.308,,
2012,180,"Dem. Rep. of the Congo",5130.744,,
2012,208,"Denmark",58916.203,,
2012,262,"Djibouti",2388.419,,
2012,212,"Dominica",439.909,,
2012,214,"Dominican Republic",14716.522,,
2012,218,"Ecuador",38521.7,,
2012,818,"Egypt",79174.801,,
2012,222,"El Salvador",6539.597,,
2012,226,"Equatorial Guinea",19438.258,,
2012,232,"Eritrea",210.163,,
2012,233,"Estonia",16391.807,,
2012,748,"Eswatini",2100.956,,
2012,231,"Ethiopia",6013.343,,
2012,238,"Falkland Islands (Malvinas)",124.906,,
2012,234,"Faroe Islands",945.133,,
2012,242,"Fiji",2621.178,,
2012,246,"Finland",88924.869,,
2012,250,"France",415483.34,,
2012,258,"French Polynesia",742.672,,
2012,260,"French Southern Territories",13.857,,
2012,266,"Gabon",14733.591,,
2012,270,"Gambia",1160.56,,
2012,268,"Georgia",4531.363,,
2012,276,"Germany",806971.519,,
2012,288,"Ghana",11841.967,,
2012,292,"Gibraltar",18763.541,,
2012,300,"Greece",63137.778,,
2012,304,"Greenland",533.239,,
2012,308,"Grenada",232.922,,
2012,316,"Guam",1093.26,,
2012,320,"Guatemala",14804.858,,
2012,324,"Guinea",15412.254,,
2012,624,"Guinea-Bissau",398.474,,
2012,328,"Guyana",4222.298,,
2012,332,"Haiti",1727.564,,
2012,334,"Heard Island and McDonald Islands",,,"Not publishable"
2012,336,"Holy See",2.61,,
2012,340,"Honduras",8244.241,,
2012,348,"Hungary",42301.163,,
2012,352,"Iceland",5196.207,,
2012,356,"India",537460.058,,
2012,360,"Indonesia",679550.926,,
2012,960,"Indonesia (...2002)",,,"Not applicable"
2012,364,"Iran (Islamic Republic of)",117309.449,,
2012,368,"Iraq",134452.625,,
2012,372,"Ireland",46400.953,,
2012,376,"Israel",108042.92,,
2012,380,"Italy",348801.72,,
2012,388,"Jamaica",13285.865,,
2012,392,"Japan",975964.194,,
2012,400,"Jordan",16948.843,,
2012,398,"Kazakhstan",125793.583,,
2012,404,"Kenya",10731.457,,
2012,296,"Kiribati",114.101,,
2012,414,"Kuwait",151965.819,,
2012,417,"Kyrgyzstan",2840.943,,
2012,418,"Lao People's Dem. Rep.",4593.756,,
2012,428,"Latvia",14645.99,,
2012,422,"Lebanon",13935.365,,
2012,426,"Lesotho",800.159,,
2012,430,"Liberia",9293.33,,
2012,434,"Libya",77293.992,,
2012,440,"Lithuania",37135.936,,
2012,442,"Luxembourg",19793.984,,
2012,450,"Madagascar",3624.92,,
2012,454,"Malawi",353.514,,
2012,458,"Malaysia",247489.732,,
2012,462,"Maldives",1786.481,,
2012,466,"Mali",1928.714,,
2012,470,"Malta",9717.467,,
2012,584,"Marshall Islands",6240.679,,
2012,478,"Mauritania",7485.574,,
2012,480,"Mauritius",5481.709,,
2012,484,"Mexico",236629.812,,
2012,583,"Micronesia (Federated States of)",122.87,,
2012,496,"Mongolia",12927.363,,
2012,499,"Montenegro",1153.881,,
2012,500,"Montserrat",38.238,,
2012,504,"Morocco",57746.329,,
2012,508,"Mozambique",9610.636,,
2012,104,"Myanmar",11015.149,,
2012,516,"Namibia",3236.513,,
2012,520,"Nauru",472.335,,
2012,524,"Nepal",3962.779,,
2012,528,"Netherlands (Kingdom of the)",566801.164,,
2012,530,"Netherlands Antilles",,,"Not applicable"
2012,540,"New Caledonia",6288.623,,
2012,554,"New Zealand",48439.318,,
2012,558,"Nicaragua",5275.594,,
2012,562,"Niger",900.248,,
2012,566,"Nigeria",150810.749,,
2012,570,"Niue",7.412,,
2012,574,"Norfolk Island",9.95,,
2012,807,"North Macedonia",3876.302,,
2012,580,"Northern Mariana Islands",28.443,,
2012,578,"Norway",166949.669,,
2012,512,"Oman",71498.873,,
2012,586,"Pakistan",54736.755,,
2012,585,"Palau",66.959,,
2012,591,"Panama",9454.946,,
2012,598,"Papua New Guinea",11224.156,,
2012,600,"Paraguay",10075.075,,
2012,604,"Peru",61353.611,,
2012,608,"Philippines",113041.838,,
2012,612,"Pitcairn",0.959,,
2012,616,"Poland",154620.105,,
2012,620,"Portugal",53193.793,,
2012,634,"Qatar",164102.475,,
2012,410,"Republic of Korea",680169.022,,
2012,498,"Republic of Moldova",1646.25,,
2012,642,"Romania",56420.542,,
2012,643,"Russian Federation",869754.862,,
2012,646,"Rwanda",442.416,,
2012,654,"Saint Helena",30.825,,
2012,659,"Saint Kitts and Nevis",303.839,,
2012,662,"Saint Lucia",542.62,,
2012,666,"Saint Pierre and Miquelon",17.262,,
2012,670,"Saint Vincent and the Grenadines",435.745,,
2012,882,"Samoa",261.397,,
2012,674,"San Marino",88.402,,
2012,678,"Sao Tome and Principe",112.004,,
2012,682,"Saudi Arabia",477421.37,,
2012,686,"Senegal",7653.036,,
2012,688,"Serbia",10342.624,,
2012,891,"Serbia and Montenegro",,,"Not applicable"
2012,690,"Seychelles",412.245,,
2012,694,"Sierra Leone",2116.146,,
2012,702,"Singapore",298856.55,,
2012,534,"Sint Maarten (Dutch part)",146.648,,
2012,703,"Slovakia",38497.261,,
2012,705,"Slovenia",18040.585,,
2012,090,"Solomon Islands",2256.228,,
2012,706,"Somalia",1473.528,,
2012,710,"South Africa",163008.236,,
2012,239,"South Georgia and the South Sandwich Islands",0.712,,
2012,728,"South Sudan",885.328,,
2012,724,"Spain",289042.335,,
2012,144,"Sri Lanka",16371.755,,
2012,275,"State of Palestine",1863.603,,
2012,729,"Sudan",9015.287,,
2012,736,"Sudan (...2011)",,,"Not applicable"
2012,740,"Suriname",3820.76,,
2012,752,"Sweden",128241.246,,
2012,756,"Switzerland",33557.136,,
2012,760,"Syrian Arab Republic",7699.295,,
2012,762,"Tajikistan",1701.782,,
2012,764,"Thailand",222549.717,,
2012,626,"Timor-Leste",1233.505,,
2012,768,"Togo",5137.349,,
2012,772,"Tokelau",154.166,,
2012,776,"Tonga",135.378,,
2012,780,"Trinidad and Tobago",42305.12,,
2012,788,"Tunisia",20309.763,,
2012,792,"Turkiye",185315.594,,
2012,795,"Turkmenistan",19784.239,,
2012,796,"Turks and Caicos Islands",281.382,,
2012,798,"Tuvalu",76.585,,
2012,800,"Uganda",3433.129,,
2012,804,"Ukraine",167232.22,,
2012,784,"United Arab Emirates",250891.404,,
2012,826,"United Kingdom",436491.512,,
2012,834,"United Republic of Tanzania",8425.323,,
2012,840,"United States",1302986.818,,
2012,581,"United States Minor Outlying Islands",81.564,,
2012,858,"Uruguay",15290.952,,
2012,860,"Uzbekistan",4426.922,,
2012,548,"Vanuatu",426.01,,
2012,862,"Venezuela (Bolivarian Rep. of)",157592.688,,
2012,704,"Viet Nam",117063.17,,
2012,876,"Wallis and Futuna Islands",30.522,,
2012,732,"Western Sahara",3.78,,
2012,887,"Yemen",17943.351,,
2012,894,"Zambia",4365.079,,
2012,716,"Zimbabwe",2809.865,,
2012,5702,"Northern America and Europe",7247467.734,,
2012,5706,"Europe, Northern America, Australia and New Zealand",8350252.501,,
2012,5703,"Central and Southern Asia",927596.496,,
2012,5704,"Eastern and South-Eastern Asia",5902008.923,,
2012,5705,"Western Asia and Northern Africa",2038361.116,,
2012,1400,"Developing economies",9481988.291,,
2012,1410,"Developing economies: Africa",995638.174,,
2012,1411,"Developing economies: Northern Africa",360706.239,,
2012,1412,"Developing economies: Sub-Saharan Africa",634931.935,,
2012,1420,"Developing economies: Americas",1719601.991,,
2012,1460,"Developing economies: Asia and Oceania",6766748.126,,
2012,1430,"Developing economies: Asia",6734012.585,,
2012,1431,"Developing economies: Central Asia",154547.468,,
2012,1433,"Developing economies: Eastern Asia",2527511.331,,
2012,1435,"Developing economies: South-eastern Asia",1718364.375,,
2012,1432,"Developing economies: Southern Asia",773049.028,,
2012,1434,"Developing economies: Western Asia",1560540.383,,
2012,1450,"Developing economies: Oceania",32735.541,,
2012,1500,"Developed economies",10123581.776,,
2012,1520,"Developed economies: Americas",1590311.172,,
2012,1560,"Developed economies: Asia and Oceania",2883914.104,,
2012,1530,"Developed economies: Asia",1773247.71,,
2012,1550,"Developed economies: Oceania",1110666.394,,
2012,1540,"Developed economies: Europe",5649356.5,,
2012,1610,"LDCs (Least developed countries)",305578.239,,
2012,1614,"LDCs: Africa",215343.398,,
2012,1612,"LDCs: Asia",84466.406,,
2012,1615,"LDCs: Islands and Haiti",5768.435,,
2012,1620,"LLDCs (Landlocked developing countries)",282836.674,,
2012,1640,"SIDS (Small island developing States) (UN-OHRLLS)",458690.003,,
2012,1641,"SIDS: Atlantic and Indian Ocean",9648.42,,
2012,1642,"SIDS: Caribbean",116401.634,,
2012,1643,"SIDS: Pacific",332639.95,,
2013,0000,"World",20392831.632,,
2013,5100,"Africa",990708.877,,
2013,5110,"Northern Africa",336577.747,,
2013,5120,"Sub-Saharan Africa",654125.081,,
2013,5121,"Eastern Africa",71477.565,,
2013,5122,"Middle Africa",170208.119,,
2013,5123,"Southern Africa",175576.087,,
2013,5124,"Western Africa",236863.31,,
2013,5200,"Americas",3299280.442,,
2013,5210,"Northern America",1553545.226,,
2013,5220,"Latin America and the Caribbean",1745735.18,,
2013,5221,"Caribbean",108706.442,,
2013,5222,"Central America",302824.988,,
2013,5223,"South America",1334202.683,,
2013,5300,"Asia",8898669.096,,
2013,5310,"Central Asia",167740.097,,
2013,5330,"Eastern Asia",4420038.983,,
2013,5350,"South-eastern Asia",1794206.893,,
2013,5320,"Southern Asia",786305.609,,
2013,5340,"Western Asia",1730377.514,,
2013,5400,"Europe",5701830.622,,
2013,5410,"Eastern Europe",1511049.183,,
2013,5420,"Northern Europe",994359.978,,
2013,5430,"Southern Europe",831253.218,,
2013,5440,"Western Europe",2357663.282,,
2013,5500,"Oceania",1257442.315,,
2013,5520,"Australia and New Zealand",1226922.327,,
2013,5510,"Oceania excluding Australia and New Zealand",30519.554,,
2013,5900,"Other territories",29168.583,,
2013,004,"Afghanistan",11793.069,,
2013,008,"Albania",4577.289,,
2013,012,"Algeria",110349.172,,
2013,016,"American Samoa",297.419,,
2013,020,"Andorra",308.603,,
2013,024,"Angola",99182.304,,
2013,660,"Anguilla",58.71,,
2013,028,"Antigua and Barbuda",927.567,,
2013,032,"Argentina",112617.211,,
2013,051,"Armenia",2306.324,,
2013,533,"Aruba",1309.659,,
2013,036,"Australia",1173794.222,,
2013,040,"Austria",90590.926,,
2013,031,"Azerbaijan",36374.805,,
2013,044,"Bahamas",6146.702,,
2013,048,"Bahrain",26301.26,,
2013,050,"Bangladesh",30516.791,,
2013,052,"Barbados",1561.323,,
2013,112,"Belarus",67518.643,,
2013,056,"Belgium",380241.587,,
2013,084,"Belize",1032.174,,
2013,204,"Benin",4514.213,,
2013,060,"Bermuda",739.038,,
2013,064,"Bhutan",600.307,,
2013,068,"Bolivia (Plurinational State of)",10710.078,,
2013,535,"Bonaire, Sint Eustatius and Saba",301.051,,
2013,070,"Bosnia and Herzegovina",8542.866,,
2013,072,"Botswana",2317.928,,
2013,074,"Bouvet Island",0.199,,
2013,076,"Brazil",671757.242,,
2013,086,"British Indian Ocean Territory",88.559,,
2013,092,"British Virgin Islands",1561.65,,
2013,096,"Brunei Darussalam",15170.595,,
2013,100,"Bulgaria",28797.303,,
2013,854,"Burkina Faso",2456.208,,
2013,108,"Burundi",328.162,,
2013,132,"Cabo Verde",777.944,,
2013,116,"Cambodia",6380.136,,
2013,120,"Cameroon",9258.147,,
2013,124,"Canada",295411.437,,
2013,136,"Cayman Islands",1041.041,,
2013,140,"Central African Republic",97.342,,
2013,148,"Chad",4195.033,,
2013,152,"Chile",104067.071,,
2013,156,"China",2357863.942,,
2013,344,"China, Hong Kong SAR",55376.108,,
2013,446,"China, Macao SAR",4594.17,,
2013,158,"China, Taiwan Province of",312256.445,,
2013,162,"Christmas Island",80.577,,
2013,166,"Cocos (Keeling) Islands",3.708,,
2013,170,"Colombia",144878.845,,
2013,174,"Comoros",326.881,,
2013,178,"Congo",15910.878,,
2013,184,"Cook Islands",75.638,,
2013,188,"Costa Rica",13401.837,,
2013,384,"Cote d'Ivoire",16276.74,,
2013,191,"Croatia",18296.736,,
2013,192,"Cuba",9887.298,,
2013,531,"Curacao",7289.368,,
2013,196,"Cyprus",8622.022,,
2013,203,"Czechia",61856.383,,
2013,408,"Dem. People's Rep. of Korea",11900.465,,
2013,180,"Dem. Rep. of the Congo",7184.854,,
2013,208,"Denmark",60125.359,,
2013,262,"Djibouti",2144.107,,
2013,212,"Dominica",506.338,,
2013,214,"Dominican Republic",15216.118,,
2013,218,"Ecuador",41121.931,,
2013,818,"Egypt",73158.789,,
2013,222,"El Salvador",7170.502,,
2013,226,"Equatorial Guinea",18780.43,,
2013,232,"Eritrea",197.678,,
2013,233,"Estonia",15862.55,,
2013,748,"Eswatini",2365.497,,
2013,231,"Ethiopia",5320.916,,
2013,238,"Falkland Islands (Malvinas)",139.323,,
2013,234,"Faroe Islands",1120.049,,
2013,242,"Fiji",2747.523,,
2013,246,"Finland",91093.58,,
2013,250,"France",413817.942,,
2013,258,"French Polynesia",746.528,,
2013,260,"French Southern Territories",20.281,,
2013,266,"Gabon",15471.192,,
2013,270,"Gambia",1307.506,,
2013,268,"Georgia",4613.462,,
2013,276,"Germany",832438.912,,
2013,288,"Ghana",13274.516,,
2013,292,"Gibraltar",17830.346,,
2013,300,"Greece",66620.401,,
2013,304,"Greenland",549.057,,
2013,308,"Grenada",250.658,,
2013,316,"Guam",829.146,,
2013,320,"Guatemala",15873.79,,
2013,324,"Guinea",16051.837,,
2013,624,"Guinea-Bissau",570.513,,
2013,328,"Guyana",4015.247,,
2013,332,"Haiti",2217.725,,
2013,334,"Heard Island and McDonald Islands",,,"Not publishable"
2013,336,"Holy See",1.294,,
2013,340,"Honduras",9475.418,,
2013,348,"Hungary",44068.699,,
2013,352,"Iceland",5663.715,,
2013,356,"India",574312.813,,
2013,360,"Indonesia",745456.301,,
2013,960,"Indonesia (...2002)",,,"Not applicable"
2013,364,"Iran (Islamic Republic of)",93376.179,,
2013,368,"Iraq",135775.243,,
2013,372,"Ireland",48466.422,,
2013,376,"Israel",99483.38,,
2013,380,"Italy",328467.907,,
2013,388,"Jamaica",13090.652,,
2013,392,"Japan",985407.895,,
2013,400,"Jordan",16596.544,,
2013,398,"Kazakhstan",133358.648,,
2013,404,"Kenya",11313.448,,
2013,296,"Kiribati",130.855,,
2013,414,"Kuwait",149054.293,,
2013,417,"Kyrgyzstan",3274.464,,
2013,418,"Lao People's Dem. Rep.",5478.465,,
2013,428,"Latvia",14949.029,,
2013,422,"Lebanon",12646.151,,
2013,426,"Lesotho",861.788,,
2013,430,"Liberia",9544.812,,
2013,434,"Libya",65181.749,,
2013,440,"Lithuania",37165.454,,
2013,442,"Luxembourg",19350.133,,
2013,450,"Madagascar",4711.567,,
2013,454,"Malawi",531.579,,
2013,458,"Malaysia",262539.157,,
2013,462,"Maldives",1619.507,,
2013,466,"Mali",2248.793,,
2013,470,"Malta",9357.249,,
2013,584,"Marshall Islands",5422.546,,
2013,478,"Mauritania",7264.478,,
2013,480,"Mauritius",4755.856,,
2013,484,"Mexico",241252.29,,
2013,583,"Micronesia (Federated States of)",118.85,,
2013,496,"Mongolia",12447.325,,
2013,499,"Montenegro",1138.864,,
2013,500,"Montserrat",54.985,,
2013,504,"Morocco",55620.136,,
2013,508,"Mozambique",13008.465,,
2013,104,"Myanmar",13288.472,,
2013,516,"Namibia",3333.1,,
2013,520,"Nauru",378.863,,
2013,524,"Nepal",3070.901,,
2013,528,"Netherlands (Kingdom of the)",587181.444,,
2013,530,"Netherlands Antilles",,,"Not applicable"
2013,540,"New Caledonia",6177.52,,
2013,554,"New Zealand",52883.579,,
2013,558,"Nicaragua",4861.915,,
2013,562,"Niger",689.814,,
2013,566,"Nigeria",145177.387,,
2013,570,"Niue",6.778,,
2013,574,"Norfolk Island",,,"Not publishable"
2013,807,"North Macedonia",3749.769,,
2013,580,"Northern Mariana Islands",18.298,,
2013,578,"Norway",157129.431,,
2013,512,"Oman",91634.401,,
2013,586,"Pakistan",55563.59,,
2013,585,"Palau",46.081,,
2013,591,"Panama",9757.063,,
2013,598,"Papua New Guinea",9886.521,,
2013,600,"Paraguay",13347.96,,
2013,604,"Peru",65629.842,,
2013,608,"Philippines",119895.344,,
2013,612,"Pitcairn",2.429,,
2013,616,"Poland",163304.591,,
2013,620,"Portugal",57066.744,,
2013,634,"Qatar",166849.16,,
2013,410,"Republic of Korea",680192.632,,
2013,498,"Republic of Moldova",1850.383,,
2013,642,"Romania",57797.179,,
2013,643,"Russian Federation",883066.074,,
2013,646,"Rwanda",860.075,,
2013,652,"Saint Barthelemy",24.724,,
2013,654,"Saint Helena",55.794,,
2013,659,"Saint Kitts and Nevis",441.3,,
2013,662,"Saint Lucia",758.399,,
2013,666,"Saint Pierre and Miquelon",24.089,,
2013,670,"Saint Vincent and the Grenadines",366.257,,
2013,882,"Samoa",260.039,,
2013,674,"San Marino",86.844,,
2013,678,"Sao Tome and Principe",127.94,,
2013,682,"Saudi Arabia",485077.303,,
2013,686,"Senegal",6956.933,,
2013,688,"Serbia",10923.919,,
2013,891,"Serbia and Montenegro",,,"Not applicable"
2013,690,"Seychelles",476.573,,
2013,694,"Sierra Leone",3740.321,,
2013,702,"Singapore",294831.604,,
2013,534,"Sint Maarten (Dutch part)",312.271,,
2013,703,"Slovakia",40620.192,,
2013,705,"Slovenia",18814.162,,
2013,090,"Solomon Islands",2306.516,,
2013,706,"Somalia",1366.963,,
2013,710,"South Africa",166697.774,,
2013,239,"South Georgia and the South Sandwich Islands",0.257,,
2013,728,"South Sudan",3698.863,,
2013,724,"Spain",285470.224,,
2013,144,"Sri Lanka",15452.453,,
2013,275,"State of Palestine",2042.557,,
2013,729,"Sudan",10140.103,,
2013,736,"Sudan (...2011)",,,"Not applicable"
2013,740,"Suriname",3229.833,,
2013,752,"Sweden",122795.622,,
2013,756,"Switzerland",34042.337,,
2013,760,"Syrian Arab Republic",7180.038,,
2013,762,"Tajikistan",1776.459,,
2013,764,"Thailand",207957.493,,
2013,626,"Timor-Leste",1257.48,,
2013,768,"Togo",5955.501,,
2013,772,"Tokelau",395.644,,
2013,776,"Tonga",128.864,,
2013,780,"Trinidad and Tobago",45142.077,,
2013,788,"Tunisia",22127.625,,
2013,792,"Turkiye",198237.097,,
2013,795,"Turkmenistan",22264.345,,
2013,796,"Turks and Caicos Islands",240.569,,
2013,798,"Tuvalu",42.448,,
2013,800,"Uganda",3551.133,,
2013,804,"Ukraine",162169.735,,
2013,784,"United Arab Emirates",268108.1,,
2013,826,"United Kingdom",439988.767,,
2013,834,"United Republic of Tanzania",9939.296,,
2013,840,"United States",1256821.605,,
2013,581,"United States Minor Outlying Islands",11.227,,
2013,858,"Uruguay",15591.654,,
2013,860,"Uzbekistan",7066.182,,
2013,548,"Vanuatu",461.736,,
2013,862,"Venezuela (Bolivarian Rep. of)",147095.99,,
2013,704,"Viet Nam",121951.846,,
2013,876,"Wallis and Futuna Islands",28.085,,
2013,732,"Western Sahara",0.173,,
2013,887,"Yemen",19475.373,,
2013,894,"Zambia",5991.586,,
2013,716,"Zimbabwe",2845.576,,
2013,5702,"Northern America and Europe",7255375.849,,
2013,5706,"Europe, Northern America, Australia and New Zealand",8474793.214,,
2013,5703,"Central and Southern Asia",954045.706,,
2013,5704,"Eastern and South-Eastern Asia",6214245.876,,
2013,5705,"Western Asia and Northern Africa",2066955.261,,
2013,1400,"Developing economies",9891908.435,,
2013,1410,"Developing economies: Africa",990702.828,,
2013,1411,"Developing economies: Northern Africa",336577.747,,
2013,1412,"Developing economies: Sub-Saharan Africa",654125.081,,
2013,1420,"Developing economies: Americas",1745734.113,,
2013,1460,"Developing economies: Asia and Oceania",7155471.493,,
2013,1430,"Developing economies: Asia",7124963.167,,
2013,1431,"Developing economies: Central Asia",167740.097,,
2013,1433,"Developing economies: Eastern Asia",2754438.455,,
2013,1435,"Developing economies: South-eastern Asia",1794206.893,,
2013,1432,"Developing economies: Southern Asia",786305.609,,
2013,1434,"Developing economies: Western Asia",1622272.112,,
2013,1450,"Developing economies: Oceania",30508.327,,
2013,1500,"Developed economies",10248510.37,,
2013,1520,"Developed economies: Americas",1553545.226,,
2013,1560,"Developed economies: Asia and Oceania",3000639.483,,
2013,1530,"Developed economies: Asia",1773705.929,,
2013,1550,"Developed economies: Oceania",1226933.554,,
2013,1540,"Developed economies: Europe",5694325.661,,
2013,1610,"LDCs (Least developed countries)",330897.854,,
2013,1614,"LDCs: Africa",234612.743,,
2013,1612,"LDCs: Asia",90003.206,,
2013,1615,"LDCs: Islands and Haiti",6281.904,,
2013,1620,"LLDCs (Landlocked developing countries)",307829.776,,
2013,1640,"SIDS (Small island developing States) (UN-OHRLLS)",452524.478,,
2013,1641,"SIDS: Atlantic and Indian Ocean",9394.253,,
2013,1642,"SIDS: Caribbean",116958.972,,
2013,1643,"SIDS: Pacific",326171.253,,
2014,0000,"World",20522799.06,,
2014,5100,"Africa",994229.681,,
2014,5110,"Northern Africa",320315.445,,
2014,5120,"Sub-Saharan Africa",673908.105,,
2014,5121,"Eastern Africa",84018.533,,
2014,5122,"Middle Africa",169701.973,,
2014,5123,"Southern Africa",181639.145,,
2014,5124,"Western Africa",238548.455,,
2014,5200,"Americas",3242810.993,,
2014,5210,"Northern America",1498550.243,,
2014,5220,"Latin America and the Caribbean",1744260.717,,
2014,5221,"Caribbean",102392.908,,
2014,5222,"Central America",299965.199,,
2014,5223,"South America",1341901.393,,
2014,5300,"Asia",8974318.626,,
2014,5310,"Central Asia",152621.959,,
2014,5330,"Eastern Asia",4546420.32,,
2014,5350,"South-eastern Asia",1747367.138,,
2014,5320,"Southern Asia",852561.133,,
2014,5340,"Western Asia",1675348.076,,
2014,5400,"Europe",5686626.63,,
2014,5410,"Eastern Europe",1503458.296,,
2014,5420,"Northern Europe",995801.457,,
2014,5430,"Southern Europe",837104.908,,
2014,5440,"Western Europe",2345601.812,,
2014,5500,"Oceania",1438954.448,,
2014,5520,"Australia and New Zealand",1399458.685,,
2014,5510,"Oceania excluding Australia and New Zealand",39495.464,,
2014,5900,"Other territories",27368.284,,
2014,004,"Afghanistan",10544.871,,
2014,008,"Albania",3880.048,,
2014,012,"Algeria",109820.532,,
2014,016,"American Samoa",263.704,,
2014,020,"Andorra",391.277,,
2014,024,"Angola",97153.584,,
2014,660,"Anguilla",67.473,,
2014,028,"Antigua and Barbuda",942.542,,
2014,032,"Argentina",106365.347,,
2014,051,"Armenia",2366.534,,
2014,533,"Aruba",1283.212,,
2014,036,"Australia",1344392.432,,
2014,040,"Austria",90437.774,,
2014,031,"Azerbaijan",35113.018,,
2014,044,"Bahamas",6038.325,,
2014,048,"Bahrain",32371.056,,
2014,050,"Bangladesh",35207.693,,
2014,052,"Barbados",1749.429,,
2014,112,"Belarus",76038.831,,
2014,056,"Belgium",378616.929,,
2014,084,"Belize",970.913,,
2014,204,"Benin",4909.257,,
2014,060,"Bermuda",427.438,,
2014,064,"Bhutan",705.039,,
2014,068,"Bolivia (Plurinational State of)",10661.062,,
2014,535,"Bonaire, Sint Eustatius and Saba",541.795,,
2014,070,"Bosnia and Herzegovina",8738.5,,
2014,072,"Botswana",4028.101,,
2014,074,"Bouvet Island",0.475,,
2014,076,"Brazil",708432.532,,
2014,086,"British Indian Ocean Territory",13.61,,
2014,092,"British Virgin Islands",846.752,,
2014,096,"Brunei Darussalam",15002.809,,
2014,100,"Bulgaria",29162.914,,
2014,854,"Burkina Faso",2447.263,,
2014,108,"Burundi",286.642,,
2014,132,"Cabo Verde",773.09,,
2014,116,"Cambodia",6225.762,,
2014,120,"Cameroon",10794.454,,
2014,124,"Canada",291861.854,,
2014,136,"Cayman Islands",796.196,,
2014,140,"Central African Republic",86.951,,
2014,148,"Chad",3890.955,,
2014,152,"Chile",100525.818,,
2014,156,"China",2472702.414,,
2014,344,"China, Hong Kong SAR",56643.964,,
2014,446,"China, Macao SAR",4074.95,,
2014,158,"China, Taiwan Province of",326249.476,,
2014,162,"Christmas Island",185.521,,
2014,166,"Cocos (Keeling) Islands",16.336,,
2014,170,"Colombia",146278.641,,
2014,174,"Comoros",310.971,,
2014,178,"Congo",16252.849,,
2014,184,"Cook Islands",156.11,,
2014,188,"Costa Rica",13441.583,,
2014,384,"Cote d'Ivoire",15940.82,,
2014,191,"Croatia",18407.987,,
2014,192,"Cuba",9548.214,,
2014,531,"Curacao",5098.457,,
2014,196,"Cyprus",8704.357,,
2014,203,"Czechia",64097.898,,
2014,408,"Dem. People's Rep. of Korea",11111.79,,
2014,180,"Dem. Rep. of the Congo",7547.365,,
2014,208,"Denmark",57950.778,,
2014,262,"Djibouti",2326.493,,
2014,212,"Dominica",372.371,,
2014,214,"Dominican Republic",18213.078,,
2014,218,"Ecuador",41055.726,,
2014,818,"Egypt",82539.103,,
2014,222,"El Salvador",6967.473,,
2014,226,"Equatorial Guinea",17751.337,,
2014,232,"Eritrea",229.589,,
2014,233,"Estonia",17619.242,,
2014,748,"Eswatini",1808.098,,
2014,231,"Ethiopia",7549.836,,
2014,238,"Falkland Islands (Malvinas)",174.088,,
2014,234,"Faroe Islands",1113.822,,
2014,242,"Fiji",3302.59,,
2014,246,"Finland",86516.957,,
2014,250,"France",402958.267,,
2014,258,"French Polynesia",708.783,,
2014,260,"French Southern Territories",23.323,,
2014,266,"Gabon",16074.106,,
2014,270,"Gambia",1339.721,,
2014,268,"Georgia",5217.321,,
2014,276,"Germany",847082.973,,
2014,288,"Ghana",14282.788,,
2014,292,"Gibraltar",14165.981,,
2014,300,"Greece",69148.199,,
2014,304,"Greenland",597.821,,
2014,308,"Grenada",223.406,,
2014,316,"Guam",1258.007,,
2014,320,"Guatemala",17437.418,,
2014,324,"Guinea",17094.269,,
2014,624,"Guinea-Bissau",530.766,,
2014,328,"Guyana",3602.746,,
2014,332,"Haiti",2206.495,,
2014,334,"Heard Island and McDonald Islands",0.472,,
2014,336,"Holy See",3.405,,
2014,340,"Honduras",8580.28,,
2014,348,"Hungary",47751.618,,
2014,352,"Iceland",5479.983,,
2014,356,"India",617104.344,,
2014,360,"Indonesia",645104.715,,
2014,960,"Indonesia (...2002)",,,"Not applicable"
2014,364,"Iran (Islamic Republic of)",105277.086,,
2014,368,"Iraq",133942.683,,
2014,372,"Ireland",49142.741,,
2014,376,"Israel",50349.945,,
2014,380,"Italy",317051.86,,
2014,388,"Jamaica",11026.77,,
2014,392,"Japan",966716.01,,
2014,400,"Jordan",18504.203,,
2014,398,"Kazakhstan",118144.236,,
2014,404,"Kenya",15008,,
2014,296,"Kiribati",158.345,,
2014,414,"Kuwait",148983.499,,
2014,417,"Kyrgyzstan",3229.205,,
2014,418,"Lao People's Dem. Rep.",6668.31,,
2014,428,"Latvia",16371.628,,
2014,422,"Lebanon",12274.082,,
2014,426,"Lesotho",782.65,,
2014,430,"Liberia",8289.275,,
2014,434,"Libya",37789.941,,
2014,440,"Lithuania",36266.825,,
2014,442,"Luxembourg",20211.729,,
2014,450,"Madagascar",5957.426,,
2014,454,"Malawi",481.733,,
2014,458,"Malaysia",270281.638,,
2014,462,"Maldives",1987.615,,
2014,466,"Mali",1961.553,,
2014,470,"Malta",10544.991,,
2014,584,"Marshall Islands",7283.329,,
2014,478,"Mauritania",8406.511,,
2014,480,"Mauritius",4842.89,,
2014,484,"Mexico",237947.967,,
2014,583,"Micronesia (Federated States of)",164.139,,
2014,496,"Mongolia",13309.721,,
2014,499,"Montenegro",1210.079,,
2014,500,"Montserrat",48.242,,
2014,504,"Morocco",57829.8,,
2014,508,"Mozambique",13612.631,,
2014,104,"Myanmar",17495.391,,
2014,516,"Namibia",3251.04,,
2014,520,"Nauru",227.739,,
2014,524,"Nepal",3962.314,,
2014,528,"Netherlands (Kingdom of the)",572349.542,,
2014,530,"Netherlands Antilles",,,"Not applicable"
2014,540,"New Caledonia",7512.65,,
2014,554,"New Zealand",54856.283,,
2014,558,"Nicaragua",4926.138,,
2014,562,"Niger",695.799,,
2014,566,"Nigeria",143081.783,,
2014,570,"Niue",6.586,,
2014,574,"Norfolk Island",7.641,,
2014,807,"North Macedonia",4219.529,,
2014,580,"Northern Mariana Islands",55.658,,
2014,578,"Norway",161062.414,,
2014,512,"Oman",82545.991,,
2014,586,"Pakistan",59604.931,,
2014,585,"Palau",61.16,,
2014,591,"Panama",9693.426,,
2014,598,"Papua New Guinea",14966.03,,
2014,600,"Paraguay",14082.11,,
2014,604,"Peru",59661.93,,
2014,608,"Philippines",134377.971,,
2014,612,"Pitcairn",2.442,,
2014,616,"Poland",169071.982,,
2014,620,"Portugal",56997.666,,
2014,634,"Qatar",169514.699,,
2014,410,"Republic of Korea",695611.994,,
2014,498,"Republic of Moldova",2052.951,,
2014,642,"Romania",61616.528,,
2014,643,"Russian Federation",863696.574,,
2014,646,"Rwanda",883.593,,
2014,652,"Saint Barthelemy",2.789,,
2014,654,"Saint Helena",47.913,,
2014,659,"Saint Kitts and Nevis",432.04,,
2014,662,"Saint Lucia",839.388,,
2014,666,"Saint Pierre and Miquelon",27.054,,
2014,670,"Saint Vincent and the Grenadines",385.055,,
2014,882,"Samoa",270.102,,
2014,674,"San Marino",87.677,,
2014,678,"Sao Tome and Principe",150.372,,
2014,682,"Saudi Arabia",472688.999,,
2014,686,"Senegal",7209.429,,
2014,688,"Serbia",11688.897,,
2014,891,"Serbia and Montenegro",,,"Not applicable"
2014,690,"Seychelles",568.061,,
2014,694,"Sierra Leone",5292.676,,
2014,702,"Singapore",300615.248,,
2014,534,"Sint Maarten (Dutch part)",186.475,,
2014,703,"Slovakia",40157.726,,
2014,705,"Slovenia",19943.132,,
2014,090,"Solomon Islands",2384.453,,
2014,706,"Somalia",1435.23,,
2014,710,"South Africa",171769.256,,
2014,239,"South Georgia and the South Sandwich Islands",0.653,,
2014,728,"South Sudan",7178.334,,
2014,724,"Spain",300625.68,,
2014,144,"Sri Lanka",18167.24,,
2014,275,"State of Palestine",2056.678,,
2014,729,"Sudan",10393.802,,
2014,736,"Sudan (...2011)",,,"Not applicable"
2014,740,"Suriname",3078.971,,
2014,752,"Sweden",128661.667,,
2014,756,"Switzerland",33944.599,,
2014,760,"Syrian Arab Republic",6166.983,,
2014,762,"Tajikistan",1946.786,,
2014,764,"Thailand",214610.492,,
2014,626,"Timor-Leste",964.051,,
2014,768,"Togo",6245.541,,
2014,772,"Tokelau",4.213,,
2014,776,"Tonga",150.182,,
2014,780,"Trinidad and Tobago",41232.643,,
2014,788,"Tunisia",21935.297,,
2014,792,"Turkiye",202034.301,,
2014,795,"Turkmenistan",22690.282,,
2014,796,"Turks and Caicos Islands",311.76,,
2014,798,"Tuvalu",38.283,,
2014,800,"Uganda",3776.676,,
2014,804,"Ukraine",149811.274,,
2014,784,"United Arab Emirates",274199.971,,
2014,826,"United Kingdom",435615.4,,
2014,834,"United Republic of Tanzania",10039.542,,
2014,840,"United States",1205636.076,,
2014,581,"United States Minor Outlying Islands",10.082,,
2014,858,"Uruguay",15875.924,,
2014,860,"Uzbekistan",6611.45,,
2014,548,"Vanuatu",478.853,,
2014,862,"Venezuela (Bolivarian Rep. of)",132105.37,,
2014,704,"Viet Nam",136020.752,,
2014,876,"Wallis and Futuna Islands",32.025,,
2014,732,"Western Sahara",6.97,,
2014,887,"Yemen",18313.757,,
2014,894,"Zambia",6508.224,,
2014,716,"Zimbabwe",2985.729,,
2014,5702,"Northern America and Europe",7185176.873,,
2014,5706,"Europe, Northern America, Australia and New Zealand",8579975.401,,
2014,5703,"Central and Southern Asia",1005183.092,,
2014,5704,"Eastern and South-Eastern Asia",6293787.458,,
2014,5705,"Western Asia and Northern Africa",1995663.52,,
2014,1400,"Developing economies",10030904.752,,
2014,1410,"Developing economies: Africa",994223.55,,
2014,1411,"Developing economies: Northern Africa",320315.445,,
2014,1412,"Developing economies: Sub-Saharan Africa",673908.105,,
2014,1420,"Developing economies: Americas",1744259.5,,
2014,1460,"Developing economies: Asia and Oceania",7292421.702,,
2014,1430,"Developing economies: Asia",7252936.32,,
2014,1431,"Developing economies: Central Asia",152621.959,,
2014,1433,"Developing economies: Eastern Asia",2884092.316,,
2014,1435,"Developing economies: South-eastern Asia",1747367.138,,
2014,1432,"Developing economies: Southern Asia",852561.133,,
2014,1434,"Developing economies: Western Asia",1616293.774,,
2014,1450,"Developing economies: Oceania",39485.382,,
2014,1500,"Developed economies",10301367.788,,
2014,1520,"Developed economies: Americas",1498550.243,,
2014,1560,"Developed economies: Asia and Oceania",3120851.072,,
2014,1530,"Developed economies: Asia",1721382.306,,
2014,1550,"Developed economies: Oceania",1399468.767,,
2014,1540,"Developed economies: Europe",5681966.473,,
2014,1610,"LDCs (Least developed countries)",349024.012,,
2014,1614,"LDCs: Africa",244543.315,,
2014,1612,"LDCs: Asia",98418.098,,
2014,1615,"LDCs: Islands and Haiti",6062.598,,
2014,1620,"LLDCs (Landlocked developing countries)",301659.556,,
2014,1640,"SIDS (Small island developing States) (UN-OHRLLS)",460659.954,,
2014,1641,"SIDS: Atlantic and Indian Ocean",9591.202,,
2014,1642,"SIDS: Caribbean",110042.75,,
2014,1643,"SIDS: Pacific",341026.001,,
2015,0000,"World",20959928.812,,
2015,5100,"Africa",967729.895,,
2015,5110,"Northern Africa",302349.612,,
2015,5120,"Sub-Saharan Africa",665375.043,,
2015,5121,"Eastern Africa",81810.427,,
2015,5122,"Middle Africa",164027.854,,
2015,5123,"Southern Africa",185167.336,,
2015,5124,"Western Africa",234369.427,,
2015,5200,"Americas",3430542.739,,
2015,5210,"Northern America",1553528.109,,
2015,5220,"Latin America and the Caribbean",1877014.264,,
2015,5221,"Caribbean",104741.91,,
2015,5222,"Central America",308097.286,,
2015,5223,"South America",1464165.153,,
2015,5300,"Asia",9088391.651,,
2015,5310,"Central Asia",148223.583,,
2015,5330,"Eastern Asia",4573322.768,,
2015,5350,"South-eastern Asia",1785779.557,,
2015,5320,"Southern Asia",875137.398,,
2015,5340,"Western Asia",1705928.346,,
2015,5400,"Europe",5756143.524,,
2015,5410,"Eastern Europe",1492318.101,,
2015,5420,"Northern Europe",997251.899,,
2015,5430,"Southern Europe",883331.215,,
2015,5440,"Western Europe",2378258.854,,
2015,5500,"Oceania",1504926.593,,
2015,5520,"Australia and New Zealand",1460197.18,,
2015,5510,"Oceania excluding Australia and New Zealand",44729.202,,
2015,5900,"Other territories",21994.317,,
2015,004,"Afghanistan",10054.186,,
2015,008,"Albania",4024.273,,
2015,012,"Algeria",110049.715,,
2015,016,"American Samoa",160.198,,
2015,020,"Andorra",206.97,,
2015,024,"Angola",92905.138,,
2015,660,"Anguilla",59.811,,
2015,028,"Antigua and Barbuda",534.375,,
2015,032,"Argentina",112800.445,,
2015,051,"Armenia",2204.541,,
2015,533,"Aruba",1114.859,,
2015,036,"Australia",1407095.737,,
2015,040,"Austria",92072.744,,
2015,031,"Azerbaijan",37586.998,,
2015,044,"Bahamas",6118.478,,
2015,048,"Bahrain",32379.764,,
2015,050,"Bangladesh",42031.643,,
2015,052,"Barbados",1537.59,,
2015,112,"Belarus",74933.542,,
2015,056,"Belgium",373369.414,,
2015,084,"Belize",1043.228,,
2015,204,"Benin",4317.107,,
2015,060,"Bermuda",722.665,,
2015,064,"Bhutan",752.354,,
2015,068,"Bolivia (Plurinational State of)",10576.338,,
2015,535,"Bonaire, Sint Eustatius and Saba",202.663,,
2015,070,"Bosnia and Herzegovina",8808.633,,
2015,072,"Botswana",4066.606,,
2015,074,"Bouvet Island",0.68,,
2015,076,"Brazil",782575.414,,
2015,086,"British Indian Ocean Territory",10.195,,
2015,092,"British Virgin Islands",836.18,,
2015,096,"Brunei Darussalam",15305.328,,
2015,100,"Bulgaria",29821.023,,
2015,854,"Burkina Faso",2676.863,,
2015,108,"Burundi",272.584,,
2015,132,"Cabo Verde",814.941,,
2015,116,"Cambodia",6798.072,,
2015,120,"Cameroon",12012.257,,
2015,124,"Canada",292422.551,,
2015,136,"Cayman Islands",1207.11,,
2015,140,"Central African Republic",115.701,,
2015,148,"Chad",5983.681,,
2015,152,"Chile",107318.37,,
2015,156,"China",2547064.322,,
2015,344,"China, Hong Kong SAR",59583.164,,
2015,446,"China, Macao SAR",4129.741,,
2015,158,"China, Taiwan Province of",311936.188,,
2015,162,"Christmas Island",115.193,,
2015,166,"Cocos (Keeling) Islands",1.728,,
2015,170,"Colombia",165940.239,,
2015,174,"Comoros",409.777,,
2015,178,"Congo",15905.887,,
2015,184,"Cook Islands",98.27,,
2015,188,"Costa Rica",13948.247,,
2015,384,"Cote d'Ivoire",18866.048,,
2015,191,"Croatia",19910.678,,
2015,192,"Cuba",10012.048,,
2015,531,"Curacao",5956.508,,
2015,196,"Cyprus",10462.022,,
2015,203,"Czechia",66130.9,,
2015,408,"Dem. People's Rep. of Korea",13804.665,,
2015,180,"Dem. Rep. of the Congo",5165.736,,
2015,208,"Denmark",60557.915,,
2015,262,"Djibouti",2731.383,,
2015,212,"Dominica",388.514,,
2015,214,"Dominican Republic",18482.862,,
2015,218,"Ecuador",43602.209,,
2015,818,"Egypt",77021.242,,
2015,222,"El Salvador",7879.958,,
2015,226,"Equatorial Guinea",15816.006,,
2015,232,"Eritrea",178.104,,
2015,233,"Estonia",15577.544,,
2015,748,"Eswatini",1277.409,,
2015,231,"Ethiopia",7692.152,,
2015,238,"Falkland Islands (Malvinas)",241.357,,
2015,234,"Faroe Islands",1278.94,,
2015,242,"Fiji",3253.637,,
2015,246,"Finland",80424.981,,
2015,250,"France",402921.544,,
2015,258,"French Polynesia",744.883,,
2015,260,"French Southern Territories",17.037,,
2015,266,"Gabon",16014.067,,
2015,270,"Gambia",1398.049,,
2015,268,"Georgia",5580.271,,
2015,276,"Germany",873819.245,,
2015,288,"Ghana",13642.881,,
2015,292,"Gibraltar",17704.748,,
2015,300,"Greece",68627.161,,
2015,304,"Greenland",549.221,,
2015,308,"Grenada",256.203,,
2015,316,"Guam",904.523,,
2015,320,"Guatemala",20312.647,,
2015,324,"Guinea",15932.559,,
2015,624,"Guinea-Bissau",500.898,,
2015,328,"Guyana",4232.599,,
2015,332,"Haiti",2478.501,,
2015,334,"Heard Island and McDonald Islands",0.258,,
2015,336,"Holy See",3.83,,
2015,340,"Honduras",7959.563,,
2015,348,"Hungary",48649.591,,
2015,352,"Iceland",5805.338,,
2015,356,"India",643508.473,,
2015,360,"Indonesia",600044.452,,
2015,960,"Indonesia (...2002)",,,"Not applicable"
2015,364,"Iran (Islamic Republic of)",96595.114,,
2015,368,"Iraq",163934.585,,
2015,372,"Ireland",52483.047,,
2015,376,"Israel",52183.444,,
2015,380,"Italy",335921.243,,
2015,388,"Jamaica",12981.097,,
2015,392,"Japan",908850.725,,
2015,400,"Jordan",18607.97,,
2015,398,"Kazakhstan",112666.192,,
2015,404,"Kenya",14869,,
2015,296,"Kiribati",258.697,,
2015,414,"Kuwait",141853.353,,
2015,417,"Kyrgyzstan",2727.083,,
2015,418,"Lao People's Dem. Rep.",7386.979,,
2015,428,"Latvia",15910.466,,
2015,422,"Lebanon",13785.981,,
2015,426,"Lesotho",930.436,,
2015,430,"Liberia",8374.806,,
2015,434,"Libya",30513.928,,
2015,440,"Lithuania",39784.383,,
2015,442,"Luxembourg",21243.365,,
2015,450,"Madagascar",6068.11,,
2015,454,"Malawi",377.754,,
2015,458,"Malaysia",304516.972,,
2015,462,"Maldives",2647.945,,
2015,466,"Mali",2347.581,,
2015,470,"Malta",10356.11,,
2015,584,"Marshall Islands",9609.788,,
2015,478,"Mauritania",7722.695,,
2015,480,"Mauritius",5087.606,,
2015,484,"Mexico",241577.997,,
2015,583,"Micronesia (Federated States of)",210.165,,
2015,496,"Mongolia",10617.181,,
2015,499,"Montenegro",1329.161,,
2015,500,"Montserrat",42.947,,
2015,504,"Morocco",56525.36,,
2015,508,"Mozambique",13386.924,,
2015,104,"Myanmar",21167.277,,
2015,516,"Namibia",3713.934,,
2015,520,"Nauru",178.588,,
2015,524,"Nepal",3429.972,,
2015,528,"Netherlands (Kingdom of the)",582972.438,,
2015,530,"Netherlands Antilles",,,"Not applicable"
2015,540,"New Caledonia",7059.029,,
2015,554,"New Zealand",52970.921,,
2015,558,"Nicaragua",5394.609,,
2015,562,"Niger",838.161,,
2015,566,"Nigeria",141134.054,,
2015,570,"Niue",7.765,,
2015,574,"Norfolk Island",13.344,,
2015,807,"North Macedonia",4279.48,,
2015,580,"Northern Mariana Islands",123.052,,
2015,578,"Norway",170844.938,,
2015,512,"Oman",91046.758,,
2015,586,"Pakistan",57004.145,,
2015,585,"Palau",64.817,,
2015,591,"Panama",9981.036,,
2015,598,"Papua New Guinea",18322.807,,
2015,600,"Paraguay",14120.27,,
2015,604,"Peru",64380.243,,
2015,608,"Philippines",147594.033,,
2015,612,"Pitcairn",4.46,,
2015,616,"Poland",175390.132,,
2015,620,"Portugal",63107.356,,
2015,634,"Qatar",156755.557,,
2015,410,"Republic of Korea",717336.783,,
2015,498,"Republic of Moldova",2072.855,,
2015,642,"Romania",64453.573,,
2015,643,"Russian Federation",856669.691,,
2015,646,"Rwanda",1081.965,,
2015,652,"Saint Barthelemy",42.893,,
2015,654,"Saint Helena",54.396,,
2015,659,"Saint Kitts and Nevis",241.42,,
2015,662,"Saint Lucia",718.843,,
2015,666,"Saint Pierre and Miquelon",16.618,,
2015,670,"Saint Vincent and the Grenadines",473.04,,
2015,882,"Samoa",274.974,,
2015,674,"San Marino",92.401,,
2015,678,"Sao Tome and Principe",109.38,,
2015,682,"Saudi Arabia",465892.716,,
2015,686,"Senegal",8213.991,,
2015,688,"Serbia",13404.994,,
2015,891,"Serbia and Montenegro",,,"Not applicable"
2015,690,"Seychelles",527.873,,
2015,694,"Sierra Leone",1831.66,,
2015,702,"Singapore",312950.456,,
2015,534,"Sint Maarten (Dutch part)",257.765,,
2015,703,"Slovakia",41734.894,,
2015,705,"Slovenia",21487.312,,
2015,090,"Solomon Islands",2594.27,,
2015,706,"Somalia",1758.693,,
2015,710,"South Africa",175178.95,,
2015,239,"South Georgia and the South Sandwich Islands",0.11,,
2015,728,"South Sudan",7253.3,,
2015,724,"Spain",314066.864,,
2015,144,"Sri Lanka",19113.565,,
2015,275,"State of Palestine",1666.353,,
2015,729,"Sudan",8738.627,,
2015,736,"Sudan (...2011)",,,"Not applicable"
2015,740,"Suriname",2424.233,,
2015,752,"Sweden",129062.995,,
2015,756,"Switzerland",31860.104,,
2015,760,"Syrian Arab Republic",6283.671,,
2015,762,"Tajikistan",1811.974,,
2015,764,"Thailand",219330.166,,
2015,626,"Timor-Leste",1356.96,,
2015,768,"Togo",5702.738,,
2015,772,"Tokelau",8.36,,
2015,776,"Tonga",192.108,,
2015,780,"Trinidad and Tobago",40517.788,,
2015,788,"Tunisia",19500.436,,
2015,792,"Turkiye",230805.605,,
2015,795,"Turkmenistan",25134.805,,
2015,796,"Turks and Caicos Islands",280.416,,
2015,798,"Tuvalu",55.777,,
2015,800,"Uganda",4315.696,,
2015,804,"Ukraine",132461.9,,
2015,784,"United Arab Emirates",265599.568,,
2015,826,"United Kingdom",425521.352,,
2015,834,"United Republic of Tanzania",8004.091,,
2015,840,"United States",1259817.053,,
2015,581,"United States Minor Outlying Islands",131.907,,
2015,858,"Uruguay",14721.846,,
2015,860,"Uzbekistan",5883.529,,
2015,548,"Vanuatu",446.287,,
2015,862,"Venezuela (Bolivarian Rep. of)",141230.801,,
2015,704,"Viet Nam",149328.863,,
2015,876,"Wallis and Futuna Islands",24.84,,
2015,732,"Western Sahara",0.304,,
2015,887,"Yemen",9299.189,,
2015,894,"Zambia",4962.26,,
2015,716,"Zimbabwe",2805.924,,
2015,5702,"Northern America and Europe",7309671.633,,
2015,5706,"Europe, Northern America, Australia and New Zealand",8764885.359,,
2015,5703,"Central and Southern Asia",1023360.981,,
2015,5704,"Eastern and South-Eastern Asia",6359102.325,,
2015,5705,"Western Asia and Northern Africa",2008277.958,,
2015,1400,"Developing economies",10288884.977,,
2015,1410,"Developing economies: Africa",967724.655,,
2015,1411,"Developing economies: Northern Africa",302349.612,,
2015,1412,"Developing economies: Sub-Saharan Africa",665375.043,,
2015,1420,"Developing economies: Americas",1877004.35,,
2015,1460,"Developing economies: Asia and Oceania",7444155.972,,
2015,1430,"Developing economies: Asia",7399558.677,,
2015,1431,"Developing economies: Central Asia",148223.583,,
2015,1433,"Developing economies: Eastern Asia",2947135.26,,
2015,1435,"Developing economies: South-eastern Asia",1785779.557,,
2015,1432,"Developing economies: Southern Asia",875137.398,,
2015,1434,"Developing economies: Western Asia",1643282.879,,
2015,1450,"Developing economies: Oceania",44597.295,,
2015,1500,"Developed economies",10453850.24,,
2015,1520,"Developed economies: Americas",1553528.109,,
2015,1560,"Developed economies: Asia and Oceania",3149162.061,,
2015,1530,"Developed economies: Asia",1688832.974,,
2015,1550,"Developed economies: Oceania",1460329.087,,
2015,1540,"Developed economies: Europe",5751160.069,,
2015,1610,"LDCs (Least developed countries)",339100.741,,
2015,1614,"LDCs: Africa",231779.444,,
2015,1612,"LDCs: Asia",100167.317,,
2015,1615,"LDCs: Islands and Haiti",7153.98,,
2015,1620,"LLDCs (Landlocked developing countries)",298302.81,,
2015,1640,"SIDS (Small island developing States) (UN-OHRLLS)",482087.213,,
2015,1641,"SIDS: Atlantic and Indian Ocean",10821.085,,
2015,1642,"SIDS: Caribbean",112399.077,,
2015,1643,"SIDS: Pacific",358867.051,,
2016,0000,"World",21519567.55,,
2016,5100,"Africa",949889.377,,
2016,5110,"Northern Africa",318212.877,,
2016,5120,"Sub-Saharan Africa",631671.106,,
2016,5121,"Eastern Africa",84716.994,,
2016,5122,"Middle Africa",154073.736,,
2016,5123,"Southern Africa",176977.695,,
2016,5124,"Western Africa",215902.681,,
2016,5200,"Americas",3580279.45,,
2016,5210,"Northern America",1661377.62,,
2016,5220,"Latin America and the Caribbean",1918901.821,,
2016,5221,"Caribbean",100197.28,,
2016,5222,"Central America",334548.364,,
2016,5223,"South America",1484155.94,,
2016,5300,"Asia",9367080.101,,
2016,5310,"Central Asia",145985.327,,
2016,5330,"Eastern Asia",4686500.237,,
2016,5350,"South-eastern Asia",1765783.267,,
2016,5320,"Southern Asia",960244.34,,
2016,5340,"Western Asia",1808566.93,,
2016,5400,"Europe",5845704.242,,
2016,5410,"Eastern Europe",1510218.249,,
2016,5420,"Northern Europe",1017813.614,,
2016,5430,"Southern Europe",895025.183,,
2016,5440,"Western Europe",2417781.237,,
2016,5500,"Oceania",1582644.446,,
2016,5520,"Australia and New Zealand",1538733.961,,
2016,5510,"Oceania excluding Australia and New Zealand",43910.221,,
2016,5900,"Other territories",21213.339,,
2016,004,"Afghanistan",9897.801,,
2016,008,"Albania",4179.346,,
2016,012,"Algeria",115784.247,,
2016,016,"American Samoa",306.666,,
2016,020,"Andorra",134.279,,
2016,024,"Angola",92068.301,,
2016,660,"Anguilla",45.065,,
2016,028,"Antigua and Barbuda",448.687,,
2016,032,"Argentina",127773.454,,
2016,051,"Armenia",2320.182,,
2016,533,"Aruba",776.716,,
2016,036,"Australia",1478773.752,,
2016,040,"Austria",94909.839,,
2016,031,"Azerbaijan",36536.691,,
2016,044,"Bahamas",4775.8,,
2016,048,"Bahrain",32178.337,,
2016,050,"Bangladesh",50064.652,,
2016,052,"Barbados",1681.278,,
2016,112,"Belarus",70629.153,,
2016,056,"Belgium",384025.039,,
2016,084,"Belize",965.95,,
2016,204,"Benin",4719.523,,
2016,060,"Bermuda",700.656,,
2016,064,"Bhutan",647.365,,
2016,068,"Bolivia (Plurinational State of)",11002.829,,
2016,535,"Bonaire, Sint Eustatius and Saba",1552.567,,
2016,070,"Bosnia and Herzegovina",9152.645,,
2016,072,"Botswana",3123.152,,
2016,074,"Bouvet Island",0.173,,
2016,076,"Brazil",787945.699,,
2016,080,"British Antarctic Territory",0.008,,
2016,086,"British Indian Ocean Territory",44.551,,
2016,092,"British Virgin Islands",859.22,,
2016,096,"Brunei Darussalam",15465.464,,
2016,100,"Bulgaria",32093.775,,
2016,854,"Burkina Faso",2836.769,,
2016,108,"Burundi",362.112,,
2016,132,"Cabo Verde",848.134,,
2016,116,"Cambodia",9799.884,,
2016,120,"Cameroon",9528.187,,
2016,124,"Canada",291861.77,,
2016,136,"Cayman Islands",1284.745,,
2016,140,"Central African Republic",169.402,,
2016,148,"Chad",5649.575,,
2016,152,"Chile",110260.362,,
2016,156,"China",2617447.869,,
2016,344,"China, Hong Kong SAR",55172.25,,
2016,446,"China, Macao SAR",2932.766,,
2016,158,"China, Taiwan Province of",310971.912,,
2016,162,"Christmas Island",86.702,,
2016,166,"Cocos (Keeling) Islands",1.81,,
2016,170,"Colombia",172034.775,,
2016,174,"Comoros",389.211,,
2016,178,"Congo",13325.279,,
2016,184,"Cook Islands",97.31,,
2016,188,"Costa Rica",14424.516,,
2016,384,"Cote d'Ivoire",18347.457,,
2016,191,"Croatia",21196.455,,
2016,192,"Cuba",9635.855,,
2016,531,"Curacao",5786.16,,
2016,196,"Cyprus",10394.292,,
2016,203,"Czechia",66568.778,,
2016,408,"Dem. People's Rep. of Korea",8435.845,,
2016,180,"Dem. Rep. of the Congo",4850.185,,
2016,208,"Denmark",59007.617,,
2016,262,"Djibouti",3103.58,,
2016,212,"Dominica",261.793,,
2016,214,"Dominican Republic",18686.01,,
2016,218,"Ecuador",41886.553,,
2016,818,"Egypt",85486.883,,
2016,222,"El Salvador",8046.143,,
2016,226,"Equatorial Guinea",13831.068,,
2016,232,"Eritrea",243.764,,
2016,233,"Estonia",16130.417,,
2016,748,"Eswatini",1393.546,,
2016,231,"Ethiopia",9100.176,,
2016,238,"Falkland Islands (Malvinas)",105.107,,
2016,234,"Faroe Islands",1231.839,,
2016,242,"Fiji",3254.166,,
2016,246,"Finland",86680.346,,
2016,250,"France",398918.257,,
2016,258,"French Polynesia",731.145,,
2016,260,"French Southern Territories",10.43,,
2016,266,"Gabon",14537.254,,
2016,270,"Gambia",1709.369,,
2016,268,"Georgia",4794.85,,
2016,276,"Germany",876029.865,,
2016,288,"Ghana",11358.392,,
2016,292,"Gibraltar",20104.436,,
2016,300,"Greece",74310.759,,
2016,304,"Greenland",559.264,,
2016,308,"Grenada",308.999,,
2016,316,"Guam",1071.1,,
2016,320,"Guatemala",20801.217,,
2016,324,"Guinea",12508.704,,
2016,624,"Guinea-Bissau",539.317,,
2016,328,"Guyana",3506.358,,
2016,332,"Haiti",2742.265,,
2016,334,"Heard Island and McDonald Islands",0.138,,
2016,336,"Holy See",1.371,,
2016,340,"Honduras",8219.459,,
2016,348,"Hungary",47102.189,,
2016,352,"Iceland",6037.385,,
2016,356,"India",665113.402,,
2016,360,"Indonesia",571118.309,,
2016,960,"Indonesia (...2002)",,,"Not applicable"
2016,364,"Iran (Islamic Republic of)",146340.657,,
2016,368,"Iraq",190189.349,,
2016,372,"Ireland",52114.155,,
2016,376,"Israel",51162.856,,
2016,380,"Italy",343482.55,,
2016,388,"Jamaica",11681.265,,
2016,392,"Japan",950013.472,,
2016,400,"Jordan",17749.385,,
2016,398,"Kazakhstan",108416.375,,
2016,404,"Kenya",14723.394,,
2016,296,"Kiribati",206.4,,
2016,414,"Kuwait",152254.316,,
2016,417,"Kyrgyzstan",2055.641,,
2016,418,"Lao People's Dem. Rep.",7458.326,,
2016,428,"Latvia",16875.328,,
2016,422,"Lebanon",13669.962,,
2016,426,"Lesotho",1143.695,,
2016,430,"Liberia",7762.797,,
2016,434,"Libya",28196.65,,
2016,440,"Lithuania",42369.97,,
2016,442,"Luxembourg",21492.772,,
2016,450,"Madagascar",6357.5,,
2016,454,"Malawi",470.917,,
2016,458,"Malaysia",293101.086,,
2016,462,"Maldives",4171.717,,
2016,466,"Mali",2953.751,,
2016,470,"Malta",10744.688,,
2016,584,"Marshall Islands",9594.817,,
2016,478,"Mauritania",7578.298,,
2016,480,"Mauritius",6254.523,,
2016,484,"Mexico",267369.027,,
2016,583,"Micronesia (Federated States of)",261.823,,
2016,496,"Mongolia",7668.919,,
2016,499,"Montenegro",1390.608,,
2016,500,"Montserrat",42.411,,
2016,504,"Morocco",60890.125,,
2016,508,"Mozambique",14125.787,,
2016,104,"Myanmar",23832.237,,
2016,516,"Namibia",3610.929,,
2016,520,"Nauru",120.414,,
2016,524,"Nepal",4850.854,,
2016,528,"Netherlands (Kingdom of the)",606823.6,,
2016,530,"Netherlands Antilles",,,"Not applicable"
2016,540,"New Caledonia",6158.74,,
2016,554,"New Zealand",59861.245,,
2016,558,"Nicaragua",5611.767,,
2016,562,"Niger",708.556,,
2016,566,"Nigeria",128302.04,,
2016,570,"Niue",11.37,,
2016,574,"Norfolk Island",10.315,,
2016,807,"North Macedonia",4564.273,,
2016,580,"Northern Mariana Islands",95.696,,
2016,578,"Norway",175789.529,,
2016,512,"Oman",90587.932,,
2016,586,"Pakistan",62142.711,,
2016,585,"Palau",67.008,,
2016,591,"Panama",9110.286,,
2016,598,"Papua New Guinea",18666.471,,
2016,600,"Paraguay",13850.569,,
2016,604,"Peru",68182.913,,
2016,608,"Philippines",138296.078,,
2016,612,"Pitcairn",2.354,,
2016,616,"Poland",178003.751,,
2016,620,"Portugal",61960.585,,
2016,634,"Qatar",161592.981,,
2016,410,"Republic of Korea",733857.202,,
2016,498,"Republic of Moldova",2189.405,,
2016,642,"Romania",69285.145,,
2016,643,"Russian Federation",877442.007,,
2016,646,"Rwanda",1322.589,,
2016,652,"Saint Barthelemy",47.942,,
2016,654,"Saint Helena",33.172,,
2016,659,"Saint Kitts and Nevis",399.999,,
2016,662,"Saint Lucia",695.709,,
2016,666,"Saint Pierre and Miquelon",44.273,,
2016,670,"Saint Vincent and the Grenadines",482.164,,
2016,882,"Samoa",299.603,,
2016,674,"San Marino",77.59,,
2016,678,"Sao Tome and Principe",114.484,,
2016,682,"Saudi Arabia",491106.57,,
2016,686,"Senegal",9218.501,,
2016,688,"Serbia",13576.175,,
2016,891,"Serbia and Montenegro",,,"Not applicable"
2016,690,"Seychelles",598.84,,
2016,694,"Sierra Leone",1855.642,,
2016,702,"Singapore",314508.45,,
2016,534,"Sint Maarten (Dutch part)",179.382,,
2016,703,"Slovakia",42690.956,,
2016,705,"Slovenia",22504.71,,
2016,090,"Solomon Islands",2266.388,,
2016,706,"Somalia",2592.117,,
2016,710,"South Africa",167706.373,,
2016,239,"South Georgia and the South Sandwich Islands",0.226,,
2016,728,"South Sudan",5056.176,,
2016,724,"Spain",307644.713,,
2016,144,"Sri Lanka",17015.183,,
2016,275,"State of Palestine",2051.242,,
2016,729,"Sudan",8828.957,,
2016,736,"Sudan (...2011)",,,"Not applicable"
2016,740,"Suriname",1993.675,,
2016,752,"Sweden",135916.077,,
2016,756,"Switzerland",35581.865,,
2016,760,"Syrian Arab Republic",6102.315,,
2016,762,"Tajikistan",1844.969,,
2016,764,"Thailand",221683.226,,
2016,626,"Timor-Leste",855.45,,
2016,768,"Togo",4622.259,,
2016,772,"Tokelau",12.715,,
2016,776,"Tonga",203.551,,
2016,780,"Trinidad and Tobago",37488.978,,
2016,788,"Tunisia",19023.349,,
2016,792,"Turkiye",239254.987,,
2016,795,"Turkmenistan",26410.082,,
2016,796,"Turks and Caicos Islands",334.27,,
2016,798,"Tuvalu",43.916,,
2016,800,"Uganda",4302.008,,
2016,804,"Ukraine",124213.088,,
2016,784,"United Arab Emirates",299156.407,,
2016,826,"United Kingdom",425660.952,,
2016,834,"United Republic of Tanzania",8120.416,,
2016,840,"United States",1368211.657,,
2016,581,"United States Minor Outlying Islands",7.304,,
2016,858,"Uruguay",14249.844,,
2016,860,"Uzbekistan",7258.259,,
2016,548,"Vanuatu",400.554,,
2016,862,"Venezuela (Bolivarian Rep. of)",131363.402,,
2016,704,"Viet Nam",169664.758,,
2016,876,"Wallis and Futuna Islands",30.708,,
2016,732,"Western Sahara",2.667,,
2016,887,"Yemen",7464.277,,
2016,894,"Zambia",4705.298,,
2016,716,"Zimbabwe",2833.605,,
2016,5702,"Northern America and Europe",7507081.862,,
2016,5706,"Europe, Northern America, Australia and New Zealand",9040949.865,,
2016,5703,"Central and Southern Asia",1106229.667,,
2016,5704,"Eastern and South-Eastern Asia",6452283.504,,
2016,5705,"Western Asia and Northern Africa",2126779.808,,
2016,1400,"Developing economies",10534340.763,,
2016,1410,"Developing economies: Africa",949883.983,,
2016,1411,"Developing economies: Northern Africa",318212.877,,
2016,1412,"Developing economies: Sub-Saharan Africa",631671.106,,
2016,1420,"Developing economies: Americas",1918901.584,,
2016,1460,"Developing economies: Asia and Oceania",7665555.196,,
2016,1430,"Developing economies: Asia",7621652.279,,
2016,1431,"Developing economies: Central Asia",145985.327,,
2016,1433,"Developing economies: Eastern Asia",3002629.562,,
2016,1435,"Developing economies: South-eastern Asia",1765783.267,,
2016,1432,"Developing economies: Southern Asia",960244.34,,
2016,1434,"Developing economies: Western Asia",1747009.783,,
2016,1450,"Developing economies: Oceania",43902.917,,
2016,1500,"Developed economies",10786384.991,,
2016,1520,"Developed economies: Americas",1661377.62,,
2016,1560,"Developed economies: Asia and Oceania",3284169.087,,
2016,1530,"Developed economies: Asia",1745427.822,,
2016,1550,"Developed economies: Oceania",1538741.265,,
2016,1540,"Developed economies: Europe",5840838.284,,
2016,1610,"LDCs (Least developed countries)",349457.7,,
2016,1614,"LDCs: Africa",229586.041,,
2016,1612,"LDCs: Asia",113368.03,,
2016,1615,"LDCs: Islands and Haiti",6503.629,,
2016,1620,"LLDCs (Landlocked developing countries)",293103.868,,
2016,1640,"SIDS (Small island developing States) (UN-OHRLLS)",479453.244,,
2016,1641,"SIDS: Atlantic and Indian Ocean",13616.883,,
2016,1642,"SIDS: Caribbean",106615.321,,
2016,1643,"SIDS: Pacific",359221.04,,
2017,0000,"World",22514126.456,,
2017,5100,"Africa",1035078.469,,
2017,5110,"Northern Africa",359811.056,,
2017,5120,"Sub-Saharan Africa",675258.763,,
2017,5121,"Eastern Africa",90353.482,,
2017,5122,"Middle Africa",151104.726,,
2017,5123,"Southern Africa",190631.685,,
2017,5124,"Western Africa",243168.87,,
2017,5200,"Americas",3573730.386,,
2017,5210,"Northern America",1635605.304,,
2017,5220,"Latin America and the Caribbean",1938125.063,,
2017,5221,"Caribbean",99347.721,,
2017,5222,"Central America",342384.571,,
2017,5223,"South America",1496391.199,,
2017,5300,"Asia",10033805.521,,
2017,5310,"Central Asia",163324.923,,
2017,5330,"Eastern Asia",4967491.421,,
2017,5350,"South-eastern Asia",1981633.316,,
2017,5320,"Southern Asia",1055384.915,,
2017,5340,"Western Asia",1865970.946,,
2017,5400,"Europe",6066777.65,,
2017,5410,"Eastern Europe",1601998.334,,
2017,5420,"Northern Europe",1049883.159,,
2017,5430,"Southern Europe",943831.066,,
2017,5440,"Western Europe",2466203.517,,
2017,5500,"Oceania",1617861.881,,
2017,5520,"Australia and New Zealand",1573344.523,,
2017,5510,"Oceania excluding Australia and New Zealand",44517.026,,
2017,5900,"Other territories",27366.184,,
2017,004,"Afghanistan",10549.955,,
2017,008,"Albania",3423.308,,
2017,012,"Algeria",112003.645,,
2017,016,"American Samoa",207.054,,
2017,020,"Andorra",156.76,,
2017,024,"Angola",91553.029,,
2017,660,"Anguilla",86.721,,
2017,028,"Antigua and Barbuda",490.822,,
2017,032,"Argentina",128738.708,,
2017,051,"Armenia",2571.327,,
2017,533,"Aruba",798.717,,
2017,036,"Australia",1514299.954,,
2017,040,"Austria",96644.773,,
2017,031,"Azerbaijan",37408.123,,
2017,044,"Bahamas",5364.612,,
2017,048,"Bahrain",36468.224,,
2017,050,"Bangladesh",59849.307,,
2017,052,"Barbados",1694.597,,
2017,112,"Belarus",77645.785,,
2017,056,"Belgium",407355.628,,
2017,084,"Belize",996.275,,
2017,204,"Benin",5431.566,,
2017,060,"Bermuda",641.205,,
2017,064,"Bhutan",1084.165,,
2017,068,"Bolivia (Plurinational State of)",10533.771,,
2017,535,"Bonaire, Sint Eustatius and Saba",1080.279,,
2017,070,"Bosnia and Herzegovina",9611.008,,
2017,072,"Botswana",2980.02,,
2017,074,"Bouvet Island",0.092,,
2017,076,"Brazil",826312.494,,
2017,086,"British Indian Ocean Territory",130.593,,
2017,092,"British Virgin Islands",838.297,,
2017,096,"Brunei Darussalam",16208.514,,
2017,100,"Bulgaria",33057.576,,
2017,854,"Burkina Faso",3112.684,,
2017,108,"Burundi",417.935,,
2017,132,"Cabo Verde",889.397,,
2017,116,"Cambodia",10392.739,,
2017,120,"Cameroon",9607.792,,
2017,124,"Canada",306561.676,,
2017,136,"Cayman Islands",1541.436,,
2017,140,"Central African Republic",217.068,,
2017,148,"Chad",3050.298,,
2017,152,"Chile",107916.359,,
2017,156,"China",2857179.078,,
2017,344,"China, Hong Kong SAR",67999.214,,
2017,446,"China, Macao SAR",3613.156,,
2017,158,"China, Taiwan Province of",314339.86,,
2017,162,"Christmas Island",42.942,,
2017,166,"Cocos (Keeling) Islands",1.925,,
2017,170,"Colombia",159460.578,,
2017,174,"Comoros",435.484,,
2017,178,"Congo",14514.431,,
2017,184,"Cook Islands",106.839,,
2017,188,"Costa Rica",15293.334,,
2017,384,"Cote d'Ivoire",19841.466,,
2017,191,"Croatia",22189.574,,
2017,192,"Cuba",11331.191,,
2017,531,"Curacao",3513.44,,
2017,196,"Cyprus",10750.114,,
2017,203,"Czechia",69873.068,,
2017,408,"Dem. People's Rep. of Korea",6846.875,,
2017,180,"Dem. Rep. of the Congo",5314.248,,
2017,208,"Denmark",61797.561,,
2017,262,"Djibouti",3613.233,,
2017,212,"Dominica",233.785,,
2017,214,"Dominican Republic",18183.889,,
2017,218,"Ecuador",42127.972,,
2017,818,"Egypt",99635.085,,
2017,222,"El Salvador",8478.79,,
2017,226,"Equatorial Guinea",13460.812,,
2017,232,"Eritrea",337.66,,
2017,233,"Estonia",16747.7,,
2017,748,"Eswatini",1483.515,,
2017,231,"Ethiopia",7924.014,,
2017,238,"Falkland Islands (Malvinas)",124.684,,
2017,234,"Faroe Islands",1580.13,,
2017,242,"Fiji",3374.911,,
2017,246,"Finland",84502.225,,
2017,250,"France",424647.639,,
2017,258,"French Polynesia",739.528,,
2017,260,"French Southern Territories",12.243,,
2017,266,"Gabon",13268.239,,
2017,270,"Gambia",1935.255,,
2017,268,"Georgia",5197.507,,
2017,276,"Germany",873109.486,,
2017,288,"Ghana",15760.358,,
2017,292,"Gibraltar",14557.231,,
2017,300,"Greece",78880.997,,
2017,304,"Greenland",595.795,,
2017,308,"Grenada",295.537,,
2017,316,"Guam",997.599,,
2017,320,"Guatemala",20784.813,,
2017,324,"Guinea",19154.368,,
2017,624,"Guinea-Bissau",599.968,,
2017,328,"Guyana",3988.747,,
2017,332,"Haiti",3570.039,,
2017,334,"Heard Island and McDonald Islands",0.586,,
2017,336,"Holy See",4.814,,
2017,340,"Honduras",8971.467,,
2017,348,"Hungary",51449.628,,
2017,352,"Iceland",6478.996,,
2017,356,"India",700924.725,,
2017,360,"Indonesia",661012.684,,
2017,960,"Indonesia (...2002)",,,"Not applicable"
2017,364,"Iran (Islamic Republic of)",171992.808,,
2017,368,"Iraq",207394.641,,
2017,372,"Ireland",54339.162,,
2017,376,"Israel",58766.153,,
2017,380,"Italy",358406.394,,
2017,388,"Jamaica",12370.944,,
2017,392,"Japan",946207.204,,
2017,400,"Jordan",18069.632,,
2017,398,"Kazakhstan",121780.047,,
2017,404,"Kenya",16579.693,,
2017,296,"Kiribati",179.997,,
2017,414,"Kuwait",149047.018,,
2017,417,"Kyrgyzstan",2746.062,,
2017,418,"Lao People's Dem. Rep.",7919.609,,
2017,428,"Latvia",17023.867,,
2017,422,"Lebanon",11728.825,,
2017,426,"Lesotho",546.919,,
2017,430,"Liberia",6942.44,,
2017,434,"Libya",50156.325,,
2017,440,"Lithuania",43716.019,,
2017,442,"Luxembourg",20923.917,,
2017,450,"Madagascar",7385.353,,
2017,454,"Malawi",399.786,,
2017,458,"Malaysia",339810.285,,
2017,462,"Maldives",3756.057,,
2017,466,"Mali",3152.968,,
2017,470,"Malta",11678.228,,
2017,584,"Marshall Islands",8047.903,,
2017,478,"Mauritania",8164.246,,
2017,480,"Mauritius",6761.065,,
2017,484,"Mexico",272310.988,,
2017,583,"Micronesia (Federated States of)",243.178,,
2017,496,"Mongolia",15859.491,,
2017,499,"Montenegro",1747.643,,
2017,500,"Montserrat",53.14,,
2017,504,"Morocco",68399.106,,
2017,508,"Mozambique",16571.868,,
2017,104,"Myanmar",22555.713,,
2017,516,"Namibia",3617.336,,
2017,520,"Nauru",151.212,,
2017,524,"Nepal",6067.48,,
2017,528,"Netherlands (Kingdom of the)",604686.425,,
2017,530,"Netherlands Antilles",,,"Not applicable"
2017,540,"New Caledonia",6062.085,,
2017,554,"New Zealand",58949.245,,
2017,558,"Nicaragua",5704.042,,
2017,562,"Niger",935.874,,
2017,566,"Nigeria",137415.37,,
2017,570,"Niue",,,"Not publishable"
2017,574,"Norfolk Island",49.871,,
2017,807,"North Macedonia",4414.276,,
2017,580,"Northern Mariana Islands",82.138,,
2017,578,"Norway",184244.745,,
2017,512,"Oman",90824.2,,
2017,586,"Pakistan",79348.964,,
2017,585,"Palau",55.303,,
2017,591,"Panama",9844.862,,
2017,598,"Papua New Guinea",19917.703,,
2017,600,"Paraguay",15026.741,,
2017,604,"Peru",76977.112,,
2017,608,"Philippines",156638.309,,
2017,612,"Pitcairn",2.406,,
2017,616,"Poland",187773.173,,
2017,620,"Portugal",65842.191,,
2017,634,"Qatar",154995.483,,
2017,410,"Republic of Korea",755446.541,,
2017,498,"Republic of Moldova",2558.025,,
2017,642,"Romania",70596.835,,
2017,643,"Russian Federation",931512.455,,
2017,646,"Rwanda",1580.657,,
2017,652,"Saint Barthelemy",59.256,,
2017,654,"Saint Helena",28.935,,
2017,659,"Saint Kitts and Nevis",352.209,,
2017,662,"Saint Lucia",626.14,,
2017,666,"Saint Pierre and Miquelon",27.118,,
2017,670,"Saint Vincent and the Grenadines",570.987,,
2017,882,"Samoa",347.477,,
2017,674,"San Marino",70.036,,
2017,678,"Sao Tome and Principe",118.809,,
2017,682,"Saudi Arabia",483994.423,,
2017,686,"Senegal",11024.197,,
2017,688,"Serbia",15306.341,,
2017,891,"Serbia and Montenegro",,,"Not applicable"
2017,690,"Seychelles",687.336,,
2017,694,"Sierra Leone",3067.989,,
2017,702,"Singapore",346325.892,,
2017,534,"Sint Maarten (Dutch part)",195.911,,
2017,703,"Slovakia",43510.404,,
2017,705,"Slovenia",23510.482,,
2017,090,"Solomon Islands",2962.104,,
2017,706,"Somalia",2722.985,,
2017,710,"South Africa",182003.895,,
2017,239,"South Georgia and the South Sandwich Islands",0.911,,
2017,728,"South Sudan",4088.669,,
2017,724,"Spain",334031.783,,
2017,144,"Sri Lanka",21811.454,,
2017,275,"State of Palestine",2619.761,,
2017,729,"Sudan",10665.144,,
2017,736,"Sudan (...2011)",,,"Not applicable"
2017,740,"Suriname",2584.046,,
2017,752,"Sweden",136935.303,,
2017,756,"Switzerland",38835.648,,
2017,760,"Syrian Arab Republic",6560.869,,
2017,762,"Tajikistan",1925.945,,
2017,764,"Thailand",232399.267,,
2017,626,"Timor-Leste",980.794,,
2017,768,"Togo",5711.787,,
2017,772,"Tokelau",,,"Not publishable"
2017,776,"Tonga",180.604,,
2017,780,"Trinidad and Tobago",35787.679,,
2017,788,"Tunisia",18919.346,,
2017,792,"Turkiye",259617.937,,
2017,795,"Turkmenistan",28089.736,,
2017,796,"Turks and Caicos Islands",308.091,,
2017,798,"Tuvalu",68.056,,
2017,800,"Uganda",4755.009,,
2017,804,"Ukraine",134021.387,,
2017,784,"United Arab Emirates",320425.884,,
2017,826,"United Kingdom",442517.451,,
2017,834,"United Republic of Tanzania",8310.169,,
2017,840,"United States",1327779.51,,
2017,581,"United States Minor Outlying Islands",10.176,,
2017,858,"Uruguay",15516.839,,
2017,860,"Uzbekistan",8783.133,,
2017,548,"Vanuatu",414.473,,
2017,862,"Venezuela (Bolivarian Rep. of)",107082.146,,
2017,704,"Viet Nam",187389.508,,
2017,876,"Wallis and Futuna Islands",32.079,,
2017,732,"Western Sahara",,,"Not publishable"
2017,887,"Yemen",9530.827,,
2017,894,"Zambia",5315.649,,
2017,716,"Zimbabwe",2324.084,,
2017,5702,"Northern America and Europe",7702382.955,,
2017,5706,"Europe, Northern America, Australia and New Zealand",9270865.904,,
2017,5703,"Central and Southern Asia",1218709.838,,
2017,5704,"Eastern and South-Eastern Asia",6949124.737,,
2017,5705,"Western Asia and Northern Africa",2225782.002,,
2017,1400,"Developing economies",11280335.667,,
2017,1410,"Developing economies: Africa",1035069.819,,
2017,1411,"Developing economies: Northern Africa",359811.056,,
2017,1412,"Developing economies: Sub-Saharan Africa",675258.763,,
2017,1420,"Developing economies: Americas",1938123.491,,
2017,1460,"Developing economies: Asia and Oceania",8307142.357,,
2017,1430,"Developing economies: Asia",8262635.508,,
2017,1431,"Developing economies: Central Asia",163324.923,,
2017,1433,"Developing economies: Eastern Asia",3265837.675,,
2017,1435,"Developing economies: South-eastern Asia",1981633.316,,
2017,1432,"Developing economies: Southern Asia",1055384.915,,
2017,1434,"Developing economies: Western Asia",1796454.679,,
2017,1450,"Developing economies: Oceania",44506.849,,
2017,1500,"Developed economies",11042046.094,,
2017,1520,"Developed economies: Americas",1635605.304,,
2017,1560,"Developed economies: Asia and Oceania",3344524.713,,
2017,1530,"Developed economies: Asia",1771170.013,,
2017,1550,"Developed economies: Oceania",1573354.7,,
2017,1540,"Developed economies: Europe",6061916.076,,
2017,1610,"LDCs (Least developed countries)",379065.139,,
2017,1614,"LDCs: Africa",244003.035,,
2017,1612,"LDCs: Asia",126865.63,,
2017,1615,"LDCs: Islands and Haiti",8196.474,,
2017,1620,"LLDCs (Landlocked developing countries)",319603.034,,
2017,1640,"SIDS (Small island developing States) (UN-OHRLLS)",512281.208,,
2017,1641,"SIDS: Atlantic and Indian Ocean",13889.321,,
2017,1642,"SIDS: Caribbean",106857.533,,
2017,1643,"SIDS: Pacific",391534.353,,
2018,0000,"World",23073214.755,,
2018,5100,"Africa",1065249.025,,
2018,5110,"Northern Africa",384865.001,,
2018,5120,"Sub-Saharan Africa",680376.36,,
2018,5121,"Eastern Africa",94199.252,,
2018,5122,"Middle Africa",151979.205,,
2018,5123,"Southern Africa",192379.54,,
2018,5124,"Western Africa",241818.364,,
2018,5200,"Americas",3689658.759,,
2018,5210,"Northern America",1735486.19,,
2018,5220,"Latin America and the Caribbean",1954172.56,,
2018,5221,"Caribbean",104140.714,,
2018,5222,"Central America",355473.509,,
2018,5223,"South America",1494555.959,,
2018,5300,"Asia",10338502.409,,
2018,5310,"Central Asia",162578.902,,
2018,5330,"Eastern Asia",5048150.116,,
2018,5350,"South-eastern Asia",2078500.982,,
2018,5320,"Southern Asia",1099289.894,,
2018,5340,"Western Asia",1949982.515,,
2018,5400,"Europe",6122264.894,,
2018,5410,"Eastern Europe",1668699.105,,
2018,5420,"Northern Europe",1058364.097,,
2018,5430,"Southern Europe",942877.412,,
2018,5440,"Western Europe",2446403.686,,
2018,5500,"Oceania",1657266.208,,
2018,5520,"Australia and New Zealand",1614158.283,,
2018,5510,"Oceania excluding Australia and New Zealand",43107.817,,
2018,5900,"Other territories",39574.931,,
2018,004,"Afghanistan",10692.624,,
2018,008,"Albania",3465.83,,
2018,012,"Algeria",110272.793,,
2018,016,"American Samoa",224.798,,
2018,020,"Andorra",129.075,,
2018,024,"Angola",86595.985,,
2018,660,"Anguilla",80.41,,
2018,028,"Antigua and Barbuda",469.155,,
2018,032,"Argentina",118369.044,,
2018,051,"Armenia",2614.684,,
2018,533,"Aruba",656.247,,
2018,036,"Australia",1552041.022,,
2018,040,"Austria",92732.165,,
2018,031,"Azerbaijan",37128.275,,
2018,044,"Bahamas",7860.753,,
2018,048,"Bahrain",44256.247,,
2018,050,"Bangladesh",60752.54,,
2018,052,"Barbados",1734.29,,
2018,112,"Belarus",79624.105,,
2018,056,"Belgium",405400.521,,
2018,084,"Belize",812.828,,
2018,204,"Benin",5596.161,,
2018,060,"Bermuda",660.207,,
2018,064,"Bhutan",1760.002,,
2018,068,"Bolivia (Plurinational State of)",10328.402,,
2018,535,"Bonaire, Sint Eustatius and Saba",1227.804,,
2018,070,"Bosnia and Herzegovina",9599.228,,
2018,072,"Botswana",3205.97,,
2018,074,"Bouvet Island",0.225,,
2018,076,"Brazil",846226.392,,
2018,080,"British Antarctic Territory",0.015,,
2018,086,"British Indian Ocean Territory",73.121,,
2018,092,"British Virgin Islands",1068.434,,
2018,096,"Brunei Darussalam",16184.945,,
2018,100,"Bulgaria",30754.739,,
2018,854,"Burkina Faso",3164.928,,
2018,108,"Burundi",464.62,,
2018,132,"Cabo Verde",926.525,,
2018,116,"Cambodia",11666.254,,
2018,120,"Cameroon",10023.26,,
2018,124,"Canada",327455.286,,
2018,136,"Cayman Islands",1056.653,,
2018,140,"Central African Republic",179.567,,
2018,148,"Chad",3093.049,,
2018,152,"Chile",116808.093,,
2018,156,"China",2950462.819,,
2018,344,"China, Hong Kong SAR",65699.293,,
2018,446,"China, Macao SAR",3516.798,,
2018,158,"China, Taiwan Province of",315302.587,,
2018,162,"Christmas Island",93.551,,
2018,166,"Cocos (Keeling) Islands",2.478,,
2018,170,"Colombia",155047.737,,
2018,174,"Comoros",402.479,,
2018,178,"Congo",18715.618,,
2018,184,"Cook Islands",93.847,,
2018,188,"Costa Rica",15497.027,,
2018,384,"Cote d'Ivoire",20862.642,,
2018,191,"Croatia",22249.662,,
2018,192,"Cuba",10423.469,,
2018,531,"Curacao",3174.08,,
2018,196,"Cyprus",11305.808,,
2018,203,"Czechia",73798.447,,
2018,408,"Dem. People's Rep. of Korea",2536.075,,
2018,180,"Dem. Rep. of the Congo",7244.961,,
2018,208,"Denmark",64533.975,,
2018,262,"Djibouti",5432.387,,
2018,212,"Dominica",301.996,,
2018,214,"Dominican Republic",19577.54,,
2018,218,"Ecuador",41509.828,,
2018,818,"Egypt",108955.934,,
2018,222,"El Salvador",8600.799,,
2018,226,"Equatorial Guinea",13290.656,,
2018,232,"Eritrea",387.655,,
2018,233,"Estonia",18410.592,,
2018,748,"Eswatini",1461.792,,
2018,231,"Ethiopia",7282.001,,
2018,238,"Falkland Islands (Malvinas)",143.57,,
2018,234,"Faroe Islands",1613.877,,
2018,242,"Fiji",3369.756,,
2018,246,"Finland",89646.499,,
2018,250,"France",397077.994,,
2018,258,"French Polynesia",787.155,,
2018,260,"French Southern Territories",8.014,,
2018,266,"Gabon",12721.846,,
2018,270,"Gambia",1731.634,,
2018,268,"Georgia",5403.954,,
2018,276,"Germany",892243.287,,
2018,288,"Ghana",17539.335,,
2018,292,"Gibraltar",12032.94,,
2018,300,"Greece",81903.856,,
2018,304,"Greenland",604.019,,
2018,308,"Grenada",291.783,,
2018,316,"Guam",1235.081,,
2018,320,"Guatemala",21018.349,,
2018,324,"Guinea",21651.482,,
2018,624,"Guinea-Bissau",533.865,,
2018,328,"Guyana",4743.702,,
2018,332,"Haiti",3231.019,,
2018,334,"Heard Island and McDonald Islands",0.625,,
2018,336,"Holy See",2.358,,
2018,340,"Honduras",9432.715,,
2018,348,"Hungary",50798.418,,
2018,352,"Iceland",7734.712,,
2018,356,"India",749682.693,,
2018,360,"Indonesia",717478.705,,
2018,960,"Indonesia (...2002)",,,"Not applicable"
2018,364,"Iran (Islamic Republic of)",154909.512,,
2018,368,"Iraq",231934.912,,
2018,372,"Ireland",58803.515,,
2018,376,"Israel",56301.922,,
2018,380,"Italy",354709.119,,
2018,388,"Jamaica",13002.604,,
2018,392,"Japan",932959.532,,
2018,400,"Jordan",17781.521,,
2018,398,"Kazakhstan",128104.172,,
2018,404,"Kenya",15755.508,,
2018,296,"Kiribati",140.762,,
2018,414,"Kuwait",155591.316,,
2018,417,"Kyrgyzstan",3027.004,,
2018,418,"Lao People's Dem. Rep.",8025.02,,
2018,428,"Latvia",18590.374,,
2018,422,"Lebanon",10845.513,,
2018,426,"Lesotho",1127.65,,
2018,430,"Liberia",9328.483,,
2018,434,"Libya",63195.664,,
2018,440,"Lithuania",42795.899,,
2018,442,"Luxembourg",21976.008,,
2018,450,"Madagascar",7012.494,,
2018,454,"Malawi",281.867,,
2018,458,"Malaysia",336817.372,,
2018,462,"Maldives",5013.021,,
2018,466,"Mali",3159.232,,
2018,470,"Malta",9943.42,,
2018,584,"Marshall Islands",6909.542,,
2018,478,"Mauritania",8732.88,,
2018,480,"Mauritius",5741.631,,
2018,484,"Mexico",284877.871,,
2018,583,"Micronesia (Federated States of)",173.047,,
2018,496,"Mongolia",16967.095,,
2018,499,"Montenegro",1765.12,,
2018,500,"Montserrat",75.869,,
2018,504,"Morocco",71160.403,,
2018,508,"Mozambique",19187.031,,
2018,104,"Myanmar",25753.007,,
2018,516,"Namibia",3989.441,,
2018,520,"Nauru",198.907,,
2018,524,"Nepal",7700.92,,
2018,528,"Netherlands (Kingdom of the)",602272.899,,
2018,530,"Netherlands Antilles",,,"Not applicable"
2018,540,"New Caledonia",7069.675,,
2018,554,"New Zealand",62008.94,,
2018,558,"Nicaragua",5783.226,,
2018,562,"Niger",852.822,,
2018,566,"Nigeria",128602.752,,
2018,570,"Niue",,,"Not publishable"
2018,574,"Norfolk Island",11.668,,
2018,807,"North Macedonia",4753.268,,
2018,580,"Northern Mariana Islands",97.233,,
2018,578,"Norway",177610.402,,
2018,512,"Oman",95974.284,,
2018,586,"Pakistan",87647.851,,
2018,585,"Palau",68.809,,
2018,591,"Panama",9450.694,,
2018,598,"Papua New Guinea",18454.151,,
2018,600,"Paraguay",15051.621,,
2018,604,"Peru",79990.439,,
2018,608,"Philippines",165781.972,,
2018,612,"Pitcairn",6.954,,
2018,616,"Poland",208069.723,,
2018,620,"Portugal",66003.766,,
2018,634,"Qatar",158013.067,,
2018,410,"Republic of Korea",760705.917,,
2018,498,"Republic of Moldova",2610.969,,
2018,642,"Romania",74401.906,,
2018,643,"Russian Federation",968601.409,,
2018,646,"Rwanda",1613.699,,
2018,652,"Saint Barthelemy",126.631,,
2018,654,"Saint Helena",22.498,,
2018,659,"Saint Kitts and Nevis",341.904,,
2018,662,"Saint Lucia",662.272,,
2018,666,"Saint Pierre and Miquelon",11.01,,
2018,670,"Saint Vincent and the Grenadines",524.22,,
2018,882,"Samoa",346.539,,
2018,674,"San Marino",77.682,,
2018,678,"Sao Tome and Principe",114.264,,
2018,682,"Saudi Arabia",498281.792,,
2018,686,"Senegal",11715.018,,
2018,688,"Serbia",15881.861,,
2018,891,"Serbia and Montenegro",,,"Not applicable"
2018,690,"Seychelles",807.84,,
2018,694,"Sierra Leone",1640.536,,
2018,702,"Singapore",332252.732,,
2018,534,"Sint Maarten (Dutch part)",239.055,,
2018,703,"Slovakia",44602.164,,
2018,705,"Slovenia",24354.765,,
2018,090,"Solomon Islands",2931.895,,
2018,706,"Somalia",2680.899,,
2018,710,"South Africa",182594.686,,
2018,239,"South Georgia and the South Sandwich Islands",0.253,,
2018,728,"South Sudan",4394.901,,
2018,724,"Spain",336005.464,,
2018,144,"Sri Lanka",21130.73,,
2018,275,"State of Palestine",2717.56,,
2018,729,"Sudan",10833.411,,
2018,736,"Sudan (...2011)",,,"Not applicable"
2018,740,"Suriname",2314.969,,
2018,752,"Sweden",141936.981,,
2018,756,"Switzerland",34700.813,,
2018,760,"Syrian Arab Republic",6884.427,,
2018,762,"Tajikistan",1845.825,,
2018,764,"Thailand",263456.398,,
2018,626,"Timor-Leste",754.975,,
2018,768,"Togo",5757.572,,
2018,772,"Tokelau",15.684,,
2018,776,"Tonga",161.808,,
2018,780,"Trinidad and Tobago",37634.412,,
2018,788,"Tunisia",20446.317,,
2018,792,"Turkiye",268556.714,,
2018,795,"Turkmenistan",20423.675,,
2018,796,"Turks and Caicos Islands",380.117,,
2018,798,"Tuvalu",177.785,,
2018,800,"Uganda",4804.888,,
2018,804,"Ukraine",135437.225,,
2018,784,"United Arab Emirates",337755.684,,
2018,826,"United Kingdom",436687.27,,
2018,834,"United Republic of Tanzania",8323.266,,
2018,840,"United States",1406755.668,,
2018,581,"United States Minor Outlying Islands",5.77,,
2018,858,"Uruguay",16270.11,,
2018,860,"Uzbekistan",9178.226,,
2018,548,"Vanuatu",373.485,,
2018,862,"Venezuela (Bolivarian Rep. of)",87751.575,,
2018,704,"Viet Nam",200329.602,,
2018,876,"Wallis and Futuna Islands",28.902,,
2018,732,"Western Sahara",,,"Not publishable"
2018,887,"Yemen",8634.835,,
2018,894,"Zambia",6625.767,,
2018,716,"Zimbabwe",2919.184,,
2018,5702,"Northern America and Europe",7857751.084,,
2018,5706,"Europe, Northern America, Australia and New Zealand",9465988.773,,
2018,5703,"Central and Southern Asia",1261868.796,,
2018,5704,"Eastern and South-Eastern Asia",7126651.098,,
2018,5705,"Western Asia and Northern Africa",2334847.516,,
2018,1400,"Developing economies",11639742.818,,
2018,1410,"Developing economies: Africa",1065241.361,,
2018,1411,"Developing economies: Northern Africa",384865.001,,
2018,1412,"Developing economies: Sub-Saharan Africa",680376.36,,
2018,1420,"Developing economies: Americas",1954170.182,,
2018,1460,"Developing economies: Asia and Oceania",8620331.275,,
2018,1430,"Developing economies: Asia",8577229.229,,
2018,1431,"Developing economies: Central Asia",162578.902,,
2018,1433,"Developing economies: Eastern Asia",3354484.667,,
2018,1435,"Developing economies: South-eastern Asia",2078500.982,,
2018,1432,"Developing economies: Southern Asia",1099289.894,,
2018,1434,"Developing economies: Western Asia",1882374.784,,
2018,1450,"Developing economies: Oceania",43102.047,,
2018,1500,"Developed economies",11227267.723,,
2018,1520,"Developed economies: Americas",1735486.19,,
2018,1560,"Developed economies: Asia and Oceania",3375437.233,,
2018,1530,"Developed economies: Asia",1761273.18,,
2018,1550,"Developed economies: Oceania",1614164.053,,
2018,1540,"Developed economies: Europe",6116344.299,,
2018,1610,"LDCs (Least developed countries)",392294.825,,
2018,1614,"LDCs: Africa",251430.711,,
2018,1612,"LDCs: Asia",133225.2,,
2018,1615,"LDCs: Islands and Haiti",7638.915,,
2018,1620,"LLDCs (Landlocked developing countries)",324843.721,,
2018,1640,"SIDS (Small island developing States) (UN-OHRLLS)",502143.628,,
2018,1641,"SIDS: Atlantic and Indian Ocean",14199.831,,
2018,1642,"SIDS: Caribbean",111885.582,,
2018,1643,"SIDS: Pacific",376058.215,,
2019,0000,"World",23254778.676,,
2019,5100,"Africa",1079177.773,,
2019,5110,"Northern Africa",376508.714,,
2019,5120,"Sub-Saharan Africa",702662.384,,
2019,5121,"Eastern Africa",97936.179,,
2019,5122,"Middle Africa",146432.639,,
2019,5123,"Southern Africa",193936.023,,
2019,5124,"Western Africa",264357.544,,
2019,5200,"Americas",3606242.414,,
2019,5210,"Northern America",1685924.103,,
2019,5220,"Latin America and the Caribbean",1920318.21,,
2019,5221,"Caribbean",101951.598,,
2019,5222,"Central America",356774.659,,
2019,5223,"South America",1461591.665,,
2019,5300,"Asia",10538373.99,,
2019,5310,"Central Asia",184894.397,,
2019,5330,"Eastern Asia",5115977.593,,
2019,5350,"South-eastern Asia",2168573.179,,
2019,5320,"Southern Asia",1039554.776,,
2019,5340,"Western Asia",2029374.046,,
2019,5400,"Europe",6079450.399,,
2019,5410,"Eastern Europe",1664882.501,,
2019,5420,"Northern Europe",1016700.014,,
2019,5430,"Southern Europe",927553.472,,
2019,5440,"Western Europe",2462393.772,,
2019,5500,"Oceania",1637877.117,,
2019,5520,"Australia and New Zealand",1594196.655,,
2019,5510,"Oceania excluding Australia and New Zealand",43680.421,,
2019,5900,"Other territories",47733.196,,
2019,004,"Afghanistan",10535.27,,
2019,008,"Albania",3910.478,,
2019,012,"Algeria",104485.007,,
2019,016,"American Samoa",215.917,,
2019,020,"Andorra",120.985,,
2019,024,"Angola",79174.851,,
2019,660,"Anguilla",109.394,,
2019,028,"Antigua and Barbuda",547.968,,
2019,032,"Argentina",134646.907,,
2019,051,"Armenia",2996.991,,
2019,533,"Aruba",810.976,,
2019,036,"Australia",1533034.644,,
2019,040,"Austria",94543.194,,
2019,031,"Azerbaijan",33911.426,,
2019,044,"Bahamas",7463.149,,
2019,048,"Bahrain",47969.415,,
2019,050,"Bangladesh",67238.493,,
2019,052,"Barbados",1510.502,,
2019,112,"Belarus",78837.42,,
2019,056,"Belgium",392684.997,,
2019,084,"Belize",1027.717,,
2019,204,"Benin",5603.21,,
2019,060,"Bermuda",516.639,,
2019,064,"Bhutan",2215.062,,
2019,068,"Bolivia (Plurinational State of)",9890.379,,
2019,535,"Bonaire, Sint Eustatius and Saba",1165.114,,
2019,070,"Bosnia and Herzegovina",9058.011,,
2019,072,"Botswana",3304.262,,
2019,074,"Bouvet Island",0.134,,
2019,076,"Brazil",842647.683,,
2019,080,"British Antarctic Territory",0,,
2019,086,"British Indian Ocean Territory",175.484,,
2019,092,"British Virgin Islands",628.173,,
2019,096,"Brunei Darussalam",18327.354,,
2019,100,"Bulgaria",34445.025,,
2019,854,"Burkina Faso",3221.722,,
2019,108,"Burundi",497.588,,
2019,132,"Cabo Verde",1861.488,,
2019,116,"Cambodia",17452.605,,
2019,120,"Cameroon",12673.781,,
2019,124,"Canada",334039.772,,
2019,136,"Cayman Islands",915.543,,
2019,140,"Central African Republic",252.985,,
2019,148,"Chad",2371.143,,
2019,152,"Chile",109954.113,,
2019,156,"China",3065716.006,,
2019,344,"China, Hong Kong SAR",63379.695,,
2019,446,"China, Macao SAR",2334.559,,
2019,158,"China, Taiwan Province of",306819.884,,
2019,162,"Christmas Island",86.033,,
2019,166,"Cocos (Keeling) Islands",1.445,,
2019,170,"Colombia",148974.921,,
2019,174,"Comoros",429.111,,
2019,178,"Congo",18968.556,,
2019,184,"Cook Islands",110.626,,
2019,188,"Costa Rica",15332.715,,
2019,384,"Cote d'Ivoire",21127.96,,
2019,191,"Croatia",22448.809,,
2019,192,"Cuba",9894.638,,
2019,531,"Curacao",1394.243,,
2019,196,"Cyprus",10101.871,,
2019,203,"Czechia",73924.525,,
2019,408,"Dem. People's Rep. of Korea",2713.389,,
2019,180,"Dem. Rep. of the Congo",7484.256,,
2019,208,"Denmark",61196.274,,
2019,262,"Djibouti",4621.308,,
2019,212,"Dominica",337.368,,
2019,214,"Dominican Republic",21197.078,,
2019,218,"Ecuador",43616.194,,
2019,818,"Egypt",102095.135,,
2019,222,"El Salvador",8997.618,,
2019,226,"Equatorial Guinea",11483.771,,
2019,232,"Eritrea",362.158,,
2019,233,"Estonia",18958.777,,
2019,748,"Eswatini",1684.983,,
2019,231,"Ethiopia",9111.95,,
2019,238,"Falkland Islands (Malvinas)",142.53,,
2019,234,"Faroe Islands",1743.948,,
2019,242,"Fiji",3222.884,,
2019,246,"Finland",83238.268,,
2019,250,"France",413890.811,,
2019,258,"French Polynesia",809.56,,
2019,260,"French Southern Territories",8.995,,
2019,266,"Gabon",13911.217,,
2019,270,"Gambia",1841.897,,
2019,268,"Georgia",5825.18,,
2019,276,"Germany",905056.291,,
2019,288,"Ghana",19016.479,,
2019,292,"Gibraltar",11240.216,,
2019,300,"Greece",79389.357,,
2019,304,"Greenland",637.612,,
2019,308,"Grenada",323.641,,
2019,316,"Guam",1264.77,,
2019,320,"Guatemala",23186.827,,
2019,324,"Guinea",23620.302,,
2019,624,"Guinea-Bissau",496.45,,
2019,328,"Guyana",5234.219,,
2019,332,"Haiti",3273.166,,
2019,334,"Heard Island and McDonald Islands",0.144,,
2019,336,"Holy See",2.025,,
2019,340,"Honduras",9448.626,,
2019,348,"Hungary",55831.928,,
2019,352,"Iceland",6087.993,,
2019,356,"India",772289.246,,
2019,360,"Indonesia",755838.49,,
2019,960,"Indonesia (...2002)",,,"Not applicable"
2019,364,"Iran (Islamic Republic of)",72935.134,,
2019,368,"Iraq",225720.333,,
2019,372,"Ireland",56287.886,,
2019,376,"Israel",53739.305,,
2019,380,"Italy",349222.002,,
2019,388,"Jamaica",13533.82,,
2019,392,"Japan",906694.899,,
2019,400,"Jordan",18053.746,,
2019,398,"Kazakhstan",132894.041,,
2019,404,"Kenya",17281.495,,
2019,296,"Kiribati",158.543,,
2019,414,"Kuwait",149130.11,,
2019,417,"Kyrgyzstan",2945.891,,
2019,418,"Lao People's Dem. Rep.",9900.753,,
2019,428,"Latvia",17704.868,,
2019,422,"Lebanon",17435.713,,
2019,426,"Lesotho",1144.27,,
2019,430,"Liberia",11249.174,,
2019,434,"Libya",67159.716,,
2019,440,"Lithuania",44081.634,,
2019,442,"Luxembourg",21846.841,,
2019,450,"Madagascar",7698.22,,
2019,454,"Malawi",340.295,,
2019,458,"Malaysia",358615.62,,
2019,462,"Maldives",4144.775,,
2019,466,"Mali",3539.18,,
2019,470,"Malta",10037.096,,
2019,584,"Marshall Islands",7300.28,,
2019,478,"Mauritania",10396.802,,
2019,480,"Mauritius",6415.829,,
2019,484,"Mexico",282484.8,,
2019,583,"Micronesia (Federated States of)",207.608,,
2019,496,"Mongolia",17644.108,,
2019,499,"Montenegro",1789.817,,
2019,500,"Montserrat",82.768,,
2019,504,"Morocco",72960.931,,
2019,508,"Mozambique",17925.642,,
2019,104,"Myanmar",29128.925,,
2019,516,"Namibia",4548.795,,
2019,520,"Nauru",177.847,,
2019,524,"Nepal",7968.61,,
2019,528,"Netherlands (Kingdom of the)",598566.358,,
2019,530,"Netherlands Antilles",,,"Not applicable"
2019,540,"New Caledonia",6892.476,,
2019,554,"New Zealand",61062.45,,
2019,558,"Nicaragua",5793.558,,
2019,562,"Niger",1211.908,,
2019,566,"Nigeria",141101.859,,
2019,570,"Niue",,,"Not publishable"
2019,574,"Norfolk Island",11.939,,
2019,807,"North Macedonia",4983.309,,
2019,580,"Northern Mariana Islands",112.937,,
2019,578,"Norway",171716.737,,
2019,512,"Oman",100805.936,,
2019,586,"Pakistan",81768.515,,
2019,585,"Palau",60.146,,
2019,591,"Panama",10502.798,,
2019,598,"Papua New Guinea",19312.92,,
2019,600,"Paraguay",13721.688,,
2019,604,"Peru",80503.722,,
2019,608,"Philippines",178565.931,,
2019,612,"Pitcairn",8.24,,
2019,616,"Poland",194632.658,,
2019,620,"Portugal",62812.354,,
2019,634,"Qatar",150038.031,,
2019,410,"Republic of Korea",750675.054,,
2019,498,"Republic of Moldova",2844.994,,
2019,642,"Romania",77222.798,,
2019,643,"Russian Federation",961990.727,,
2019,646,"Rwanda",1861.088,,
2019,652,"Saint Barthelemy",82.167,,
2019,654,"Saint Helena",19.491,,
2019,659,"Saint Kitts and Nevis",318.759,,
2019,662,"Saint Lucia",581.594,,
2019,666,"Saint Pierre and Miquelon",10.09,,
2019,670,"Saint Vincent and the Grenadines",519.82,,
2019,882,"Samoa",378.618,,
2019,674,"San Marino",77.589,,
2019,678,"Sao Tome and Principe",112.077,,
2019,682,"Saudi Arabia",491738.912,,
2019,686,"Senegal",12038.88,,
2019,688,"Serbia",16826.45,,
2019,891,"Serbia and Montenegro",,,"Not applicable"
2019,690,"Seychelles",764.341,,
2019,694,"Sierra Leone",1648.843,,
2019,702,"Singapore",322849.502,,
2019,534,"Sint Maarten (Dutch part)",212.573,,
2019,703,"Slovakia",44657.499,,
2019,705,"Slovenia",25128.324,,
2019,090,"Solomon Islands",2649.269,,
2019,706,"Somalia",3150.045,,
2019,710,"South Africa",183253.714,,
2019,239,"South Georgia and the South Sandwich Islands",0.179,,
2019,728,"South Sudan",4323.352,,
2019,724,"Spain",330506.652,,
2019,144,"Sri Lanka",20459.67,,
2019,275,"State of Palestine",2631.77,,
2019,729,"Sudan",10263.852,,
2019,736,"Sudan (...2011)",,,"Not applicable"
2019,740,"Suriname",2200.031,,
2019,752,"Sweden",130047.208,,
2019,756,"Switzerland",35805.278,,
2019,760,"Syrian Arab Republic",7271.874,,
2019,762,"Tajikistan",2040.894,,
2019,764,"Thailand",236459.177,,
2019,626,"Timor-Leste",930.313,,
2019,768,"Togo",6361.897,,
2019,772,"Tokelau",10.003,,
2019,776,"Tonga",232.874,,
2019,780,"Trinidad and Tobago",36517.464,,
2019,788,"Tunisia",19486.12,,
2019,792,"Turkiye",274036.132,,
2019,795,"Turkmenistan",34580.888,,
2019,796,"Turks and Caicos Islands",531.682,,
2019,798,"Tuvalu",64.654,,
2019,800,"Uganda",5012.626,,
2019,804,"Ukraine",140494.929,,
2019,784,"United Arab Emirates",427685.826,,
2019,826,"United Kingdom",425636.42,,
2019,834,"United Republic of Tanzania",9329.044,,
2019,840,"United States",1350719.991,,
2019,581,"United States Minor Outlying Islands",102.693,,
2019,858,"Uruguay",16434.489,,
2019,860,"Uzbekistan",12432.683,,
2019,548,"Vanuatu",251.101,,
2019,862,"Venezuela (Bolivarian Rep. of)",53624.474,,
2019,704,"Viet Nam",240504.508,,
2019,876,"Wallis and Futuna Islands",29.504,,
2019,732,"Western Sahara",,,"Not publishable"
2019,887,"Yemen",10281.474,,
2019,894,"Zambia",6066.68,,
2019,716,"Zimbabwe",2560.928,,
2019,5702,"Northern America and Europe",7765374.502,,
2019,5706,"Europe, Northern America, Australia and New Zealand",9351650.517,,
2019,5703,"Central and Southern Asia",1224449.173,,
2019,5704,"Eastern and South-Eastern Asia",7284550.771,,
2019,5705,"Western Asia and Northern Africa",2405882.76,,
2019,1400,"Developing economies",11860229.611,,
2019,1410,"Developing economies: Africa",1079171.098,,
2019,1411,"Developing economies: Northern Africa",376508.714,,
2019,1412,"Developing economies: Sub-Saharan Africa",702662.384,,
2019,1420,"Developing economies: Americas",1920317.923,,
2019,1460,"Developing economies: Asia and Oceania",8860740.59,,
2019,1430,"Developing economies: Asia",8817162.861,,
2019,1431,"Developing economies: Central Asia",184894.397,,
2019,1433,"Developing economies: Eastern Asia",3458607.64,,
2019,1435,"Developing economies: South-eastern Asia",2168573.179,,
2019,1432,"Developing economies: Southern Asia",1039554.776,,
2019,1434,"Developing economies: Western Asia",1965532.869,,
2019,1450,"Developing economies: Oceania",43577.729,,
2019,1500,"Developed economies",11072964.339,,
2019,1520,"Developed economies: Americas",1685924.103,,
2019,1560,"Developed economies: Asia and Oceania",3315510.477,,
2019,1530,"Developed economies: Asia",1721211.129,,
2019,1550,"Developed economies: Oceania",1594299.348,,
2019,1540,"Developed economies: Europe",6071529.759,,
2019,1610,"LDCs (Least developed countries)",412232.807,,
2019,1614,"LDCs: Africa",252221.619,,
2019,1612,"LDCs: Asia",152506.131,,
2019,1615,"LDCs: Islands and Haiti",7505.057,,
2019,1620,"LLDCs (Landlocked developing countries)",348011.949,,
2019,1640,"SIDS (Small island developing States) (UN-OHRLLS)",492381.907,,
2019,1641,"SIDS: Atlantic and Indian Ocean",14740.711,,
2019,1642,"SIDS: Caribbean",110331.399,,
2019,1643,"SIDS: Pacific",367309.797,,
2020,0000,"World",22635291.051,,
2020,5100,"Africa",992495.079,,
2020,5110,"Northern Africa",318314.421,,
2020,5120,"Sub-Saharan Africa",674172.998,,
2020,5121,"Eastern Africa",89905.703,,
2020,5122,"Middle Africa",134052.487,,
2020,5123,"Southern Africa",179449.911,,
2020,5124,"Western Africa",270764.897,,
2020,5200,"Americas",3543518.631,,
2020,5210,"Northern America",1710462.477,,
2020,5220,"Latin America and the Caribbean",1833048.978,,
2020,5221,"Caribbean",90942.432,,
2020,5222,"Central America",339417.046,,
2020,5223,"South America",1402689.339,,
2020,5300,"Asia",10418615.714,,
2020,5310,"Central Asia",193655.898,,
2020,5330,"Eastern Asia",5154767.677,,
2020,5350,"South-eastern Asia",2133633.858,,
2020,5320,"Southern Asia",946363.333,,
2020,5340,"Western Asia",1990194.947,,
2020,5400,"Europe",5722706.162,,
2020,5410,"Eastern Europe",1621353.19,,
2020,5420,"Northern Europe",966996.033,,
2020,5430,"Southern Europe",844343.787,,
2020,5440,"Western Europe",2283153.872,,
2020,5500,"Oceania",1656518.208,,
2020,5520,"Australia and New Zealand",1613587.181,,
2020,5510,"Oceania excluding Australia and New Zealand",42931,,
2020,5900,"Other territories",24537.049,,
2020,004,"Afghanistan",9408.569,,
2020,008,"Albania",4223.433,,
2020,012,"Algeria",86522.75,,
2020,016,"American Samoa",146.633,,
2020,020,"Andorra",93.58,,
2020,024,"Angola",71575.341,,
2020,660,"Anguilla",108.667,,
2020,028,"Antigua and Barbuda",512.676,,
2020,032,"Argentina",131749.271,,
2020,051,"Armenia",3112.111,,
2020,533,"Aruba",775.26,,
2020,036,"Australia",1558251.095,,
2020,040,"Austria",90275.803,,
2020,031,"Azerbaijan",31345.373,,
2020,044,"Bahamas",6977.43,,
2020,048,"Bahrain",40502.893,,
2020,050,"Bangladesh",64180,,
2020,052,"Barbados",1552.671,,
2020,112,"Belarus",70558.578,,
2020,056,"Belgium",369644.797,,
2020,084,"Belize",1215.819,,
2020,204,"Benin",4881.322,,
2020,060,"Bermuda",366.624,,
2020,064,"Bhutan",1432.525,,
2020,068,"Bolivia (Plurinational State of)",8568.128,,
2020,535,"Bonaire, Sint Eustatius and Saba",797.116,,
2020,070,"Bosnia and Herzegovina",8304.056,,
2020,072,"Botswana",3283.962,,
2020,074,"Bouvet Island",0.161,,
2020,076,"Brazil",833045.654,,
2020,080,"British Antarctic Territory",0,,
2020,086,"British Indian Ocean Territory",15.692,,
2020,092,"British Virgin Islands",537.718,,
2020,096,"Brunei Darussalam",25761.201,,
2020,100,"Bulgaria",31237.861,,
2020,854,"Burkina Faso",3168.664,,
2020,108,"Burundi",543.802,,
2020,132,"Cabo Verde",1536.855,,
2020,116,"Cambodia",16121.663,,
2020,120,"Cameroon",12858.99,,
2020,124,"Canada",335392.749,,
2020,136,"Cayman Islands",785.192,,
2020,140,"Central African Republic",208.656,,
2020,148,"Chad",4272.035,,
2020,152,"Chile",108894.706,,
2020,156,"China",3270169.209,,
2020,344,"China, Hong Kong SAR",53149.014,,
2020,446,"China, Macao SAR",5378.616,,
2020,158,"China, Taiwan Province of",289719.223,,
2020,162,"Christmas Island",57.354,,
2020,166,"Cocos (Keeling) Islands",2.307,,
2020,170,"Colombia",134062.632,,
2020,174,"Comoros",476.11,,
2020,178,"Congo",15662.923,,
2020,184,"Cook Islands",67.466,,
2020,188,"Costa Rica",14442.667,,
2020,384,"Cote d'Ivoire",21826.125,,
2020,191,"Croatia",22480.396,,
2020,192,"Cuba",8682.775,,
2020,531,"Curacao",1528.197,,
2020,196,"Cyprus",9591.566,,
2020,203,"Czechia",71721.489,,
2020,408,"Dem. People's Rep. of Korea",1015.826,,
2020,180,"Dem. Rep. of the Congo",7698.52,,
2020,208,"Denmark",61823.208,,
2020,262,"Djibouti",4364.825,,
2020,212,"Dominica",262.933,,
2020,214,"Dominican Republic",19744.755,,
2020,218,"Ecuador",43451.606,,
2020,818,"Egypt",100460.135,,
2020,222,"El Salvador",8065.083,,
2020,226,"Equatorial Guinea",10163.95,,
2020,232,"Eritrea",287.121,,
2020,233,"Estonia",17987.242,,
2020,748,"Eswatini",1414.361,,
2020,231,"Ethiopia",9276.113,,
2020,238,"Falkland Islands (Malvinas)",130.228,,
2020,234,"Faroe Islands",1934.301,,
2020,242,"Fiji",2722.892,,
2020,246,"Finland",81797.086,,
2020,250,"France",371639.881,,
2020,258,"French Polynesia",766.423,,
2020,260,"French Southern Territories",22.955,,
2020,266,"Gabon",11483.22,,
2020,270,"Gambia",2162.976,,
2020,268,"Georgia",5775.734,,
2020,276,"Germany",846808.125,,
2020,288,"Ghana",19198.61,,
2020,292,"Gibraltar",17377.86,,
2020,300,"Greece",79956.055,,
2020,304,"Greenland",731.999,,
2020,308,"Grenada",270.233,,
2020,316,"Guam",1097.748,,
2020,320,"Guatemala",21400.909,,
2020,324,"Guinea",27969.938,,
2020,624,"Guinea-Bissau",458.565,,
2020,328,"Guyana",8413.16,,
2020,332,"Haiti",4698.578,,
2020,334,"Heard Island and McDonald Islands",0.765,,
2020,336,"Holy See",1.885,,
2020,340,"Honduras",9004.753,,
2020,348,"Hungary",53809.874,,
2020,352,"Iceland",5297.286,,
2020,356,"India",721312.775,,
2020,360,"Indonesia",708418.722,,
2020,960,"Indonesia (...2002)",,,"Not applicable"
2020,364,"Iran (Islamic Republic of)",37370.504,,
2020,368,"Iraq",208716.569,,
2020,372,"Ireland",54848.765,,
2020,376,"Israel",52247.756,,
2020,380,"Italy",310933.698,,
2020,388,"Jamaica",11020.635,,
2020,392,"Japan",819421.848,,
2020,400,"Jordan",14284.902,,
2020,398,"Kazakhstan",134649.13,,
2020,404,"Kenya",17121.72,,
2020,296,"Kiribati",146.797,,
2020,414,"Kuwait",138312.073,,
2020,417,"Kyrgyzstan",2609.324,,
2020,418,"Lao People's Dem. Rep.",9140.652,,
2020,428,"Latvia",18868.015,,
2020,422,"Lebanon",12866.658,,
2020,426,"Lesotho",1104.903,,
2020,430,"Liberia",13446.825,,
2020,434,"Libya",29462.588,,
2020,440,"Lithuania",43624.568,,
2020,442,"Luxembourg",19931.625,,
2020,450,"Madagascar",5633.741,,
2020,454,"Malawi",354.881,,
2020,458,"Malaysia",372708.858,,
2020,462,"Maldives",2811.059,,
2020,466,"Mali",3745.051,,
2020,470,"Malta",6140.75,,
2020,584,"Marshall Islands",8923.225,,
2020,478,"Mauritania",9663.425,,
2020,480,"Mauritius",5225.36,,
2020,484,"Mexico",272018.896,,
2020,583,"Micronesia (Federated States of)",204.707,,
2020,496,"Mongolia",15080.049,,
2020,499,"Montenegro",1661.029,,
2020,500,"Montserrat",83.798,,
2020,504,"Morocco",73505.83,,
2020,508,"Mozambique",14153.826,,
2020,104,"Myanmar",32490.062,,
2020,516,"Namibia",4072.395,,
2020,520,"Nauru",223.25,,
2020,524,"Nepal",7400.647,,
2020,528,"Netherlands (Kingdom of the)",551915.996,,
2020,530,"Netherlands Antilles",,,"Not applicable"
2020,540,"New Caledonia",6457.069,,
2020,554,"New Zealand",55255.475,,
2020,558,"Nicaragua",5691.4,,
2020,562,"Niger",1244.226,,
2020,566,"Nigeria",140280.001,,
2020,570,"Niue",,,"Not publishable"
2020,574,"Norfolk Island",20.185,,
2020,807,"North Macedonia",4803.036,,
2020,580,"Northern Mariana Islands",141.246,,
2020,578,"Norway",173368.956,,
2020,512,"Oman",113166.205,,
2020,586,"Pakistan",84067.876,,
2020,585,"Palau",83.461,,
2020,591,"Panama",7577.519,,
2020,598,"Papua New Guinea",18623.382,,
2020,600,"Paraguay",13529.927,,
2020,604,"Peru",71972.704,,
2020,608,"Philippines",165398.661,,
2020,612,"Pitcairn",3.148,,
2020,616,"Poland",193608.229,,
2020,620,"Portugal",56234.029,,
2020,634,"Qatar",148393.918,,
2020,410,"Republic of Korea",700833.893,,
2020,498,"Republic of Moldova",2459.332,,
2020,642,"Romania",74039.035,,
2020,643,"Russian Federation",954807.018,,
2020,646,"Rwanda",1968.622,,
2020,652,"Saint Barthelemy",89.63,,
2020,654,"Saint Helena",31.755,,
2020,659,"Saint Kitts and Nevis",296.276,,
2020,662,"Saint Lucia",498.289,,
2020,666,"Saint Pierre and Miquelon",16.073,,
2020,670,"Saint Vincent and the Grenadines",548.382,,
2020,882,"Samoa",332.983,,
2020,674,"San Marino",65.44,,
2020,678,"Sao Tome and Principe",128.853,,
2020,682,"Saudi Arabia",486762.593,,
2020,686,"Senegal",12543.407,,
2020,688,"Serbia",16557.12,,
2020,891,"Serbia and Montenegro",,,"Not applicable"
2020,690,"Seychelles",1053.895,,
2020,694,"Sierra Leone",1847.727,,
2020,702,"Singapore",307585.304,,
2020,534,"Sint Maarten (Dutch part)",157.717,,
2020,703,"Slovakia",44145.948,,
2020,705,"Slovenia",23013.852,,
2020,090,"Solomon Islands",2224.005,,
2020,706,"Somalia",3449.017,,
2020,710,"South Africa",169574.29,,
2020,239,"South Georgia and the South Sandwich Islands",0.454,,
2020,728,"South Sudan",3097.602,,
2020,724,"Spain",292497.568,,
2020,144,"Sri Lanka",18379.378,,
2020,275,"State of Palestine",2393.847,,
2020,729,"Sudan",10181.564,,
2020,736,"Sudan (...2011)",,,"Not applicable"
2020,740,"Suriname",2109.194,,
2020,752,"Sweden",129340.817,,
2020,756,"Switzerland",32937.644,,
2020,760,"Syrian Arab Republic",6849.292,,
2020,762,"Tajikistan",2029.271,,
2020,764,"Thailand",232877.431,,
2020,626,"Timor-Leste",1066.177,,
2020,768,"Togo",6759.424,,
2020,772,"Tokelau",12.608,,
2020,776,"Tonga",190.415,,
2020,780,"Trinidad and Tobago",30675.17,,
2020,788,"Tunisia",18166.046,,
2020,792,"Turkiye",286159.07,,
2020,795,"Turkmenistan",42190.116,,
2020,796,"Turks and Caicos Islands",338.335,,
2020,798,"Tuvalu",65.818,,
2020,800,"Uganda",5287.599,,
2020,804,"Ukraine",124965.826,,
2020,784,"United Arab Emirates",418837.344,,
2020,826,"United Kingdom",378105.789,,
2020,834,"United Republic of Tanzania",9651.995,,
2020,840,"United States",1373955.032,,
2020,581,"United States Minor Outlying Islands",33.23,,
2020,858,"Uruguay",16212.465,,
2020,860,"Uzbekistan",12178.057,,
2020,548,"Vanuatu",309.188,,
2020,862,"Venezuela (Bolivarian Rep. of)",30549.049,,
2020,704,"Viet Nam",262065.128,,
2020,876,"Wallis and Futuna Islands",31.713,,
2020,732,"Western Sahara",,,"Not publishable"
2020,887,"Yemen",10877.045,,
2020,894,"Zambia",4985.878,,
2020,716,"Zimbabwe",2934.95,,
2020,5702,"Northern America and Europe",7433168.639,,
2020,5706,"Europe, Northern America, Australia and New Zealand",9039896.538,,
2020,5703,"Central and Southern Asia",1140019.231,,
2020,5704,"Eastern and South-Eastern Asia",7288401.535,,
2020,5705,"Western Asia and Northern Africa",2308509.368,,
2020,1400,"Developing economies",11704954.655,,
2020,1410,"Developing economies: Africa",992487.419,,
2020,1411,"Developing economies: Northern Africa",318314.421,,
2020,1412,"Developing economies: Sub-Saharan Africa",674172.998,,
2020,1420,"Developing economies: Americas",1833048.816,,
2020,1460,"Developing economies: Asia and Oceania",8879418.42,,
2020,1430,"Developing economies: Asia",8836520.651,,
2020,1431,"Developing economies: Central Asia",193655.898,,
2020,1433,"Developing economies: Eastern Asia",3634511.937,,
2020,1435,"Developing economies: South-eastern Asia",2133633.858,,
2020,1432,"Developing economies: Southern Asia",946363.333,,
2020,1434,"Developing economies: Western Asia",1928355.625,,
2020,1450,"Developing economies: Oceania",42897.769,,
2020,1500,"Developed economies",10622024.832,,
2020,1520,"Developed economies: Americas",1710462.477,,
2020,1560,"Developed economies: Asia and Oceania",3195715.474,,
2020,1530,"Developed economies: Asia",1582095.063,,
2020,1550,"Developed economies: Oceania",1613620.411,,
2020,1540,"Developed economies: Europe",5715846.881,,
2020,1610,"LDCs (Least developed countries)",404283.713,,
2020,1614,"LDCs: Africa",245987.59,,
2020,1612,"LDCs: Asia",149618.637,,
2020,1615,"LDCs: Islands and Haiti",8677.485,,
2020,1620,"LLDCs (Landlocked developing countries)",346827.553,,
2020,1640,"SIDS (Small island developing States) (UN-OHRLLS)",466150.077,,
2020,1641,"SIDS: Atlantic and Indian Ocean",12057.32,,
2020,1642,"SIDS: Caribbean",102590.975,,
2020,1643,"SIDS: Pacific",351501.781,,
2021,0000,"World",23549758.293,,
2021,5100,"Africa",1074208.997,,
2021,5110,"Northern Africa",389551.496,,
2021,5120,"Sub-Saharan Africa",684647.493,,
2021,5121,"Eastern Africa",96854.3,,
2021,5122,"Middle Africa",129870.528,,
2021,5123,"Southern Africa",197614.075,,
2021,5124,"Western Africa",260308.59,,
2021,5200,"Americas",3859779.641,,
2021,5210,"Northern America",1903787.321,,
2021,5220,"Latin America and the Caribbean",1955992.308,,
2021,5221,"Caribbean",91605.162,,
2021,5222,"Central America",410283.997,,
2021,5223,"South America",1454102.644,,
2021,5300,"Asia",10682271.996,,
2021,5310,"Central Asia",160075.374,,
2021,5330,"Eastern Asia",5234785.879,,
2021,5350,"South-eastern Asia",2221427.943,,
2021,5320,"Southern Asia",1039786.753,,
2021,5340,"Western Asia",2026196.047,,
2021,5400,"Europe",5985673.967,,
2021,5410,"Eastern Europe",1636216.871,,
2021,5420,"Northern Europe",993878.899,,
2021,5430,"Southern Europe",918129.374,,
2021,5440,"Western Europe",2428757.072,,
2021,5500,"Oceania",1686211.607,,
2021,5520,"Australia and New Zealand",1644077.741,,
2021,5510,"Oceania excluding Australia and New Zealand",42133.811,,
2021,5900,"Other territories",30816.106,,
2021,004,"Afghanistan",9269.54,,
2021,008,"Albania",4021.1,,
2021,012,"Algeria",101354.17,,
2021,016,"American Samoa",175.966,,
2021,020,"Andorra",102.989,,
2021,024,"Angola",66835.65,,
2021,660,"Anguilla",135.435,,
2021,028,"Antigua and Barbuda",672.002,,
2021,032,"Argentina",132435.657,,
2021,051,"Armenia",3148.42,,
2021,533,"Aruba",824.273,,
2021,036,"Australia",1584102.873,,
2021,040,"Austria",91784.092,,
2021,031,"Azerbaijan",36868.58,,
2021,044,"Bahamas",6279.538,,
2021,048,"Bahrain",39313.481,,
2021,050,"Bangladesh",73509.378,,
2021,052,"Barbados",1640.81,,
2021,112,"Belarus",43920.131,,
2021,056,"Belgium",400714.271,,
2021,084,"Belize",814.937,,
2021,204,"Benin",5646.232,,
2021,060,"Bermuda",298.694,,
2021,064,"Bhutan",1488.678,,
2021,068,"Bolivia (Plurinational State of)",9439.244,,
2021,535,"Bonaire, Sint Eustatius and Saba",1221.022,,
2021,070,"Bosnia and Herzegovina",9182.676,,
2021,072,"Botswana",3575.425,,
2021,074,"Bouvet Island",0.345,,
2021,076,"Brazil",868972.209,,
2021,080,"British Antarctic Territory",0,,
2021,086,"British Indian Ocean Territory",46.517,,
2021,092,"British Virgin Islands",585.149,,
2021,096,"Brunei Darussalam",28427.838,,
2021,100,"Bulgaria",31909.477,,
2021,854,"Burkina Faso",3437.612,,
2021,108,"Burundi",549.129,,
2021,132,"Cabo Verde",1547.237,,
2021,116,"Cambodia",17858.392,,
2021,120,"Cameroon",11953.273,,
2021,124,"Canada",343943.686,,
2021,136,"Cayman Islands",1225.814,,
2021,140,"Central African Republic",141.783,,
2021,148,"Chad",4187.327,,
2021,152,"Chile",118944.153,,
2021,156,"China",3270704.143,,
2021,344,"China, Hong Kong SAR",52009.924,,
2021,446,"China, Macao SAR",5489.973,,
2021,158,"China, Taiwan Province of",310662.01,,
2021,162,"Christmas Island",46.217,,
2021,166,"Cocos (Keeling) Islands",3.962,,
2021,170,"Colombia",131216.784,,
2021,174,"Comoros",643.749,,
2021,178,"Congo",15456.198,,
2021,184,"Cook Islands",67.107,,
2021,188,"Costa Rica",16409.978,,
2021,384,"Cote d'Ivoire",23918.859,,
2021,191,"Croatia",25752.055,,
2021,192,"Cuba",6508.706,,
2021,531,"Curacao",1899.697,,
2021,196,"Cyprus",9717.676,,
2021,203,"Czechia",78024.909,,
2021,408,"Dem. People's Rep. of Korea",499.441,,
2021,180,"Dem. Rep. of the Congo",8683.624,,
2021,208,"Denmark",63999.142,,
2021,262,"Djibouti",5136.995,,
2021,212,"Dominica",225.298,,
2021,214,"Dominican Republic",23166.814,,
2021,218,"Ecuador",47053.337,,
2021,818,"Egypt",112845.478,,
2021,222,"El Salvador",9486.626,,
2021,226,"Equatorial Guinea",10138.839,,
2021,232,"Eritrea",341.876,,
2021,233,"Estonia",19966.883,,
2021,748,"Eswatini",1546.707,,
2021,231,"Ethiopia",7027.501,,
2021,238,"Falkland Islands (Malvinas)",135.02,,
2021,234,"Faroe Islands",1854.677,,
2021,242,"Fiji",2575.546,,
2021,246,"Finland",80226.512,,
2021,250,"France",401505.899,,
2021,258,"French Polynesia",882.754,,
2021,260,"French Southern Territories",6.985,,
2021,266,"Gabon",12332.919,,
2021,270,"Gambia",2364.163,,
2021,268,"Georgia",6302.737,,
2021,276,"Germany",882470.648,,
2021,288,"Ghana",19360.105,,
2021,292,"Gibraltar",12537.289,,
2021,300,"Greece",87303.797,,
2021,304,"Greenland",632.34,,
2021,308,"Grenada",328.115,,
2021,316,"Guam",1186.581,,
2021,320,"Guatemala",24818.089,,
2021,324,"Guinea",26963.496,,
2021,624,"Guinea-Bissau",491.075,,
2021,328,"Guyana",10628.549,,
2021,332,"Haiti",4477.208,,
2021,334,"Heard Island and McDonald Islands",0.144,,
2021,336,"Holy See",1.994,,
2021,340,"Honduras",10350.048,,
2021,348,"Hungary",51836.688,,
2021,352,"Iceland",5458.788,,
2021,356,"India",777512.872,,
2021,360,"Indonesia",760698.678,,
2021,960,"Indonesia (...2002)",,,"Not applicable"
2021,364,"Iran (Islamic Republic of)",45562.062,,
2021,368,"Iraq",219259.519,,
2021,372,"Ireland",58829.983,,
2021,376,"Israel",56094.061,,
2021,380,"Italy",343745.806,,
2021,388,"Jamaica",11153.122,,
2021,392,"Japan",859706.957,,
2021,400,"Jordan",14677.273,,
2021,398,"Kazakhstan",121131.89,,
2021,404,"Kenya",18344.524,,
2021,296,"Kiribati",139.32,,
2021,414,"Kuwait",135182.206,,
2021,417,"Kyrgyzstan",3448.994,,
2021,418,"Lao People's Dem. Rep.",10323.639,,
2021,428,"Latvia",19531.261,,
2021,422,"Lebanon",10821.785,,
2021,426,"Lesotho",1228.728,,
2021,430,"Liberia",13852.608,,
2021,434,"Libya",70362.868,,
2021,440,"Lithuania",43848.407,,
2021,442,"Luxembourg",21736.682,,
2021,450,"Madagascar",7653.859,,
2021,454,"Malawi",480.666,,
2021,458,"Malaysia",374892.138,,
2021,462,"Maldives",3411.887,,
2021,466,"Mali",4340.219,,
2021,470,"Malta",7232.121,,
2021,584,"Marshall Islands",8853.732,,
2021,478,"Mauritania",9373.166,,
2021,480,"Mauritius",5571.081,,
2021,484,"Mexico",331488.741,,
2021,583,"Micronesia (Federated States of)",232.08,,
2021,496,"Mongolia",10896.058,,
2021,499,"Montenegro",1853.013,,
2021,500,"Montserrat",118.523,,
2021,504,"Morocco",75251.866,,
2021,508,"Mozambique",16995.83,,
2021,104,"Myanmar",22327.547,,
2021,516,"Namibia",4507.14,,
2021,520,"Nauru",388.606,,
2021,524,"Nepal",9161.093,,
2021,528,"Netherlands (Kingdom of the)",596049.693,,
2021,530,"Netherlands Antilles",,,"Not applicable"
2021,540,"New Caledonia",6623.384,,
2021,554,"New Zealand",59913.445,,
2021,558,"Nicaragua",7622.035,,
2021,562,"Niger",1319.052,,
2021,566,"Nigeria",124180.155,,
2021,570,"Niue",14.381,,
2021,574,"Norfolk Island",11.099,,
2021,807,"North Macedonia",5117.394,,
2021,580,"Northern Mariana Islands",51.181,,
2021,578,"Norway",183539.726,,
2021,512,"Oman",136654.017,,
2021,586,"Pakistan",99849.798,,
2021,585,"Palau",67.59,,
2021,591,"Panama",9293.544,,
2021,598,"Papua New Guinea",17833.602,,
2021,600,"Paraguay",13926.006,,
2021,604,"Peru",82810.22,,
2021,608,"Philippines",189188.767,,
2021,612,"Pitcairn",3.357,,
2021,616,"Poland",208193.353,,
2021,620,"Portugal",59304.974,,
2021,634,"Qatar",151943.841,,
2021,410,"Republic of Korea",724817.373,,
2021,498,"Republic of Moldova",3008.316,,
2021,642,"Romania",83181.572,,
2021,643,"Russian Federation",959150.299,,
2021,646,"Rwanda",1928.743,,
2021,652,"Saint Barthelemy",38.502,,
2021,654,"Saint Helena",29.651,,
2021,659,"Saint Kitts and Nevis",230.424,,
2021,662,"Saint Lucia",623.941,,
2021,666,"Saint Pierre and Miquelon",32.934,,
2021,670,"Saint Vincent and the Grenadines",324.198,,
2021,882,"Samoa",345.192,,
2021,674,"San Marino",80.737,,
2021,678,"Sao Tome and Principe",140.914,,
2021,682,"Saudi Arabia",468473.8,,
2021,686,"Senegal",13221.171,,
2021,688,"Serbia",17776.935,,
2021,891,"Serbia and Montenegro",,,"Not applicable"
2021,690,"Seychelles",982.652,,
2021,694,"Sierra Leone",2207.623,,
2021,702,"Singapore",293376.625,,
2021,534,"Sint Maarten (Dutch part)",232.406,,
2021,703,"Slovakia",47343.101,,
2021,705,"Slovenia",23911.726,,
2021,090,"Solomon Islands",1978.913,,
2021,706,"Somalia",3464.035,,
2021,710,"South Africa",186756.075,,
2021,239,"South Georgia and the South Sandwich Islands",0.336,,
2021,728,"South Sudan",2161.194,,
2021,724,"Spain",320204.769,,
2021,144,"Sri Lanka",20021.446,,
2021,275,"State of Palestine",2666.736,,
2021,729,"Sudan",9230.523,,
2021,736,"Sudan (...2011)",,,"Not applicable"
2021,740,"Suriname",1961.845,,
2021,752,"Sweden",130660.415,,
2021,756,"Switzerland",34495.787,,
2021,760,"Syrian Arab Republic",7098.748,,
2021,762,"Tajikistan",2055.35,,
2021,764,"Thailand",253151.438,,
2021,626,"Timor-Leste",1741.446,,
2021,768,"Togo",8056.166,,
2021,772,"Tokelau",5.184,,
2021,776,"Tonga",215.585,,
2021,780,"Trinidad and Tobago",29238.413,,
2021,788,"Tunisia",20480.643,,
2021,792,"Turkiye",306718.476,,
2021,795,"Turkmenistan",22733.017,,
2021,796,"Turks and Caicos Islands",455.752,,
2021,798,"Tuvalu",82.099,,
2021,800,"Uganda",6035.144,,
2021,804,"Ukraine",129649.025,,
2021,784,"United Arab Emirates",411076.412,,
2021,826,"United Kingdom",385963.105,,
2021,834,"United Republic of Tanzania",10667.351,,
2021,840,"United States",1558879.668,,
2021,581,"United States Minor Outlying Islands",57.569,,
2021,858,"Uruguay",19040.274,,
2021,860,"Uzbekistan",10706.123,,
2021,548,"Vanuatu",326.181,,
2021,862,"Venezuela (Bolivarian Rep. of)",17538.665,,
2021,704,"Viet Nam",269441.435,,
2021,876,"Wallis and Futuna Islands",27.9,,
2021,732,"Western Sahara",,,"Not publishable"
2021,887,"Yemen",10178.277,,
2021,894,"Zambia",5307.849,,
2021,716,"Zimbabwe",3508.62,,
2021,5702,"Northern America and Europe",7889461.288,,
2021,5706,"Europe, Northern America, Australia and New Zealand",9524847.278,,
2021,5703,"Central and Southern Asia",1199862.127,,
2021,5704,"Eastern and South-Eastern Asia",7456213.822,,
2021,5705,"Western Asia and Northern Africa",2415747.543,,
2021,1400,"Developing economies",12104202.963,,
2021,1410,"Developing economies: Africa",1074198.989,,
2021,1411,"Developing economies: Northern Africa",389551.496,,
2021,1412,"Developing economies: Sub-Saharan Africa",684647.493,,
2021,1420,"Developing economies: Americas",1955991.803,,
2021,1460,"Developing economies: Asia and Oceania",9074012.171,,
2021,1430,"Developing economies: Asia",9031935.929,,
2021,1431,"Developing economies: Central Asia",160075.374,,
2021,1433,"Developing economies: Eastern Asia",3650261.549,,
2021,1435,"Developing economies: South-eastern Asia",2221427.943,,
2021,1432,"Developing economies: Southern Asia",1039786.753,,
2021,1434,"Developing economies: Western Asia",1960384.31,,
2021,1450,"Developing economies: Oceania",42076.241,,
2021,1500,"Developed economies",11175240.914,,
2021,1520,"Developed economies: Americas",1903787.321,,
2021,1560,"Developed economies: Asia and Oceania",3294471.377,,
2021,1530,"Developed economies: Asia",1650336.067,,
2021,1550,"Developed economies: Oceania",1644135.31,,
2021,1540,"Developed economies: Europe",5976982.216,,
2021,1610,"LDCs (Least developed countries)",411020.995,,
2021,1614,"LDCs: Africa",249330.392,,
2021,1612,"LDCs: Asia",152627.866,,
2021,1615,"LDCs: Islands and Haiti",9062.737,,
2021,1620,"LLDCs (Landlocked developing countries)",319498.043,,
2021,1640,"SIDS (Small island developing States) (UN-OHRLLS)",455217.15,,
2021,1641,"SIDS: Atlantic and Indian Ocean",13087.288,,
2021,1642,"SIDS: Caribbean",104971.99,,
2021,1643,"SIDS: Pacific",337157.872,,
2022,0000,"World",23508567.035,,
2022,5100,"Africa",1072810.36,,
2022,5110,"Northern Africa",368115.432,,
2022,5120,"Sub-Saharan Africa",704687.418,,
2022,5121,"Eastern Africa",101541.612,,
2022,5122,"Middle Africa",139362.4,,
2022,5123,"Southern Africa",196146.915,,
2022,5124,"Western Africa",267636.491,,
2022,5200,"Americas",3949403.528,,
2022,5210,"Northern America",1957704.839,,
2022,5220,"Latin America and the Caribbean",1991698.659,,
2022,5221,"Caribbean",86340.544,,
2022,5222,"Central America",438850.771,,
2022,5223,"South America",1466507.259,,
2022,5300,"Asia",10781848.723,,
2022,5310,"Central Asia",146935.409,,
2022,5330,"Eastern Asia",5168668.91,,
2022,5350,"South-eastern Asia",2229088.33,,
2022,5320,"Southern Asia",1073952.016,,
2022,5340,"Western Asia",2163204.059,,
2022,5400,"Europe",5845575.116,,
2022,5410,"Eastern Europe",1492349.983,,
2022,5420,"Northern Europe",1044304.489,,
2022,5430,"Southern Europe",948659.114,,
2022,5440,"Western Europe",2348857.099,,
2022,5500,"Oceania",1702217.56,,
2022,5520,"Australia and New Zealand",1658608.44,,
2022,5510,"Oceania excluding Australia and New Zealand",43609.088,,
2022,5900,"Other territories",37485.599,,
2022,004,"Afghanistan",10228.841,,
2022,008,"Albania",2632.298,,
2022,012,"Algeria",97233.096,,
2022,016,"American Samoa",195.035,,
2022,020,"Andorra",113.103,,
2022,024,"Angola",71714.732,,
2022,660,"Anguilla",153.113,,
2022,028,"Antigua and Barbuda",448.801,,
2022,032,"Argentina",141660.404,,
2022,051,"Armenia",3599.895,,
2022,533,"Aruba",641.388,,
2022,036,"Australia",1601748.097,,
2022,040,"Austria",85282.134,,
2022,031,"Azerbaijan",42648.663,,
2022,044,"Bahamas",7372.952,,
2022,048,"Bahrain",41078.427,,
2022,050,"Bangladesh",74063.421,,
2022,052,"Barbados",1566.163,,
2022,112,"Belarus",45883.253,,
2022,056,"Belgium",402163.602,,
2022,084,"Belize",956.433,,
2022,204,"Benin",5529.047,,
2022,060,"Bermuda",355.623,,
2022,064,"Bhutan",1607.244,,
2022,068,"Bolivia (Plurinational State of)",10097.59,,
2022,535,"Bonaire, Sint Eustatius and Saba",1511.659,,
2022,070,"Bosnia and Herzegovina",9932.438,,
2022,072,"Botswana",3857.007,,
2022,074,"Bouvet Island",1.431,,
2022,076,"Brazil",868112.414,,
2022,080,"British Antarctic Territory",0,,
2022,086,"British Indian Ocean Territory",27.932,,
2022,092,"British Virgin Islands",648.575,,
2022,096,"Brunei Darussalam",27392.667,,
2022,100,"Bulgaria",36872.911,,
2022,854,"Burkina Faso",3827.045,,
2022,108,"Burundi",608.544,,
2022,132,"Cabo Verde",1703.639,,
2022,116,"Cambodia",17675.471,,
2022,120,"Cameroon",12053.416,,
2022,124,"Canada",328934.742,,
2022,136,"Cayman Islands",1458.159,,
2022,140,"Central African Republic",151.79,,
2022,148,"Chad",4973.51,,
2022,152,"Chile",115513.08,,
2022,156,"China",3199788.894,,
2022,344,"China, Hong Kong SAR",43588.7,,
2022,446,"China, Macao SAR",3863.219,,
2022,158,"China, Taiwan Province of",328787.106,,
2022,162,"Christmas Island",79.757,,
2022,166,"Cocos (Keeling) Islands",3.162,,
2022,170,"Colombia",131024.164,,
2022,174,"Comoros",512.51,,
2022,178,"Congo",16057.575,,
2022,184,"Cook Islands",74.897,,
2022,188,"Costa Rica",15481.674,,
2022,384,"Cote d'Ivoire",25624.954,,
2022,191,"Croatia",26030.475,,
2022,192,"Cuba",3063.431,,
2022,531,"Curacao",1783.074,,
2022,196,"Cyprus",9491.162,,
2022,203,"Czechia",75487.876,,
2022,408,"Dem. People's Rep. of Korea",1717.594,,
2022,180,"Dem. Rep. of the Congo",10481.782,,
2022,208,"Denmark",61487.281,,
2022,262,"Djibouti",5206.382,,
2022,212,"Dominica",213.551,,
2022,214,"Dominican Republic",21991.554,,
2022,218,"Ecuador",46415.161,,
2022,818,"Egypt",105377.485,,
2022,222,"El Salvador",9828.992,,
2022,226,"Equatorial Guinea",11012.794,,
2022,232,"Eritrea",384.474,,
2022,233,"Estonia",20009.36,,
2022,748,"Eswatini",1595.381,,
2022,231,"Ethiopia",7844.802,,
2022,238,"Falkland Islands (Malvinas)",133.231,,
2022,234,"Faroe Islands",1792.382,,
2022,242,"Fiji",3111.875,,
2022,246,"Finland",81136.067,,
2022,250,"France",424679.368,,
2022,258,"French Polynesia",831.789,,
2022,260,"French Southern Territories",7.062,,
2022,266,"Gabon",12735.645,,
2022,270,"Gambia",2285.045,,
2022,268,"Georgia",7206.399,,
2022,276,"Germany",783482.489,,
2022,288,"Ghana",19503.214,,
2022,292,"Gibraltar",14483.548,,
2022,300,"Greece",88992.163,,
2022,304,"Greenland",703.272,,
2022,308,"Grenada",327.785,,
2022,316,"Guam",1174.485,,
2022,320,"Guatemala",25333.162,,
2022,324,"Guinea",29237.96,,
2022,624,"Guinea-Bissau",418.53,,
2022,328,"Guyana",17304.093,,
2022,332,"Haiti",3284.442,,
2022,334,"Heard Island and McDonald Islands",0.723,,
2022,336,"Holy See",1.59,,
2022,340,"Honduras",10909.795,,
2022,348,"Hungary",48240.121,,
2022,352,"Iceland",6633.183,,
2022,356,"India",832178.384,,
2022,360,"Indonesia",776789.53,,
2022,960,"Indonesia (...2002)",,,"Not applicable"
2022,364,"Iran (Islamic Republic of)",41294.707,,
2022,368,"Iraq",229808.772,,
2022,372,"Ireland",58099.839,,
2022,376,"Israel",59130.027,,
2022,380,"Italy",349465.367,,
2022,388,"Jamaica",10595.076,,
2022,392,"Japan",853810.413,,
2022,400,"Jordan",16931.106,,
2022,398,"Kazakhstan",116867.94,,
2022,404,"Kenya",16277.969,,
2022,296,"Kiribati",151.884,,
2022,414,"Kuwait",147705.016,,
2022,417,"Kyrgyzstan",3912.768,,
2022,418,"Lao People's Dem. Rep.",12334.655,,
2022,428,"Latvia",22071.131,,
2022,422,"Lebanon",10889.217,,
2022,426,"Lesotho",1478.949,,
2022,430,"Liberia",16025.188,,
2022,434,"Libya",60858.772,,
2022,440,"Lithuania",42951.492,,
2022,442,"Luxembourg",21878.032,,
2022,450,"Madagascar",7853.729,,
2022,454,"Malawi",380.635,,
2022,458,"Malaysia",392143.517,,
2022,462,"Maldives",4544.302,,
2022,466,"Mali",4338.192,,
2022,470,"Malta",4983.55,,
2022,584,"Marshall Islands",8665.02,,
2022,478,"Mauritania",10474.028,,
2022,480,"Mauritius",5807.953,,
2022,484,"Mexico",359751.947,,
2022,583,"Micronesia (Federated States of)",209.068,,
2022,496,"Mongolia",14750.437,,
2022,499,"Montenegro",1901,,
2022,500,"Montserrat",101.402,,
2022,504,"Morocco",74227.042,,
2022,508,"Mozambique",19876.218,,
2022,104,"Myanmar",21842.825,,
2022,516,"Namibia",4879.2,,
2022,520,"Nauru",278.63,,
2022,524,"Nepal",7631.531,,
2022,528,"Netherlands (Kingdom of the)",598430.672,,
2022,530,"Netherlands Antilles",,,"Not applicable"
2022,540,"New Caledonia",6895.645,,
2022,554,"New Zealand",56768.511,,
2022,558,"Nicaragua",7162.88,,
2022,562,"Niger",1050.282,,
2022,566,"Nigeria",124145.688,,
2022,570,"Niue",24.6,,
2022,574,"Norfolk Island",8.19,,
2022,807,"North Macedonia",4911.919,,
2022,580,"Northern Mariana Islands",111.698,,
2022,578,"Norway",192190.102,,
2022,512,"Oman",139527.315,,
2022,586,"Pakistan",87108.347,,
2022,585,"Palau",67.74,,
2022,591,"Panama",9425.888,,
2022,598,"Papua New Guinea",18771.317,,
2022,600,"Paraguay",11597.654,,
2022,604,"Peru",85889.758,,
2022,608,"Philippines",184055.939,,
2022,612,"Pitcairn",2.965,,
2022,616,"Poland",214317.212,,
2022,620,"Portugal",60859.938,,
2022,634,"Qatar",157781.19,,
2022,410,"Republic of Korea",722362.547,,
2022,498,"Republic of Moldova",3206.233,,
2022,642,"Romania",81665.714,,
2022,643,"Russian Federation",866068.182,,
2022,646,"Rwanda",2385.261,,
2022,652,"Saint Barthelemy",96.581,,
2022,654,"Saint Helena",24.173,,
2022,659,"Saint Kitts and Nevis",203.3,,
2022,662,"Saint Lucia",572.901,,
2022,666,"Saint Pierre and Miquelon",24.057,,
2022,670,"Saint Vincent and the Grenadines",363.497,,
2022,882,"Samoa",379.647,,
2022,674,"San Marino",65.627,,
2022,678,"Sao Tome and Principe",181.155,,
2022,682,"Saudi Arabia",539892.445,,
2022,686,"Senegal",13939.783,,
2022,688,"Serbia",20120.207,,
2022,891,"Serbia and Montenegro",,,"Not applicable"
2022,690,"Seychelles",1029.942,,
2022,694,"Sierra Leone",3066.417,,
2022,702,"Singapore",290579.465,,
2022,534,"Sint Maarten (Dutch part)",396.442,,
2022,703,"Slovakia",44356.418,,
2022,705,"Slovenia",25695.724,,
2022,090,"Solomon Islands",1792.941,,
2022,706,"Somalia",3886.162,,
2022,710,"South Africa",184336.377,,
2022,239,"South Georgia and the South Sandwich Islands",0.293,,
2022,728,"South Sudan",1993.93,,
2022,724,"Spain",338470.169,,
2022,144,"Sri Lanka",15295.238,,
2022,275,"State of Palestine",3144.253,,
2022,729,"Sudan",10220.431,,
2022,736,"Sudan (...2011)",,,"Not applicable"
2022,740,"Suriname",2025.315,,
2022,752,"Sweden",132546.065,,
2022,756,"Switzerland",32940.8,,
2022,760,"Syrian Arab Republic",7569.985,,
2022,762,"Tajikistan",2247.754,,
2022,764,"Thailand",244496.886,,
2022,626,"Timor-Leste",1580.577,,
2022,768,"Togo",6443.306,,
2022,772,"Tokelau",39.506,,
2022,776,"Tonga",238.346,,
2022,780,"Trinidad and Tobago",29016.685,,
2022,788,"Tunisia",20174.24,,
2022,792,"Turkiye",318634.139,,
2022,795,"Turkmenistan",13444.607,,
2022,796,"Turks and Caicos Islands",530.012,,
2022,798,"Tuvalu",87.734,,
2022,800,"Uganda",5942.653,,
2022,804,"Ukraine",76252.064,,
2022,784,"United Arab Emirates",418192.569,,
2022,826,"United Kingdom",425387.587,,
2022,834,"United Republic of Tanzania",11903.312,,
2022,840,"United States",1627687.145,,
2022,581,"United States Minor Outlying Islands",122.157,,
2022,858,"Uruguay",19503.927,,
2022,860,"Uzbekistan",10462.34,,
2022,548,"Vanuatu",343.941,,
2022,862,"Venezuela (Bolivarian Rep. of)",17228.743,,
2022,704,"Viet Nam",260196.799,,
2022,876,"Wallis and Futuna Islands",38.169,,
2022,732,"Western Sahara",,,"Not publishable"
2022,887,"Yemen",9973.479,,
2022,894,"Zambia",5652.378,,
2022,716,"Zimbabwe",3959.764,,
2022,5702,"Northern America and Europe",7803279.956,,
2022,5706,"Europe, Northern America, Australia and New Zealand",9450483.962,,
2022,5703,"Central and Southern Asia",1220887.425,,
2022,5704,"Eastern and South-Eastern Asia",7397757.24,,
2022,5705,"Western Asia and Northern Africa",2531319.491,,
2022,1400,"Developing economies",12245042.93,,
2022,1410,"Developing economies: Africa",1072802.85,,
2022,1411,"Developing economies: Northern Africa",368115.432,,
2022,1412,"Developing economies: Sub-Saharan Africa",704687.418,,
2022,1420,"Developing economies: Americas",1991698.574,,
2022,1460,"Developing economies: Asia and Oceania",9180541.507,,
2022,1430,"Developing economies: Asia",9137054.575,,
2022,1431,"Developing economies: Central Asia",146935.409,,
2022,1433,"Developing economies: Eastern Asia",3592495.95,,
2022,1435,"Developing economies: South-eastern Asia",2229088.33,,
2022,1432,"Developing economies: Southern Asia",1073952.016,,
2022,1434,"Developing economies: Western Asia",2094582.871,,
2022,1450,"Developing economies: Oceania",43486.931,,
2022,1500,"Developed economies",11095400.267,,
2022,1520,"Developed economies: Americas",1957704.839,,
2022,1560,"Developed economies: Asia and Oceania",3303524.744,,
2022,1530,"Developed economies: Asia",1644794.148,,
2022,1550,"Developed economies: Oceania",1658730.596,,
2022,1540,"Developed economies: Europe",5834170.683,,
2022,1610,"LDCs (Least developed countries)",430734.81,,
2022,1614,"LDCs: Africa",269574.498,,
2022,1612,"LDCs: Asia",153750.223,,
2022,1615,"LDCs: Islands and Haiti",7410.089,,
2022,1620,"LLDCs (Landlocked developing countries)",319590.195,,
2022,1640,"SIDS (Small island developing States) (UN-OHRLLS)",456649.793,,
2022,1641,"SIDS: Atlantic and Indian Ocean",14553.654,,
2022,1642,"SIDS: Caribbean",106529.805,,
2022,1643,"SIDS: Pacific",335566.334,,
2023,0000,"World",23197553.188,,
2023,5100,"Africa",1085159.228,,
2023,5110,"Northern Africa",393528.234,,
2023,5120,"Sub-Saharan Africa",691622.689,,
2023,5121,"Eastern Africa",106226.606,,
2023,5122,"Middle Africa",130627.25,,
2023,5123,"Southern Africa",196560.406,,
2023,5124,"Western Africa",258208.427,,
2023,5200,"Americas",3953950.856,,
2023,5210,"Northern America",1937026.653,,
2023,5220,"Latin America and the Caribbean",2016924.198,,
2023,5221,"Caribbean",93272.693,,
2023,5222,"Central America",407162.165,,
2023,5223,"South America",1516489.224,,
2023,5300,"Asia",10753783.582,,
2023,5310,"Central Asia",186521.34,,
2023,5330,"Eastern Asia",5137696.259,,
2023,5350,"South-eastern Asia",2230065.159,,
2023,5320,"Southern Asia",1076357.144,,
2023,5340,"Western Asia",2123143.68,,
2023,5400,"Europe",5597479.3,,
2023,5410,"Eastern Europe",1441744.503,,
2023,5420,"Northern Europe",975627.122,,
2023,5430,"Southern Europe",919553.757,,
2023,5440,"Western Europe",2249968.842,,
2023,5500,"Oceania",1646621.158,,
2023,5520,"Australia and New Zealand",1603566.781,,
2023,5510,"Oceania excluding Australia and New Zealand",43054.323,,
2023,5900,"Other territories",55492.538,,
2023,004,"Afghanistan",9233.201,,
2023,008,"Albania",4918.149,,
2023,012,"Algeria",111940.482,,
2023,016,"American Samoa",176.456,,
2023,020,"Andorra",93.954,,
2023,024,"Angola",66196.395,,
2023,660,"Anguilla",146.207,,
2023,028,"Antigua and Barbuda",405.84,,
2023,032,"Argentina",107106.883,,
2023,051,"Armenia",3443.401,,
2023,533,"Aruba",666.868,,
2023,036,"Australia",1547878.751,,
2023,040,"Austria",83160.745,,
2023,031,"Azerbaijan",40455.02,,
2023,044,"Bahamas",7178.341,,
2023,048,"Bahrain",40096.786,,
2023,050,"Bangladesh",75872.047,,
2023,052,"Barbados",1476.906,,
2023,112,"Belarus",44295.135,,
2023,056,"Belgium",391912.363,,
2023,084,"Belize",1146.275,,
2023,204,"Benin",5112.533,,
2023,060,"Bermuda",496.767,,
2023,064,"Bhutan",1663.248,,
2023,068,"Bolivia (Plurinational State of)",8302.954,,
2023,535,"Bonaire, Sint Eustatius and Saba",1741.293,,
2023,070,"Bosnia and Herzegovina",9543.443,,
2023,072,"Botswana",3735.837,,
2023,074,"Bouvet Island",0.338,,
2023,076,"Brazil",936865.063,,
2023,086,"British Indian Ocean Territory",68.462,,
2023,092,"British Virgin Islands",713.814,,
2023,096,"Brunei Darussalam",26032.253,,
2023,100,"Bulgaria",33531.93,,
2023,854,"Burkina Faso",4190.865,,
2023,108,"Burundi",493,,
2023,132,"Cabo Verde",1718.611,,
2023,116,"Cambodia",19815.361,,
2023,120,"Cameroon",12333.725,,
2023,124,"Canada",354756.038,,
2023,136,"Cayman Islands",1269.507,,
2023,140,"Central African Republic",260.253,,
2023,148,"Chad",5311.58,,
2023,152,"Chile",110912.817,,
2023,156,"China",3267052.921,,
2023,344,"China, Hong Kong SAR",45271.936,,
2023,446,"China, Macao SAR",4075.176,,
2023,158,"China, Taiwan Province of",287367.716,,
2023,162,"Christmas Island",46.49,,
2023,166,"Cocos (Keeling) Islands",4.163,,
2023,170,"Colombia",129455.543,,
2023,174,"Comoros",521.881,,
2023,178,"Congo",14937.1,,
2023,184,"Cook Islands",87.131,,
2023,188,"Costa Rica",16412.703,,
2023,384,"Cote d'Ivoire",28179.958,,
2023,191,"Croatia",23550.074,,
2023,192,"Cuba",6522.831,,
2023,531,"Curacao",1789.154,,
2023,196,"Cyprus",11051.909,,
2023,203,"Czechia",67659.704,,
2023,408,"Dem. People's Rep. of Korea",2515.145,,
2023,180,"Dem. Rep. of the Congo",11298.514,,
2023,208,"Denmark",57986.214,,
2023,262,"Djibouti",6430.399,,
2023,212,"Dominica",245.718,,
2023,214,"Dominican Republic",23668.554,,
2023,218,"Ecuador",48141.446,,
2023,818,"Egypt",101169.156,,
2023,222,"El Salvador",10283.123,,
2023,226,"Equatorial Guinea",7941.278,,
2023,232,"Eritrea",347.157,,
2023,233,"Estonia",16179.728,,
2023,748,"Eswatini",1804.512,,
2023,231,"Ethiopia",9462.553,,
2023,238,"Falkland Islands (Malvinas)",182.591,,
2023,234,"Faroe Islands",2019.067,,
2023,242,"Fiji",3088.497,,
2023,246,"Finland",73028.229,,
2023,250,"France",409105.319,,
2023,258,"French Polynesia",471.197,,
2023,260,"French Southern Territories",5.682,,
2023,266,"Gabon",12178.047,,
2023,270,"Gambia",2211.505,,
2023,268,"Georgia",6508.729,,
2023,276,"Germany",732794.644,,
2023,288,"Ghana",20301.438,,
2023,292,"Gibraltar",14480.6,,
2023,300,"Greece",90349.992,,
2023,304,"Greenland",758.487,,
2023,308,"Grenada",337.453,,
2023,316,"Guam",1201.974,,
2023,320,"Guatemala",25983.182,,
2023,324,"Guinea",15121.284,,
2023,624,"Guinea-Bissau",474.747,,
2023,328,"Guyana",23458.511,,
2023,332,"Haiti",3687.962,,
2023,334,"Heard Island and McDonald Islands",1.659,,
2023,336,"Holy See",,,"Not publishable"
2023,340,"Honduras",11587.771,,
2023,348,"Hungary",46292.845,,
2023,352,"Iceland",6428.767,,
2023,356,"India",850389.609,,
2023,360,"Indonesia",734861.472,,
2023,960,"Indonesia (...2002)",,,"Not applicable"
2023,364,"Iran (Islamic Republic of)",35671.231,,
2023,368,"Iraq",231440.897,,
2023,372,"Ireland",55246.238,,
2023,376,"Israel",53975.559,,
2023,380,"Italy",334947.863,,
2023,388,"Jamaica",11274.957,,
2023,392,"Japan",801071.105,,
2023,400,"Jordan",16033.644,,
2023,398,"Kazakhstan",139536.589,,
2023,404,"Kenya",16166.494,,
2023,296,"Kiribati",141.782,,
2023,414,"Kuwait",148432.37,,
2023,417,"Kyrgyzstan",4408.733,,
2023,418,"Lao People's Dem. Rep.",16640.608,,
2023,428,"Latvia",19460.007,,
2023,422,"Lebanon",8598.156,,
2023,426,"Lesotho",1502.754,,
2023,430,"Liberia",15863.095,,
2023,434,"Libya",67350.223,,
2023,440,"Lithuania",40062.803,,
2023,442,"Luxembourg",19584.645,,
2023,450,"Madagascar",7958.804,,
2023,454,"Malawi",363.735,,
2023,458,"Malaysia",431104.645,,
2023,462,"Maldives",5926.467,,
2023,466,"Mali",4367.056,,
2023,470,"Malta",8409.258,,
2023,584,"Marshall Islands",10141.991,,
2023,478,"Mauritania",10281.022,,
2023,480,"Mauritius",4528.417,,
2023,484,"Mexico",326704.78,,
2023,583,"Micronesia (Federated States of)",217.202,,
2023,496,"Mongolia",21076.19,,
2023,499,"Montenegro",2032.215,,
2023,500,"Montserrat",108.414,,
2023,504,"Morocco",83657.851,,
2023,508,"Mozambique",20626.09,,
2023,104,"Myanmar",23201.858,,
2023,516,"Namibia",4267.481,,
2023,520,"Nauru",289.798,,
2023,524,"Nepal",7083.057,,
2023,528,"Netherlands (Kingdom of the)",584410.334,,
2023,530,"Netherlands Antilles",,,"Not applicable"
2023,540,"New Caledonia",6151.115,,
2023,554,"New Zealand",55624.578,,
2023,558,"Nicaragua",6804.596,,
2023,562,"Niger",828.25,,
2023,566,"Nigeria",124972.07,,
2023,570,"Niue",9.515,,
2023,574,"Norfolk Island",11.14,,
2023,807,"North Macedonia",4875.954,,
2023,580,"Northern Mariana Islands",140.909,,
2023,578,"Norway",189532.157,,
2023,512,"Oman",143643.435,,
2023,586,"Pakistan",75104.299,,
2023,585,"Palau",91.389,,
2023,591,"Panama",8239.736,,
2023,598,"Papua New Guinea",17903.525,,
2023,600,"Paraguay",14545.35,,
2023,604,"Peru",88538.718,,
2023,608,"Philippines",167615.115,,
2023,612,"Pitcairn",2.853,,
2023,616,"Poland",204933.053,,
2023,620,"Portugal",56581.167,,
2023,634,"Qatar",154442.714,,
2023,410,"Republic of Korea",709266.069,,
2023,498,"Republic of Moldova",3098.311,,
2023,642,"Romania",76820.041,,
2023,643,"Russian Federation",839946.816,,
2023,646,"Rwanda",2166.632,,
2023,652,"Saint Barthelemy",89.311,,
2023,654,"Saint Helena",46.272,,
2023,659,"Saint Kitts and Nevis",233.098,,
2023,662,"Saint Lucia",562.81,,
2023,666,"Saint Pierre and Miquelon",22.249,,
2023,670,"Saint Vincent and the Grenadines",320.898,,
2023,882,"Samoa",356.306,,
2023,674,"San Marino",62.111,,
2023,678,"Sao Tome and Principe",,,"Not publishable"
2023,682,"Saudi Arabia",512987.821,,
2023,686,"Senegal",13985.148,,
2023,688,"Serbia",19942.184,,
2023,891,"Serbia and Montenegro",,,"Not applicable"
2023,690,"Seychelles",991.493,,
2023,694,"Sierra Leone",3245.684,,
2023,702,"Singapore",285699.153,,
2023,534,"Sint Maarten (Dutch part)",309.636,,
2023,703,"Slovakia",41594.624,,
2023,705,"Slovenia",24531.949,,
2023,090,"Solomon Islands",1802.453,,
2023,706,"Somalia",3480.591,,
2023,710,"South Africa",185249.822,,
2023,239,"South Georgia and the South Sandwich Islands",1.006,,
2023,728,"South Sudan",2325.208,,
2023,724,"Spain",325074.656,,
2023,144,"Sri Lanka",15413.987,,
2023,275,"State of Palestine",2720.414,,
2023,729,"Sudan",8248.556,,
2023,736,"Sudan (...2011)",,,"Not applicable"
2023,740,"Suriname",2006.885,,
2023,752,"Sweden",126246.21,,
2023,756,"Switzerland",29000.792,,
2023,760,"Syrian Arab Republic",7656.341,,
2023,762,"Tajikistan",2139.849,,
2023,764,"Thailand",251196.976,,
2023,626,"Timor-Leste",1315.145,,
2023,768,"Togo",7308.89,,
2023,772,"Tokelau",6.805,,
2023,776,"Tonga",215.106,,
2023,780,"Trinidad and Tobago",30039.964,,
2023,788,"Tunisia",21149.662,,
2023,792,"Turkiye",311584.049,,
2023,795,"Turkmenistan",24719.545,,
2023,796,"Turks and Caicos Islands",483.158,,
2023,798,"Tuvalu",84.408,,
2023,800,"Uganda",6309.749,,
2023,804,"Ukraine",83572.043,,
2023,784,"United Arab Emirates",421964.207,,
2023,826,"United Kingdom",389437.702,,
2023,834,"United Republic of Tanzania",12786.865,,
2023,840,"United States",1580993.112,,
2023,581,"United States Minor Outlying Islands",,,"Not publishable"
2023,858,"Uruguay",17584.514,,
2023,860,"Uzbekistan",15716.624,,
2023,548,"Vanuatu",344.771,,
2023,862,"Venezuela (Bolivarian Rep. of)",29386.607,,
2023,704,"Viet Nam",272582.572,,
2023,876,"Wallis and Futuna Islands",33.884,,
2023,732,"Western Sahara",12.304,,
2023,887,"Yemen",8108.228,,
2023,894,"Zambia",6883.986,,
2023,716,"Zimbabwe",4309.409,,
2023,5702,"Northern America and Europe",7534505.953,,
2023,5706,"Europe, Northern America, Australia and New Zealand",9127487.659,,
2023,5703,"Central and Southern Asia",1262878.484,,
2023,5704,"Eastern and South-Eastern Asia",7367761.418,,
2023,5705,"Western Asia and Northern Africa",2516671.914,,
2023,1400,"Developing economies",12323453.013,,
2023,1410,"Developing economies: Africa",1085150.923,,
2023,1411,"Developing economies: Northern Africa",393528.234,,
2023,1412,"Developing economies: Sub-Saharan Africa",691622.689,,
2023,1420,"Developing economies: Americas",2016924.082,,
2023,1460,"Developing economies: Asia and Oceania",9221378.007,,
2023,1430,"Developing economies: Asia",9178418.941,,
2023,1431,"Developing economies: Central Asia",186521.34,,
2023,1433,"Developing economies: Eastern Asia",3627359.085,,
2023,1435,"Developing economies: South-eastern Asia",2230065.159,,
2023,1432,"Developing economies: Southern Asia",1076357.144,,
2023,1434,"Developing economies: Western Asia",2058116.213,,
2023,1450,"Developing economies: Oceania",42959.067,,
2023,1500,"Developed economies",10702947.556,,
2023,1520,"Developed economies: Americas",1937026.653,,
2023,1560,"Developed economies: Asia and Oceania",3179026.679,,
2023,1530,"Developed economies: Asia",1575364.641,,
2023,1550,"Developed economies: Oceania",1603662.038,,
2023,1540,"Developed economies: Europe",5586894.224,,
2023,1610,"LDCs (Least developed countries)",422950.89,,
2023,1614,"LDCs: Africa",255442.899,,
2023,1612,"LDCs: Asia",159954.36,,
2023,1615,"LDCs: Islands and Haiti",7553.631,,
2023,1620,"LLDCs (Landlocked developing countries)",371254.012,,
2023,1640,"SIDS (Small island developing States) (UN-OHRLLS)",464553.617,,
2023,1641,"SIDS: Atlantic and Indian Ocean",14828.741,,
2023,1642,"SIDS: Caribbean",119795.053,,
2023,1643,"SIDS: Pacific",329929.823,,
2024,0000,"World",24108138.492,,
2024,5100,"Africa",1153843.005,,
2024,5110,"Northern Africa",432694.294,,
2024,5120,"Sub-Saharan Africa",721139.789,,
2024,5121,"Eastern Africa",110516.481,,
2024,5122,"Middle Africa",135191.959,,
2024,5123,"Southern Africa",193386.799,,
2024,5124,"Western Africa",282044.551,,
2024,5200,"Americas",4116854.534,,
2024,5210,"Northern America",1977245.009,,
2024,5220,"Latin America and the Caribbean",2139609.43,,
2024,5221,"Caribbean",96721.993,,
2024,5222,"Central America",388085.839,,
2024,5223,"South America",1654801.496,,
2024,5300,"Asia",11450641.422,,
2024,5310,"Central Asia",199578.003,,
2024,5330,"Eastern Asia",5564358.377,,
2024,5350,"South-eastern Asia",2486504.637,,
2024,5320,"Southern Asia",1101574.144,,
2024,5340,"Western Asia",2098626.26,,
2024,5400,"Europe",5534034.977,,
2024,5410,"Eastern Europe",1467690.792,,
2024,5420,"Northern Europe",974770.664,,
2024,5430,"Southern Europe",902030.27,,
2024,5440,"Western Europe",2178304.31,,
2024,5500,"Oceania",1715270.502,,
2024,5520,"Australia and New Zealand",1674835.881,,
2024,5510,"Oceania excluding Australia and New Zealand",40434.581,,
2024,5900,"Other territories",36309.195,,
2024,004,"Afghanistan",9778.712,,
2024,008,"Albania",4590.891,,
2024,012,"Algeria",111076.728,,
2024,016,"American Samoa",275.841,,
2024,020,"Andorra",106.814,,
2024,024,"Angola",68941.488,,
2024,660,"Anguilla",171.812,,
2024,028,"Antigua and Barbuda",398.759,,
2024,032,"Argentina",126520.289,,
2024,051,"Armenia",3445.915,,
2024,533,"Aruba",717.143,,
2024,036,"Australia",1617449.148,,
2024,040,"Austria",80302.539,,
2024,031,"Azerbaijan",40498.696,,
2024,044,"Bahamas",7375.528,,
2024,048,"Bahrain",41509.368,,
2024,050,"Bangladesh",76725.993,,
2024,052,"Barbados",1702.701,,
2024,112,"Belarus",43408.718,,
2024,056,"Belgium",380778.865,,
2024,084,"Belize",902.554,,
2024,204,"Benin",5969.871,,
2024,060,"Bermuda",472.45,,
2024,064,"Bhutan",2000.437,,
2024,068,"Bolivia (Plurinational State of)",7488.441,,
2024,535,"Bonaire, Sint Eustatius and Saba",1482.392,,
2024,070,"Bosnia and Herzegovina",9858.064,,
2024,072,"Botswana",3726.172,,
2024,074,"Bouvet Island",0.406,,
2024,076,"Brazil",1002219.549,,
2024,080,"British Antarctic Territory",0,,
2024,086,"British Indian Ocean Territory",76.642,,
2024,092,"British Virgin Islands",841.208,,
2024,096,"Brunei Darussalam",27535.138,,
2024,100,"Bulgaria",33475.631,,
2024,854,"Burkina Faso",4466.094,,
2024,108,"Burundi",482.206,,
2024,132,"Cabo Verde",1054.991,,
2024,116,"Cambodia",25000.112,,
2024,120,"Cameroon",13323.418,,
2024,124,"Canada",360270.205,,
2024,136,"Cayman Islands",1074.135,,
2024,140,"Central African Republic",,,"Not publishable"
2024,148,"Chad",5693.126,,
2024,152,"Chile",112562.771,,
2024,156,"China",3704201.453,,
2024,344,"China, Hong Kong SAR",46577.039,,
2024,446,"China, Macao SAR",3697.604,,
2024,158,"China, Taiwan Province of",277842.005,,
2024,162,"Christmas Island",66.5,,
2024,166,"Cocos (Keeling) Islands",3.157,,
2024,170,"Colombia",137525.867,,
2024,174,"Comoros",558.407,,
2024,178,"Congo",13393.722,,
2024,184,"Cook Islands",97.249,,
2024,188,"Costa Rica",16937.194,,
2024,384,"Cote d'Ivoire",29147.979,,
2024,191,"Croatia",26310.704,,
2024,192,"Cuba",6343.161,,
2024,531,"Curacao",2094.307,,
2024,196,"Cyprus",11117.141,,
2024,203,"Czechia",68589.179,,
2024,408,"Dem. People's Rep. of Korea",2455.369,,
2024,180,"Dem. Rep. of the Congo",11486.411,,
2024,208,"Denmark",59486.708,,
2024,262,"Djibouti",5931.16,,
2024,212,"Dominica",205.287,,
2024,214,"Dominican Republic",26789.67,,
2024,218,"Ecuador",48551.264,,
2024,818,"Egypt",124174.342,,
2024,222,"El Salvador",10363.89,,
2024,226,"Equatorial Guinea",8038.162,,
2024,232,"Eritrea",409.869,,
2024,233,"Estonia",16448.481,,
2024,748,"Eswatini",1799.154,,
2024,231,"Ethiopia",8795.956,,
2024,238,"Falkland Islands (Malvinas)",148.696,,
2024,234,"Faroe Islands",2084.142,,
2024,242,"Fiji",3388.017,,
2024,246,"Finland",72493.47,,
2024,250,"France",400111.735,,
2024,258,"French Polynesia",473.546,,
2024,260,"French Southern Territories",7.445,,
2024,266,"Gabon",13484.217,,
2024,270,"Gambia",2219.636,,
2024,268,"Georgia",7444.063,,
2024,276,"Germany",704076.876,,
2024,288,"Ghana",18946.977,,
2024,292,"Gibraltar",12952.831,,
2024,300,"Greece",89660.473,,
2024,304,"Greenland",732.258,,
2024,308,"Grenada",390.181,,
2024,316,"Guam",773.399,,
2024,320,"Guatemala",27229.511,,
2024,324,"Guinea",36666.88,,
2024,624,"Guinea-Bissau",498.034,,
2024,328,"Guyana",35602.983,,
2024,332,"Haiti",3202.667,,
2024,334,"Heard Island and McDonald Islands",0.763,,
2024,336,"Holy See",9.612,,
2024,340,"Honduras",11989.253,,
2024,348,"Hungary",48236.187,,
2024,352,"Iceland",6572.816,,
2024,356,"India",860720.491,,
2024,360,"Indonesia",900030.519,,
2024,960,"Indonesia (...2002)",,,"Not applicable"
2024,364,"Iran (Islamic Republic of)",41934.116,,
2024,368,"Iraq",232503.215,,
2024,372,"Ireland",58533.133,,
2024,376,"Israel",50196.944,,
2024,380,"Italy",321415.382,,
2024,388,"Jamaica",11558.174,,
2024,392,"Japan",778006.203,,
2024,400,"Jordan",17466.99,,
2024,398,"Kazakhstan",147446.044,,
2024,404,"Kenya",16589.795,,
2024,296,"Kiribati",178.074,,
2024,414,"Kuwait",128680.878,,
2024,417,"Kyrgyzstan",4320.287,,
2024,418,"Lao People's Dem. Rep.",17539.795,,
2024,428,"Latvia",20930.612,,
2024,422,"Lebanon",8736.431,,
2024,426,"Lesotho",1631.961,,
2024,430,"Liberia",15715.363,,
2024,434,"Libya",63543.064,,
2024,440,"Lithuania",39305.695,,
2024,442,"Luxembourg",18249.111,,
2024,450,"Madagascar",7937.313,,
2024,454,"Malawi",341.628,,
2024,458,"Malaysia",446834.603,,
2024,462,"Maldives",5211.134,,
2024,466,"Mali",4536.034,,
2024,470,"Malta",8096.243,,
2024,584,"Marshall Islands",9434.16,,
2024,478,"Mauritania",10591.585,,
2024,480,"Mauritius",6336.439,,
2024,484,"Mexico",307117.794,,
2024,583,"Micronesia (Federated States of)",316.659,,
2024,496,"Mongolia",33554.202,,
2024,499,"Montenegro",2000.211,,
2024,500,"Montserrat",84.823,,
2024,504,"Morocco",110379.183,,
2024,508,"Mozambique",20297.3,,
2024,104,"Myanmar",21766.97,,
2024,516,"Namibia",4658.423,,
2024,520,"Nauru",273.301,,
2024,524,"Nepal",7381.66,,
2024,528,"Netherlands (Kingdom of the)",566738.313,,
2024,530,"Netherlands Antilles",,,"Not applicable"
2024,540,"New Caledonia",3482.683,,
2024,554,"New Zealand",57304.811,,
2024,558,"Nicaragua",7908.978,,
2024,562,"Niger",1186.319,,
2024,566,"Nigeria",124540.789,,
2024,570,"Niue",9.057,,
2024,574,"Norfolk Island",11.5,,
2024,807,"North Macedonia",4639.887,,
2024,580,"Northern Mariana Islands",137.245,,
2024,578,"Norway",191554.625,,
2024,512,"Oman",145613.214,,
2024,586,"Pakistan",80506.273,,
2024,585,"Palau",113.218,,
2024,591,"Panama",5636.664,,
2024,598,"Papua New Guinea",17960.916,,
2024,600,"Paraguay",15006.964,,
2024,604,"Peru",98330.826,,
2024,608,"Philippines",197333.194,,
2024,612,"Pitcairn",4.552,,
2024,616,"Poland",199888.133,,
2024,620,"Portugal",57812.2,,
2024,634,"Qatar",151684.117,,
2024,410,"Republic of Korea",718024.501,,
2024,498,"Republic of Moldova",3105.631,,
2024,642,"Romania",75962.462,,
2024,643,"Russian Federation",855749.963,,
2024,646,"Rwanda",2363.186,,
2024,652,"Saint Barthelemy",85.03,,
2024,654,"Saint Helena",25.134,,
2024,659,"Saint Kitts and Nevis",241.879,,
2024,662,"Saint Lucia",609.63,,
2024,666,"Saint Pierre and Miquelon",,,"Not publishable"
2024,670,"Saint Vincent and the Grenadines",382.225,,
2024,882,"Samoa",347.069,,
2024,674,"San Marino",63.971,,
2024,678,"Sao Tome and Principe",,,"Not publishable"
2024,682,"Saudi Arabia",493453.178,,
2024,686,"Senegal",16726.303,,
2024,688,"Serbia",20104.739,,
2024,891,"Serbia and Montenegro",,,"Not applicable"
2024,690,"Seychelles",995.024,,
2024,694,"Sierra Leone",3324.206,,
2024,702,"Singapore",294920.932,,
2024,534,"Sint Maarten (Dutch part)",306.266,,
2024,703,"Slovakia",41572.452,,
2024,705,"Slovenia",25376.359,,
2024,090,"Solomon Islands",2291.394,,
2024,706,"Somalia",3528.487,,
2024,710,"South Africa",181571.088,,
2024,239,"South Georgia and the South Sandwich Islands",0.035,,
2024,728,"South Sudan",2269.775,,
2024,724,"Spain",319031.889,,
2024,144,"Sri Lanka",17315.329,,
2024,275,"State of Palestine",2735.063,,
2024,729,"Sudan",7352.35,,
2024,736,"Sudan (...2011)",,,"Not applicable"
2024,740,"Suriname",2638.592,,
2024,752,"Sweden",122921.058,,
2024,756,"Switzerland",28046.871,,
2024,760,"Syrian Arab Republic",7885.571,,
2024,762,"Tajikistan",2283.125,,
2024,764,"Thailand",250373.736,,
2024,626,"Timor-Leste",1281.762,,
2024,768,"Togo",6428.356,,
2024,772,"Tokelau",9.864,,
2024,776,"Tonga",210.423,,
2024,780,"Trinidad and Tobago",30046.372,,
2024,788,"Tunisia",16167.858,,
2024,792,"Turkiye",314843.644,,
2024,795,"Turkmenistan",27390.967,,
2024,796,"Turks and Caicos Islands",618.645,,
2024,798,"Tuvalu",92.822,,
2024,800,"Uganda",6906.975,,
2024,804,"Ukraine",97702.435,,
2024,784,"United Arab Emirates",432622.469,,
2024,826,"United Kingdom",384439.922,,
2024,834,"United Republic of Tanzania",,,"Not publishable"
2024,840,"United States",1615725.671,,
2024,581,"United States Minor Outlying Islands",54.428,,
2024,858,"Uruguay",19330.579,,
2024,860,"Uzbekistan",18137.579,,
2024,548,"Vanuatu",475.166,,
2024,862,"Venezuela (Bolivarian Rep. of)",48874.235,,
2024,704,"Viet Nam",303887.877,,
2024,876,"Wallis and Futuna Islands",35.5,,
2024,732,"Western Sahara",0.77,,
2024,887,"Yemen",8189.364,,
2024,894,"Zambia",7032.885,,
2024,716,"Zimbabwe",4915.346,,
2024,5702,"Northern America and Europe",7511279.987,,
2024,5706,"Europe, Northern America, Australia and New Zealand",9174876.925,,
2024,5703,"Central and Southern Asia",1301152.147,,
2024,5704,"Eastern and South-Eastern Asia",8050863.015,,
2024,5705,"Western Asia and Northern Africa",2531320.554,,
2024,1400,"Developing economies",13227120.195,,
2024,1410,"Developing economies: Africa",1153834.082,,
2024,1411,"Developing economies: Northern Africa",432694.294,,
2024,1412,"Developing economies: Sub-Saharan Africa",721139.789,,
2024,1420,"Developing economies: Americas",2139609.327,,
2024,1460,"Developing economies: Asia and Oceania",9933676.785,,
2024,1430,"Developing economies: Asia",9893296.633,,
2024,1431,"Developing economies: Central Asia",199578.003,,
2024,1433,"Developing economies: Eastern Asia",4068327.673,,
2024,1435,"Developing economies: South-eastern Asia",2486504.637,,
2024,1432,"Developing economies: Southern Asia",1101574.144,,
2024,1434,"Developing economies: Western Asia",2037312.175,,
2024,1450,"Developing economies: Oceania",40380.153,,
2024,1500,"Developed economies",10732276.143,,
2024,1520,"Developed economies: Americas",1977245.009,,
2024,1560,"Developed economies: Asia and Oceania",3232235.098,,
2024,1530,"Developed economies: Asia",1557344.79,,
2024,1550,"Developed economies: Oceania",1674890.309,,
2024,1540,"Developed economies: Europe",5522796.035,,
2024,1610,"LDCs (Least developed countries)",459158.515,,
2024,1614,"LDCs: Africa",285170.786,,
2024,1612,"LDCs: Asia",166382.604,,
2024,1615,"LDCs: Islands and Haiti",7605.124,,
2024,1620,"LLDCs (Landlocked developing countries)",400864.545,,
2024,1640,"SIDS (Small island developing States) (UN-OHRLLS)",487572.529,,
2024,1641,"SIDS: Atlantic and Indian Ocean",15258.507,,
2024,1642,"SIDS: Caribbean",135781.091,,
2024,1643,"SIDS: Pacific",336532.931,,
