Year,Economy,Economy Label,SeafarerType,SeafarerType Label,Absolute value,Absolute value Footnote,Absolute value Missing value,Percentage of total world,Percentage of total world Footnote,Percentage of total world Missing value
2015,0000,"World",1,"Officers",773949,,,100,,
2015,0000,"World",2,"Ratings",873545,,,100,,
2015,0000,"World",0,"Total",1647494,,,100,,
2015,008,"Albania",1,"Officers",445,"Estimated by BIMCO/ICS based on estimates of seafarer demand",,0.057497,,
2015,008,"Albania",2,"Ratings",519,"Estimated by BIMCO/ICS based on estimates of seafarer demand",,0.059413,,
2015,008,"Albania",0,"Total",964,"Estimated by BIMCO/ICS based on estimates of seafarer demand",,0.058513,,
2015,012,"Algeria",1,"Officers",548,"Estimated by BIMCO/ICS based on estimates of seafarer demand",,0.070806,,
2015,012,"Algeria",2,"Ratings",589,"Estimated by BIMCO/ICS based on estimates of seafarer demand",,0.067426,,
2015,012,"Algeria",0,"Total",1137,"Estimated by BIMCO/ICS based on estimates of seafarer demand",,0.069014,,
2015,024,"Angola",1,"Officers",317,"Estimated by BIMCO/ICS based on estimates of seafarer demand",,0.040959,,
2015,024,"Angola",2,"Ratings",346,"Estimated by BIMCO/ICS based on estimates of seafarer demand",,0.039609,,
2015,024,"Angola",0,"Total",663,"Estimated by BIMCO/ICS based on estimates of seafarer demand",,0.040243,,
2015,660,"Anguilla",1,"Officers",0,"Seafarer demand is assumed by BIMCO/ICS to be met by foreign seafarers",,0,,
2015,660,"Anguilla",2,"Ratings",0,"Seafarer demand is assumed by BIMCO/ICS to be met by foreign seafarers",,0,,
2015,660,"Anguilla",0,"Total",0,"Seafarer demand is assumed by BIMCO/ICS to be met by foreign seafarers",,0,,
2015,028,"Antigua and Barbuda",1,"Officers",0,"Seafarer demand is assumed by BIMCO/ICS to be met by foreign seafarers",,0,,
2015,028,"Antigua and Barbuda",2,"Ratings",0,"Seafarer demand is assumed by BIMCO/ICS to be met by foreign seafarers",,0,,
2015,028,"Antigua and Barbuda",0,"Total",0,"Seafarer demand is assumed by BIMCO/ICS to be met by foreign seafarers",,0,,
2015,032,"Argentina",1,"Officers",670,"Estimated by BIMCO/ICS based on estimates of seafarer demand",,0.086569,,
2015,032,"Argentina",2,"Ratings",571,"Estimated by BIMCO/ICS based on estimates of seafarer demand",,0.065366,,
2015,032,"Argentina",0,"Total",1241,"Estimated by BIMCO/ICS based on estimates of seafarer demand",,0.075327,,
2015,036,"Australia",1,"Officers",4779,,,0.617483,,
2015,036,"Australia",2,"Ratings",2925,,,0.334843,,
2015,036,"Australia",0,"Total",7704,,,0.467619,,
2015,031,"Azerbaijan",1,"Officers",693,"Estimated by BIMCO/ICS to be the same figure as in 2010",,0.089541,,
2015,031,"Azerbaijan",2,"Ratings",282,"Estimated by BIMCO/ICS to be the same figure as in 2010",,0.032282,,
2015,031,"Azerbaijan",0,"Total",975,"Estimated by BIMCO/ICS to be the same figure as in 2010",,0.059181,,
2015,044,"Bahamas",1,"Officers",124,"Estimated by BIMCO/ICS to be the same figure as in 2010",,0.016022,,
2015,044,"Bahamas",2,"Ratings",0,"Estimated by BIMCO/ICS to be the same figure as in 2010",,0,,
2015,044,"Bahamas",0,"Total",124,"Estimated by BIMCO/ICS to be the same figure as in 2010",,0.007527,,
2015,048,"Bahrain",1,"Officers",0,"Seafarer demand is assumed by BIMCO/ICS to be met by foreign seafarers",,0,,
2015,048,"Bahrain",2,"Ratings",0,"Seafarer demand is assumed by BIMCO/ICS to be met by foreign seafarers",,0,,
2015,048,"Bahrain",0,"Total",0,"Seafarer demand is assumed by BIMCO/ICS to be met by foreign seafarers",,0,,
2015,050,"Bangladesh",1,"Officers",3746,,,0.484011,,
2015,050,"Bangladesh",2,"Ratings",1401,,,0.160381,,
2015,050,"Bangladesh",0,"Total",5147,,,0.312414,,
2015,052,"Barbados",1,"Officers",0,"Seafarer demand is assumed by BIMCO/ICS to be met by foreign seafarers",,0,,
2015,052,"Barbados",2,"Ratings",0,"Seafarer demand is assumed by BIMCO/ICS to be met by foreign seafarers",,0,,
2015,052,"Barbados",0,"Total",0,"Seafarer demand is assumed by BIMCO/ICS to be met by foreign seafarers",,0,,
2015,056,"Belgium",1,"Officers",3665,,,0.473545,,
2015,056,"Belgium",2,"Ratings",1259,,,0.144125,,
2015,056,"Belgium",0,"Total",4924,,,0.298878,,
2015,084,"Belize",1,"Officers",0,"Seafarer demand is assumed by BIMCO/ICS to be met by foreign seafarers",,0,,
2015,084,"Belize",2,"Ratings",0,"Seafarer demand is assumed by BIMCO/ICS to be met by foreign seafarers",,0,,
2015,084,"Belize",0,"Total",0,"Seafarer demand is assumed by BIMCO/ICS to be met by foreign seafarers",,0,,
2015,204,"Benin",1,"Officers",0,"Seafarer demand is assumed by BIMCO/ICS to be met by foreign seafarers",,0,,
2015,204,"Benin",2,"Ratings",0,"Seafarer demand is assumed by BIMCO/ICS to be met by foreign seafarers",,0,,
2015,204,"Benin",0,"Total",0,"Seafarer demand is assumed by BIMCO/ICS to be met by foreign seafarers",,0,,
2015,060,"Bermuda",1,"Officers",15,"Estimated by BIMCO/ICS to be the same figure as in 2010",,0.001938,,
2015,060,"Bermuda",2,"Ratings",15,"Estimated by BIMCO/ICS to be the same figure as in 2010",,0.001717,,
2015,060,"Bermuda",0,"Total",30,"Estimated by BIMCO/ICS to be the same figure as in 2010",,0.001821,,
2015,068,"Bolivia (Plurinational State of)",1,"Officers",0,,,0,,
2015,068,"Bolivia (Plurinational State of)",2,"Ratings",0,,,0,,
2015,068,"Bolivia (Plurinational State of)",0,"Total",0,,,0,,
2015,076,"Brazil",1,"Officers",10526,"Estimated based on survey response or demand and adjusted by BIMCO/ICS",,1.360038,,
2015,076,"Brazil",2,"Ratings",18220,"Estimated based on survey response or demand and adjusted by BIMCO/ICS",,2.085754,,
2015,076,"Brazil",0,"Total",28746,"Estimated based on survey response or demand and adjusted by BIMCO/ICS",,1.744832,,
2015,092,"British Virgin Islands",1,"Officers",0,"Seafarer demand is assumed by BIMCO/ICS to be met by foreign seafarers",,0,,
2015,092,"British Virgin Islands",2,"Ratings",0,"Seafarer demand is assumed by BIMCO/ICS to be met by foreign seafarers",,0,,
2015,092,"British Virgin Islands",0,"Total",0,"Seafarer demand is assumed by BIMCO/ICS to be met by foreign seafarers",,0,,
2015,096,"Brunei Darussalam",1,"Officers",490,"Estimated by BIMCO/ICS based on estimates of seafarer demand",,0.063312,,
2015,096,"Brunei Darussalam",2,"Ratings",317,"Estimated by BIMCO/ICS based on estimates of seafarer demand",,0.036289,,
2015,096,"Brunei Darussalam",0,"Total",807,"Estimated by BIMCO/ICS based on estimates of seafarer demand",,0.048983,,
2015,100,"Bulgaria",1,"Officers",10890,"Estimated by BIMCO/ICS to be the same figure as in 2010",,1.407069,,
2015,100,"Bulgaria",2,"Ratings",22379,"Estimated by BIMCO/ICS to be the same figure as in 2010",,2.56186,,
2015,100,"Bulgaria",0,"Total",33269,"Estimated by BIMCO/ICS to be the same figure as in 2010",,2.01937,,
2015,132,"Cabo Verde",1,"Officers",274,"Estimated by BIMCO/ICS based on estimates of seafarer demand",,0.035403,,
2015,132,"Cabo Verde",2,"Ratings",320,"Estimated by BIMCO/ICS based on estimates of seafarer demand",,0.036632,,
2015,132,"Cabo Verde",0,"Total",594,"Estimated by BIMCO/ICS based on estimates of seafarer demand",,0.036055,,
2015,116,"Cambodia",1,"Officers",8053,"Estimated by BIMCO/ICS to be the same figure as in 2010",,1.040508,,
2015,116,"Cambodia",2,"Ratings",12004,"Estimated by BIMCO/ICS to be the same figure as in 2010",,1.374171,,
2015,116,"Cambodia",0,"Total",20057,"Estimated by BIMCO/ICS to be the same figure as in 2010",,1.217425,,
2015,120,"Cameroon",1,"Officers",97,"Estimated by BIMCO/ICS based on estimates of seafarer demand",,0.012533,,
2015,120,"Cameroon",2,"Ratings",77,"Estimated by BIMCO/ICS based on estimates of seafarer demand",,0.008815,,
2015,120,"Cameroon",0,"Total",174,"Estimated by BIMCO/ICS based on estimates of seafarer demand",,0.010561,,
2015,124,"Canada",1,"Officers",6363,"Estimated based on survey response or demand and adjusted by BIMCO/ICS",,0.822147,,
2015,124,"Canada",2,"Ratings",3103,"Estimated based on survey response or demand and adjusted by BIMCO/ICS",,0.355219,,
2015,124,"Canada",0,"Total",9466,"Estimated based on survey response or demand and adjusted by BIMCO/ICS",,0.57457,,
2015,136,"Cayman Islands",1,"Officers",0,"Seafarer demand is assumed by BIMCO/ICS to be met by foreign seafarers",,0,,
2015,136,"Cayman Islands",2,"Ratings",0,"Seafarer demand is assumed by BIMCO/ICS to be met by foreign seafarers",,0,,
2015,136,"Cayman Islands",0,"Total",0,"Seafarer demand is assumed by BIMCO/ICS to be met by foreign seafarers",,0,,
2015,152,"Chile",1,"Officers",6494,,,0.839073,,
2015,152,"Chile",2,"Ratings",5417,,,0.620117,,
2015,152,"Chile",0,"Total",11911,,,0.722977,,
2015,156,"China",1,"Officers",101600,"Estimated based on survey response or demand and adjusted by BIMCO/ICS",,13.12748,,
2015,156,"China",2,"Ratings",142035,"Estimated based on survey response or demand and adjusted by BIMCO/ICS",,16.259609,,
2015,156,"China",0,"Total",243635,"Estimated based on survey response or demand and adjusted by BIMCO/ICS",,14.788218,,
2015,344,"China, Hong Kong SAR",1,"Officers",757,,,0.09781,,
2015,344,"China, Hong Kong SAR",2,"Ratings",67,,,0.00767,,
2015,344,"China, Hong Kong SAR",0,"Total",824,,,0.050015,,
2015,158,"China, Taiwan Province of",1,"Officers",2567,"Estimated by BIMCO/ICS based on estimates of seafarer demand",,0.331676,,
2015,158,"China, Taiwan Province of",2,"Ratings",2567,"Estimated by BIMCO/ICS based on estimates of seafarer demand",,0.29386,,
2015,158,"China, Taiwan Province of",0,"Total",5134,"Estimated by BIMCO/ICS based on estimates of seafarer demand",,0.311625,,
2015,170,"Colombia",1,"Officers",460,"Estimated by BIMCO/ICS based on estimates of seafarer demand",,0.059435,,
2015,170,"Colombia",2,"Ratings",457,"Estimated by BIMCO/ICS based on estimates of seafarer demand",,0.052316,,
2015,170,"Colombia",0,"Total",917,"Estimated by BIMCO/ICS based on estimates of seafarer demand",,0.05566,,
2015,174,"Comoros",1,"Officers",1012,"Estimated based on seafarer supply or demand and adjusted by BIMCO/ICS",,0.130758,,
2015,174,"Comoros",2,"Ratings",2269,"Estimated based on seafarer supply or demand and adjusted by BIMCO/ICS",,0.259746,,
2015,174,"Comoros",0,"Total",3281,"Estimated based on seafarer supply or demand and adjusted by BIMCO/ICS",,0.199151,,
2015,178,"Congo",1,"Officers",11,"Estimated by BIMCO/ICS based on estimates of seafarer demand",,0.001421,,
2015,178,"Congo",2,"Ratings",10,"Estimated by BIMCO/ICS based on estimates of seafarer demand",,0.001145,,
2015,178,"Congo",0,"Total",21,"Estimated by BIMCO/ICS based on estimates of seafarer demand",,0.001275,,
2015,180,"Congo, Dem. Rep. of the",1,"Officers",57,"Estimated by BIMCO/ICS based on estimates of seafarer demand",,0.007365,,
2015,180,"Congo, Dem. Rep. of the",2,"Ratings",71,"Estimated by BIMCO/ICS based on estimates of seafarer demand",,0.008128,,
2015,180,"Congo, Dem. Rep. of the",0,"Total",128,"Estimated by BIMCO/ICS based on estimates of seafarer demand",,0.007769,,
2015,184,"Cook Islands",1,"Officers",297,"Estimated based on seafarer supply or demand and adjusted by BIMCO/ICS",,0.038375,,
2015,184,"Cook Islands",2,"Ratings",408,"Estimated based on seafarer supply or demand and adjusted by BIMCO/ICS",,0.046706,,
2015,184,"Cook Islands",0,"Total",705,"Estimated based on seafarer supply or demand and adjusted by BIMCO/ICS",,0.042792,,
2015,188,"Costa Rica",1,"Officers",64,"Estimated by BIMCO/ICS to be the same figure as in 2010",,0.008269,,
2015,188,"Costa Rica",2,"Ratings",102,"Estimated by BIMCO/ICS to be the same figure as in 2010",,0.011677,,
2015,188,"Costa Rica",0,"Total",166,"Estimated by BIMCO/ICS to be the same figure as in 2010",,0.010076,,
2015,384,"Côte d'Ivoire",1,"Officers",24,"Estimated by BIMCO/ICS based on estimates of seafarer demand",,0.003101,,
2015,384,"Côte d'Ivoire",2,"Ratings",23,"Estimated by BIMCO/ICS based on estimates of seafarer demand",,0.002633,,
2015,384,"Côte d'Ivoire",0,"Total",47,"Estimated by BIMCO/ICS based on estimates of seafarer demand",,0.002853,,
2015,191,"Croatia",1,"Officers",17183,,,2.220172,,
2015,191,"Croatia",2,"Ratings",10063,,,1.151973,,
2015,191,"Croatia",0,"Total",27246,,,1.653784,,
2015,192,"Cuba",1,"Officers",2263,"Estimated by BIMCO/ICS to be the same figure as in 2010",,0.292397,,
2015,192,"Cuba",2,"Ratings",3093,"Estimated by BIMCO/ICS to be the same figure as in 2010",,0.354074,,
2015,192,"Cuba",0,"Total",5356,"Estimated by BIMCO/ICS to be the same figure as in 2010",,0.3251,,
2015,531,"Curaçao",1,"Officers",0,"Seafarer demand is assumed by BIMCO/ICS to be met by foreign seafarers",,0,,
2015,531,"Curaçao",2,"Ratings",0,"Seafarer demand is assumed by BIMCO/ICS to be met by foreign seafarers",,0,,
2015,531,"Curaçao",0,"Total",0,"Seafarer demand is assumed by BIMCO/ICS to be met by foreign seafarers",,0,,
2015,196,"Cyprus",1,"Officers",2907,"Estimated based on survey response or demand and adjusted by BIMCO/ICS",,0.375606,,
2015,196,"Cyprus",2,"Ratings",514,"Estimated based on survey response or demand and adjusted by BIMCO/ICS",,0.058841,,
2015,196,"Cyprus",0,"Total",3421,"Estimated based on survey response or demand and adjusted by BIMCO/ICS",,0.207649,,
2015,208,"Denmark",1,"Officers",6432,,,0.831063,,
2015,208,"Denmark",2,"Ratings",1026,,,0.117452,,
2015,208,"Denmark",0,"Total",7458,,,0.452688,,
2015,262,"Djibouti",1,"Officers",42,"Estimated by BIMCO/ICS based on estimates of seafarer demand",,0.005427,,
2015,262,"Djibouti",2,"Ratings",45,"Estimated by BIMCO/ICS based on estimates of seafarer demand",,0.005151,,
2015,262,"Djibouti",0,"Total",87,"Estimated by BIMCO/ICS based on estimates of seafarer demand",,0.005281,,
2015,212,"Dominica",1,"Officers",397,"Estimated by BIMCO/ICS based on estimates of seafarer demand",,0.051295,,
2015,212,"Dominica",2,"Ratings",332,"Estimated by BIMCO/ICS based on estimates of seafarer demand",,0.038006,,
2015,212,"Dominica",0,"Total",729,"Estimated by BIMCO/ICS based on estimates of seafarer demand",,0.044249,,
2015,214,"Dominican Republic",1,"Officers",40,"Estimated by BIMCO/ICS based on estimates of seafarer demand",,0.005168,,
2015,214,"Dominican Republic",2,"Ratings",40,"Estimated by BIMCO/ICS based on estimates of seafarer demand",,0.004579,,
2015,214,"Dominican Republic",0,"Total",80,"Estimated by BIMCO/ICS based on estimates of seafarer demand",,0.004856,,
2015,218,"Ecuador",1,"Officers",1260,"Estimated by BIMCO/ICS based on estimates of seafarer demand",,0.162801,,
2015,218,"Ecuador",2,"Ratings",1557,"Estimated by BIMCO/ICS based on estimates of seafarer demand",,0.178239,,
2015,218,"Ecuador",0,"Total",2817,"Estimated by BIMCO/ICS based on estimates of seafarer demand",,0.170987,,
2015,818,"Egypt",1,"Officers",2093,"Estimated by BIMCO/ICS based on estimates of seafarer demand",,0.270431,,
2015,818,"Egypt",2,"Ratings",1869,"Estimated by BIMCO/ICS based on estimates of seafarer demand",,0.213956,,
2015,818,"Egypt",0,"Total",3962,"Estimated by BIMCO/ICS based on estimates of seafarer demand",,0.240486,,
2015,226,"Equatorial Guinea",1,"Officers",168,"Estimated by BIMCO/ICS based on estimates of seafarer demand",,0.021707,,
2015,226,"Equatorial Guinea",2,"Ratings",187,"Estimated by BIMCO/ICS based on estimates of seafarer demand",,0.021407,,
2015,226,"Equatorial Guinea",0,"Total",355,"Estimated by BIMCO/ICS based on estimates of seafarer demand",,0.021548,,
2015,232,"Eritrea",1,"Officers",45,"Estimated by BIMCO/ICS based on estimates of seafarer demand",,0.005814,,
2015,232,"Eritrea",2,"Ratings",47,"Estimated by BIMCO/ICS based on estimates of seafarer demand",,0.00538,,
2015,232,"Eritrea",0,"Total",92,"Estimated by BIMCO/ICS based on estimates of seafarer demand",,0.005584,,
2015,233,"Estonia",1,"Officers",2703,,,0.349248,,
2015,233,"Estonia",2,"Ratings",1158,,,0.132563,,
2015,233,"Estonia",0,"Total",3861,,,0.234356,,
2015,231,"Ethiopia",1,"Officers",215,"Estimated by BIMCO/ICS based on estimates of seafarer demand",,0.02778,,
2015,231,"Ethiopia",2,"Ratings",192,"Estimated by BIMCO/ICS based on estimates of seafarer demand",,0.021979,,
2015,231,"Ethiopia",0,"Total",407,"Estimated by BIMCO/ICS based on estimates of seafarer demand",,0.024704,,
2015,234,"Faroe Islands",1,"Officers",556,"Estimated by BIMCO/ICS based on estimates of seafarer demand",,0.071839,,
2015,234,"Faroe Islands",2,"Ratings",514,"Estimated by BIMCO/ICS based on estimates of seafarer demand",,0.058841,,
2015,234,"Faroe Islands",0,"Total",1070,"Estimated by BIMCO/ICS based on estimates of seafarer demand",,0.064947,,
2015,242,"Fiji",1,"Officers",249,"Estimated by BIMCO/ICS based on estimates of seafarer demand",,0.032173,,
2015,242,"Fiji",2,"Ratings",301,"Estimated by BIMCO/ICS based on estimates of seafarer demand",,0.034457,,
2015,242,"Fiji",0,"Total",550,"Estimated by BIMCO/ICS based on estimates of seafarer demand",,0.033384,,
2015,246,"Finland",1,"Officers",3819,"Estimated based on survey response or demand and adjusted by BIMCO/ICS",,0.493443,,
2015,246,"Finland",2,"Ratings",4979,"Estimated based on survey response or demand and adjusted by BIMCO/ICS",,0.569976,,
2015,246,"Finland",0,"Total",8798,"Estimated based on survey response or demand and adjusted by BIMCO/ICS",,0.534023,,
2015,251,"France",1,"Officers",2915,"Estimated by BIMCO/ICS based on estimates of seafarer demand",,0.37664,,
2015,251,"France",2,"Ratings",2446,"Estimated by BIMCO/ICS based on estimates of seafarer demand",,0.280008,,
2015,251,"France",0,"Total",5361,"Estimated by BIMCO/ICS based on estimates of seafarer demand",,0.325403,,
2015,250,"France, metropolitan",1,"Officers",2801,"Estimated by BIMCO/ICS based on estimates of seafarer demand",,0.36191,,
2015,250,"France, metropolitan",2,"Ratings",2258,"Estimated by BIMCO/ICS based on estimates of seafarer demand",,0.258487,,
2015,250,"France, metropolitan",0,"Total",5059,"Estimated by BIMCO/ICS based on estimates of seafarer demand",,0.307072,,
2015,312,"Guadeloupe",1,"Officers",93,"Estimated by BIMCO/ICS to be the same figure as in 2010",,0.012016,,
2015,312,"Guadeloupe",2,"Ratings",165,"Estimated by BIMCO/ICS to be the same figure as in 2010",,0.018889,,
2015,312,"Guadeloupe",0,"Total",258,"Estimated by BIMCO/ICS to be the same figure as in 2010",,0.01566,,
2015,474,"Martinique",1,"Officers",21,"Estimated by BIMCO/ICS to be the same figure as in 2010",,0.002713,,
2015,474,"Martinique",2,"Ratings",23,"Estimated by BIMCO/ICS to be the same figure as in 2010",,0.002633,,
2015,474,"Martinique",0,"Total",44,"Estimated by BIMCO/ICS to be the same figure as in 2010",,0.002671,,
2015,492,"Monaco",1,"Officers",0,"Seafarer demand is assumed by BIMCO/ICS to be met by foreign seafarers",,0,,
2015,492,"Monaco",2,"Ratings",0,"Seafarer demand is assumed by BIMCO/ICS to be met by foreign seafarers",,0,,
2015,492,"Monaco",0,"Total",0,"Seafarer demand is assumed by BIMCO/ICS to be met by foreign seafarers",,0,,
2015,258,"French Polynesia",1,"Officers",225,"Estimated by BIMCO/ICS to be the same figure as in 2010",,0.029072,,
2015,258,"French Polynesia",2,"Ratings",337,"Estimated by BIMCO/ICS to be the same figure as in 2010",,0.038578,,
2015,258,"French Polynesia",0,"Total",562,"Estimated by BIMCO/ICS to be the same figure as in 2010",,0.034112,,
2015,266,"Gabon",1,"Officers",157,"Estimated by BIMCO/ICS based on estimates of seafarer demand",,0.020286,,
2015,266,"Gabon",2,"Ratings",186,"Estimated by BIMCO/ICS based on estimates of seafarer demand",,0.021293,,
2015,266,"Gabon",0,"Total",343,"Estimated by BIMCO/ICS based on estimates of seafarer demand",,0.020819,,
2015,270,"Gambia",1,"Officers",44,"Estimated by BIMCO/ICS based on estimates of seafarer demand",,0.005685,,
2015,270,"Gambia",2,"Ratings",54,"Estimated by BIMCO/ICS based on estimates of seafarer demand",,0.006182,,
2015,270,"Gambia",0,"Total",98,"Estimated by BIMCO/ICS based on estimates of seafarer demand",,0.005948,,
2015,268,"Georgia",1,"Officers",3386,,,0.437497,,
2015,268,"Georgia",2,"Ratings",4584,,,0.524758,,
2015,268,"Georgia",0,"Total",7970,,,0.483765,,
2015,276,"Germany",1,"Officers",3708,,,0.479101,,
2015,276,"Germany",2,"Ratings",2527,,,0.289281,,
2015,276,"Germany",0,"Total",6235,,,0.378454,,
2015,288,"Ghana",1,"Officers",139,"Estimated by BIMCO/ICS based on estimates of seafarer demand",,0.01796,,
2015,288,"Ghana",2,"Ratings",136,"Estimated by BIMCO/ICS based on estimates of seafarer demand",,0.015569,,
2015,288,"Ghana",0,"Total",275,"Estimated by BIMCO/ICS based on estimates of seafarer demand",,0.016692,,
2015,292,"Gibraltar",1,"Officers",0,"Seafarer demand is assumed by BIMCO/ICS to be met by foreign seafarers",,0,,
2015,292,"Gibraltar",2,"Ratings",0,"Seafarer demand is assumed by BIMCO/ICS to be met by foreign seafarers",,0,,
2015,292,"Gibraltar",0,"Total",0,"Seafarer demand is assumed by BIMCO/ICS to be met by foreign seafarers",,0,,
2015,300,"Greece",1,"Officers",7451,"Estimated based on survey response or demand and adjusted by BIMCO/ICS",,0.962725,,
2015,300,"Greece",2,"Ratings",1874,"Estimated based on survey response or demand and adjusted by BIMCO/ICS",,0.214528,,
2015,300,"Greece",0,"Total",9325,"Estimated based on survey response or demand and adjusted by BIMCO/ICS",,0.566011,,
2015,308,"Grenada",1,"Officers",20,"Estimated by BIMCO/ICS based on estimates of seafarer demand",,0.002584,,
2015,308,"Grenada",2,"Ratings",27,"Estimated by BIMCO/ICS based on estimates of seafarer demand",,0.003091,,
2015,308,"Grenada",0,"Total",47,"Estimated by BIMCO/ICS based on estimates of seafarer demand",,0.002853,,
2015,320,"Guatemala",1,"Officers",8,"Estimated by BIMCO/ICS based on estimates of seafarer demand",,0.001034,,
2015,320,"Guatemala",2,"Ratings",8,"Estimated by BIMCO/ICS based on estimates of seafarer demand",,0.000916,,
2015,320,"Guatemala",0,"Total",16,"Estimated by BIMCO/ICS based on estimates of seafarer demand",,0.000971,,
2015,324,"Guinea",1,"Officers",29,"Estimated by BIMCO/ICS based on estimates of seafarer demand",,0.003747,,
2015,324,"Guinea",2,"Ratings",33,"Estimated by BIMCO/ICS based on estimates of seafarer demand",,0.003778,,
2015,324,"Guinea",0,"Total",62,"Estimated by BIMCO/ICS based on estimates of seafarer demand",,0.003763,,
2015,624,"Guinea-Bissau",1,"Officers",48,"Estimated by BIMCO/ICS based on estimates of seafarer demand",,0.006202,,
2015,624,"Guinea-Bissau",2,"Ratings",55,"Estimated by BIMCO/ICS based on estimates of seafarer demand",,0.006296,,
2015,624,"Guinea-Bissau",0,"Total",103,"Estimated by BIMCO/ICS based on estimates of seafarer demand",,0.006252,,
2015,328,"Guyana",1,"Officers",473,"Estimated by BIMCO/ICS based on estimates of seafarer demand",,0.061115,,
2015,328,"Guyana",2,"Ratings",517,"Estimated by BIMCO/ICS based on estimates of seafarer demand",,0.059184,,
2015,328,"Guyana",0,"Total",990,"Estimated by BIMCO/ICS based on estimates of seafarer demand",,0.060091,,
2015,332,"Haiti",1,"Officers",16,"Estimated by BIMCO/ICS based on estimates of seafarer demand",,0.002067,,
2015,332,"Haiti",2,"Ratings",18,"Estimated by BIMCO/ICS based on estimates of seafarer demand",,0.002061,,
2015,332,"Haiti",0,"Total",34,"Estimated by BIMCO/ICS based on estimates of seafarer demand",,0.002064,,
2015,340,"Honduras",1,"Officers",2184,"Estimated by BIMCO/ICS based on estimates of seafarer demand",,0.282189,,
2015,340,"Honduras",2,"Ratings",2670,"Estimated by BIMCO/ICS based on estimates of seafarer demand",,0.305651,,
2015,340,"Honduras",0,"Total",4854,"Estimated by BIMCO/ICS based on estimates of seafarer demand",,0.294629,,
2015,348,"Hungary",1,"Officers",55,,,0.007106,,
2015,348,"Hungary",2,"Ratings",35,,,0.004007,,
2015,348,"Hungary",0,"Total",90,,,0.005463,,
2015,352,"Iceland",1,"Officers",198,"Estimated by BIMCO/ICS based on estimates of seafarer demand",,0.025583,,
2015,352,"Iceland",2,"Ratings",251,"Estimated by BIMCO/ICS based on estimates of seafarer demand",,0.028733,,
2015,352,"Iceland",0,"Total",449,"Estimated by BIMCO/ICS based on estimates of seafarer demand",,0.027254,,
2015,356,"India",1,"Officers",69908,,,9.032637,,
2015,356,"India",2,"Ratings",16176,"Estimated by BIMCO/ICS to be the same figure as in 2010",,1.851765,,
2015,356,"India",0,"Total",86084,"Estimated by BIMCO/ICS to be the same figure as in 2010",,5.225148,,
2015,360,"Indonesia",1,"Officers",51237,"Estimated based on survey response or demand and adjusted by BIMCO/ICS",,6.620204,,
2015,360,"Indonesia",2,"Ratings",92465,"Estimated based on survey response or demand and adjusted by BIMCO/ICS",,10.58503,,
2015,360,"Indonesia",0,"Total",143702,"Estimated based on survey response or demand and adjusted by BIMCO/ICS",,8.72246,,
2015,364,"Iran (Islamic Republic of)",1,"Officers",7631,,,0.985982,,
2015,364,"Iran (Islamic Republic of)",2,"Ratings",10023,,,1.147394,,
2015,364,"Iran (Islamic Republic of)",0,"Total",17654,,,1.071567,,
2015,368,"Iraq",1,"Officers",132,"Estimated by BIMCO/ICS based on estimates of seafarer demand",,0.017055,,
2015,368,"Iraq",2,"Ratings",103,"Estimated by BIMCO/ICS based on estimates of seafarer demand",,0.011791,,
2015,368,"Iraq",0,"Total",235,"Estimated by BIMCO/ICS based on estimates of seafarer demand",,0.014264,,
2015,372,"Ireland",1,"Officers",564,,,0.072873,,
2015,372,"Ireland",2,"Ratings",1602,"Estimated by BIMCO/ICS to be the same figure as in 2010",,0.183391,,
2015,372,"Ireland",0,"Total",2166,"Estimated by BIMCO/ICS to be the same figure as in 2010",,0.131472,,
2015,376,"Israel",1,"Officers",201,"Estimated by BIMCO/ICS based on estimates of seafarer demand",,0.025971,,
2015,376,"Israel",2,"Ratings",183,"Estimated by BIMCO/ICS based on estimates of seafarer demand",,0.020949,,
2015,376,"Israel",0,"Total",384,"Estimated by BIMCO/ICS based on estimates of seafarer demand",,0.023308,,
2015,380,"Italy",1,"Officers",12988,,,1.678147,,
2015,380,"Italy",2,"Ratings",21498,,,2.461007,,
2015,380,"Italy",0,"Total",34486,,,2.09324,,
2015,388,"Jamaica",1,"Officers",223,"Estimated by BIMCO/ICS based on estimates of seafarer demand",,0.028813,,
2015,388,"Jamaica",2,"Ratings",240,"Estimated by BIMCO/ICS based on estimates of seafarer demand",,0.027474,,
2015,388,"Jamaica",0,"Total",463,"Estimated by BIMCO/ICS based on estimates of seafarer demand",,0.028103,,
2015,392,"Japan",1,"Officers",19119,,,2.470318,,
2015,392,"Japan",2,"Ratings",6339,,,0.725664,,
2015,392,"Japan",0,"Total",25458,,,1.545256,,
2015,400,"Jordan",1,"Officers",209,"Estimated by BIMCO/ICS based on estimates of seafarer demand",,0.027004,,
2015,400,"Jordan",2,"Ratings",230,"Estimated by BIMCO/ICS based on estimates of seafarer demand",,0.026329,,
2015,400,"Jordan",0,"Total",439,"Estimated by BIMCO/ICS based on estimates of seafarer demand",,0.026647,,
2015,398,"Kazakhstan",1,"Officers",0,"Seafarer demand is assumed by BIMCO/ICS to be met by foreign seafarers",,0,,
2015,398,"Kazakhstan",2,"Ratings",547,"Estimated by BIMCO/ICS based on estimates of seafarer demand",,0.062618,,
2015,398,"Kazakhstan",0,"Total",547,"Estimated by BIMCO/ICS based on estimates of seafarer demand",,0.033202,,
2015,404,"Kenya",1,"Officers",19,,,0.002455,,
2015,404,"Kenya",2,"Ratings",166,,,0.019003,,
2015,404,"Kenya",0,"Total",185,,,0.011229,,
2015,296,"Kiribati",1,"Officers",883,"Estimated by BIMCO/ICS based on estimates of seafarer demand",,0.11409,,
2015,296,"Kiribati",2,"Ratings",1770,"Estimated by BIMCO/ICS based on estimates of seafarer demand",,0.202623,,
2015,296,"Kiribati",0,"Total",2653,"Estimated by BIMCO/ICS based on estimates of seafarer demand",,0.161032,,
2015,408,"Korea, Dem. People's Rep. of",1,"Officers",1482,"Estimated by BIMCO/ICS based on estimates of seafarer demand",,0.191485,,
2015,408,"Korea, Dem. People's Rep. of",2,"Ratings",1573,"Estimated by BIMCO/ICS based on estimates of seafarer demand",,0.180071,,
2015,408,"Korea, Dem. People's Rep. of",0,"Total",3055,"Estimated by BIMCO/ICS based on estimates of seafarer demand",,0.185433,,
2015,410,"Korea, Republic of",1,"Officers",14126,"Estimated by BIMCO/ICS based on estimates of seafarer demand",,1.825185,,
2015,410,"Korea, Republic of",2,"Ratings",14042,"Estimated by BIMCO/ICS based on estimates of seafarer demand",,1.607473,,
2015,410,"Korea, Republic of",0,"Total",28168,"Estimated by BIMCO/ICS based on estimates of seafarer demand",,1.709748,,
2015,414,"Kuwait",1,"Officers",0,,,0,,
2015,414,"Kuwait",2,"Ratings",0,,,0,,
2015,414,"Kuwait",0,"Total",0,,,0,,
2015,418,"Lao People's Dem. Rep.",1,"Officers",8,"Estimated by BIMCO/ICS based on estimates of seafarer demand",,0.001034,,
2015,418,"Lao People's Dem. Rep.",2,"Ratings",9,"Estimated by BIMCO/ICS based on estimates of seafarer demand",,0.00103,,
2015,418,"Lao People's Dem. Rep.",0,"Total",17,"Estimated by BIMCO/ICS based on estimates of seafarer demand",,0.001032,,
2015,428,"Latvia",1,"Officers",5500,"Estimated based on survey response or demand and adjusted by BIMCO/ICS",,0.710641,,
2015,428,"Latvia",2,"Ratings",2278,"Estimated based on survey response or demand and adjusted by BIMCO/ICS",,0.260776,,
2015,428,"Latvia",0,"Total",7778,"Estimated based on survey response or demand and adjusted by BIMCO/ICS",,0.472111,,
2015,422,"Lebanon",1,"Officers",293,"Estimated by BIMCO/ICS based on estimates of seafarer demand",,0.037858,,
2015,422,"Lebanon",2,"Ratings",286,"Estimated by BIMCO/ICS based on estimates of seafarer demand",,0.03274,,
2015,422,"Lebanon",0,"Total",579,"Estimated by BIMCO/ICS based on estimates of seafarer demand",,0.035144,,
2015,430,"Liberia",1,"Officers",58,,,0.007494,,
2015,430,"Liberia",2,"Ratings",604,,,0.069144,,
2015,430,"Liberia",0,"Total",662,,,0.040182,,
2015,434,"Libya",1,"Officers",493,"Estimated by BIMCO/ICS based on estimates of seafarer demand",,0.063699,,
2015,434,"Libya",2,"Ratings",413,"Estimated by BIMCO/ICS based on estimates of seafarer demand",,0.047279,,
2015,434,"Libya",0,"Total",906,"Estimated by BIMCO/ICS based on estimates of seafarer demand",,0.054993,,
2015,440,"Lithuania",1,"Officers",424,"Estimated by BIMCO/ICS based on estimates of seafarer demand",,0.054784,,
2015,440,"Lithuania",2,"Ratings",2479,"Estimated by BIMCO/ICS to be the same figure as in 2010",,0.283786,,
2015,440,"Lithuania",0,"Total",2903,"Estimated by BIMCO/ICS based on estimates of seafarer demand",,0.176207,,
2015,442,"Luxembourg",1,"Officers",0,"Seafarer demand is assumed by BIMCO/ICS to be met by foreign seafarers",,0,,
2015,442,"Luxembourg",2,"Ratings",0,"Seafarer demand is assumed by BIMCO/ICS to be met by foreign seafarers",,0,,
2015,442,"Luxembourg",0,"Total",0,"Seafarer demand is assumed by BIMCO/ICS to be met by foreign seafarers",,0,,
2015,450,"Madagascar",1,"Officers",123,"Estimated by BIMCO/ICS based on estimates of seafarer demand",,0.015893,,
2015,450,"Madagascar",2,"Ratings",1064,"Estimated by BIMCO/ICS to be the same figure as in 2010",,0.121803,,
2015,450,"Madagascar",0,"Total",1187,"Estimated by BIMCO/ICS based on estimates of seafarer demand",,0.072049,,
2015,458,"Malaysia",1,"Officers",6313,"Estimated by BIMCO/ICS to be the same figure as in 2010",,0.815687,,
2015,458,"Malaysia",2,"Ratings",28687,"Estimated by BIMCO/ICS to be the same figure as in 2010",,3.283975,,
2015,458,"Malaysia",0,"Total",35000,"Estimated by BIMCO/ICS to be the same figure as in 2010",,2.124439,,
2015,462,"Maldives",1,"Officers",456,"Estimated by BIMCO/ICS based on estimates of seafarer demand",,0.058919,,
2015,462,"Maldives",2,"Ratings",505,"Estimated by BIMCO/ICS based on estimates of seafarer demand",,0.05781,,
2015,462,"Maldives",0,"Total",961,"Estimated by BIMCO/ICS based on estimates of seafarer demand",,0.058331,,
2015,470,"Malta",1,"Officers",151,,,0.01951,,
2015,470,"Malta",2,"Ratings",594,,,0.067999,,
2015,470,"Malta",0,"Total",745,,,0.04522,,
2015,584,"Marshall Islands",1,"Officers",1,,,0.000129,,
2015,584,"Marshall Islands",2,"Ratings",7,,,0.000801,,
2015,584,"Marshall Islands",0,"Total",8,,,0.000486,,
2015,478,"Mauritania",1,"Officers",29,"Estimated by BIMCO/ICS based on estimates of seafarer demand",,0.003747,,
2015,478,"Mauritania",2,"Ratings",33,"Estimated by BIMCO/ICS based on estimates of seafarer demand",,0.003778,,
2015,478,"Mauritania",0,"Total",62,"Estimated by BIMCO/ICS based on estimates of seafarer demand",,0.003763,,
2015,480,"Mauritius",1,"Officers",98,"Estimated by BIMCO/ICS to be the same figure as in 2010",,0.012662,,
2015,480,"Mauritius",2,"Ratings",665,"Estimated by BIMCO/ICS to be the same figure as in 2010",,0.076127,,
2015,480,"Mauritius",0,"Total",763,"Estimated by BIMCO/ICS to be the same figure as in 2010",,0.046313,,
2015,484,"Mexico",1,"Officers",4552,,,0.588152,,
2015,484,"Mexico",2,"Ratings",1419,,,0.162442,,
2015,484,"Mexico",0,"Total",5971,,,0.362429,,
2015,583,"Micronesia (Federated States of)",1,"Officers",163,"Estimated by BIMCO/ICS based on estimates of seafarer demand",,0.021061,,
2015,583,"Micronesia (Federated States of)",2,"Ratings",193,"Estimated by BIMCO/ICS based on estimates of seafarer demand",,0.022094,,
2015,583,"Micronesia (Federated States of)",0,"Total",356,"Estimated by BIMCO/ICS based on estimates of seafarer demand",,0.021609,,
2015,498,"Moldova, Republic of",1,"Officers",832,"Estimated by BIMCO/ICS based on estimates of seafarer demand",,0.107501,,
2015,498,"Moldova, Republic of",2,"Ratings",1758,"Estimated by BIMCO/ICS based on estimates of seafarer demand",,0.201249,,
2015,498,"Moldova, Republic of",0,"Total",2590,"Estimated by BIMCO/ICS based on estimates of seafarer demand",,0.157208,,
2015,496,"Mongolia",1,"Officers",0,"Estimated by BIMCO/ICS based on estimates of seafarer demand",,0,,
2015,496,"Mongolia",2,"Ratings",0,"Estimated by BIMCO/ICS based on estimates of seafarer demand",,0,,
2015,496,"Mongolia",0,"Total",0,"Estimated by BIMCO/ICS based on estimates of seafarer demand",,0,,
2015,499,"Montenegro",1,"Officers",110,"Estimated by BIMCO/ICS based on estimates of seafarer demand",,0.014213,,
2015,499,"Montenegro",2,"Ratings",116,"Estimated by BIMCO/ICS based on estimates of seafarer demand",,0.013279,,
2015,499,"Montenegro",0,"Total",226,"Estimated by BIMCO/ICS based on estimates of seafarer demand",,0.013718,,
2015,504,"Morocco",1,"Officers",1069,,,0.138123,,
2015,504,"Morocco",2,"Ratings",7012,,,0.802706,,
2015,504,"Morocco",0,"Total",8081,,,0.490503,,
2015,508,"Mozambique",1,"Officers",85,"Estimated by BIMCO/ICS based on estimates of seafarer demand",,0.010983,,
2015,508,"Mozambique",2,"Ratings",94,"Estimated by BIMCO/ICS based on estimates of seafarer demand",,0.010761,,
2015,508,"Mozambique",0,"Total",179,"Estimated by BIMCO/ICS based on estimates of seafarer demand",,0.010865,,
2015,104,"Myanmar",1,"Officers",11230,"Estimated based on survey response or demand and adjusted by BIMCO/ICS",,1.451,,
2015,104,"Myanmar",2,"Ratings",14811,"Estimated based on survey response or demand and adjusted by BIMCO/ICS",,1.695505,,
2015,104,"Myanmar",0,"Total",26041,"Estimated based on survey response or demand and adjusted by BIMCO/ICS",,1.580643,,
2015,516,"Namibia",1,"Officers",26,"Estimated by BIMCO/ICS based on estimates of seafarer demand",,0.003359,,
2015,516,"Namibia",2,"Ratings",22,"Estimated by BIMCO/ICS based on estimates of seafarer demand",,0.002518,,
2015,516,"Namibia",0,"Total",48,"Estimated by BIMCO/ICS based on estimates of seafarer demand",,0.002914,,
2015,528,"Netherlands (Kingdom of the)",1,"Officers",4708,,,0.608309,,
2015,528,"Netherlands (Kingdom of the)",2,"Ratings",348,,,0.039838,,
2015,528,"Netherlands (Kingdom of the)",0,"Total",5056,,,0.30689,,
2015,540,"New Caledonia",1,"Officers",0,"Seafarer demand is assumed by BIMCO/ICS to be met by foreign seafarers",,0,,
2015,540,"New Caledonia",2,"Ratings",0,"Seafarer demand is assumed by BIMCO/ICS to be met by foreign seafarers",,0,,
2015,540,"New Caledonia",0,"Total",0,"Seafarer demand is assumed by BIMCO/ICS to be met by foreign seafarers",,0,,
2015,554,"New Zealand",1,"Officers",517,"Estimated by BIMCO/ICS based on estimates of seafarer demand",,0.0668,,
2015,554,"New Zealand",2,"Ratings",620,"Estimated by BIMCO/ICS based on estimates of seafarer demand",,0.070975,,
2015,554,"New Zealand",0,"Total",1137,"Estimated by BIMCO/ICS based on estimates of seafarer demand",,0.069014,,
2015,558,"Nicaragua",1,"Officers",24,"Estimated by BIMCO/ICS based on estimates of seafarer demand",,0.003101,,
2015,558,"Nicaragua",2,"Ratings",26,"Estimated by BIMCO/ICS based on estimates of seafarer demand",,0.002976,,
2015,558,"Nicaragua",0,"Total",50,"Estimated by BIMCO/ICS based on estimates of seafarer demand",,0.003035,,
2015,566,"Nigeria",1,"Officers",1998,"Estimated by BIMCO/ICS based on estimates of seafarer demand",,0.258157,,
2015,566,"Nigeria",2,"Ratings",3762,"Estimated by BIMCO/ICS based on estimates of seafarer demand",,0.430659,,
2015,566,"Nigeria",0,"Total",5760,"Estimated by BIMCO/ICS based on estimates of seafarer demand",,0.349622,,
2015,570,"Niue",1,"Officers",0,"Seafarer demand is assumed by BIMCO/ICS to be met by foreign seafarers",,0,,
2015,570,"Niue",2,"Ratings",215,"Estimated by BIMCO/ICS based on estimates of seafarer demand",,0.024612,,
2015,570,"Niue",0,"Total",215,"Estimated by BIMCO/ICS based on estimates of seafarer demand",,0.01305,,
2015,579,"Norway",1,"Officers",14768,,,1.908136,,
2015,579,"Norway",2,"Ratings",18933,,,2.167375,,
2015,579,"Norway",0,"Total",33701,,,2.045592,,
2015,512,"Oman",1,"Officers",91,"Estimated by BIMCO/ICS based on estimates of seafarer demand",,0.011758,,
2015,512,"Oman",2,"Ratings",404,"Estimated by BIMCO/ICS based on estimates of seafarer demand",,0.046248,,
2015,512,"Oman",0,"Total",495,"Estimated by BIMCO/ICS based on estimates of seafarer demand",,0.030046,,
2015,586,"Pakistan",1,"Officers",2841,"Estimated by BIMCO/ICS to be the same figure as in 2010",,0.367078,,
2015,586,"Pakistan",2,"Ratings",9327,"Estimated by BIMCO/ICS to be the same figure as in 2010",,1.067718,,
2015,586,"Pakistan",0,"Total",12168,"Estimated by BIMCO/ICS to be the same figure as in 2010",,0.738576,,
2015,585,"Palau",1,"Officers",0,"Estimated by BIMCO/ICS to be the same figure as in 2010",,0,,
2015,585,"Palau",2,"Ratings",0,"Estimated by BIMCO/ICS to be the same figure as in 2010",,0,,
2015,585,"Palau",0,"Total",0,"Estimated by BIMCO/ICS to be the same figure as in 2010",,0,,
2015,591,"Panama",1,"Officers",14022,,,1.811747,,
2015,591,"Panama",2,"Ratings",11119,,,1.272859,,
2015,591,"Panama",0,"Total",25141,,,1.526015,,
2015,598,"Papua New Guinea",1,"Officers",561,"Estimated by BIMCO/ICS based on estimates of seafarer demand",,0.072485,,
2015,598,"Papua New Guinea",2,"Ratings",626,"Estimated by BIMCO/ICS based on estimates of seafarer demand",,0.071662,,
2015,598,"Papua New Guinea",0,"Total",1187,"Estimated by BIMCO/ICS based on estimates of seafarer demand",,0.072049,,
2015,600,"Paraguay",1,"Officers",414,"Estimated by BIMCO/ICS based on estimates of seafarer demand",,0.053492,,
2015,600,"Paraguay",2,"Ratings",449,"Estimated by BIMCO/ICS based on estimates of seafarer demand",,0.0514,,
2015,600,"Paraguay",0,"Total",863,"Estimated by BIMCO/ICS based on estimates of seafarer demand",,0.052383,,
2015,604,"Peru",1,"Officers",1113,,,0.143808,,
2015,604,"Peru",2,"Ratings",1711,,,0.195869,,
2015,604,"Peru",0,"Total",2824,,,0.171412,,
2015,608,"Philippines",1,"Officers",72500,"Estimated based on survey response or demand and adjusted by BIMCO/ICS",,9.367542,,
2015,608,"Philippines",2,"Ratings",143000,"Estimated based on survey response or demand and adjusted by BIMCO/ICS",,16.370078,,
2015,608,"Philippines",0,"Total",215500,"Estimated based on survey response or demand and adjusted by BIMCO/ICS",,13.080473,,
2015,616,"Poland",1,"Officers",25586,,,3.305903,,
2015,616,"Poland",2,"Ratings",6603,,,0.755886,,
2015,616,"Poland",0,"Total",32189,,,1.953816,,
2015,620,"Portugal",1,"Officers",851,,,0.109956,,
2015,620,"Portugal",2,"Ratings",590,,,0.067541,,
2015,620,"Portugal",0,"Total",1441,,,0.087466,,
2015,634,"Qatar",1,"Officers",0,"Seafarer demand is assumed by BIMCO/ICS to be met by foreign seafarers",,0,,
2015,634,"Qatar",2,"Ratings",730,"Estimated by BIMCO/ICS based on estimates of seafarer demand",,0.083568,,
2015,634,"Qatar",0,"Total",730,"Estimated by BIMCO/ICS based on estimates of seafarer demand",,0.04431,,
2015,642,"Romania",1,"Officers",11000,,,1.421282,,
2015,642,"Romania",2,"Ratings",5000,,,0.57238,,
2015,642,"Romania",0,"Total",16000,,,0.971172,,
2015,643,"Russian Federation",1,"Officers",47972,"Estimated based on survey response or demand and adjusted by BIMCO/ICS",,6.198341,,
2015,643,"Russian Federation",2,"Ratings",49089,"Estimated based on survey response or demand and adjusted by BIMCO/ICS",,5.619516,,
2015,643,"Russian Federation",0,"Total",97061,"Estimated based on survey response or demand and adjusted by BIMCO/ICS",,5.891433,,
2015,654,"Saint Helena",1,"Officers",0,"Estimated by BIMCO/ICS to be the same figure as in 2010",,0,,
2015,654,"Saint Helena",2,"Ratings",0,"Estimated by BIMCO/ICS to be the same figure as in 2010",,0,,
2015,654,"Saint Helena",0,"Total",0,"Estimated by BIMCO/ICS to be the same figure as in 2010",,0,,
2015,659,"Saint Kitts and Nevis",1,"Officers",0,"Seafarer demand is assumed by BIMCO/ICS to be met by foreign seafarers",,0,,
2015,659,"Saint Kitts and Nevis",2,"Ratings",1889,"Estimated by BIMCO/ICS based on estimates of seafarer demand",,0.216245,,
2015,659,"Saint Kitts and Nevis",0,"Total",1889,"Estimated by BIMCO/ICS based on estimates of seafarer demand",,0.114659,,
2015,670,"Saint Vincent and the Grenadines",1,"Officers",0,"Estimated by BIMCO/ICS to be the same figure as in 2010",,0,,
2015,670,"Saint Vincent and the Grenadines",2,"Ratings",0,"Estimated by BIMCO/ICS to be the same figure as in 2010",,0,,
2015,670,"Saint Vincent and the Grenadines",0,"Total",0,"Estimated by BIMCO/ICS to be the same figure as in 2010",,0,,
2015,882,"Samoa",1,"Officers",100,"Estimated by BIMCO/ICS based on estimates of seafarer demand",,0.012921,,
2015,882,"Samoa",2,"Ratings",113,"Estimated by BIMCO/ICS based on estimates of seafarer demand",,0.012936,,
2015,882,"Samoa",0,"Total",213,"Estimated by BIMCO/ICS based on estimates of seafarer demand",,0.012929,,
2015,678,"Sao Tome and Principe",1,"Officers",209,"Estimated by BIMCO/ICS based on estimates of seafarer demand",,0.027004,,
2015,678,"Sao Tome and Principe",2,"Ratings",222,"Estimated by BIMCO/ICS based on estimates of seafarer demand",,0.025414,,
2015,678,"Sao Tome and Principe",0,"Total",431,"Estimated by BIMCO/ICS based on estimates of seafarer demand",,0.026161,,
2015,682,"Saudi Arabia",1,"Officers",0,"Seafarer demand is assumed by BIMCO/ICS to be met by foreign seafarers",,0,,
2015,682,"Saudi Arabia",2,"Ratings",0,"Seafarer demand is assumed by BIMCO/ICS to be met by foreign seafarers",,0,,
2015,682,"Saudi Arabia",0,"Total",0,"Seafarer demand is assumed by BIMCO/ICS to be met by foreign seafarers",,0,,
2015,686,"Senegal",1,"Officers",123,"Estimated by BIMCO/ICS based on estimates of seafarer demand",,0.015893,,
2015,686,"Senegal",2,"Ratings",143,"Estimated by BIMCO/ICS based on estimates of seafarer demand",,0.01637,,
2015,686,"Senegal",0,"Total",266,"Estimated by BIMCO/ICS based on estimates of seafarer demand",,0.016146,,
2015,690,"Seychelles",1,"Officers",68,"Estimated by BIMCO/ICS based on estimates of seafarer demand",,0.008786,,
2015,690,"Seychelles",2,"Ratings",134,"Estimated by BIMCO/ICS based on estimates of seafarer demand",,0.01534,,
2015,690,"Seychelles",0,"Total",202,"Estimated by BIMCO/ICS based on estimates of seafarer demand",,0.012261,,
2015,694,"Sierra Leone",1,"Officers",1552,"Estimated by BIMCO/ICS based on estimates of seafarer demand",,0.20053,,
2015,694,"Sierra Leone",2,"Ratings",3042,"Estimated by BIMCO/ICS based on estimates of seafarer demand",,0.348236,,
2015,694,"Sierra Leone",0,"Total",4594,"Estimated by BIMCO/ICS based on estimates of seafarer demand",,0.278848,,
2015,702,"Singapore",1,"Officers",7023,"Estimated based on seafarer supply or demand and adjusted by BIMCO/ICS",,0.907424,,
2015,702,"Singapore",2,"Ratings",1150,"Estimated based on seafarer supply or demand and adjusted by BIMCO/ICS",,0.131647,,
2015,702,"Singapore",0,"Total",8173,"Estimated based on seafarer supply or demand and adjusted by BIMCO/ICS",,0.496087,,
2015,703,"Slovakia",1,"Officers",0,"Estimated by BIMCO/ICS based on estimates of seafarer demand",,0,,
2015,703,"Slovakia",2,"Ratings",0,"Estimated by BIMCO/ICS based on estimates of seafarer demand",,0,,
2015,703,"Slovakia",0,"Total",0,"Estimated by BIMCO/ICS based on estimates of seafarer demand",,0,,
2015,705,"Slovenia",1,"Officers",544,"Estimated by BIMCO/ICS to be the same figure as in 2010",,0.070289,,
2015,705,"Slovenia",2,"Ratings",100,"Estimated by BIMCO/ICS to be the same figure as in 2010",,0.011448,,
2015,705,"Slovenia",0,"Total",644,"Estimated by BIMCO/ICS to be the same figure as in 2010",,0.03909,,
2015,090,"Solomon Islands",1,"Officers",208,,,0.026875,,
2015,090,"Solomon Islands",2,"Ratings",1294,,,0.148132,,
2015,090,"Solomon Islands",0,"Total",1502,,,0.091169,,
2015,706,"Somalia",1,"Officers",51,"Estimated by BIMCO/ICS to be the same figure as in 2010",,0.00659,,
2015,706,"Somalia",2,"Ratings",56,"Estimated by BIMCO/ICS to be the same figure as in 2010",,0.006411,,
2015,706,"Somalia",0,"Total",107,"Estimated by BIMCO/ICS to be the same figure as in 2010",,0.006495,,
2015,710,"South Africa",1,"Officers",1986,,,0.256606,,
2015,710,"South Africa",2,"Ratings",1044,,,0.119513,,
2015,710,"South Africa",0,"Total",3030,,,0.183916,,
2015,724,"Spain",1,"Officers",1546,"Estimated by BIMCO/ICS based on estimates of seafarer demand",,0.199755,,
2015,724,"Spain",2,"Ratings",842,"Estimated by BIMCO/ICS based on estimates of seafarer demand",,0.096389,,
2015,724,"Spain",0,"Total",2388,"Estimated by BIMCO/ICS based on estimates of seafarer demand",,0.144947,,
2015,144,"Sri Lanka",1,"Officers",2282,"Estimated by BIMCO/ICS to be the same figure as in 2010",,0.294851,,
2015,144,"Sri Lanka",2,"Ratings",19511,"Estimated by BIMCO/ICS to be the same figure as in 2010",,2.233543,,
2015,144,"Sri Lanka",0,"Total",21793,"Estimated by BIMCO/ICS to be the same figure as in 2010",,1.322797,,
2015,729,"Sudan",1,"Officers",45,"Estimated by BIMCO/ICS based on estimates of seafarer demand",,0.005814,,
2015,729,"Sudan",2,"Ratings",44,"Estimated by BIMCO/ICS based on estimates of seafarer demand",,0.005037,,
2015,729,"Sudan",0,"Total",89,"Estimated by BIMCO/ICS based on estimates of seafarer demand",,0.005402,,
2015,740,"Suriname",1,"Officers",52,"Estimated by BIMCO/ICS based on estimates of seafarer demand",,0.006719,,
2015,740,"Suriname",2,"Ratings",46,"Estimated by BIMCO/ICS based on estimates of seafarer demand",,0.005266,,
2015,740,"Suriname",0,"Total",98,"Estimated by BIMCO/ICS based on estimates of seafarer demand",,0.005948,,
2015,752,"Sweden",1,"Officers",4266,"Estimated based on seafarer supply or demand and adjusted by BIMCO/ICS",,0.551199,,
2015,752,"Sweden",2,"Ratings",3972,"Estimated based on seafarer supply or demand and adjusted by BIMCO/ICS",,0.454699,,
2015,752,"Sweden",0,"Total",8238,"Estimated based on seafarer supply or demand and adjusted by BIMCO/ICS",,0.500032,,
2015,757,"Switzerland, Liechtenstein",1,"Officers",4,,,0.000517,,
2015,757,"Switzerland, Liechtenstein",2,"Ratings",2,,,0.000229,,
2015,757,"Switzerland, Liechtenstein",0,"Total",6,,,0.000364,,
2015,756,"Switzerland",1,"Officers",4,,,0.000517,,
2015,756,"Switzerland",2,"Ratings",2,,,0.000229,,
2015,756,"Switzerland",0,"Total",6,,,0.000364,,
2015,760,"Syrian Arab Republic",1,"Officers",92,"Estimated by BIMCO/ICS based on estimates of seafarer demand",,0.011887,,
2015,760,"Syrian Arab Republic",2,"Ratings",96,"Estimated by BIMCO/ICS based on estimates of seafarer demand",,0.01099,,
2015,760,"Syrian Arab Republic",0,"Total",188,"Estimated by BIMCO/ICS based on estimates of seafarer demand",,0.011411,,
2015,834,"Tanzania, United Republic of",1,"Officers",339,"Estimated by BIMCO/ICS based on estimates of seafarer demand",,0.043801,,
2015,834,"Tanzania, United Republic of",2,"Ratings",1659,"Estimated by BIMCO/ICS based on estimates of seafarer demand",,0.189916,,
2015,834,"Tanzania, United Republic of",0,"Total",1998,"Estimated by BIMCO/ICS based on estimates of seafarer demand",,0.121275,,
2015,764,"Thailand",1,"Officers",6560,"Estimated by BIMCO/ICS based on estimates of seafarer demand",,0.847601,,
2015,764,"Thailand",2,"Ratings",5894,"Estimated by BIMCO/ICS based on estimates of seafarer demand",,0.674722,,
2015,764,"Thailand",0,"Total",12454,"Estimated by BIMCO/ICS based on estimates of seafarer demand",,0.755936,,
2015,626,"Timor-Leste",1,"Officers",0,"Estimated by BIMCO/ICS based on estimates of seafarer demand",,0,,
2015,626,"Timor-Leste",2,"Ratings",0,"Estimated by BIMCO/ICS based on estimates of seafarer demand",,0,,
2015,626,"Timor-Leste",0,"Total",0,"Estimated by BIMCO/ICS based on estimates of seafarer demand",,0,,
2015,768,"Togo",1,"Officers",350,"Estimated by BIMCO/ICS to be the same figure as in 2010",,0.045223,,
2015,768,"Togo",2,"Ratings",478,"Estimated by BIMCO/ICS to be the same figure as in 2010",,0.05472,,
2015,768,"Togo",0,"Total",828,"Estimated by BIMCO/ICS to be the same figure as in 2010",,0.050258,,
2015,776,"Tonga",1,"Officers",178,"Estimated by BIMCO/ICS based on estimates of seafarer demand",,0.022999,,
2015,776,"Tonga",2,"Ratings",193,"Estimated by BIMCO/ICS based on estimates of seafarer demand",,0.022094,,
2015,776,"Tonga",0,"Total",371,"Estimated by BIMCO/ICS based on estimates of seafarer demand",,0.022519,,
2015,780,"Trinidad and Tobago",1,"Officers",686,"Estimated by BIMCO/ICS based on estimates of seafarer demand",,0.088636,,
2015,780,"Trinidad and Tobago",2,"Ratings",579,"Estimated by BIMCO/ICS based on estimates of seafarer demand",,0.066282,,
2015,780,"Trinidad and Tobago",0,"Total",1265,"Estimated by BIMCO/ICS based on estimates of seafarer demand",,0.076783,,
2015,788,"Tunisia",1,"Officers",317,"Estimated by BIMCO/ICS based on estimates of seafarer demand",,0.040959,,
2015,788,"Tunisia",2,"Ratings",318,"Estimated by BIMCO/ICS based on estimates of seafarer demand",,0.036403,,
2015,788,"Tunisia",0,"Total",635,"Estimated by BIMCO/ICS based on estimates of seafarer demand",,0.038543,,
2015,792,"Türkiye",1,"Officers",18568,"Estimated by BIMCO/ICS based on estimates of seafarer demand",,2.399124,,
2015,792,"Türkiye",2,"Ratings",20417,"Estimated by BIMCO/ICS based on estimates of seafarer demand",,2.337258,,
2015,792,"Türkiye",0,"Total",38985,"Estimated by BIMCO/ICS based on estimates of seafarer demand",,2.366321,,
2015,795,"Turkmenistan",1,"Officers",286,"Estimated by BIMCO/ICS based on estimates of seafarer demand",,0.036953,,
2015,795,"Turkmenistan",2,"Ratings",430,"Estimated by BIMCO/ICS based on estimates of seafarer demand",,0.049225,,
2015,795,"Turkmenistan",0,"Total",716,"Estimated by BIMCO/ICS based on estimates of seafarer demand",,0.04346,,
2015,796,"Turks and Caicos Islands",1,"Officers",36,"Estimated by BIMCO/ICS to be the same figure as in 2010",,0.004651,,
2015,796,"Turks and Caicos Islands",2,"Ratings",39,"Estimated by BIMCO/ICS to be the same figure as in 2010",,0.004465,,
2015,796,"Turks and Caicos Islands",0,"Total",75,"Estimated by BIMCO/ICS to be the same figure as in 2010",,0.004552,,
2015,798,"Tuvalu",1,"Officers",242,"Estimated by BIMCO/ICS based on estimates of seafarer demand",,0.031268,,
2015,798,"Tuvalu",2,"Ratings",773,"Estimated by BIMCO/ICS based on estimates of seafarer demand",,0.08849,,
2015,798,"Tuvalu",0,"Total",1015,"Estimated by BIMCO/ICS based on estimates of seafarer demand",,0.061609,,
2015,800,"Uganda",1,"Officers",0,"Estimated by BIMCO/ICS to be the same figure as in 2010",,0,,
2015,800,"Uganda",2,"Ratings",0,"Estimated by BIMCO/ICS to be the same figure as in 2010",,0,,
2015,800,"Uganda",0,"Total",0,"Estimated by BIMCO/ICS to be the same figure as in 2010",,0,,
2015,804,"Ukraine",1,"Officers",39000,"Estimated based on survey response or demand and adjusted by BIMCO/ICS",,5.039092,,
2015,804,"Ukraine",2,"Ratings",30000,"Estimated based on survey response or demand and adjusted by BIMCO/ICS",,3.434282,,
2015,804,"Ukraine",0,"Total",69000,"Estimated based on survey response or demand and adjusted by BIMCO/ICS",,4.188179,,
2015,784,"United Arab Emirates",1,"Officers",0,"Seafarer demand is assumed by BIMCO/ICS to be met by foreign seafarers",,0,,
2015,784,"United Arab Emirates",2,"Ratings",1083,"Estimated by BIMCO/ICS based on estimates of seafarer demand",,0.123978,,
2015,784,"United Arab Emirates",0,"Total",1083,"Estimated by BIMCO/ICS based on estimates of seafarer demand",,0.065736,,
2015,926,"United Kingdom",1,"Officers",11010,,,1.422574,,
2015,926,"United Kingdom",2,"Ratings",3945,,,0.451608,,
2015,926,"United Kingdom",0,"Total",14955,,,0.907742,,
2015,830,"Channel Islands",1,"Officers",0,"Seafarer demand is assumed by BIMCO/ICS to be met by foreign seafarers",,0,,
2015,830,"Channel Islands",2,"Ratings",0,"Seafarer demand is assumed by BIMCO/ICS to be met by foreign seafarers",,0,,
2015,830,"Channel Islands",0,"Total",0,"Seafarer demand is assumed by BIMCO/ICS to be met by foreign seafarers",,0,,
2015,833,"Isle of Man",1,"Officers",100,"Estimated by BIMCO/ICS to be the same figure as in 2010",,0.012921,,
2015,833,"Isle of Man",2,"Ratings",75,"Estimated by BIMCO/ICS to be the same figure as in 2010",,0.008586,,
2015,833,"Isle of Man",0,"Total",175,"Estimated by BIMCO/ICS to be the same figure as in 2010",,0.010622,,
2015,826,"United Kingdom excl. Channel Islands and Isle of Man",1,"Officers",10910,,,1.409654,,
2015,826,"United Kingdom excl. Channel Islands and Isle of Man",2,"Ratings",3870,,,0.443022,,
2015,826,"United Kingdom excl. Channel Islands and Isle of Man",0,"Total",14780,,,0.89712,,
2015,842,"United States of America",1,"Officers",18330,"Estimated based on survey response or demand and adjusted by BIMCO/ICS",,2.368373,,
2015,842,"United States of America",2,"Ratings",14888,"Estimated based on survey response or demand and adjusted by BIMCO/ICS",,1.70432,,
2015,842,"United States of America",0,"Total",33218,"Estimated based on survey response or demand and adjusted by BIMCO/ICS",,2.016274,,
2015,841,"United States of America including Puerto Rico",1,"Officers",18330,"Estimated based on survey response or demand and adjusted by BIMCO/ICS",,2.368373,,
2015,841,"United States of America including Puerto Rico",2,"Ratings",14888,"Estimated based on survey response or demand and adjusted by BIMCO/ICS",,1.70432,,
2015,841,"United States of America including Puerto Rico",0,"Total",33218,"Estimated based on survey response or demand and adjusted by BIMCO/ICS",,2.016274,,
2015,840,"United States of America excluding Puerto Rico and United States Virgin Islands",1,"Officers",18330,"Estimated based on survey response or demand and adjusted by BIMCO/ICS",,2.368373,,
2015,840,"United States of America excluding Puerto Rico and United States Virgin Islands",2,"Ratings",14888,"Estimated based on survey response or demand and adjusted by BIMCO/ICS",,1.70432,,
2015,840,"United States of America excluding Puerto Rico and United States Virgin Islands",0,"Total",33218,"Estimated based on survey response or demand and adjusted by BIMCO/ICS",,2.016274,,
2015,858,"Uruguay",1,"Officers",365,"Estimated by BIMCO/ICS based on estimates of seafarer demand",,0.047161,,
2015,858,"Uruguay",2,"Ratings",374,"Estimated by BIMCO/ICS based on estimates of seafarer demand",,0.042814,,
2015,858,"Uruguay",0,"Total",739,"Estimated by BIMCO/ICS based on estimates of seafarer demand",,0.044856,,
2015,548,"Vanuatu",1,"Officers",266,"Estimated by BIMCO/ICS to be the same figure as in 2010",,0.034369,,
2015,548,"Vanuatu",2,"Ratings",520,"Estimated by BIMCO/ICS to be the same figure as in 2010",,0.059528,,
2015,548,"Vanuatu",0,"Total",786,"Estimated by BIMCO/ICS to be the same figure as in 2010",,0.047709,,
2015,862,"Venezuela (Bolivarian Rep. of)",1,"Officers",1372,"Estimated by BIMCO/ICS based on estimates of seafarer demand",,0.177273,,
2015,862,"Venezuela (Bolivarian Rep. of)",2,"Ratings",3363,"Estimated by BIMCO/ICS based on estimates of seafarer demand",,0.384983,,
2015,862,"Venezuela (Bolivarian Rep. of)",0,"Total",4735,"Estimated by BIMCO/ICS based on estimates of seafarer demand",,0.287406,,
2015,704,"Viet Nam",1,"Officers",19630,"Estimated based on survey response or demand and adjusted by BIMCO/ICS",,2.536343,,
2015,704,"Viet Nam",2,"Ratings",12815,"Estimated based on survey response or demand and adjusted by BIMCO/ICS",,1.467011,,
2015,704,"Viet Nam",0,"Total",32445,"Estimated based on survey response or demand and adjusted by BIMCO/ICS",,1.969355,,
2015,887,"Yemen",1,"Officers",95,"Estimated by BIMCO/ICS based on estimates of seafarer demand",,0.012275,,
2015,887,"Yemen",2,"Ratings",91,"Estimated by BIMCO/ICS based on estimates of seafarer demand",,0.010417,,
2015,887,"Yemen",0,"Total",186,"Estimated by BIMCO/ICS based on estimates of seafarer demand",,0.01129,,
2021,0000,"World",1,"Officers",857544,,,100,,
2021,0000,"World",2,"Ratings",1035181,,,100,,
2021,0000,"World",0,"Total",1892725,,,100,,
2021,008,"Albania",1,"Officers",307,"Estimated by BIMCO/ICS based on estimates of seafarer demand",,0.0358,,
2021,008,"Albania",2,"Ratings",529,"Estimated by BIMCO/ICS based on estimates of seafarer demand",,0.051102,,
2021,008,"Albania",0,"Total",836,"Estimated by BIMCO/ICS based on estimates of seafarer demand",,0.044169,,
2021,012,"Algeria",1,"Officers",560,"Estimated by BIMCO/ICS based on estimates of seafarer demand",,0.065303,,
2021,012,"Algeria",2,"Ratings",874,"Estimated by BIMCO/ICS based on estimates of seafarer demand",,0.08443,,
2021,012,"Algeria",0,"Total",1434,"Estimated by BIMCO/ICS based on estimates of seafarer demand",,0.075764,,
2021,024,"Angola",1,"Officers",400,"Estimated by BIMCO/ICS based on estimates of seafarer demand",,0.046645,,
2021,024,"Angola",2,"Ratings",655,"Estimated by BIMCO/ICS based on estimates of seafarer demand",,0.063274,,
2021,024,"Angola",0,"Total",1055,"Estimated by BIMCO/ICS based on estimates of seafarer demand",,0.05574,,
2021,028,"Antigua and Barbuda",1,"Officers",6560,"Estimated by BIMCO/ICS based on estimates of seafarer demand",,0.764975,,
2021,028,"Antigua and Barbuda",2,"Ratings",9103,"Estimated by BIMCO/ICS based on estimates of seafarer demand",,0.879363,,
2021,028,"Antigua and Barbuda",0,"Total",15663,"Estimated by BIMCO/ICS based on estimates of seafarer demand",,0.827537,,
2021,032,"Argentina",1,"Officers",841,"Estimated by BIMCO/ICS based on estimates of seafarer demand",,0.098071,,
2021,032,"Argentina",2,"Ratings",1381,"Estimated by BIMCO/ICS based on estimates of seafarer demand",,0.133407,,
2021,032,"Argentina",0,"Total",2222,"Estimated by BIMCO/ICS based on estimates of seafarer demand",,0.117397,,
2021,036,"Australia",1,"Officers",4779,"Estimated by BIMCO/ICS to be the same figure as in 2015",,0.557289,,
2021,036,"Australia",2,"Ratings",2925,"Estimated by BIMCO/ICS to be the same figure as in 2015",,0.282559,,
2021,036,"Australia",0,"Total",7704,"Estimated by BIMCO/ICS to be the same figure as in 2015",,0.407032,,
2021,040,"Austria",1,"Officers",0,"Estimated by BIMCO/ICS based on estimates of seafarer demand",,0,,
2021,040,"Austria",2,"Ratings",0,"Estimated by BIMCO/ICS based on estimates of seafarer demand",,0,,
2021,040,"Austria",0,"Total",0,"Estimated by BIMCO/ICS based on estimates of seafarer demand",,0,,
2021,031,"Azerbaijan",1,"Officers",693,"Estimated by BIMCO/ICS to be the same figure as in 2010",,0.080812,,
2021,031,"Azerbaijan",2,"Ratings",282,"Estimated by BIMCO/ICS to be the same figure as in 2010",,0.027242,,
2021,031,"Azerbaijan",0,"Total",975,"Estimated by BIMCO/ICS to be the same figure as in 2010",,0.051513,,
2021,044,"Bahamas",1,"Officers",124,"Estimated by BIMCO/ICS to be the same figure as in 2010",,0.01446,,
2021,044,"Bahamas",2,"Ratings",0,"Estimated by BIMCO/ICS to be the same figure as in 2010",,0,,
2021,044,"Bahamas",0,"Total",124,"Estimated by BIMCO/ICS to be the same figure as in 2010",,0.006551,,
2021,048,"Bahrain",1,"Officers",1147,"Estimated by BIMCO/ICS based on estimates of seafarer demand",,0.133754,,
2021,048,"Bahrain",2,"Ratings",2183,"Estimated by BIMCO/ICS based on estimates of seafarer demand",,0.210881,,
2021,048,"Bahrain",0,"Total",3330,"Estimated by BIMCO/ICS based on estimates of seafarer demand",,0.175937,,
2021,050,"Bangladesh",1,"Officers",3746,"Estimated by BIMCO/ICS to be the same figure as in 2015",,0.436829,,
2021,050,"Bangladesh",2,"Ratings",1401,"Estimated by BIMCO/ICS to be the same figure as in 2015",,0.135339,,
2021,050,"Bangladesh",0,"Total",5147,"Estimated by BIMCO/ICS to be the same figure as in 2015",,0.271936,,
2021,052,"Barbados",1,"Officers",1629,"Estimated by BIMCO/ICS based on estimates of seafarer demand",,0.189961,,
2021,052,"Barbados",2,"Ratings",2317,"Estimated by BIMCO/ICS based on estimates of seafarer demand",,0.223826,,
2021,052,"Barbados",0,"Total",3946,"Estimated by BIMCO/ICS based on estimates of seafarer demand",,0.208482,,
2021,112,"Belarus",1,"Officers",0,"Estimated by BIMCO/ICS based on estimates of seafarer demand",,0,,
2021,112,"Belarus",2,"Ratings",0,"Estimated by BIMCO/ICS based on estimates of seafarer demand",,0,,
2021,112,"Belarus",0,"Total",0,"Estimated by BIMCO/ICS based on estimates of seafarer demand",,0,,
2021,056,"Belgium",1,"Officers",3394,,,0.395781,,
2021,056,"Belgium",2,"Ratings",1586,,,0.15321,,
2021,056,"Belgium",0,"Total",4980,,,0.263113,,
2021,084,"Belize",1,"Officers",4427,"Estimated by BIMCO/ICS based on estimates of seafarer demand",,0.516242,,
2021,084,"Belize",2,"Ratings",6645,"Estimated by BIMCO/ICS based on estimates of seafarer demand",,0.641917,,
2021,084,"Belize",0,"Total",11072,"Estimated by BIMCO/ICS based on estimates of seafarer demand",,0.584977,,
2021,204,"Benin",1,"Officers",6,"Estimated by BIMCO/ICS based on estimates of seafarer demand",,0.0007,,
2021,204,"Benin",2,"Ratings",10,"Estimated by BIMCO/ICS based on estimates of seafarer demand",,0.000966,,
2021,204,"Benin",0,"Total",16,"Estimated by BIMCO/ICS based on estimates of seafarer demand",,0.000845,,
2021,068,"Bolivia (Plurinational State of)",1,"Officers",0,"Estimated by BIMCO/ICS to be the same figure as in 2015",,0,,
2021,068,"Bolivia (Plurinational State of)",2,"Ratings",0,"Estimated by BIMCO/ICS to be the same figure as in 2015",,0,,
2021,068,"Bolivia (Plurinational State of)",0,"Total",0,"Estimated by BIMCO/ICS to be the same figure as in 2015",,0,,
2021,076,"Brazil",1,"Officers",11987,,,1.397829,,
2021,076,"Brazil",2,"Ratings",14644,,,1.414632,,
2021,076,"Brazil",0,"Total",26631,,,1.407019,,
2021,096,"Brunei Darussalam",1,"Officers",471,"Estimated by BIMCO/ICS based on estimates of seafarer demand",,0.054924,,
2021,096,"Brunei Darussalam",2,"Ratings",876,"Estimated by BIMCO/ICS based on estimates of seafarer demand",,0.084623,,
2021,096,"Brunei Darussalam",0,"Total",1347,"Estimated by BIMCO/ICS based on estimates of seafarer demand",,0.071167,,
2021,100,"Bulgaria",1,"Officers",14168,,,1.65216,,
2021,100,"Bulgaria",2,"Ratings",8594,,,0.830193,,
2021,100,"Bulgaria",0,"Total",22762,,,1.202605,,
2021,132,"Cabo Verde",1,"Officers",284,"Estimated by BIMCO/ICS based on estimates of seafarer demand",,0.033118,,
2021,132,"Cabo Verde",2,"Ratings",425,"Estimated by BIMCO/ICS based on estimates of seafarer demand",,0.041056,,
2021,132,"Cabo Verde",0,"Total",709,"Estimated by BIMCO/ICS based on estimates of seafarer demand",,0.037459,,
2021,116,"Cambodia",1,"Officers",8053,"Estimated by BIMCO/ICS to be the same figure as in 2010",,0.939077,,
2021,116,"Cambodia",2,"Ratings",12004,"Estimated by BIMCO/ICS to be the same figure as in 2010",,1.159604,,
2021,116,"Cambodia",0,"Total",20057,"Estimated by BIMCO/ICS to be the same figure as in 2010",,1.059689,,
2021,120,"Cameroon",1,"Officers",883,"Estimated by BIMCO/ICS based on estimates of seafarer demand",,0.102968,,
2021,120,"Cameroon",2,"Ratings",1310,"Estimated by BIMCO/ICS based on estimates of seafarer demand",,0.126548,,
2021,120,"Cameroon",0,"Total",2193,"Estimated by BIMCO/ICS based on estimates of seafarer demand",,0.115865,,
2021,124,"Canada",1,"Officers",4168,"Estimated by BIMCO/ICS based on estimates of seafarer demand",,0.486039,,
2021,124,"Canada",2,"Ratings",7484,"Estimated by BIMCO/ICS based on estimates of seafarer demand",,0.722965,,
2021,124,"Canada",0,"Total",11652,"Estimated by BIMCO/ICS based on estimates of seafarer demand",,0.61562,,
2021,152,"Chile",1,"Officers",3922,,,0.457353,,
2021,152,"Chile",2,"Ratings",3095,,,0.298982,,
2021,152,"Chile",0,"Total",7017,,,0.370735,,
2021,156,"China",1,"Officers",69364,,,8.088681,,
2021,156,"China",2,"Ratings",64930,,,6.272333,,
2021,156,"China",0,"Total",134294,,,7.095273,,
2021,344,"China, Hong Kong SAR",1,"Officers",757,"Estimated by BIMCO/ICS to be the same figure as in 2015",,0.088275,,
2021,344,"China, Hong Kong SAR",2,"Ratings",67,"Estimated by BIMCO/ICS to be the same figure as in 2015",,0.006472,,
2021,344,"China, Hong Kong SAR",0,"Total",824,"Estimated by BIMCO/ICS to be the same figure as in 2015",,0.043535,,
2021,158,"China, Taiwan Province of",1,"Officers",3147,"Estimated by BIMCO/ICS based on estimates of seafarer demand",,0.366978,,
2021,158,"China, Taiwan Province of",2,"Ratings",5121,"Estimated by BIMCO/ICS based on estimates of seafarer demand",,0.494696,,
2021,158,"China, Taiwan Province of",0,"Total",8268,"Estimated by BIMCO/ICS based on estimates of seafarer demand",,0.43683,,
2021,170,"Colombia",1,"Officers",1161,"Estimated by BIMCO/ICS based on estimates of seafarer demand",,0.135387,,
2021,170,"Colombia",2,"Ratings",1900,"Estimated by BIMCO/ICS based on estimates of seafarer demand",,0.183543,,
2021,170,"Colombia",0,"Total",3061,"Estimated by BIMCO/ICS based on estimates of seafarer demand",,0.161724,,
2021,174,"Comoros",1,"Officers",1678,"Estimated by BIMCO/ICS based on estimates of seafarer demand",,0.195675,,
2021,174,"Comoros",2,"Ratings",2511,"Estimated by BIMCO/ICS based on estimates of seafarer demand",,0.242566,,
2021,174,"Comoros",0,"Total",4189,"Estimated by BIMCO/ICS based on estimates of seafarer demand",,0.221321,,
2021,178,"Congo",1,"Officers",12,"Estimated by BIMCO/ICS based on estimates of seafarer demand",,0.001399,,
2021,178,"Congo",2,"Ratings",20,"Estimated by BIMCO/ICS based on estimates of seafarer demand",,0.001932,,
2021,178,"Congo",0,"Total",32,"Estimated by BIMCO/ICS based on estimates of seafarer demand",,0.001691,,
2021,180,"Congo, Dem. Rep. of the",1,"Officers",52,"Estimated by BIMCO/ICS based on estimates of seafarer demand",,0.006064,,
2021,180,"Congo, Dem. Rep. of the",2,"Ratings",70,"Estimated by BIMCO/ICS based on estimates of seafarer demand",,0.006762,,
2021,180,"Congo, Dem. Rep. of the",0,"Total",122,"Estimated by BIMCO/ICS based on estimates of seafarer demand",,0.006446,,
2021,184,"Cook Islands",1,"Officers",718,"Estimated by BIMCO/ICS based on estimates of seafarer demand",,0.083727,,
2021,184,"Cook Islands",2,"Ratings",1144,"Estimated by BIMCO/ICS based on estimates of seafarer demand",,0.110512,,
2021,184,"Cook Islands",0,"Total",1862,"Estimated by BIMCO/ICS based on estimates of seafarer demand",,0.098377,,
2021,188,"Costa Rica",1,"Officers",64,"Estimated by BIMCO/ICS to be the same figure as in 2010",,0.007463,,
2021,188,"Costa Rica",2,"Ratings",102,"Estimated by BIMCO/ICS to be the same figure as in 2010",,0.009853,,
2021,188,"Costa Rica",0,"Total",166,"Estimated by BIMCO/ICS to be the same figure as in 2010",,0.00877,,
2021,384,"Côte d'Ivoire",1,"Officers",40,"Estimated by BIMCO/ICS based on estimates of seafarer demand",,0.004664,,
2021,384,"Côte d'Ivoire",2,"Ratings",58,"Estimated by BIMCO/ICS based on estimates of seafarer demand",,0.005603,,
2021,384,"Côte d'Ivoire",0,"Total",98,"Estimated by BIMCO/ICS based on estimates of seafarer demand",,0.005178,,
2021,191,"Croatia",1,"Officers",14291,"BIMCO/ICS uses 2018 data from European Maritime Safety Agency",,1.666503,,
2021,191,"Croatia",2,"Ratings",6204,"BIMCO/ICS uses 2018 data from European Maritime Safety Agency",,0.599315,,
2021,191,"Croatia",0,"Total",20495,"BIMCO/ICS uses 2018 data from European Maritime Safety Agency",,1.08283,,
2021,192,"Cuba",1,"Officers",2263,"Estimated by BIMCO/ICS to be the same figure as in 2010",,0.263893,,
2021,192,"Cuba",2,"Ratings",3093,"Estimated by BIMCO/ICS to be the same figure as in 2010",,0.298788,,
2021,192,"Cuba",0,"Total",5356,"Estimated by BIMCO/ICS to be the same figure as in 2010",,0.282978,,
2021,196,"Cyprus",1,"Officers",2883,,,0.336193,,
2021,196,"Cyprus",2,"Ratings",43,,,0.004154,,
2021,196,"Cyprus",0,"Total",2926,,,0.154592,,
2021,203,"Czechia",1,"Officers",38,"BIMCO/ICS uses 2018 data from European Maritime Safety Agency",,0.004431,,
2021,203,"Czechia",2,"Ratings",0,"BIMCO/ICS uses 2018 data from European Maritime Safety Agency",,0,,
2021,203,"Czechia",0,"Total",38,"BIMCO/ICS uses 2018 data from European Maritime Safety Agency",,0.002008,,
2021,208,"Denmark",1,"Officers",7341,,,0.856049,,
2021,208,"Denmark",2,"Ratings",18818,,,1.817846,,
2021,208,"Denmark",0,"Total",26159,,,1.382081,,
2021,262,"Djibouti",1,"Officers",226,"Estimated by BIMCO/ICS based on estimates of seafarer demand",,0.026354,,
2021,262,"Djibouti",2,"Ratings",360,"Estimated by BIMCO/ICS based on estimates of seafarer demand",,0.034777,,
2021,262,"Djibouti",0,"Total",586,"Estimated by BIMCO/ICS based on estimates of seafarer demand",,0.030961,,
2021,212,"Dominica",1,"Officers",456,"Estimated by BIMCO/ICS based on estimates of seafarer demand",,0.053175,,
2021,212,"Dominica",2,"Ratings",712,"Estimated by BIMCO/ICS based on estimates of seafarer demand",,0.06878,,
2021,212,"Dominica",0,"Total",1168,"Estimated by BIMCO/ICS based on estimates of seafarer demand",,0.06171,,
2021,214,"Dominican Republic",1,"Officers",76,"Estimated by BIMCO/ICS based on estimates of seafarer demand",,0.008863,,
2021,214,"Dominican Republic",2,"Ratings",116,"Estimated by BIMCO/ICS based on estimates of seafarer demand",,0.011206,,
2021,214,"Dominican Republic",0,"Total",192,"Estimated by BIMCO/ICS based on estimates of seafarer demand",,0.010144,,
2021,218,"Ecuador",1,"Officers",2820,"Estimated by BIMCO/ICS based on estimates of seafarer demand",,0.328846,,
2021,218,"Ecuador",2,"Ratings",6122,"Estimated by BIMCO/ICS based on estimates of seafarer demand",,0.591394,,
2021,218,"Ecuador",0,"Total",8942,"Estimated by BIMCO/ICS based on estimates of seafarer demand",,0.472441,,
2021,818,"Egypt",1,"Officers",2549,"Estimated by BIMCO/ICS based on estimates of seafarer demand",,0.297244,,
2021,818,"Egypt",2,"Ratings",4472,"Estimated by BIMCO/ICS based on estimates of seafarer demand",,0.432002,,
2021,818,"Egypt",0,"Total",7021,"Estimated by BIMCO/ICS based on estimates of seafarer demand",,0.370947,,
2021,222,"El Salvador",1,"Officers",0,"Estimated by BIMCO/ICS based on estimates of seafarer demand",,0,,
2021,222,"El Salvador",2,"Ratings",0,"Estimated by BIMCO/ICS based on estimates of seafarer demand",,0,,
2021,222,"El Salvador",0,"Total",0,"Estimated by BIMCO/ICS based on estimates of seafarer demand",,0,,
2021,226,"Equatorial Guinea",1,"Officers",250,"Estimated by BIMCO/ICS based on estimates of seafarer demand",,0.029153,,
2021,226,"Equatorial Guinea",2,"Ratings",400,"Estimated by BIMCO/ICS based on estimates of seafarer demand",,0.038641,,
2021,226,"Equatorial Guinea",0,"Total",650,"Estimated by BIMCO/ICS based on estimates of seafarer demand",,0.034342,,
2021,232,"Eritrea",1,"Officers",0,"Estimated by BIMCO/ICS based on estimates of seafarer demand",,0,,
2021,232,"Eritrea",2,"Ratings",0,"Estimated by BIMCO/ICS based on estimates of seafarer demand",,0,,
2021,232,"Eritrea",0,"Total",0,"Estimated by BIMCO/ICS based on estimates of seafarer demand",,0,,
2021,233,"Estonia",1,"Officers",2553,"BIMCO/ICS uses 2018 data from European Maritime Safety Agency",,0.297711,,
2021,233,"Estonia",2,"Ratings",1945,"BIMCO/ICS uses 2018 data from European Maritime Safety Agency",,0.18789,,
2021,233,"Estonia",0,"Total",4498,"BIMCO/ICS uses 2018 data from European Maritime Safety Agency",,0.237647,,
2021,231,"Ethiopia",1,"Officers",116,"Estimated by BIMCO/ICS based on estimates of seafarer demand",,0.013527,,
2021,231,"Ethiopia",2,"Ratings",159,"Estimated by BIMCO/ICS based on estimates of seafarer demand",,0.01536,,
2021,231,"Ethiopia",0,"Total",275,"Estimated by BIMCO/ICS based on estimates of seafarer demand",,0.014529,,
2021,242,"Fiji",1,"Officers",436,"Estimated by BIMCO/ICS based on estimates of seafarer demand",,0.050843,,
2021,242,"Fiji",2,"Ratings",785,"Estimated by BIMCO/ICS based on estimates of seafarer demand",,0.075832,,
2021,242,"Fiji",0,"Total",1221,"Estimated by BIMCO/ICS based on estimates of seafarer demand",,0.06451,,
2021,246,"Finland",1,"Officers",4837,,,0.564053,,
2021,246,"Finland",2,"Ratings",5174,,,0.499816,,
2021,246,"Finland",0,"Total",10011,,,0.52892,,
2021,251,"France",1,"Officers",13495,"BIMCO/ICS uses 2018 data from European Maritime Safety Agency",,1.57368,,
2021,251,"France",2,"Ratings",2419,"BIMCO/ICS uses 2018 data from European Maritime Safety Agency",,0.233679,,
2021,251,"France",0,"Total",15914,"BIMCO/ICS uses 2018 data from European Maritime Safety Agency",,0.840798,,
2021,250,"France, metropolitan",1,"Officers",13495,"BIMCO/ICS uses 2018 data from European Maritime Safety Agency",,1.57368,,
2021,250,"France, metropolitan",2,"Ratings",2419,"BIMCO/ICS uses 2018 data from European Maritime Safety Agency",,0.233679,,
2021,250,"France, metropolitan",0,"Total",15914,"BIMCO/ICS uses 2018 data from European Maritime Safety Agency",,0.840798,,
2021,492,"Monaco",1,"Officers",0,"Estimated by BIMCO/ICS based on estimates of seafarer demand",,0,,
2021,492,"Monaco",2,"Ratings",0,"Estimated by BIMCO/ICS based on estimates of seafarer demand",,0,,
2021,492,"Monaco",0,"Total",0,"Estimated by BIMCO/ICS based on estimates of seafarer demand",,0,,
2021,266,"Gabon",1,"Officers",560,"Estimated by BIMCO/ICS based on estimates of seafarer demand",,0.065303,,
2021,266,"Gabon",2,"Ratings",910,"Estimated by BIMCO/ICS based on estimates of seafarer demand",,0.087907,,
2021,266,"Gabon",0,"Total",1470,"Estimated by BIMCO/ICS based on estimates of seafarer demand",,0.077666,,
2021,270,"Gambia",1,"Officers",26,"Estimated by BIMCO/ICS based on estimates of seafarer demand",,0.003032,,
2021,270,"Gambia",2,"Ratings",51,"Estimated by BIMCO/ICS based on estimates of seafarer demand",,0.004927,,
2021,270,"Gambia",0,"Total",77,"Estimated by BIMCO/ICS based on estimates of seafarer demand",,0.004068,,
2021,268,"Georgia",1,"Officers",4422,,,0.515659,,
2021,268,"Georgia",2,"Ratings",3749,,,0.362159,,
2021,268,"Georgia",0,"Total",8171,,,0.431706,,
2021,276,"Germany",1,"Officers",6990,,,0.815119,,
2021,276,"Germany",2,"Ratings",5244,,,0.506578,,
2021,276,"Germany",0,"Total",12234,,,0.64637,,
2021,288,"Ghana",1,"Officers",38,"Estimated by BIMCO/ICS based on estimates of seafarer demand",,0.004431,,
2021,288,"Ghana",2,"Ratings",60,"Estimated by BIMCO/ICS based on estimates of seafarer demand",,0.005796,,
2021,288,"Ghana",0,"Total",98,"Estimated by BIMCO/ICS based on estimates of seafarer demand",,0.005178,,
2021,300,"Greece",1,"Officers",27074,,,3.157156,,
2021,300,"Greece",2,"Ratings",3433,,,0.331633,,
2021,300,"Greece",0,"Total",30507,,,1.611803,,
2021,308,"Grenada",1,"Officers",26,"Estimated by BIMCO/ICS based on estimates of seafarer demand",,0.003032,,
2021,308,"Grenada",2,"Ratings",51,"Estimated by BIMCO/ICS based on estimates of seafarer demand",,0.004927,,
2021,308,"Grenada",0,"Total",77,"Estimated by BIMCO/ICS based on estimates of seafarer demand",,0.004068,,
2021,320,"Guatemala",1,"Officers",0,"Estimated by BIMCO/ICS based on estimates of seafarer demand",,0,,
2021,320,"Guatemala",2,"Ratings",0,"Estimated by BIMCO/ICS based on estimates of seafarer demand",,0,,
2021,320,"Guatemala",0,"Total",0,"Estimated by BIMCO/ICS based on estimates of seafarer demand",,0,,
2021,324,"Guinea",1,"Officers",37,"Estimated by BIMCO/ICS based on estimates of seafarer demand",,0.004315,,
2021,324,"Guinea",2,"Ratings",52,"Estimated by BIMCO/ICS based on estimates of seafarer demand",,0.005023,,
2021,324,"Guinea",0,"Total",89,"Estimated by BIMCO/ICS based on estimates of seafarer demand",,0.004702,,
2021,624,"Guinea-Bissau",1,"Officers",83,"Estimated by BIMCO/ICS based on estimates of seafarer demand",,0.009679,,
2021,624,"Guinea-Bissau",2,"Ratings",113,"Estimated by BIMCO/ICS based on estimates of seafarer demand",,0.010916,,
2021,624,"Guinea-Bissau",0,"Total",196,"Estimated by BIMCO/ICS based on estimates of seafarer demand",,0.010355,,
2021,328,"Guyana",1,"Officers",713,"Estimated by BIMCO/ICS based on estimates of seafarer demand",,0.083144,,
2021,328,"Guyana",2,"Ratings",1047,"Estimated by BIMCO/ICS based on estimates of seafarer demand",,0.101142,,
2021,328,"Guyana",0,"Total",1760,"Estimated by BIMCO/ICS based on estimates of seafarer demand",,0.092988,,
2021,332,"Haiti",1,"Officers",42,"Estimated by BIMCO/ICS based on estimates of seafarer demand",,0.004898,,
2021,332,"Haiti",2,"Ratings",56,"Estimated by BIMCO/ICS based on estimates of seafarer demand",,0.00541,,
2021,332,"Haiti",0,"Total",98,"Estimated by BIMCO/ICS based on estimates of seafarer demand",,0.005178,,
2021,340,"Honduras",1,"Officers",337,"Estimated by BIMCO/ICS based on estimates of seafarer demand",,0.039298,,
2021,340,"Honduras",2,"Ratings",564,"Estimated by BIMCO/ICS based on estimates of seafarer demand",,0.054483,,
2021,340,"Honduras",0,"Total",901,"Estimated by BIMCO/ICS based on estimates of seafarer demand",,0.047603,,
2021,348,"Hungary",1,"Officers",40,"BIMCO/ICS uses 2018 data from European Maritime Safety Agency",,0.004664,,
2021,348,"Hungary",2,"Ratings",0,"BIMCO/ICS uses 2018 data from European Maritime Safety Agency",,0,,
2021,348,"Hungary",0,"Total",40,"BIMCO/ICS uses 2018 data from European Maritime Safety Agency",,0.002113,,
2021,352,"Iceland",1,"Officers",227,"BIMCO/ICS uses 2018 data from European Maritime Safety Agency",,0.026471,,
2021,352,"Iceland",2,"Ratings",10,"BIMCO/ICS uses 2018 data from European Maritime Safety Agency",,0.000966,,
2021,352,"Iceland",0,"Total",237,"BIMCO/ICS uses 2018 data from European Maritime Safety Agency",,0.012522,,
2021,356,"India",1,"Officers",58645,,,6.838716,,
2021,356,"India",2,"Ratings",54829,,,5.296562,,
2021,356,"India",0,"Total",113474,,,5.995271,,
2021,360,"Indonesia",1,"Officers",51237,"Estimated by BIMCO/ICS to be the same figure as in 2015",,5.974854,,
2021,360,"Indonesia",2,"Ratings",92465,"Estimated by BIMCO/ICS to be the same figure as in 2015",,8.932254,,
2021,360,"Indonesia",0,"Total",143702,"Estimated by BIMCO/ICS to be the same figure as in 2015",,7.592334,,
2021,364,"Iran (Islamic Republic of)",1,"Officers",7631,"Estimated by BIMCO/ICS to be the same figure as in 2015",,0.889867,,
2021,364,"Iran (Islamic Republic of)",2,"Ratings",10023,"Estimated by BIMCO/ICS to be the same figure as in 2015",,0.968236,,
2021,364,"Iran (Islamic Republic of)",0,"Total",17654,"Estimated by BIMCO/ICS to be the same figure as in 2015",,0.932729,,
2021,368,"Iraq",1,"Officers",137,"Estimated by BIMCO/ICS based on estimates of seafarer demand",,0.015976,,
2021,368,"Iraq",2,"Ratings",230,"Estimated by BIMCO/ICS based on estimates of seafarer demand",,0.022218,,
2021,368,"Iraq",0,"Total",367,"Estimated by BIMCO/ICS based on estimates of seafarer demand",,0.01939,,
2021,372,"Ireland",1,"Officers",1242,,,0.144832,,
2021,372,"Ireland",2,"Ratings",0,,,0,,
2021,372,"Ireland",0,"Total",1242,,,0.06562,,
2021,376,"Israel",1,"Officers",200,"Estimated by BIMCO/ICS based on estimates of seafarer demand",,0.023322,,
2021,376,"Israel",2,"Ratings",346,"Estimated by BIMCO/ICS based on estimates of seafarer demand",,0.033424,,
2021,376,"Israel",0,"Total",546,"Estimated by BIMCO/ICS based on estimates of seafarer demand",,0.028847,,
2021,380,"Italy",1,"Officers",3104,,,0.361964,,
2021,380,"Italy",2,"Ratings",497,,,0.048011,,
2021,380,"Italy",0,"Total",3601,,,0.190255,,
2021,388,"Jamaica",1,"Officers",304,"Estimated by BIMCO/ICS based on estimates of seafarer demand",,0.03545,,
2021,388,"Jamaica",2,"Ratings",513,"Estimated by BIMCO/ICS based on estimates of seafarer demand",,0.049557,,
2021,388,"Jamaica",0,"Total",817,"Estimated by BIMCO/ICS based on estimates of seafarer demand",,0.043165,,
2021,392,"Japan",1,"Officers",19119,"Estimated by BIMCO/ICS to be the same figure as in 2015",,2.229507,,
2021,392,"Japan",2,"Ratings",6339,"Estimated by BIMCO/ICS to be the same figure as in 2015",,0.612357,,
2021,392,"Japan",0,"Total",25458,"Estimated by BIMCO/ICS to be the same figure as in 2015",,1.345045,,
2021,400,"Jordan",1,"Officers",293,"Estimated by BIMCO/ICS based on estimates of seafarer demand",,0.034167,,
2021,400,"Jordan",2,"Ratings",538,"Estimated by BIMCO/ICS based on estimates of seafarer demand",,0.051972,,
2021,400,"Jordan",0,"Total",831,"Estimated by BIMCO/ICS based on estimates of seafarer demand",,0.043905,,
2021,398,"Kazakhstan",1,"Officers",524,"Estimated by BIMCO/ICS based on estimates of seafarer demand",,0.061105,,
2021,398,"Kazakhstan",2,"Ratings",958,"Estimated by BIMCO/ICS based on estimates of seafarer demand",,0.092544,,
2021,398,"Kazakhstan",0,"Total",1482,"Estimated by BIMCO/ICS based on estimates of seafarer demand",,0.0783,,
2021,404,"Kenya",1,"Officers",19,"Estimated by BIMCO/ICS to be the same figure as in 2015",,0.002216,,
2021,404,"Kenya",2,"Ratings",166,"Estimated by BIMCO/ICS to be the same figure as in 2015",,0.016036,,
2021,404,"Kenya",0,"Total",185,"Estimated by BIMCO/ICS to be the same figure as in 2015",,0.009774,,
2021,296,"Kiribati",1,"Officers",190,"Estimated by BIMCO/ICS based on estimates of seafarer demand",,0.022156,,
2021,296,"Kiribati",2,"Ratings",284,"Estimated by BIMCO/ICS based on estimates of seafarer demand",,0.027435,,
2021,296,"Kiribati",0,"Total",474,"Estimated by BIMCO/ICS based on estimates of seafarer demand",,0.025043,,
2021,408,"Korea, Dem. People's Rep. of",1,"Officers",1651,"Estimated by BIMCO/ICS based on estimates of seafarer demand",,0.192527,,
2021,408,"Korea, Dem. People's Rep. of",2,"Ratings",2251,"Estimated by BIMCO/ICS based on estimates of seafarer demand",,0.21745,,
2021,408,"Korea, Dem. People's Rep. of",0,"Total",3902,"Estimated by BIMCO/ICS based on estimates of seafarer demand",,0.206158,,
2021,410,"Korea, Republic of",1,"Officers",10793,"Estimated by BIMCO/ICS based on estimates of seafarer demand",,1.258594,,
2021,410,"Korea, Republic of",2,"Ratings",17126,"Estimated by BIMCO/ICS based on estimates of seafarer demand",,1.654397,,
2021,410,"Korea, Republic of",0,"Total",27919,"Estimated by BIMCO/ICS based on estimates of seafarer demand",,1.475069,,
2021,414,"Kuwait",1,"Officers",0,"Estimated by BIMCO/ICS to be the same figure as in 2015",,0,,
2021,414,"Kuwait",2,"Ratings",0,"Estimated by BIMCO/ICS to be the same figure as in 2015",,0,,
2021,414,"Kuwait",0,"Total",0,"Estimated by BIMCO/ICS to be the same figure as in 2015",,0,,
2021,428,"Latvia",1,"Officers",5519,,,0.643582,,
2021,428,"Latvia",2,"Ratings",2569,,,0.248169,,
2021,428,"Latvia",0,"Total",8088,,,0.42732,,
2021,422,"Lebanon",1,"Officers",240,"Estimated by BIMCO/ICS based on estimates of seafarer demand",,0.027987,,
2021,422,"Lebanon",2,"Ratings",336,"Estimated by BIMCO/ICS based on estimates of seafarer demand",,0.032458,,
2021,422,"Lebanon",0,"Total",576,"Estimated by BIMCO/ICS based on estimates of seafarer demand",,0.030432,,
2021,430,"Liberia",1,"Officers",58,"Estimated by BIMCO/ICS to be the same figure as in 2015",,0.006764,,
2021,430,"Liberia",2,"Ratings",604,"Estimated by BIMCO/ICS to be the same figure as in 2015",,0.058347,,
2021,430,"Liberia",0,"Total",662,"Estimated by BIMCO/ICS to be the same figure as in 2015",,0.034976,,
2021,434,"Libya",1,"Officers",355,"Estimated by BIMCO/ICS based on estimates of seafarer demand",,0.041397,,
2021,434,"Libya",2,"Ratings",541,"Estimated by BIMCO/ICS based on estimates of seafarer demand",,0.052261,,
2021,434,"Libya",0,"Total",896,"Estimated by BIMCO/ICS based on estimates of seafarer demand",,0.047339,,
2021,440,"Lithuania",1,"Officers",2079,,,0.242437,,
2021,440,"Lithuania",2,"Ratings",1026,,,0.099113,,
2021,440,"Lithuania",0,"Total",3105,,,0.164049,,
2021,442,"Luxembourg",1,"Officers",1078,"Estimated by BIMCO/ICS based on estimates of seafarer demand",,0.125708,,
2021,442,"Luxembourg",2,"Ratings",1913,"Estimated by BIMCO/ICS based on estimates of seafarer demand",,0.184799,,
2021,442,"Luxembourg",0,"Total",2991,"Estimated by BIMCO/ICS based on estimates of seafarer demand",,0.158026,,
2021,450,"Madagascar",1,"Officers",194,"Estimated by BIMCO/ICS based on estimates of seafarer demand",,0.022623,,
2021,450,"Madagascar",2,"Ratings",282,"Estimated by BIMCO/ICS based on estimates of seafarer demand",,0.027242,,
2021,450,"Madagascar",0,"Total",476,"Estimated by BIMCO/ICS based on estimates of seafarer demand",,0.025149,,
2021,454,"Malawi",1,"Officers",0,"Estimated by BIMCO/ICS based on estimates of seafarer demand",,0,,
2021,454,"Malawi",2,"Ratings",0,"Estimated by BIMCO/ICS based on estimates of seafarer demand",,0,,
2021,454,"Malawi",0,"Total",0,"Estimated by BIMCO/ICS based on estimates of seafarer demand",,0,,
2021,458,"Malaysia",1,"Officers",6313,"Estimated by BIMCO/ICS to be the same figure as in 2010",,0.736172,,
2021,458,"Malaysia",2,"Ratings",28687,"Estimated by BIMCO/ICS to be the same figure as in 2010",,2.771206,,
2021,458,"Malaysia",0,"Total",35000,"Estimated by BIMCO/ICS to be the same figure as in 2010",,1.849186,,
2021,462,"Maldives",1,"Officers",391,"Estimated by BIMCO/ICS based on estimates of seafarer demand",,0.045595,,
2021,462,"Maldives",2,"Ratings",614,"Estimated by BIMCO/ICS based on estimates of seafarer demand",,0.059313,,
2021,462,"Maldives",0,"Total",1005,"Estimated by BIMCO/ICS based on estimates of seafarer demand",,0.053098,,
2021,470,"Malta",1,"Officers",148,,,0.017259,,
2021,470,"Malta",2,"Ratings",480,,,0.046369,,
2021,470,"Malta",0,"Total",628,,,0.03318,,
2021,584,"Marshall Islands",1,"Officers",1,"Estimated by BIMCO/ICS to be the same figure as in 2015",,0.000117,,
2021,584,"Marshall Islands",2,"Ratings",7,"Estimated by BIMCO/ICS to be the same figure as in 2015",,0.000676,,
2021,584,"Marshall Islands",0,"Total",8,"Estimated by BIMCO/ICS to be the same figure as in 2015",,0.000423,,
2021,478,"Mauritania",1,"Officers",37,"Estimated by BIMCO/ICS based on estimates of seafarer demand",,0.004315,,
2021,478,"Mauritania",2,"Ratings",52,"Estimated by BIMCO/ICS based on estimates of seafarer demand",,0.005023,,
2021,478,"Mauritania",0,"Total",89,"Estimated by BIMCO/ICS based on estimates of seafarer demand",,0.004702,,
2021,480,"Mauritius",1,"Officers",98,"Estimated by BIMCO/ICS to be the same figure as in 2015",,0.011428,,
2021,480,"Mauritius",2,"Ratings",665,"Estimated by BIMCO/ICS to be the same figure as in 2015",,0.06424,,
2021,480,"Mauritius",0,"Total",763,"Estimated by BIMCO/ICS to be the same figure as in 2015",,0.040312,,
2021,484,"Mexico",1,"Officers",4552,"Estimated by BIMCO/ICS to be the same figure as in 2015",,0.530818,,
2021,484,"Mexico",2,"Ratings",1419,"Estimated by BIMCO/ICS to be the same figure as in 2015",,0.137077,,
2021,484,"Mexico",0,"Total",5971,"Estimated by BIMCO/ICS to be the same figure as in 2015",,0.315471,,
2021,583,"Micronesia (Federated States of)",1,"Officers",92,"Estimated by BIMCO/ICS based on estimates of seafarer demand",,0.010728,,
2021,583,"Micronesia (Federated States of)",2,"Ratings",174,"Estimated by BIMCO/ICS based on estimates of seafarer demand",,0.016809,,
2021,583,"Micronesia (Federated States of)",0,"Total",266,"Estimated by BIMCO/ICS based on estimates of seafarer demand",,0.014054,,
2021,498,"Moldova, Republic of",1,"Officers",1042,"Estimated by BIMCO/ICS based on estimates of seafarer demand",,0.12151,,
2021,498,"Moldova, Republic of",2,"Ratings",1484,"Estimated by BIMCO/ICS based on estimates of seafarer demand",,0.143357,,
2021,498,"Moldova, Republic of",0,"Total",2526,"Estimated by BIMCO/ICS based on estimates of seafarer demand",,0.133458,,
2021,496,"Mongolia",1,"Officers",1628,"Estimated by BIMCO/ICS based on estimates of seafarer demand",,0.189844,,
2021,496,"Mongolia",2,"Ratings",2427,"Estimated by BIMCO/ICS based on estimates of seafarer demand",,0.234452,,
2021,496,"Mongolia",0,"Total",4055,"Estimated by BIMCO/ICS based on estimates of seafarer demand",,0.214241,,
2021,499,"Montenegro",1,"Officers",224,"Estimated by BIMCO/ICS based on estimates of seafarer demand",,0.026121,,
2021,499,"Montenegro",2,"Ratings",425,"Estimated by BIMCO/ICS based on estimates of seafarer demand",,0.041056,,
2021,499,"Montenegro",0,"Total",649,"Estimated by BIMCO/ICS based on estimates of seafarer demand",,0.034289,,
2021,504,"Morocco",1,"Officers",1069,"Estimated by BIMCO/ICS to be the same figure as in 2015",,0.124658,,
2021,504,"Morocco",2,"Ratings",7012,"Estimated by BIMCO/ICS to be the same figure as in 2015",,0.677369,,
2021,504,"Morocco",0,"Total",8081,"Estimated by BIMCO/ICS to be the same figure as in 2015",,0.426951,,
2021,508,"Mozambique",1,"Officers",123,"Estimated by BIMCO/ICS based on estimates of seafarer demand",,0.014343,,
2021,508,"Mozambique",2,"Ratings",189,"Estimated by BIMCO/ICS based on estimates of seafarer demand",,0.018258,,
2021,508,"Mozambique",0,"Total",312,"Estimated by BIMCO/ICS based on estimates of seafarer demand",,0.016484,,
2021,104,"Myanmar",1,"Officers",13923,,,1.62359,,
2021,104,"Myanmar",2,"Ratings",19367,,,1.870881,,
2021,104,"Myanmar",0,"Total",33290,,,1.75884,,
2021,516,"Namibia",1,"Officers",33,"Estimated by BIMCO/ICS based on estimates of seafarer demand",,0.003848,,
2021,516,"Namibia",2,"Ratings",56,"Estimated by BIMCO/ICS based on estimates of seafarer demand",,0.00541,,
2021,516,"Namibia",0,"Total",89,"Estimated by BIMCO/ICS based on estimates of seafarer demand",,0.004702,,
2021,520,"Nauru",1,"Officers",11,"Estimated by BIMCO/ICS based on estimates of seafarer demand",,0.001283,,
2021,520,"Nauru",2,"Ratings",16,"Estimated by BIMCO/ICS based on estimates of seafarer demand",,0.001546,,
2021,520,"Nauru",0,"Total",27,"Estimated by BIMCO/ICS based on estimates of seafarer demand",,0.001427,,
2021,528,"Netherlands (Kingdom of the)",1,"Officers",9667,"BIMCO/ICS uses 2018 data from European Maritime Safety Agency",,1.127289,,
2021,528,"Netherlands (Kingdom of the)",2,"Ratings",0,"BIMCO/ICS uses 2018 data from European Maritime Safety Agency",,0,,
2021,528,"Netherlands (Kingdom of the)",0,"Total",9667,"BIMCO/ICS uses 2018 data from European Maritime Safety Agency",,0.510745,,
2021,554,"New Zealand",1,"Officers",1602,,,0.186813,,
2021,554,"New Zealand",2,"Ratings",287,,,0.027725,,
2021,554,"New Zealand",0,"Total",1889,,,0.099803,,
2021,558,"Nicaragua",1,"Officers",11,"Estimated by BIMCO/ICS based on estimates of seafarer demand",,0.001283,,
2021,558,"Nicaragua",2,"Ratings",16,"Estimated by BIMCO/ICS based on estimates of seafarer demand",,0.001546,,
2021,558,"Nicaragua",0,"Total",27,"Estimated by BIMCO/ICS based on estimates of seafarer demand",,0.001427,,
2021,566,"Nigeria",1,"Officers",8953,"Estimated by BIMCO/ICS based on estimates of seafarer demand",,1.044028,,
2021,566,"Nigeria",2,"Ratings",16657,"Estimated by BIMCO/ICS based on estimates of seafarer demand",,1.609091,,
2021,566,"Nigeria",0,"Total",25610,"Estimated by BIMCO/ICS based on estimates of seafarer demand",,1.353076,,
2021,570,"Niue",1,"Officers",175,"Estimated by BIMCO/ICS based on estimates of seafarer demand",,0.020407,,
2021,570,"Niue",2,"Ratings",259,"Estimated by BIMCO/ICS based on estimates of seafarer demand",,0.02502,,
2021,570,"Niue",0,"Total",434,"Estimated by BIMCO/ICS based on estimates of seafarer demand",,0.02293,,
2021,579,"Norway",1,"Officers",16366,"BIMCO/ICS uses 2018 data from European Maritime Safety Agency",,1.908474,,
2021,579,"Norway",2,"Ratings",6521,"BIMCO/ICS uses 2018 data from European Maritime Safety Agency",,0.629938,,
2021,579,"Norway",0,"Total",22887,"BIMCO/ICS uses 2018 data from European Maritime Safety Agency",,1.209209,,
2021,512,"Oman",1,"Officers",182,"Estimated by BIMCO/ICS based on estimates of seafarer demand",,0.021223,,
2021,512,"Oman",2,"Ratings",288,"Estimated by BIMCO/ICS based on estimates of seafarer demand",,0.027821,,
2021,512,"Oman",0,"Total",470,"Estimated by BIMCO/ICS based on estimates of seafarer demand",,0.024832,,
2021,586,"Pakistan",1,"Officers",2841,"Estimated by BIMCO/ICS to be the same figure as in 2010",,0.331295,,
2021,586,"Pakistan",2,"Ratings",9327,"Estimated by BIMCO/ICS to be the same figure as in 2010",,0.901002,,
2021,586,"Pakistan",0,"Total",12168,"Estimated by BIMCO/ICS to be the same figure as in 2010",,0.642883,,
2021,585,"Palau",1,"Officers",0,"Estimated by BIMCO/ICS to be the same figure as in 2010",,0,,
2021,585,"Palau",2,"Ratings",0,"Estimated by BIMCO/ICS to be the same figure as in 2010",,0,,
2021,585,"Palau",0,"Total",0,"Estimated by BIMCO/ICS to be the same figure as in 2010",,0,,
2021,591,"Panama",1,"Officers",14022,"Estimated by BIMCO/ICS to be the same figure as in 2015",,1.635135,,
2021,591,"Panama",2,"Ratings",11119,"Estimated by BIMCO/ICS to be the same figure as in 2015",,1.074112,,
2021,591,"Panama",0,"Total",25141,"Estimated by BIMCO/ICS to be the same figure as in 2015",,1.328297,,
2021,598,"Papua New Guinea",1,"Officers",482,,,0.056207,,
2021,598,"Papua New Guinea",2,"Ratings",300,,,0.02898,,
2021,598,"Papua New Guinea",0,"Total",782,,,0.041316,,
2021,600,"Paraguay",1,"Officers",517,"Estimated by BIMCO/ICS based on estimates of seafarer demand",,0.060288,,
2021,600,"Paraguay",2,"Ratings",789,"Estimated by BIMCO/ICS based on estimates of seafarer demand",,0.076219,,
2021,600,"Paraguay",0,"Total",1306,"Estimated by BIMCO/ICS based on estimates of seafarer demand",,0.069001,,
2021,604,"Peru",1,"Officers",1113,"Estimated by BIMCO/ICS to be the same figure as in 2015",,0.129789,,
2021,604,"Peru",2,"Ratings",1711,"Estimated by BIMCO/ICS to be the same figure as in 2015",,0.165285,,
2021,604,"Peru",0,"Total",2824,"Estimated by BIMCO/ICS to be the same figure as in 2015",,0.149203,,
2021,608,"Philippines",1,"Officers",81090,"Estimated based on survey response or demand and adjusted by BIMCO/ICS",,9.456075,,
2021,608,"Philippines",2,"Ratings",171303,"Estimated based on survey response or demand and adjusted by BIMCO/ICS",,16.548121,,
2021,608,"Philippines",0,"Total",252393,"Estimated based on survey response or demand and adjusted by BIMCO/ICS",,13.334901,,
2021,616,"Poland",1,"Officers",24070,,,2.806853,,
2021,616,"Poland",2,"Ratings",7152,,,0.690894,,
2021,616,"Poland",0,"Total",31222,,,1.649579,,
2021,620,"Portugal",1,"Officers",715,,,0.083378,,
2021,620,"Portugal",2,"Ratings",523,,,0.050523,,
2021,620,"Portugal",0,"Total",1238,,,0.065408,,
2021,634,"Qatar",1,"Officers",902,"Estimated by BIMCO/ICS based on estimates of seafarer demand",,0.105184,,
2021,634,"Qatar",2,"Ratings",1689,"Estimated by BIMCO/ICS based on estimates of seafarer demand",,0.16316,,
2021,634,"Qatar",0,"Total",2591,"Estimated by BIMCO/ICS based on estimates of seafarer demand",,0.136893,,
2021,642,"Romania",1,"Officers",13149,"BIMCO/ICS uses 2018 data from European Maritime Safety Agency",,1.533332,,
2021,642,"Romania",2,"Ratings",4559,"BIMCO/ICS uses 2018 data from European Maritime Safety Agency",,0.440406,,
2021,642,"Romania",0,"Total",17708,"BIMCO/ICS uses 2018 data from European Maritime Safety Agency",,0.935582,,
2021,643,"Russian Federation",1,"Officers",71652,"Estimated based on survey response or demand and adjusted by BIMCO/ICS",,8.35549,,
2021,643,"Russian Federation",2,"Ratings",126471,"Estimated based on survey response or demand and adjusted by BIMCO/ICS",,12.217284,,
2021,643,"Russian Federation",0,"Total",198123,"Estimated based on survey response or demand and adjusted by BIMCO/ICS",,10.467606,,
2021,659,"Saint Kitts and Nevis",1,"Officers",1678,"Estimated by BIMCO/ICS based on estimates of seafarer demand",,0.195675,,
2021,659,"Saint Kitts and Nevis",2,"Ratings",2805,"Estimated by BIMCO/ICS based on estimates of seafarer demand",,0.270967,,
2021,659,"Saint Kitts and Nevis",0,"Total",4483,"Estimated by BIMCO/ICS based on estimates of seafarer demand",,0.236854,,
2021,662,"Saint Lucia",1,"Officers",0,"Estimated by BIMCO/ICS based on estimates of seafarer demand",,0,,
2021,662,"Saint Lucia",2,"Ratings",0,"Estimated by BIMCO/ICS based on estimates of seafarer demand",,0,,
2021,662,"Saint Lucia",0,"Total",0,"Estimated by BIMCO/ICS based on estimates of seafarer demand",,0,,
2021,670,"Saint Vincent and the Grenadines",1,"Officers",0,"Estimated by BIMCO/ICS to be the same figure as in 2010",,0,,
2021,670,"Saint Vincent and the Grenadines",2,"Ratings",0,"Estimated by BIMCO/ICS to be the same figure as in 2010",,0,,
2021,670,"Saint Vincent and the Grenadines",0,"Total",0,"Estimated by BIMCO/ICS to be the same figure as in 2010",,0,,
2021,882,"Samoa",1,"Officers",21,"Estimated by BIMCO/ICS based on estimates of seafarer demand",,0.002449,,
2021,882,"Samoa",2,"Ratings",28,"Estimated by BIMCO/ICS based on estimates of seafarer demand",,0.002705,,
2021,882,"Samoa",0,"Total",49,"Estimated by BIMCO/ICS based on estimates of seafarer demand",,0.002589,,
2021,674,"San Marino",1,"Officers",0,"Estimated by BIMCO/ICS based on estimates of seafarer demand",,0,,
2021,674,"San Marino",2,"Ratings",0,"Estimated by BIMCO/ICS based on estimates of seafarer demand",,0,,
2021,674,"San Marino",0,"Total",0,"Estimated by BIMCO/ICS based on estimates of seafarer demand",,0,,
2021,678,"Sao Tome and Principe",1,"Officers",225,"Estimated by BIMCO/ICS based on estimates of seafarer demand",,0.026238,,
2021,678,"Sao Tome and Principe",2,"Ratings",332,"Estimated by BIMCO/ICS based on estimates of seafarer demand",,0.032072,,
2021,678,"Sao Tome and Principe",0,"Total",557,"Estimated by BIMCO/ICS based on estimates of seafarer demand",,0.029428,,
2021,682,"Saudi Arabia",1,"Officers",2461,"Estimated by BIMCO/ICS based on estimates of seafarer demand",,0.286982,,
2021,682,"Saudi Arabia",2,"Ratings",3995,"Estimated by BIMCO/ICS based on estimates of seafarer demand",,0.385923,,
2021,682,"Saudi Arabia",0,"Total",6456,"Estimated by BIMCO/ICS based on estimates of seafarer demand",,0.341096,,
2021,686,"Senegal",1,"Officers",189,"Estimated by BIMCO/ICS based on estimates of seafarer demand",,0.02204,,
2021,686,"Senegal",2,"Ratings",300,"Estimated by BIMCO/ICS based on estimates of seafarer demand",,0.02898,,
2021,686,"Senegal",0,"Total",489,"Estimated by BIMCO/ICS based on estimates of seafarer demand",,0.025836,,
2021,688,"Serbia",1,"Officers",16,,,0.001866,,
2021,688,"Serbia",2,"Ratings",1,,,9.7E-05,,
2021,688,"Serbia",0,"Total",17,,,0.000898,,
2021,690,"Seychelles",1,"Officers",179,"Estimated by BIMCO/ICS based on estimates of seafarer demand",,0.020874,,
2021,690,"Seychelles",2,"Ratings",333,"Estimated by BIMCO/ICS based on estimates of seafarer demand",,0.032168,,
2021,690,"Seychelles",0,"Total",512,"Estimated by BIMCO/ICS based on estimates of seafarer demand",,0.027051,,
2021,694,"Sierra Leone",1,"Officers",3953,"Estimated by BIMCO/ICS based on estimates of seafarer demand",,0.460968,,
2021,694,"Sierra Leone",2,"Ratings",5633,"Estimated by BIMCO/ICS based on estimates of seafarer demand",,0.544156,,
2021,694,"Sierra Leone",0,"Total",9586,"Estimated by BIMCO/ICS based on estimates of seafarer demand",,0.506466,,
2021,702,"Singapore",1,"Officers",5940,,,0.692676,,
2021,702,"Singapore",2,"Ratings",60,,,0.005796,,
2021,702,"Singapore",0,"Total",6000,,,0.317003,,
2021,703,"Slovakia",1,"Officers",85,"BIMCO/ICS uses 2018 data from European Maritime Safety Agency",,0.009912,,
2021,703,"Slovakia",2,"Ratings",27,"BIMCO/ICS uses 2018 data from European Maritime Safety Agency",,0.002608,,
2021,703,"Slovakia",0,"Total",112,"BIMCO/ICS uses 2018 data from European Maritime Safety Agency",,0.005917,,
2021,705,"Slovenia",1,"Officers",374,"BIMCO/ICS uses 2018 data from European Maritime Safety Agency",,0.043613,,
2021,705,"Slovenia",2,"Ratings",0,"BIMCO/ICS uses 2018 data from European Maritime Safety Agency",,0,,
2021,705,"Slovenia",0,"Total",374,"BIMCO/ICS uses 2018 data from European Maritime Safety Agency",,0.01976,,
2021,090,"Solomon Islands",1,"Officers",208,"Estimated by BIMCO/ICS to be the same figure as in 2015",,0.024255,,
2021,090,"Solomon Islands",2,"Ratings",1294,"Estimated by BIMCO/ICS to be the same figure as in 2015",,0.125002,,
2021,090,"Solomon Islands",0,"Total",1502,"Estimated by BIMCO/ICS to be the same figure as in 2015",,0.079356,,
2021,706,"Somalia",1,"Officers",0,"Estimated by BIMCO/ICS to be the same figure as in 2010",,0,,
2021,706,"Somalia",2,"Ratings",56,"Estimated by BIMCO/ICS to be the same figure as in 2010",,0.00541,,
2021,706,"Somalia",0,"Total",56,"Estimated by BIMCO/ICS to be the same figure as in 2010",,0.002959,,
2021,710,"South Africa",1,"Officers",1986,"Estimated by BIMCO/ICS to be the same figure as in 2015",,0.231592,,
2021,710,"South Africa",2,"Ratings",1044,"Estimated by BIMCO/ICS to be the same figure as in 2015",,0.100852,,
2021,710,"South Africa",0,"Total",3030,"Estimated by BIMCO/ICS to be the same figure as in 2015",,0.160087,,
2021,724,"Spain",1,"Officers",12355,"BIMCO/ICS uses 2018 data from European Maritime Safety Agency",,1.440742,,
2021,724,"Spain",2,"Ratings",12132,"BIMCO/ICS uses 2018 data from European Maritime Safety Agency",,1.171969,,
2021,724,"Spain",0,"Total",24487,"BIMCO/ICS uses 2018 data from European Maritime Safety Agency",,1.293743,,
2021,144,"Sri Lanka",1,"Officers",2282,"Estimated by BIMCO/ICS to be the same figure as in 2010",,0.266109,,
2021,144,"Sri Lanka",2,"Ratings",19511,"Estimated by BIMCO/ICS to be the same figure as in 2010",,1.884791,,
2021,144,"Sri Lanka",0,"Total",21793,"Estimated by BIMCO/ICS to be the same figure as in 2010",,1.151409,,
2021,729,"Sudan",1,"Officers",40,"Estimated by BIMCO/ICS based on estimates of seafarer demand",,0.004664,,
2021,729,"Sudan",2,"Ratings",59,"Estimated by BIMCO/ICS based on estimates of seafarer demand",,0.005699,,
2021,729,"Sudan",0,"Total",99,"Estimated by BIMCO/ICS based on estimates of seafarer demand",,0.005231,,
2021,740,"Suriname",1,"Officers",44,"Estimated by BIMCO/ICS based on estimates of seafarer demand",,0.005131,,
2021,740,"Suriname",2,"Ratings",62,"Estimated by BIMCO/ICS based on estimates of seafarer demand",,0.005989,,
2021,740,"Suriname",0,"Total",106,"Estimated by BIMCO/ICS based on estimates of seafarer demand",,0.0056,,
2021,752,"Sweden",1,"Officers",5922,,,0.690577,,
2021,752,"Sweden",2,"Ratings",6605,,,0.638053,,
2021,752,"Sweden",0,"Total",12527,,,0.66185,,
2021,757,"Switzerland, Liechtenstein",1,"Officers",1,,,0.000117,,
2021,757,"Switzerland, Liechtenstein",2,"Ratings",0,,,0,,
2021,757,"Switzerland, Liechtenstein",0,"Total",1,,,5.3E-05,,
2021,756,"Switzerland",1,"Officers",1,,,0.000117,,
2021,756,"Switzerland",2,"Ratings",0,,,0,,
2021,756,"Switzerland",0,"Total",1,,,5.3E-05,,
2021,760,"Syrian Arab Republic",1,"Officers",121,"Estimated by BIMCO/ICS based on estimates of seafarer demand",,0.01411,,
2021,760,"Syrian Arab Republic",2,"Ratings",202,"Estimated by BIMCO/ICS based on estimates of seafarer demand",,0.019513,,
2021,760,"Syrian Arab Republic",0,"Total",323,"Estimated by BIMCO/ICS based on estimates of seafarer demand",,0.017065,,
2021,834,"Tanzania, United Republic of",1,"Officers",1728,"Estimated by BIMCO/ICS based on estimates of seafarer demand",,0.201506,,
2021,834,"Tanzania, United Republic of",2,"Ratings",2637,"Estimated by BIMCO/ICS based on estimates of seafarer demand",,0.254738,,
2021,834,"Tanzania, United Republic of",0,"Total",4365,"Estimated by BIMCO/ICS based on estimates of seafarer demand",,0.23062,,
2021,764,"Thailand",1,"Officers",6137,"Estimated by BIMCO/ICS based on estimates of seafarer demand",,0.715648,,
2021,764,"Thailand",2,"Ratings",9545,"Estimated by BIMCO/ICS based on estimates of seafarer demand",,0.922061,,
2021,764,"Thailand",0,"Total",15682,"Estimated by BIMCO/ICS based on estimates of seafarer demand",,0.828541,,
2021,768,"Togo",1,"Officers",350,"Estimated by BIMCO/ICS to be the same figure as in 2010",,0.040814,,
2021,768,"Togo",2,"Ratings",478,"Estimated by BIMCO/ICS to be the same figure as in 2010",,0.046175,,
2021,768,"Togo",0,"Total",828,"Estimated by BIMCO/ICS to be the same figure as in 2010",,0.043746,,
2021,776,"Tonga",1,"Officers",79,"Estimated by BIMCO/ICS based on estimates of seafarer demand",,0.009212,,
2021,776,"Tonga",2,"Ratings",124,"Estimated by BIMCO/ICS based on estimates of seafarer demand",,0.011979,,
2021,776,"Tonga",0,"Total",203,"Estimated by BIMCO/ICS based on estimates of seafarer demand",,0.010725,,
2021,780,"Trinidad and Tobago",1,"Officers",760,"Estimated by BIMCO/ICS based on estimates of seafarer demand",,0.088625,,
2021,780,"Trinidad and Tobago",2,"Ratings",1545,"Estimated by BIMCO/ICS based on estimates of seafarer demand",,0.149249,,
2021,780,"Trinidad and Tobago",0,"Total",2305,"Estimated by BIMCO/ICS based on estimates of seafarer demand",,0.121782,,
2021,788,"Tunisia",1,"Officers",414,"Estimated by BIMCO/ICS based on estimates of seafarer demand",,0.048277,,
2021,788,"Tunisia",2,"Ratings",655,"Estimated by BIMCO/ICS based on estimates of seafarer demand",,0.063274,,
2021,788,"Tunisia",0,"Total",1069,"Estimated by BIMCO/ICS based on estimates of seafarer demand",,0.056479,,
2021,792,"Türkiye",1,"Officers",10551,"Estimated by BIMCO/ICS based on estimates of seafarer demand",,1.230374,,
2021,792,"Türkiye",2,"Ratings",18036,"Estimated by BIMCO/ICS based on estimates of seafarer demand",,1.742304,,
2021,792,"Türkiye",0,"Total",28587,"Estimated by BIMCO/ICS based on estimates of seafarer demand",,1.510362,,
2021,795,"Turkmenistan",1,"Officers",594,"Estimated by BIMCO/ICS based on estimates of seafarer demand",,0.069268,,
2021,795,"Turkmenistan",2,"Ratings",1072,"Estimated by BIMCO/ICS based on estimates of seafarer demand",,0.103557,,
2021,795,"Turkmenistan",0,"Total",1666,"Estimated by BIMCO/ICS based on estimates of seafarer demand",,0.088021,,
2021,798,"Tuvalu",1,"Officers",1226,"Estimated by BIMCO/ICS based on estimates of seafarer demand",,0.142966,,
2021,798,"Tuvalu",2,"Ratings",2158,"Estimated by BIMCO/ICS based on estimates of seafarer demand",,0.208466,,
2021,798,"Tuvalu",0,"Total",3384,"Estimated by BIMCO/ICS based on estimates of seafarer demand",,0.17879,,
2021,800,"Uganda",1,"Officers",0,"Estimated by BIMCO/ICS to be the same figure as in 2010",,0,,
2021,800,"Uganda",2,"Ratings",0,"Estimated by BIMCO/ICS to be the same figure as in 2010",,0,,
2021,800,"Uganda",0,"Total",0,"Estimated by BIMCO/ICS to be the same figure as in 2010",,0,,
2021,804,"Ukraine",1,"Officers",47059,"Estimated based on survey response or demand and adjusted by BIMCO/ICS",,5.487648,,
2021,804,"Ukraine",2,"Ratings",29383,"Estimated based on survey response or demand and adjusted by BIMCO/ICS",,2.838441,,
2021,804,"Ukraine",0,"Total",76442,"Estimated based on survey response or demand and adjusted by BIMCO/ICS",,4.038727,,
2021,784,"United Arab Emirates",1,"Officers",2799,"Estimated by BIMCO/ICS based on estimates of seafarer demand",,0.326397,,
2021,784,"United Arab Emirates",2,"Ratings",5188,"Estimated by BIMCO/ICS based on estimates of seafarer demand",,0.501168,,
2021,784,"United Arab Emirates",0,"Total",7987,"Estimated by BIMCO/ICS based on estimates of seafarer demand",,0.421984,,
2021,926,"United Kingdom",1,"Officers",24708,,,2.881252,,
2021,926,"United Kingdom",2,"Ratings",9035,,,0.872794,,
2021,926,"United Kingdom",0,"Total",33743,,,1.782774,,
2021,826,"United Kingdom excl. Channel Islands and Isle of Man",1,"Officers",24708,,,2.881252,,
2021,826,"United Kingdom excl. Channel Islands and Isle of Man",2,"Ratings",9035,,,0.872794,,
2021,826,"United Kingdom excl. Channel Islands and Isle of Man",0,"Total",33743,,,1.782774,,
2021,842,"United States of America",1,"Officers",20442,"Estimated by BIMCO/ICS based on estimates of seafarer demand",,2.383784,,
2021,842,"United States of America",2,"Ratings",39144,"Estimated by BIMCO/ICS based on estimates of seafarer demand",,3.781368,,
2021,842,"United States of America",0,"Total",59586,"Estimated by BIMCO/ICS based on estimates of seafarer demand",,3.148159,,
2021,841,"United States of America including Puerto Rico",1,"Officers",20442,"Estimated by BIMCO/ICS based on estimates of seafarer demand",,2.383784,,
2021,841,"United States of America including Puerto Rico",2,"Ratings",39144,"Estimated by BIMCO/ICS based on estimates of seafarer demand",,3.781368,,
2021,841,"United States of America including Puerto Rico",0,"Total",59586,"Estimated by BIMCO/ICS based on estimates of seafarer demand",,3.148159,,
2021,840,"United States of America excluding Puerto Rico and United States Virgin Islands",1,"Officers",20442,"Estimated by BIMCO/ICS based on estimates of seafarer demand",,2.383784,,
2021,840,"United States of America excluding Puerto Rico and United States Virgin Islands",2,"Ratings",39144,"Estimated by BIMCO/ICS based on estimates of seafarer demand",,3.781368,,
2021,840,"United States of America excluding Puerto Rico and United States Virgin Islands",0,"Total",59586,"Estimated by BIMCO/ICS based on estimates of seafarer demand",,3.148159,,
2021,858,"Uruguay",1,"Officers",380,"Estimated by BIMCO/ICS based on estimates of seafarer demand",,0.044313,,
2021,858,"Uruguay",2,"Ratings",662,"Estimated by BIMCO/ICS based on estimates of seafarer demand",,0.06395,,
2021,858,"Uruguay",0,"Total",1042,"Estimated by BIMCO/ICS based on estimates of seafarer demand",,0.055053,,
2021,548,"Vanuatu",1,"Officers",266,"Estimated by BIMCO/ICS to be the same figure as in 2010",,0.031019,,
2021,548,"Vanuatu",2,"Ratings",520,"Estimated by BIMCO/ICS to be the same figure as in 2010",,0.050233,,
2021,548,"Vanuatu",0,"Total",786,"Estimated by BIMCO/ICS to be the same figure as in 2010",,0.041527,,
2021,862,"Venezuela (Bolivarian Rep. of)",1,"Officers",1372,"Estimated by BIMCO/ICS to be the same figure as in 2010",,0.159992,,
2021,862,"Venezuela (Bolivarian Rep. of)",2,"Ratings",3363,"Estimated by BIMCO/ICS to be the same figure as in 2010",,0.324871,,
2021,862,"Venezuela (Bolivarian Rep. of)",0,"Total",4735,"Estimated by BIMCO/ICS to be the same figure as in 2010",,0.250168,,
2021,704,"Viet Nam",1,"Officers",13890,"Estimated by BIMCO/ICS based on estimates of seafarer demand",,1.619742,,
2021,704,"Viet Nam",2,"Ratings",20700,"Estimated by BIMCO/ICS based on estimates of seafarer demand",,1.99965,,
2021,704,"Viet Nam",0,"Total",34590,"Estimated by BIMCO/ICS based on estimates of seafarer demand",,1.827524,,
2021,887,"Yemen",1,"Officers",116,"Estimated by BIMCO/ICS based on estimates of seafarer demand",,0.013527,,
2021,887,"Yemen",2,"Ratings",168,"Estimated by BIMCO/ICS based on estimates of seafarer demand",,0.016229,,
2021,887,"Yemen",0,"Total",284,"Estimated by BIMCO/ICS based on estimates of seafarer demand",,0.015005,,
2021,894,"Zambia",1,"Officers",0,"Estimated by BIMCO/ICS based on estimates of seafarer demand",,0,,
2021,894,"Zambia",2,"Ratings",0,"Estimated by BIMCO/ICS based on estimates of seafarer demand",,0,,
2021,894,"Zambia",0,"Total",0,"Estimated by BIMCO/ICS based on estimates of seafarer demand",,0,,
2021,716,"Zimbabwe",1,"Officers",0,"Estimated by BIMCO/ICS based on estimates of seafarer demand",,0,,
2021,716,"Zimbabwe",2,"Ratings",0,"Estimated by BIMCO/ICS based on estimates of seafarer demand",,0,,
2021,716,"Zimbabwe",0,"Total",0,"Estimated by BIMCO/ICS based on estimates of seafarer demand",,0,,
